"";"ley";"id";"año";"mes";"apellido";"rol";"texto";"discurso"
"1";"21565";3;2022;11;"CARIOLA";"de pie";"La señorita CARIOLA, doña Karol (de pie).-
Señor Presidente, por su intermedio saludo a la organización Ni Una Menos Chile y a la Agrupación de Familiares Víctimas de Femicidio, presentes en las tribunas.
(Aplausos)
Me corresponde rendir el informe sobre el proyecto de ley, iniciado en moción, que presenté junto con las diputadas Pamela Jiles , Maite Orsini , Camila Rojas y Gael Yeomans , y las entonces diputadas Natalia Castillo , Maya Fernández , Marcela Hernando , Andrea Parra y Alejandra Sepúlveda , que establece un régimen de protección y reparación integral en favor de las víctimas de femicidio y sus familias, en primer trámite constitucional y reglamentario, de conformidad con lo dispuesto en el artículo 85 del Reglamento de nuestra Corporación.
La idea matriz del proyecto consiste en establecer un régimen de atención, protección y reparación integral en favor de las mujeres que son víctimas de violencia de género y de sus familias especialmente orientado a reforzar la actuación del Estado para asegurar el debido acceso a la justicia en los casos de delitos que atentan contra la vida de las mujeres, en concordancia con las obligaciones estatales contraídas en virtud de la ratificación de tratados internacionales.
En cuanto a sus antecedentes y fundamentos, cabe señalar que este proyecto de ley fue trabajado en largas sesiones de reflexión conjuntamente con la Agrupación de Familiares Víctimas de Femicidio y la organización Ni Una Menos Chile.
En la moción se trae a colación el reconocimiento de la existencia del femicidio como un delito distinto del homicidio común en nuestra legislación y se hace hincapié en la importancia de enfocarse en otros aspectos de la violencia contra las mujeres, como son las víctimas colaterales del femicidio, que son las personas que tienen relación directa, familiar o afectiva con las mujeres que han sido objeto de la más brutal de las agresiones en su contra por causa de género.
De esa manera, se incluye no solo a niños, niñas y adolescentes, hijos o quienes están a cuidado de las víctimas, sino también a las personas cuya dependencia económica se ve afectada o cuya integridad física y psíquica sufre
1
las consecuencias de la muerte o intento de asesinato de una mujer por el solo hecho de ser mujer.
Se da a conocer que diversas normas internacionales y de derechos humanos han reconocido los derechos y deberes de protección que pesan sobre los Estados para la protección y reparación de las víctimas.
Asimismo, se sostiene que las obligaciones internacionales, la perspectiva de derechos humanos y el necesario enfoque de género en la generación y concreción de acciones afirmativas para las víctimas de violencia de género y, en especial, de femicidio, de todo tipo y alcance, requieren el establecimiento de normas orientadas a su atención, protección y reparación integral.
Es por ello que, con base en los fundamentos expuestos, este proyecto de ley busca otorgar reparación integral a las familias de las víctimas de femicidio, incluyendo a aquellas personas que dependían económicamente de estas últimas.
Cada artículo que compone la moción se elaboró teniendo presente casos reales, nombres y apellidos que han inspirado la consagración de estos diversos mecanismos para facilitar la búsqueda de justicia y de reparación en cada uno de los casos.
Durante el debate, las integrantes de la comisión celebraron la presentación de este proyecto de ley que visibiliza importantes e injustos vacíos legales, coincidiendo además en que las herramientas jurídicas actuales son totalmente insuficientes en la adecuada búsqueda de justicia y reparación a las familias víctimas de femicidio.
En atención a la importancia de esta iniciativa, la comisión acordó recibir a una serie de autoridades y personas vinculadas con el tema, quienes expusieron ante dicha instancia para dar a conocer sus opiniones y nutrir la discusión general.
En síntesis, se recibió a representantes del Servicio Nacional de la Mujer y la Equidad de Género, del Ministerio de la Mujer y la Equidad de Género, del Ministerio Público, de la Defensoría Penal Pública y del Instituto Nacional de Derechos Humanos. Igualmente, se contó con la participación de voceras de la Agrupación de Familiares Víctimas de Femicidio, de Ni Una Menos Chile, de la Red Chilena Contra la Violencia Hacia las Mujeres; de representantes de organizaciones como Hermanas y Hermanos en el Dolor, la Coordinadora 19 de Diciembre, la Fundación Contra el Femicidio con Javiera en la Memoria, la Asociación de Abogadas Feministas (Abofem). Asimismo, se escuchó el sensible testimonio de parientes de víctimas de femicidio y suicidio femicida: doña Rosa Moreno , madre de la fallecida Francisca Moll ; doña María Francisca Bahamondes , prima hermana de Nicole Saavedra , y a doña Ida Cárdenas , madre de Glenda Delgado Cárdenas.
Respecto de su estructura, el proyecto de ley aprobado durante la discusión particular consta de trece artículos permanentes, mediante los cuales, a grandes rasgos, se abordan los siguientes temas:
En cuanto a su objeto y alcance, se pretende crear y fortalecer todas aquellas acciones efectivas y necesarias para la atención, protección y reparación integral de las víctimas de femicidio en todo su alcance, ya sea en el grado de consumación, frustración o tentativa, de conformidad con las normativas y obligaciones internacionales de derechos humanos.
Durante el debate se incorporó a las víctimas de suicidio femicida, tipificado en la denominada “ley Antonia”, y se estableció una especial determinación de quienes eran consideradas víctimas de ambos delitos con un orden de prelación diferente a lo establecido en el artículo 108, inciso segundo, del Código Procesal Penal.
Se consagra el principio de debida diligencia del Estado y sus instituciones durante la investigación y el desarrollo de los procesos judiciales con perspectiva de género. Ello, en consideración a que en Chile existe una permanente y reiterada denegación de justicia, como ha sucedido con el emblemático caso de Fernanda Maciel, víctima de femicidio cuyo cuerpo estuvo desaparecido junto al de su hija por más de un año.
Se establece el principio de imparcialidad para todas las instituciones y organismos públicos y privados en la investigación, los procedimientos judiciales y en todas las gestiones relacionadas con las víctimas de femicidio y suicidio femicida, prohibiendo expresamente el uso de recursos públicos para la defensa privada de personas que sean investigadas o imputadas por estos delitos.
Se reconoce el derecho al acceso a la justicia con perspectiva de género. A su vez, se establece el derecho de las
1
víctimas a ser informadas de manera permanente sobre el estado de sus casos, destacando el énfasis en la rapidez de las diligencias en casos de búsqueda e investigación de mujeres desaparecidas.
Se instituye el derecho de las víctimas a obtener medidas de protección, disponiéndose que si el investigado o imputado es funcionario público o miembro de Carabineros de Chile o la PDI, serán suspendidos en sus funciones hasta la sentencia firme y ejecutoria del juicio.
Se consagra el derecho a la reparación del daño moral, del daño emergente y del lucro cesante que hayan sufrido las víctimas como consecuencia del delito.
Se contempla el derecho a la protección en el trabajo, favoreciendo a las víctimas con fuero laboral durante toda la investigación y su procedimiento. Para estos efectos se tuvo en consideración el caso de Yini Sandoval Parra, víctima de femicidio, cuya madre perdió su trabajo por su permanente búsqueda de justicia.
Se establece un derecho especial para las víctimas migrantes en orden a que no podrán ser deportadas, incluso si se encuentran en una situación migratoria irregular.
De suma importancia es la suspensión y privación de los derechos y responsabilidades parentales y hereditarios de toda persona investigada, imputada o condenada, ya que en la actualidad el femicida, una vez cumplida su condena, goza de la patria potestad de los hijos e hijas que tiene en común con la víctima y quedan dueños de sus bienes, lo cual resulta a todas luces injusto e inaceptable.
Destaca en forma especial, por ser el aspecto central del proyecto, la reparación por parte del Estado del daño causado, reparación que deberá ser integral, adecuada y efectiva e incluir garantías de no repetición.
Las víctimas deberán ser consideradas como población prioritaria en las políticas gubernamentales en relación con el acceso a la atención integral en salud, vivienda digna y adecuada, a la educación gratuita y de calidad en todos sus niveles, el acceso al trabajo digno y a programas que busquen la autonomía económica de las mujeres.
Se establece que las instituciones y organizaciones de defensa de derechos de las mujeres, de carácter público o privado, tendrán legitimación procesal para actuar como partes en favor de las víctimas y sus familiares en todos los procesos penales y demás relativos al femicidio, suicidio femicida, violación, abusos sexuales, además de delitos cometidos contra las mujeres por violencia de género.
Finalmente, se modifican dos textos legales a fin de efectuar adecuaciones en consonancia con la nueva normativa.
Como se puede apreciar, la moción se ha desarrollado en función de la experiencia, visibilizando una lamentable realidad que no se puede seguir ignorando.
Sería deseable no tener que legislar sobre esta materia, que no existiesen más víctimas de femicidio, hijas e hijos que se queden sin la presencia de sus madres ni madres que pierdan a sus hijas y que pasen toda la vida buscando sus cuerpos o anhelando justicia. En este sentido, la moción contribuye a que las instituciones asuman a tiempo, a que las investigaciones sean efectivas y a que se deje de negar a las familias de las víctimas de femicidio el acceso a la justicia y a la reparación, lo que es absolutamente necesario y urgente.
Cabe destacar que este proyecto de ley fue aprobado por la gran mayoría de las integrantes de la Comisión de Mujeres y Equidad de Género de la Cámara de Diputadas y Diputados, por lo que se recomienda a la Sala aprobar la iniciativa.
Es todo cuanto puedo informar.
He dicho.
-Aplausos.";1
"2";"21565";5;2022;11;"OLIVERA";"doña Érika";"La señora OLIVERA (doña Érika).-
Señor Presidente, por su intermedio saludo a la ministra y, por supuesto, a todas las familias y mujeres que se encuentran hoy día en las tribunas presenciando la discusión de un proyecto tan importante como es el que estamos debatiendo en este momento.
Como país, hemos hecho un trabajo muy relevante y crucial en materia de derechos de la mujer en los últimos años, especialmente respecto a la sanción de la violencia contra la mujer, lo cual ha significado visibilizar las historias de miles de mujeres a lo largo de nuestro país que viven de manera cotidiana situaciones de violencia, de violencia de género y violencia doméstica.
Historias que antes eran invisibilizadas y reprochadas por la sociedad hoy requieren mecanismos de intervención, con redes de apoyo de profesionales especialistas, instituciones especializadas y, en paralelo, el funcionamiento de un sistema de justicia que conozca y juzgue estas causas con perspectiva de género.
Como Comisión de Mujeres y Equidad de Género hemos conocido muchas historias dolorosas, ante las cuales todas las diputadas integrantes hemos expresado nuestro compromiso por mejorar la legislación, con vistas a establecer mejores y más eficientes mecanismos de protección para la víctimas de violencia de género, apuntando a una reparación integral de ellas y sus familias, pues los familiares son personas cruciales en las situaciones de violencia de género, dado que son los primeros que prestan apoyo a las víctimas. Cuando las víctimas de violencia han perdido la vida por alguna lamentable razón, son sus familiares quienes han comenzado el largo camino de obtener justicia, para que nunca más se repitan situaciones de similares características en el país.
Casos como aquellos son muchos y nos inspiran a seguir perfeccionando la legislación. En particular, debemos mejorar la legislación en materia de femicidio, porque los instrumentos internacionales así lo exigen, pero, sobre todo, porque la protección de los derechos de las mujeres también nos lo exige.
Tenemos el compromiso y la obligación de crear e implementar mecanismos de atención, protección y reparación para las mujeres que han sido víctimas de violencia de género, y que esos mecanismos se creen recogiendo un enfoque de género acorde a la situación que viven miles de mujeres de nuestro país y a la forma en que dicha violencia se ejerce.
En ese sentido, valoro las disposiciones de este proyecto de ley y el enfoque multidisciplinario que contiene, en razón del cual se hace cargo de diversas situaciones asociadas a circunstancias de violencia de género que muchas veces no son advertidas por las autoridades y los funcionarios que están relacionados con estas materias.
Llamo a votar a favor de esta iniciativa y agradezco a la Comisión de Mujeres y Equidad de Género, especialmente a su Presidenta, la diputada Carolina Tello , por darle celeridad y por tomarse el tiempo necesario para llega a un buen consenso.
Asimismo, agradezco a las familias de víctimas y a las organizaciones de apoyo a las víctimas y a sus familias, porque estuvieron presentes y son quienes ponen estos temas sobre la mesa y visibilizan esta situación tan terrible que afecta a nuestro país.
He dicho.
-Aplausos.";1
"3";"21565";7;2022;11;"BULNES";"doña Mercedes";"La señora BULNES (doña Mercedes).-
Señor Presidente, quiero comenzar con una afirmación inicial: los femicidios son siempre delitos de odio y son un mal que contamina a toda nuestra sociedad. La violencia de género tiene distintas expresiones, la última de las cuales, y la peor, es, sin duda, el delito de femicidio, pero va desde los chistes, las discriminaciones, la violencia psicológica y física, por lo que es un mal que debe ser erradicado de cualquier forma.
La sociedad ha cambiado y ya no aceptamos algunas cosas, pero sigue subyacente la violencia contra la mujer en todos nuestros actos. La sufrimos aun las que estamos en posición ligeramente privilegiada. Eso es un hecho que no puede olvidarse, por lo que las leyes van corrigiendo, porque la ley corrige nuestra voluntad viciada y eso lo sabemos. Las leyes tienen que ir corrigiendo todas estas formas de violencia.
Este proyecto de ley no solo es necesario, sino también importante, y por eso saludo a todas las organizaciones de mujeres y de la diversidad sexual, que combaten por todos los medios esta discriminación y esta forma espantosa que atenta contra nuestra vida en común.
Por eso es tan importante el proyecto de ley que estamos discutiendo; por eso son tan importantes todas las medidas que se sugieren y que ordenan a las policías, al Ministerio Público y a los organismos del Estado.
Los abogados que hemos trabajado en estas causas nos hemos topado muchas veces con la indiferencia del Ministerio Público, con la indiferencia de las policías, con la demora en la investigación, con investigaciones insuficientes, con el olvido y, muchas veces también, con el menosprecio por las personas que denuncian este tipo de delitos. Estos hechos también constituyen violencia.
La Convención de Belém do Pará no solo es aplicable directamente, como lo han establecido nuestros tribunales de justicia, sino que tiene que aplicase a leyes concretas y también a los reglamentos, tanto de Carabineros como de la Policía de Investigaciones.
No es posible que las víctimas sean desconocidas; tampoco es posible que las organizaciones tengan que estar luchando, a veces en silencio y a veces con apoyo, para conseguir su objetivo. Ya han sufrido demasiado y esto tiene que terminar.
En este sentido, un proyecto de ley como el que estamos discutiendo es indispensable. Por eso, agradezco a todas las diputadas que lo propusieron; a la Comisión de Mujeres y Equidad de Género, que lo tramitó, y a todas las organizaciones que pudieron dar su testimonio.
Agradezco también el informe de la diputada Karol Cariola , que fue extremadamente amplio y detallado, y, por cierto, anuncio mi apoyo a esta iniciativa y a todas las organizaciones de mujeres.
Tuve la ocasión de trabajar en el caso de Antonia cuando este se inició, por lo que conozco el dolor de las víctimas.
Trabajé en muchos otros casos antes de ser diputada, por lo que conozco el dolor de cada una de las víctimas, a todas las cuales rindo un homenaje en este momento.
He dicho.";1
"4";"21565";9;2022;11;"URRUTICOECHEA";NA;"El señor URRUTICOECHEA.-
Señor Presidente, este proyecto guarda una de las formas de manipulación más claras y peligrosas del feminismo, pretendiendo hacer justicia de una forma bondadosa, pero escondiendo sus verdaderos y peligrosos objetivos, los que paso a describir.
La ideología de género y, por supuesto, el feminismo siempre tratan de poner a la mujer como víctima y al hombre como un agresor. Sigue los siguientes pasos: de lo impensable a lo simplemente extremista; de lo extremista a lo
1
aceptable; de lo aceptable a lo sensato; de lo sensato a lo popular, y de lo popular a lo político.
Suprime evidencias, ocultando la asimetría en la percepción de violencia; evita la obtención de datos incompatibles con la teoría de la supuesta dominación patriarcal; cita únicamente estudios que se adaptan a la masculinidad de la violencia y crea la idea de que la mujer es solo violenta como autodefensa; saca conclusiones apoyadas solo por organizaciones feministas y afines; crea evidencias por citación; obstruye la publicación de artículos que contradigan la violencia de género; acosan, amenazan y penalizan a quienes tienen pruebas contra las feministas; usa los términos “femicidio”, “género” y “perspectiva de género”, lo que es propio de un lenguaje que ellas mismas llaman “lenguaje inclusivo”.
El femicidio es matar una mujer por el solo hecho odiarla. Me pregunto: ¿cuántos casos de femicidio hay realmente en Chile? ¿Qué pruebas existen? ¿Por qué no hablamos de sexos en vez de géneros? Si se mata a un hombre que se percibe como mujer, ¿vamos a decir que es un femicidio?
Presentan los brutales malos tratos como crímenes o asesinatos, no como hechos pasionales o las causas de estos, por ejemplo, el alcohol, las drogas o el hacinamiento. Presentan cada agresión como parte de la violencia generalizada en contra de las mujeres, negando la existencia de mujeres violentas y asesinas, o justificando sus acciones. Eliminan el conocimiento social de otros tipos de violencia. Afirman que todas las lamentables acciones de la violencia son por machismo. Niegan la existencia de colectivos afines a la comunidad LGTBIQ+ o a 8M, que son en extremo violentos, a los que llamo, personalmente, la militancia callejera, los que nos dejaron claro su poder para ejercer violencia el 18 de octubre de 2019. Eluden estudios reales sobre la violencia en cuestión; solo se conocen los motivos expuestos por las feministas, por la comunidad LGTBIQ+ y sus colectivos y/o ONG afines.
Está comprobado que las cifras que exponen en este caso y en otros son abultadas y reconocidas solo por ONG afines, aumentando hasta el infinito las denuncias. Presentan cada agresión, cada lamentable agresión, como un delito individual y no como parte de la violencia generalizada, la violencia de hogar, la violencia entre parejas; todo es violencia contra la mujer, todo; aquí no existe eso. Además, cautivan la violencia contra los niños y contra los abuelos, la silencian.
Se hace más grande la atmósfera de desconfianza a este proyecto, hacia las cifras y denuncias que expone, porque son las feministas, los colectivos y quienes siguen la ideología de género los impulsores de la mayor violencia contra el ser humano: el aborto.
He dicho.";1
"5";"21565";11;2022;11;"BÓRQUEZ";NA;"El señor BÓRQUEZ.-
Señor Presidente, estimados colegas, un estudio realizado durante este año por investigadores de la Universidad de Valparaíso y de la Universidad Andrés Bello indicó que los intentos de femicidio aumentaron 22 por ciento durante la pandemia, y, de la misma manera, detectó un aumento de estos casos en las localidades pequeñas y en donde existían denuncias previas.
Estas lamentables situaciones afectan especialmente a las mujeres de sectores rurales, como ocurre en el archipiélago de Chiloé, pues, tristemente, no cuentan con las redes de apoyo que se encuentran disponibles en los sectores urbanos del país.
Pienso en mi querido Chiloé, con cientos de localidades aisladas, donde las mujeres sufren diariamente por la falta de apoyo y no saben dónde buscar auxilio para escapar de situaciones de abuso.
La isla Caguach, comuna de Quinchao, donde viven cerca de quinientas personas, en septiembre de este año sufrió un gran impacto a causa del femicidio de Faumelisa del Carmen Chiguay Millaquen , quien fue asesinada por su marido. El brutal asesino golpeó a su mujer reiteradamente. La persiguió mientras ella intentaba salir de su domicilio en busca de ayuda. No alcanzó a hacerlo, porque, al igual que en el caso de muchas otras mujeres, su asesino la persiguió hasta matarla.
Es urgente que se establezca un régimen de protección en favor de las mujeres que son víctimas de violencia de
1
género y de sus familias, especialmente orientado a reforzar la educación del Estado en los sectores más aislados y vulnerables.
Pese a lo anterior, tengo una serie de aprensiones. Los derechos presentes en el texto del proyecto no aseguran su cumplimiento, debido a que no existen fondos asociados ni comprometidos.
Asimismo, no se ha solicitado un informe a la Corte Suprema, a pesar de que los artículos de la iniciativa en estudio modifican atribuciones de los tribunales de justicia e, incluso, ordenan que la misma Corte Suprema dicte un auto acordado. Por lo tanto, para continuar con su tramitación, se requiere contar con la opinión respectiva.
He dicho.";1
"6";"21565";13;2022;11;"CARIOLA";"doña Karol";"La señorita CARIOLA (doña Karol) .-
Señor Presidente, este proyecto de ley fue trabajado en largas sesiones de reflexión conjunta con la Agrupación de Familiares Víctimas de Femicidios y con la organización Ni Una Menos Chile. Quiero saludar a Ana Fuentes, presidenta de la primera entidad, y a Elena Dettoni , vocera de la segunda, y a través de ellas a todas y todos quienes hoy son parte de este proceso.
No puedo dejar de responder al diputado Urruticoechea . Lamento que Nancy, que está aquí y que lleva años buscando el cuerpo de su hija Paola, que fue asesinada, que fue desaparecida, hoy tenga que escuchar estas terribles palabras. Con sus propios recursos, Nancy ha tenido que recorrer el país para encontrar las zapatillas de su hija y, a partir de eso, demostrar que fue asesinada y víctima de un femicidio.
Lo siento, Nancy ; lamento que tengas que ser testigo de la indolencia de un colega que ha dicho que el feminismo es peligroso, que ha dicho que buscar justicia para las familias es peligroso. Él antepone su ideología; nos acusa a nosotras de ideología de género, pero lo que está detrás de sus palabras es la ideología que ha defendido el patriarcado y el machismo en este país por tantos años.
Lo único peligroso es naturalizar el machismo, es naturalizar la violencia de género; lo único peligroso es desconocer que el patriarcado le ha quitado la vida a millones de mujeres en el mundo.
El Estado vulnera a las familias y a las víctimas colaterales del femicidio cuando no garantiza acceso efectivo a la justicia en casos que involucran a mujeres asesinadas y desaparecidas. Por eso, este proyecto de ley busca hacerse cargo de aquellos vacíos, de aquellas situaciones.
Este fue un proyecto trabajado de manera consciente, tomando en consideración la experiencia vivida por cada una de las familias que entregaron su testimonio para dar cuenta de los vacíos que hoy tiene la ley.
El Estado, al eludir la responsabilidad de protección, violenta a las familias víctimas de femicidio, permitiendo que los femicidas se querellen contra quienes son las verdaderas víctimas, usando recursos del Estado. Así ocurrió con Ximena Cortés , quien fue objeto de querella por el asesinato de su hija por un exintegrante de la FACh, institución que no solo pagó el juicio, sino que, además, protegió al femicida, cuestión que es inaceptable.
Está también el caso de Yini Sandoval y sus tres hijos. En ese proceso, la Fiscalía se apresuró a declarar que el incendio en el que murieron los cuatro fue un accidente. Tras insistir mucho en la oficina del fiscal nacional, la Fiscalía de Temuco decidió realizar una investigación profunda, la que permitió determinar que la víctima fue apuñalada antes del incendio, el que fue originado precisamente para tapar esa terrible situación.
En el caso de Paola Alvarado , su mamá, en el proceso de búsqueda, encontró, gracias al apoyo de otras familias, una zapatilla que pertenecía a su hija. Recién entonces el hallazgo fue comunicado a la Fiscalía. Esa entidad ni siquiera se dignó a apersonarse en el sitio del suceso; simplemente dio indicaciones a la madre para que entregara la prenda. Al igual que en el caso de Yini Sandoval, si no hubiera sido por la insistente denuncia de la familia, no se hubiesen buscado caminos hacia la justicia.
1
Este proyecto es necesario y fundamental. Ya describí en la lectura del informe de qué se trata y cuáles son las medidas que se adoptan.
Agradezco a nuestro gobierno y a la ministra de la Mujer y la Equidad de Género por haberlo patrocinado y por comprometerse con las familias a buscar caminos, a contar con los recursos necesarios para que esto se implemente y no quede en letra muerta.
Agradezco a las diputadas de la Comisión de Mujeres y Equidad de Género, de todos los sectores políticos. Hay que ser justos; nobleza obliga: las diputadas de la UDI, de Renovación Nacional y de todo el oficialismo votaron a favor este proyecto. Eso lo valoro y lo agradezco.
Quiero terminar citando a Vivir Quintana:
“A cada minuto de cada semana
Nos roban amigas, nos matan hermanas Destrozan sus cuerpos, las desaparecen
No olviden sus nombres, por favor, señor presidente […]
Ya nada me calla, ya todo me sobra
Si tocan a una, respondemos todas […] Y retiemblen sus centros la tierra Al sororo rugir del amor”.
He dicho.
-Aplausos en la Sala.";1
"7";"21565";15;2022;11;"URRUTICOECHEA";NA;"El señor URRUTICOECHEA.-
Señor Presidente, tengo un respeto extremo por la diputada Karol Cariola , pero le pido, por favor, que cuando se intervenga, no se distorsione lo que otro diputado señaló.";1
"8";"21565";17;2022;11;"ROMERO";"doña Natalia";"La señora ROMERO (doña Natalia).-
Señor Presidente, quiero saludar a los colegas presentes.
La violencia contra la mujer es una pandemia oculta, silenciosa y dolorosa que hoy afecta a cientos de mujeres en el país y a millones de mujeres en el mundo.
El Sernameg cifra en 32 los femicidios consumados este año y en 140 los no consumados en lo que va también de este año. A mi juicio, este tema es, sin duda, una urgencia nacional, de la cual debemos hacernos cargo sin ningún sesgo ideológico.
Este proyecto visibilizará a las familias de quienes han sido víctimas de violencia y a aquellas mujeres que han sido víctimas de femicidio.
Queda mucho por hacer; desde acá la voluntad es avanzar.
Mi voto será a favor. Espero que mis colegas de bancada hagan lo propio.
He dicho.";1
"9";"21565";19;2022;11;"ARAYA";"don Jaime";"El señor ARAYA (don Jaime).-
Señor Presidente, quiero empezar agradeciendo a las familias que han hecho posible que este proyecto haya llegado hasta acá; a cada una de las diputadas que presentaron esta moción y a cada una de las integrantes de la Comisión de Mujeres y Equidad de Género por poner en el centro del debate esta herramienta necesaria.
Lamentablemente, el femicidio y el suicidio femicida existen en nuestro país. Este estatuto busca ir en ayuda de las mujeres que lo sufren.
El respeto a la democracia hace indispensable escuchar posiciones distintas, como la que ha expresado el diputado Urruticoechea , la que no comparto en modo alguno; sin embargo repito-, por respeto a la democracia, creo que es necesario que nos escuchemos con respeto. Agradezco a las familias que han actuado en esa línea y a las diputadas presentes en la Sala que han escuchado con respeto las ideas que promueve el diputado Urruticoechea , las que reitero- no comparto en modo alguno. Tenemos posiciones distintas y una enorme distancia respecto de este tema.
Como señaló quien me antecedió en el uso de la palabra, ojalá que la iniciativa no quede en letra muerta y cuente con recursos, fundamentalmente en regiones, en localidades alejadas de los grandes centros urbanos, donde muchas veces las mujeres, en silencio, sufren las situaciones que describe el proyecto. Lamentablemente, muchas de las admirables organizaciones de mujeres que luchan por sus derechos y que apoyan a víctimas de violencia intrafamiliar no tienen la capacidad de llegar a esos sitios.
Solicito respetuosamente al gobierno que evalúe el organismo público que asumirá el rol de protección y garantizará el derecho a justicia que señala el contenido del proyecto y velará por que cada uno de los principios contenidos en la normativa legal propuesta se haga carne, de modo que sirva para que las mujeres que viven en lugares alejados, que sin bien son objeto de la iniciativa, efectivamente reciban protección, la que muchas veces cuesta que se haga realidad.
A cada una de las diputadas que han empujado este proyecto, les agradezco el hecho de que hoy nos den la oportunidad de aprobarlo.
He dicho.";1
"10";"21565";21;2022;11;"BRAVO";"doña Ana María";"La señora BRAVO (doña Ana María).-
Señor Presidente, el proyecto de ley que establece un régimen de atención, protección y reparación integral en favor de las víctimas de femicidio y sus familias ha sido fruto de un arduo trabajo transversal, iniciado en moción presentada por un grupo de diputados y diputadas encabezado por la diputada Karol Cariola , a quien realmente agradezco esta gestión.
Ese grupo atendió sentidas demandas ciudadanas, en especial de víctimas de femicidios, así como de madres, padres, hermanas, hermanos, hijas e hijos, estos últimos mayoritariamente niños, niñas y adolescentes, quienes requieren y demandan un trato digno por parte del Estado en el proceso de investigación y persecución penal de los responsables de la comisión de esos delitos contra mujeres que en su mayoría son madres.
Durante el transcurso de la tramitación de este proyecto escuchamos los testimonios de organizaciones de familiares de víctimas de femicidio, testimonios de madres, padres, hermanas y hermanos, y aportes del Ejecutivo, de la Fiscalía y de otras instituciones privadas vinculadas a la lucha contra la violencia de género. Dedicamos varias sesiones a lo anterior, para empaparnos de la mayor cantidad de testimonios que ayudaran a enriquecer el proyecto. El resultado de lo anterior permitió contar con un proyecto fortalecido y más amplio. Dentro del alcance de la futura ley se encuentra no solo el delito de femicidio, sino también el tipo penal del suicidio femicida, incorporado en nuestro Código Penal a través de un proyecto de ley ya aprobado por el Congreso Nacional.
1
Para los efectos de esta futura ley, también se considera víctima a la mujer cuando el delito se comete en grado de frustrado o tentativo, al cónyuge, al conviviente civil o de hecho, a los hijos, a los ascendientes y a los hermanos, excluyendo expresamente a quienes cometieron este delito.
Quiero realizar una mención especial para agradecer a las integrantes del Consejo Asesor de Igualdad y Equidad de Género de la Región de Los Ríos, creado por la suscrita, por su aporte realizado en la presentación de indicaciones, en especial en aquellas vinculadas con el derecho de las víctimas a ser informadas de su derecho a tener un abogado y también la relacionada con el artículo 10, en el sentido de que las víctimas sean consideradas como población prioritaria en las políticas gubernamentales vinculadas a los derechos sociales establecidos en esta norma. Lo anterior no irrogará gasto fiscal.
De esta forma, a través de este proyecto, esperamos paliar como Estado el sufrimiento y dolor de Danae Benavides Matus , víctima de femicidio frustrado en la comuna de Mariquina, quien además perdió en manos de su exconviviente a su madre y a su hermana, y paliar también el dolor de los hijos y la familia de Franchesca Flores Raillanca, de la comuna de Futrono, una madre de cuarenta años de edad que perdió la vida a manos del padre de su hijo recién nacido y dejó a un adolescente huérfano.
Como parte de la Comisión de Mujeres y Equidad de Género, apoyaré este proyecto, como también lo hará la bancada del Partido Socialista, porque debemos luchar para que ninguna mujer ni su familia sean víctimas de este brutal delito.
He dicho.";1
"11";"21565";23;2022;11;"SCHALPER";NA;"El señor SCHALPER.-
Señor Presidente, parto por agradecer y felicitar a las familias que hoy nos acompañan.
Me parece que este es un proyecto que, en su línea gruesa, busca fortalecer elementos procesales y procesales penales en favor de las víctimas de femicidio. Entonces, es un proyecto que se circunscribe a lo procesal y procesal penal, que a mí, en general, me parece bien. Quiero ser superfranco: me parece bien este proyecto, porque fortalece la persecución de delitos tan sensibles como lo que aquí se mencionan.
Sin perjuicio de lo anterior, dado que este proyecto volverá a la comisión, quiero sugerir algunas cosas a las autoras -lamento que la diputada Karol Cariola no esté en la Sala-.
Primero, el artículo 3, en su inciso segundo, cuando dice que va a estar prohibido el uso de recursos públicos para la defensa privada, es confuso. ¿Qué quiere decir eso: que se tendrán que acoger estrictamente al defensor público y que no podrá haber defensa privada por la vía de tutelas delegadas? Creo que la redacción no es feliz.
Asimismo, me parece que el artículo 5, en su inciso final, cuando presume que si la persona que ha cometido eventualmente una situación como esta y está siendo investigada es un funcionario público, un miembro de Carabineros de Chile o de la Policía de Investigaciones, de pleno derecho, debe ser suspendida de sus funciones, atenta contra el principio de la legítima defensa y contra el principio de la presunción de inocencia. Es decir, suponer que una persona por ser investigada tiene que ser suspendida en su cargo, me parece que atenta contra una garantía fundamental de la legítima defensa.
Después, respecto del artículo 6, cuando dice “Derecho a la reparación del daño.”, no veo qué agrega al artículo 2314 del Código Civil, salvo que asumiéramos que hay una responsabilidad objetiva en esta materia, y eso, evidentemente, no es aceptable. Porque si se reclama una indemnización de perjuicio, obviamente, se tiene que probar la concurrencia de los hechos. No se puede suponer que esos hechos han concurrido.
Si se pretende en ese artículo hacer esa suposición, me parece que nuevamente estamos en presencia de algo que atenta contra principios básicos del derecho.
Por último, en cuanto al artículo 11, cuando se dice que ciertas instituciones van a tener la legitimación activa de
1
poder actuar en nombre de las víctimas, me parece bien, pero se establece como requisito un convenio de colaboración con el Ministerio de la Mujer. Me parece que no es apropiado que el convenio sea con el Ministerio de la Mujer, sino que debería ser con el Ministerio de Justicia. Aún más, debería identificarse muy bien cuál es la razón social que deberán tener esas organizaciones, porque lo que no puede pasar es que se creen organizaciones ad hoc a efectos de interponer acciones legales.
Por último, aprovechando la presencia de la ministra Carolina Tohá como jefa de gabinete, quiero contarle sobre Julia Castillo , quien es la primera mujer fallecida el año 2014 en la comuna de Olivar por femicidio. Es el primer caso de femicidio en la Región de O'Higgins.
A propósito de ese caso, el 23 de mayo del 2019, presentamos un proyecto de resolución para establecer una indemnización en favor de aquellos que llevan adelante la tutela de esos hijos -en el caso de Julia, en favor de doña Érika Figueroa y don Gerardo Castillo -. Es decir, que establezcamos un beneficio directo con recursos mensuales para aquellos que se hacen cargo de la tutela.
El año pasado -justicia obliga-, en contraposición a mi gobierno, presenté una indicación en la discusión del presupuesto, a propósito de la partida del Ministerio de la Mujer, donde pedíamos cuatro cosas: primero, que se estableciera un ítem especial en el Ministerio de la Mujer para que hubiera apoyo legal preferencial para las mujeres víctimas de femicidio y sus familias; segundo, que hubiese una tutela transitoria respecto de esos niños, es decir, que durante el juicio o antes de que este termine, como medida cautelar, se diera la tutela de los eventuales huérfanos del femicidio, es decir, que se diera a alguien la tutela de los niños cuya madre ha fallecido, porque, de lo contrario, ellos quedan en tierra de nadie; tercero, que hubiese apoyo psicológico durante el juicio, y, cuarto -es lo más importante-, que hubiese un subsidio para aquellos que asumen la tutela de los niños cuyas madres han sido asesinadas.
Lamentablemente, mi gobierno no patrocinó esa indicación. Por lo tanto, espero que este gobierno sí lo haga. Aun así, votamos la constitucionalidad en esta Sala y la aprobamos. Por tanto, quedó establecido, pero finalmente el Senado no perseveró.
Me parece que junto con este proyecto, que mejora las condiciones procesales de la investigación, tenemos que acordarnos de esos niños y niñas cuyas madres son asesinadas y que quedan normalmente bajo el cuidado de sus abuelos. Esos abuelos merecen tener hoy un beneficio directo del Estado para que se puedan hacer cargo de esa tutela.
De esa forma, hacemos justicia con todas esas mujeres fallecidas cuyos hijos quedan huérfanos, en el desamparo absoluto, y ayudamos a aquellos que asumen la tutela de esos niños a sobrellevar esa difícil tarea que tienen por delante y que asumen con coraje y decisión.
Para Érika Figueroa y Gerardo Castillo , vaya todo mi reconocimiento.
He dicho.";1
"12";"21565";25;2022;11;"SCHNEIDER";"doña Emilia";"La señorita SCHNEIDER (doña Emilia) .-
Señora Presidenta, quiero partir mi intervención destacando el trabajo que hay detrás de este importante proyecto, el cual lideró la diputada Karol Cariola como autora y se pudo trabajar con representantes de organizaciones feministas, a quienes también agradezco su empuje y lucha constante y consecuente.
¡Qué gusto que hoy nos acompañen representantes de Ni Una Menos y de la Agrupación de Familiares Víctimas de Femicidios!
Además, como integrante de la Comisión de Mujeres y Equidad de Género, no puedo dejar de mencionar el diálogo fraterno y colaborativo que sostuvimos con diputadas del oficialismo y de la oposición, de izquierda y de derecha, porque tramitamos con rapidez este proyecto e, incluso, fuimos capaces de mejorarlo en conjunto.
1
Así vamos reivindicando la política cuando somos capaces de dejar fuera la pelea chica y poner en el centro lo que hacemos acá para mejorar la vida de las personas. En este caso, de las mujeres, sus familias y también de las diversidades sexuales, pues incorporamos los delitos de odio mediante una indicación apoyada también transversalmente.
Hoy despertamos con dos tristes noticias. Ayer fue asesinada una mujer en San Ramón, la cual estaba siendo trasladada a escondidas en un tambor, y hoy cerca del Parque Forestal encontraron a una mujer trans apuñalada y sin vida. En ambos casos el Ministerio de la Mujer y la Equidad de Género, la Fiscalía y el Ministerio del Interior y Seguridad Pública ya están tomando medidas, pero hay harto trabajo que podemos hacer desde este Congreso.
Tenemos el proyecto de ley de violencia integral, que está tramitándose en el Senado, y también este proyecto que busca reparar y reconocer el dolor de tantas familias víctimas de la violencia estructural que vivimos las mujeres.
Este Congreso muchas veces no ha dado el ancho. Lo digo porque antes de ser diputada estuve aquí junto con organizaciones feministas. Como muchas de mis colegas, antes fui dirigenta y activista.
Hoy tenemos una oportunidad de decir a todas esas personas que extrañan a una hermana, a una hija, a una madre, a una amiga o a una compañera que la política les debe una respuesta y que se las vamos a dar.
No nos perdamos en este debate por algunos extremistas que eligen mirar para el lado cuando agreden o matan a mujeres y diversidades sexuales.
Este proyecto no busca solo dar garantías procesales, que, por cierto, son importantes para que las familias y las víctimas no carguen solas con el peso de buscar justicia, sino que cuenten con una defensa especializada y apoyo psicosocial. Pero también este proyecto busca abordar un concepto que a veces ignoramos: la reparación. Nada podrá reparar el dolor de perder a una persona que se ama, pero el Estado puede y debe hacer mucho para reconocer esa pérdida, dando especial énfasis a derechos como la atención de salud o el acceso a la vivienda, entendiendo que la violencia de género solo no es física y simbólica, sino también económica. No podemos dejar a la deriva a mujeres y familias que dependen del sostén económico de un agresor o un femicida.
Hoy voto como feminista y voto a favor este proyecto, así como también lo hará el Frente Amplio, orgullosa de haber aportado un granito de arena en su tramitación. Esto es por todas quienes han luchado para que demos pequeños pasos de dignidad, y también es por las que no están.
He dicho.";1
"13";"21565";27;2022;11;"CORDERO";"doña María Luisa";"La señora CORDERO (doña María Luisa).-
Señora Presidenta, naturalmente voy a votar a favor este proyecto por mi condición de mujer, pero también por mi larga experiencia atendiendo a sobrevivientes de la violencia doméstica.
He atendido a personas que estuvieron en coma. Me estoy acordando de una paciente en el año 90, cuya “pareja” le pegó un martillazo y la dejó con un traumatismo encefalocraneano, por lo que estuvo mucho tiempo en coma.
De las innumerables veces -aunque ustedes no lo crean- en que me correspondió acompañar a mujeres desde el policlínico del psiquiátrico, sobrevivientes de violencia, a los hogares que tiene el gobierno en Santiago -porque he trabajado en Santiago-, en una ocasión acompañé a una paciente a uno de dichos hogares, el cual era tan feo, tan sucio y tan mal tenido que, aunque ustedes crean que estoy diciendo una mentira, me la tuve que llevar a vivir conmigo a mi departamento tres semanas hasta que logramos encontrarle un lugar digno.
Siempre me ha violentado esto que ha hecho la justicia de dictar como medida de protección en favor de las mujeres violentadas la prohibición de que su pareja se acerque a menos de 100 metros del hogar de la mujer. Yo decía: ¿cómo aguantan semejante tomadura de pelo las instituciones que defienden a las mujeres víctimas de violencia? Eso es un mal chiste y es también otra violencia que viene de las instituciones. Es como mirarnos en
1
menos. Pareciera que la justicia dice “Esta se merece 100 metros no más, porque como es mujer…”. Me gustaría que dicha medida se aboliera, porque es una vergüenza que juristas la hayan instalado. Realmente me pregunto: ¿a estos tipos qué les pasa? No voy a repetir lo que dijo Izkia Siches de si se pegaron en la cabeza, pero no cabe la menor duda de que están atravesados por una conducta muy hostil hacia las mujeres. Si un juez me dice: “Le voy a ordenar 100 metros al caballero que le pegó”, yo le pego a él. Le doy un cachuchazo al que me está diciendo eso.
Otra cosa que quiero decir es que una plaga que hay en Chile es que todo es reactivo. Me comprometo, más aún si están las dirigentes presentes en las tribunas, con mucho gusto, a través de la diputada Karol Cariola que trabaja con ellas, a colaborar en dar tips. Es lo que yo hacía en el policlínico del psiquiátrico. ¿Cuándo se sospecha de que hay una paranoia en la pareja? Cuando la pareja pregunta: “¿De dónde vienes?”. Ahora que existen los celulares, muchas parejas les revisaban el celular a las mujeres, les revisaban los bolsillos y, aunque ustedes no lo crean, les revisaban la ropa interior y se la olían. Tuve una paciente que me dijo: “Doctora, mi pareja, mi marido, es tan loco que me dijo que me había encontrado mi ropa con olor a semen”.
Estoy contando esta cosa pragmática y grotesca para que se cree un sistema, más allá de las leyes, para que en los policlínicos de psicología o en los Cesfam, los psiquiatras les enseñen a las mujeres, como yo lo hacía -yo tenía una especie de policlínico de violencia doméstica en el psiquiátrico-, a empoderarse, a informarse, porque de repente el amor produce una encefalopatía. El filósofo Pascal decía: “El corazón tiene razones que la razón no conoce”.
Nunca hay que perder la razón, especialmente cuando uno se enamora.
He dicho.";1
"14";"21565";29;2022;11;"VELOSO";"doña Consuelo";"La señorita VELOSO (doña Consuelo) .-
Señora Presidenta, voy a referirme al proyecto, pero no puedo dejar de lamentar los dichos del diputado Urruticoechea , quien no está presente en la Sala, que no son nada distintos a los dichos que habitualmente su bancada y la derecha expresan respecto de proyectos de ley que benefician a las mujeres. Ejercen todos los días en este Congreso acciones que tienden a denostar a las mujeres.
Ahí en las tribunas está Nancy. ¡Nancy, discúlpanos!";1
"15";"21565";31;2022;11;"VELOSO";"doña Consuelo";"La señorita VELOSO (doña Consuelo) .-
Le pido disculpas a Nancy, porque el proyecto de ley que estamos tramitando para establecer un régimen de protección y reparación en favor de las víctimas lo hemos trabajado con mucho cariño y con mucha preocupación en la Comisión de Mujeres y Equidad de Género. La diputada Karol Cariola , desde el día uno, ha hecho un trabajo tremendo en este proyecto.
Lo que quería poner de manifiesto respecto de este proyecto es que es impresionante cómo todavía nos falta muchísimo. Dentro de estos espacios, donde se toman decisiones, las mujeres siguen siendo consideradas de segunda clase. Todavía algunos creen que hay ciudadanos de primera y de segunda, y las mujeres siempre quedan en segundo lugar. Por eso nuestras vidas siguen en riesgo.
Por ello, mujeres como Karol Cariola u otras mujeres lideresas -siguiendo lo señalado por la diputada Cordero sobre los dichos de la entonces ministra Izkia Siches de que “se pegaron en la cabeza”- jamás tienen el mismo nivel de violencia hacia hombres cuando son políticos, versus la violencia que los hombres ejercen en contra de las mujeres políticas. Es lamentable que sigan persistiendo en conductas sumamente misóginas y que les falten el respeto a las madres de víctimas de violencia machista, como si a las mujeres no las mataran por ser mujeres. Las matan por
1
ser mujeres, las matan porque hay un sistema que establece que los hombres están más arriba en la pirámide jerárquica y las mujeres estamos más abajo. Por eso los hombres, sin ningún tipo de problema, también ejercen violencia política contra nosotras.
Si la ejercen aquí, donde somos mujeres privilegiadas, ¿cómo no la van a ejercer en las calles? ¿Cómo no la van a ejercer en las casas de esas mujeres pobladoras, cuidadoras y trabajadoras, que durante la pandemia tuvieron que ver cómo sus derechos laborales prácticamente se veían vulnerados, por lo que tenían que cuidar y trabajar? Además, sufrían violencia doméstica por parte de sus maridos o de sus parejas. Sin embargo, todavía aquí se sigue cuestionando. Elevemos el nivel de la discusión.
Este es un proyecto de ley necesario para resguardar la vida de las mujeres, de todo tipo de mujeres.
Basta de violencia contra las mujeres, basta de ejercer violencia política, basta de despreciar las vidas de las trabajadoras y de todas las mujeres que existen en nuestra sociedad.
En verdad, disculpa, Nancy . Qué pena que hayan tenido que presenciar este papelón de un grupo de parlamentarios que no creen en los derechos de las mujeres, que no quieren aprobar que se termine el matrimonio con niñas, que no quieren aprobar un proyecto de ley que les otorgue seguridad a las mujeres; no quieren aprobar proyectos de ley que avancen en el resguardo de los derechos sexuales y reproductivos de las mujeres. Son antimujeres. El Partido Republicano es antimujer.
He dicho.
-Aplausos.";1
"16";"21565";33;2022;11;"SCHALPER";NA;"El señor SCHALPER.-
Señora Presidenta, simplemente quiero recordar a la diputada que intervino recién -ojalá sea precisado en el acta- que los votos de la centroderecha, de la UDI y de Renovación Nacional…
-Manifestaciones en la Sala.";1
"17";"21565";35;2022;11;"SÁNCHEZ";NA;"El señor SÁNCHEZ.-
Señora Presidenta, precisamente quiero citar el acuerdo que se tomó hace muy poco rato en reunión de Comités, en el sentido de que los Comités tengan cuidado de evitar que sus diputados viertan afirmaciones ofensivas respecto de bancadas. Como miembro de la bancada republicana y también como hijo de una mujer, marido de una mujer y padre de una niñita, no voy a aceptar que me vengan a decir aquí que soy machista ni que odio a las mujeres. Por favor, pido un mínimo de respeto, más todavía si hace pocas horas estuvimos hablando de esto mismo en reunión de Comités.
Les pido por favor a los jefes de Comités -no sé a qué partido pertenece esa diputada- que se hagan cargo.
Muchas gracias.";1
"18";"21565";37;2022;11;"CARIOLA";"doña Karol";"La señorita CARIOLA (doña Karol) .-
Señora Presidenta, están las organizaciones presentes en las tribunas. Muchas de las familias que las integran viajaron incluso desde otras regiones.
Por ello, pido que recabe el acuerdo de la Sala para que este proyecto de ley sea votado el día de hoy, a fin de despacharlo al Senado y de que pueda seguir avanzando en su tramitación.";1
"19";"21565";40;2022;11;"CORDERO";"doña María Luisa";"La señora CORDERO (doña María Luisa).-
Señora Presidenta, aprovecho de agradecer a la ministra por traernos buenas noticias.
Quiero compartir con ustedes que Camila Flores está mucho mejor; la pasaron a cuidados intermedios.
(Aplausos)
Juan Carlos me entregó la información.
Agradezco a quienes me siguieron en las redes con la cadena de oración, porque hoy, para mí que soy católica, es un día muy importante, pues comienza el Mes de María.
Muchas gracias a quienes elevaron su oración y a todos los que nos han acompañado.
Doy gracias a Dios porque Camila está bien y su niñita va a volver a reencontrarse con ella.
Muchas gracias.
He dicho.
-Aplausos.
1
1.4.
Fecha 21 de noviembre, 2022. Diario de Sesión en Sesión 99. Legislatura 370. Discusión General. Se aprueba en general.
ESTABLECIMIENTO DE RÉGIMEN DE ATENCIÓN, PROTECCIÓN Y REPARACIÓN INTEGRAL A VÍCTIMAS DE FEMICIDIO Y SUS FAMILIAS (PRIMER TRÁMITE CONSTITUCIONAL. BOLETÍN N° 14013-34) [CONTINUACIÓN]";1
"20";"21565";43;2022;11;"TELLO";"doña Carolina";"La señora TELLO (doña Carolina).-
Señor Presidente, el dolor de una familia que pierde a una integrante por femicidio es enorme.
En la Comisión de Mujeres y Equidad de Género, la cual tengo el honor de presidir, escuchamos durante semanas testimonios de familiares de víctimas de femicidio, así como también de quienes lograron sobrevivir a su agresor.
La realidad es realmente descarnada. Y lo es porque nos damos cuenta de que no solo hablamos del momento preciso en que el agresor quita la vida de una mujer, sino también de todo el proceso y el contexto a los que son sometidas tanto las mujeres como su entorno.
Nos damos cuenta de que como Estado y como sociedad no solo hemos estado al debe, sino que, además, hemos dejado en total indefensión a tantas mujeres, niñas y adolescentes, al no brindar redes de protección y acompañamiento. Se debe entender que muchas veces podemos salvar vidas y que podemos romper círculos de violencia con acciones concretas y con un rol protector desde lo público.
Este proyecto de ley es un tremendo avance, pues reconoce lo dictaminado en la Convención Interamericana para Prevenir, Sancionar y Erradicar la Violencia contra la Mujer, Convención de Belém do Pará, ratificada por nuestro país en 1996, la cual menciona claramente el deber del Estado no solo de sancionar, sino de establecer los mecanismos necesarios para resarcir el daño causado y compensar el mismo.
Votaré a favor este proyecto, porque es un avance histórico que, por primera vez, nos hace comprender la relevancia no solo de la parte sancionatoria en materia de femicidios, sino también de la prevención, la protección y la compensación, mediante acciones concretas.
La iniciativa establece que las víctimas y los sobrevivientes de femicidio tienen derecho a una reparación integral, adecuada, efectiva, que incluye garantías de no repetición por parte del Estado. Lo anterior, ya sea en grado de consumación, frustración o tentativa, de conformidad con las normativas y obligaciones internacionales que nos imponen los derechos humanos.
El proyecto menciona que tanto las personas dependientes de las víctimas como quienes asuman el cuidado de estas tienen el derecho a un apropiado nivel de vida, especialmente aquellas que se encuentren en situación de
1
discapacidad, que sean de las diversidades y disidencias sexuales y de género, o que sean personas mayores.
Junto con estos, serán considerados prioritarios en las políticas gubernamentales los siguientes derechos:
La atención integral en salud, sin aplicación de preexistencias, de condiciones previas, de exclusiones de carácter económico y de ningún otro tipo.
La vivienda digna y adecuada.
La educación gratuita y de calidad en todos sus niveles.
El acceso al trabajo digno y programas que busquen la autonomía económica de las mujeres. Sin duda, esto viene a reconocer no solo la importancia de la justa reparación por el terrible daño del que son víctimas las mujeres sobrevivientes y las familias de quienes sobreviven a quienes han perdido su vida, sino que entiende además, tal como lo mencionamos, que el daño causado por un femicidio es mucho más amplio y devastador, y que las heridas y consecuencias sufridas son de largo alcance, con marcas que quedan para toda la vida en las familias, y con la necesidad permanente de protección, protección que, una vez aprobado este proyecto, tendrá por fin el rol del Estado que las mujeres de este país necesitan.
He dicho.
-Aplausos.";1
"21";"21565";45;2022;11;"CELIS";NA;"El señor CELIS.-
Señor Presidente, al 10 de noviembre de 2022 se registran 33 femicidios consumados y 141 femicidios frustrados.
Por otra parte, según estudios de la Oficina de las Naciones Unidas contra la Droga y el Delito, se ha indicado que la principal causa de homicidios de mujeres es la violencia ejercida por sus parejas, por sus familias, porcentaje que llega al 47 por ciento, a diferencia del caso de los hombres, en que solo alcanza el 6 por ciento del total.
Sin duda, las cifras expuestas dan cuenta de una realidad sumamente grave en materia de violencia contra las mujeres. Además, estas cifras permiten concluir que aún hay mucho trabajo por hacer por parte de las autoridades, pues a pesar de los cambios culturales promovidos por las diversas movilizaciones sociales y feministas, así como de las políticas implementadas para denunciar la violencia de género y proceder a su persecución penal, lo cierto es que los casos suman, suman y siguen.
De esta manera, valoro que este proyecto de ley establezca un régimen de atención, protección y reparación integral en favor de las mujeres víctimas de violencia de género y de sus familias.
Este último punto es sumamente central, pues la propuesta visibiliza y reconoce a las víctimas colaterales del delito de femicidio, quienes suelen ser los niños, niñas y adolescentes al cuidado de mujeres víctimas. Por lo tanto, permite ampliar la mirada, en el sentido de dar protección a quienes se ven directamente afectados por acciones de esta naturaleza, para así generar acciones y tomar medidas tendientes a su resguardo y debido cuidado.
El femicidio es el último eslabón de la cadena de la violencia contra la mujer. Se trata de un fenómeno complejo, que comprende una serie de aristas que se deben prevenir, visualizar y reparar.
Insto a nuestros gobernantes a no bajar los brazos, a luchar día a día contra este flagelo, que todos y todas debemos abordar.
He dicho.";1
"22";"21565";47;2022;11;"BRAVO";"doña Marta";"La señora BRAVO (doña Marta).-
Señor Presidente, hace dos semanas nuestro país sufrió una grave conmoción a causa de un terrible femicidio ocurrido en la comuna de San Ramón. Esta desgarradora y dolorosa situación expuso a un asesino que trasladaba el cadáver de una mujer al interior de un tambor, en plena calle.
Las causas del femicidio están relacionadas con un ambiente de violencia de género, en el que la víctima sufre una terrible vulnerabilidad ante su pareja, de tal intensidad que es incapaz de escapar de esta situación y sigue sometiéndose a agresiones constantes.
Es urgente que se establezca un régimen de protección en favor de las mujeres que son víctimas de violencia de género y de sus familias. Creo, además, que el foco debe estar puesto en las labores de prevención, con programas sistemáticos y continuos que se involucren intensamente en las comunidades, puesto que solo así es posible evitar que sigan aumentando las víctimas de esta aberrante conducta.
Asimismo, se debe considerar destinar los recursos necesarios para el proyecto y también pensar en la vulnerabilidad de otros grupos de riesgo, como son los adultos mayores, las personas con discapacidad y los niños.
Que no exista discriminación.
He dicho.";1
"23";"21565";49;2022;11;"SÁNCHEZ";NA;"El señor SÁNCHEZ.-
Señor Presidente, qué duda cabe de la importancia que tiene establecer normas que sancionen con mayor fuerza todo atentado en contra de mujeres, todo acto de violencia en contra de una mujer, e ir afinando bien estas reglas, que todos sabemos que hoy resultan insuficientes, porque la realidad así lo demuestra: los ataques y las agresiones contra las mujeres siguen ocurriendo día a día.
No obstante, creo que lo que se nos ofrece con este proyecto de ley es una muy mala receta para las mujeres y para todos los chilenos. ¿Por qué? Porque estamos pasando por encima de un principio muy básico en nuestra legislación, cual es la igualdad ante la ley. Aquí se establecen principios de aplicación especial solo para los casos de delitos que se encuadren en la figura del femicidio. En este sentido, me pregunto por qué tiene que haber una mayor diligencia, por ejemplo, de las instituciones de investigación criminal solo para estos casos.
Hoy -es algo bien contingente, además, con el revuelo del nombramiento del nuevo fiscal nacional tenemos una crisis tremenda en el Ministerio Público: no da abasto, se dedica más a archivar causas que a realizar investigaciones, y el proyecto establece que las víctimas de delitos de estas características se pasen al comienzo de la fila. Sin embargo, creo que lo que tenemos que hacer como Congreso es exigir al Ministerio Público que actúe con mayor eficiencia, que realice todas las investigaciones y que deje de archivar todas las causas que le llegan, como lo vemos en el día a día, de lo cual la ciudadanía ya está cansada.
No puede ser que estemos estableciendo aquello -y por razones que pueden ser muy valorables: francamente, por desesperación, algo a lo que todos los chilenos estamos afectos porque el Ministerio Público en muchas ocasiones no hace la pega. Le estamos diciendo: “Bueno, estos delitos, que son de especial gravedad, vamos a pasarlos al comienzo de la fila”. ¿Y qué terminará ocurriendo? Que descubriremos cada vez más figuras penales, que vamos a pasar a la gente al comienzo de la fila y que quienes no estén al comienzo de la fila se verán afectados por esta tremenda desigualdad e injusticia, que es que, al final, sus causas no se verán nunca.
¿Y cuántos temas de tanta gravedad nos encontramos día a día en materia penal como para ponernos en el Congreso a decir: “No, esto es más grave que esto otro” o “esto es super grave, es un poquito grave o un poquito menos grave”? Así, vamos a terminar dando a la Fiscalía las herramientas para que simplemente siga con esta conducta, que ya lleva mucho tiempo, cual es archivar todas las causas que no quiere investigar, o no puede investigar, o son muy difíciles de investigar, siempre con el argumento de que le falta personal.
1
Lamentablemente, en el proyecto de ley de presupuestos, que discutimos la semana pasada, vimos que tampoco hay un aumento tan considerable de recursos para la Fiscalía como para decir que el gobierno por fin se está dando cuenta de la necesidad de mayores recursos para la investigación criminal. No, eso no pasa.
Entonces, ¿cuál es el problema de esta iniciativa? Que aborda mal una necesidad, que es que haya mayor eficiencia en la investigación criminal, y le da una herramienta a la Fiscalía para que siga metiendo en el cajón de los archivos un montón de causas, un montón de problemas y dramas que sufren a diario miles de chilenos al decirle que aquellas de mayor notoriedad se resuelvan, les dé una tramitación exprés, y así las vamos pasando para adelante en la fila.
Eso me parece mal, puesto que es muy necesario que haya una persecución penal efectiva de todos los delitos y abusos que se cometen en contra de mujeres. No podría pensar nada menos que eso teniendo una hija mujer, estando casado con una mujer y teniendo una madre. O sea, evidentemente, todos entendemos la situación. No me pondría en el pedestal, como lamentablemente lo han hecho algunos miembros de la Cámara de-Diputados, de decir: “Los que no votan conmigo es porque odian a las mujeres”. Tristemente, ese es el nivel del Congreso hoy en día, y es algo lamentable.
No pondría en duda que todos ustedes consideran de la mayor gravedad cualquier acto de violencia cometido en contra de las mujeres, pero eso no quita que tenemos que preocuparnos de que las leyes estén bien hechas y no terminemos, como decía un profesor mío en la escuela de Derecho, legislando con las patas -¡porque pucha que se legisla con las patas! y generando más problemas que soluciones.
Entonces, mi llamado a los miembros de esta Cámara es a que nos preocupemos de que las soluciones que se generan desde el Congreso para atender necesidades tan reales, como es garantizar más seguridad a las mujeres, sean leyes y no malas leyes, como esta que se propone, que lo que hace es meterse en el bolsillo la igualdad ante la ley y generar algo tan injusto como que se pueda pasar a la gente adelante en la fila de la investigación penal.
He dicho.
-Aplausos.";1
"24";"21565";51;2022;11;"MOLINA";"doña Helia";"La señora MOLINA (doña Helia).-
Señor Presidente, no cabe duda de que las víctimas de violencia de género, y en especial de femicidio, requieren normas orientadas a su atención, protección y reparación integral, considerando también a sus familias, conforme al artículo 108 del Código Procesal Penal, reforzando eficazmente el rol del Estado.
El proyecto considera 11 artículos, entre los que destacan los relativos al derecho al acceso a la justicia, al derecho a la protección, al derecho a la reparación integral, al derecho a la protección en el trabajo, a la responsabilidad del Estado respecto de las víctimas de femicidio y a la legitimación activa especial en los procesos, como los principales pilares, y busca mitigar en parte el sufrimiento que viven tanto las víctimas de femicidio, en cualquiera de sus grados, como su entorno cercano.
Esta reparación integral está pensada en resarcir de forma oportuna el mal causado, pero no solo de las víctimas de femicidio, sino también de los niños, niñas y adolescentes que viven de forma directa las consecuencias de estos delitos y terminan siendo víctimas colaterales.
Nuestro propio sistema judicial reconoce debilidades. A pesar de lo mucho que hemos avanzado, aquellas dicen relación con la dualidad del sistema, ya que hay dos ministerios que trabajan en ello, el de Justicia y el la Mujer, pero que en general no integran, no hacen las sinergias necesarias ni tampoco una buena labor intersectorial, lo que en muchas ocasiones dificulta el acceso. También, hay escaso seguimiento de las medidas cautelares; revictimización, que se da muchas veces en tribunales, y escasa coordinación institucional, entre otras debilidades.
Este proyecto busca, en parte, aliviar el dolor desgarrador que sienten los familiares de las víctimas, el cual -ello, según sus propias organizaciones a veces no les permite tener ánimo para continuar en la búsqueda de justicia, en
1
que el Estado muchas veces no cumple el rol de apoyo y de acceso a la justicia que esta iniciativa pretende reforzar.
En definitiva, el proyecto va en la dirección correcta, pues reafirma los derechos que asisten a las mujeres víctimas de violencia y entrega un sistema reparatorio claro. Aprobarlo es comprender que la violencia contra la mujer no solo debe ser abordada desde el reconocimiento de esta, sino que se requiere el diseño de políticas públicas integrales para ofrecer protección social y asistencia económica a los sobrevivientes de violencia.
Se necesitan instrumentos que faciliten la labor estatal en estas tareas.
Por ello, votaré a favor la iniciativa.
He dicho.";1
"25";"21565";53;2022;11;"BELLO";"doña Francisca";"La señora BELLO (doña Francisca).-
Señor Presidente, un Estado que no se preocupa de las mujeres, niñas y adolescentes es un Estado que avala la violencia machista. La deuda que tenemos por décadas de abandono y naturalización de la violencia debe ser saldada, y este proyecto es un primer paso.
El femicidio es la última manifestación de una escala de violencia que pasa por la violencia económica, física, sexual, sentimental y de muchos otros tipos.
El femicidio no es un hecho aislado, sino el último paso. Antes de eso, la víctima gritó, fue maltratada y, por supuesto, fue privada de ayuda; antes de eso, las políticas públicas no alcanzaron a llegar y el Estado dejó solas a las víctimas.
Este proyecto quizás subsane un poco esa situación, y aunque lamentablemente nunca vamos a poder recuperar vidas, de aprobarse esta iniciativa, las víctimas y sus familias podrán acceder a un procedimiento más justo, con perspectiva de género y que realmente las acompañe.
Espero que con esto podamos evitar que ocurran nuevos casos como la lamentable desaparición y posterior muerte de Nicole Saavedra , quien sufrió el abandono de las policías, pues no quisieron iniciar la investigación a pesar de que su madre había puesto la denuncia respectiva. Ahora sabemos que Nicole pasó siete días secuestrada siendo objeto de torturas.
¡Siete días, señor Presidente!
Saludo y le doy un abrazo también a María Bahamondes , prima de Nicole, quien, a pesar de tanto dolor y pena, siguió luchando para que la fiscalía no cerrara el caso y llegó hasta las últimas consecuencias para evitarlo, como, por ejemplo, en medio de su desesperación, encadenarse en la fiscalía de Quillota.
María logró su objetivo y encontró al culpable de Nicole: Víctor Pulgar , asesino y torturador de Nicole Saavedra. Sin embargo, esto no le salió gratis ni barato, dado que hoy enfrenta cargos y condenas por desórdenes públicos, lo que nos demuestra lo irónico que es el Estado, ya que, en vez de proteger, condena a quienes claman justicia.
Por último, felicito a quienes elaboraron este proyecto de ley, entre otros la diputada Karol Cariola , y por sobre todo la participación en conjunto de la Agrupación de Familiares de Víctimas de Femicidio, cuyos representantes
1
están aquí, en las tribunas.
Muchas gracias por no claudicar.
Llamo a aprobar este proyecto y a hacernos cargo, por fin, de la violencia machista.
He dicho.";1
"26";"21565";55;2022;11;"MUSANTE";"doña Camila";"La señorita MUSANTE (doña Camila) .-
Señor Presidente, este proyecto es, sin duda, un avance para la justicia con enfoque de género, pues busca considerar otros aspectos de las violencias que sufren las mujeres y extender la protección y reparación integral a todas aquellas personas que puedan ser calificadas como víctimas colaterales de femicidio, quienes tienen relación directa, familiar o afectiva con las mujeres o cuya dependencia económica o integridad física y psíquica sufre las consecuencias de la muerte o el intento de asesinato de una mujer solo por el hecho de serlo.
Se destaca como idea central del proyecto hacer responsable al Estado de la vivienda, salud y educación de los niños, niñas y adolescentes huérfanos tras un femicidio. Adicionalmente, protege a las víctimas y castiga al victimario, quitándole el derecho a la tuición legal, la herencia y los fondos de pensiones.
La reparación y la justicia para las víctimas de femicidio hoy son un desafío y parte de las deudas pendientes que tenemos con las familias chilenas. Pero para llegar hasta aquí muchas vidas se han perdido, y nos siguen matando a diario solo por el hecho de ser mujeres.
Este año ya son 43 los femicidios confirmados, entre los cuales hubo un lesbofemicidio y tres transfemicidios.
Además, hubo seis suicidios feminicidas confirmados.
Nada ni nadie nos va a devolver a Claudia, Nataly , María de los Ángeles , Paula , Pamela , María Elena , Neila , Kimberly , Claudia , Edilia , Marta , Teresa , Ana , Cinthia , Yocelyn , Érika , María Leonor , María Leidi , Catalina , Yuridia , Irma , Kassandra , Pamela , Jeannette , Roxana , Juana , Jéssica , Valentina , Andrea , Ignacia , Marjorie , María Inés , Franshesca , Nayaret , Verónica , Fernanda , Katherine y Ghislaine . Esos son sus nombres.
Apuñaladas, golpeadas, baleadas, quemadas, asfixiadas, degolladas y envenenadas.
¡Ni una menos, nunca más!
Las mujeres hemos sido negadas hasta el cansancio; a nosotras, las cuidadoras de todas las casas; a nosotras, que traemos el pan y cuidamos a nuestras hermanas al mismo tiempo. Sí, a nosotras, nos siguen negando y matando.
Ante lo que escuchamos en la vereda del frente, donde dicen que el feminismo es peligroso, debemos enseñarles a nuestras niñas y a la sociedad que las mujeres tenemos los mismos derechos y que no podemos ser discriminadas ni violentadas solo por el hecho de ser mujeres. Esa enseñanza salva vidas.
¿Cuántos crímenes se evitarían si los discursos de odio contra las mujeres no estuvieran naturalizados? ¿Cuántas leyes con nombre de mujer tenemos que aprobar para que en este hemiciclo entiendan que queremos salvar las vidas de las mujeres? Negar que haya violencia de género solo valida los discursos de odio contra nosotras.
Cuando validamos la violencia a través de los discursos de odio, ¿saben cuál es el resultado de esa cadena de acciones? La muerte, la muerte de niñas y mujeres.
Actuamos preventivamente para no seguir redactando leyes con nombres de mujeres muertas bajo las distintas formas de violencia que, año tras año, tratamos de erradicar.
Para que dejen de ocurrir femicidios en Chile, necesitamos educación de calidad, educación sexual integral para todas y todos. Por otra parte, en el corto plazo, es urgente reforzar la seguridad en nuestros barrios y garantizar la reparación integral a las familias en los casos de crímenes ya cometidos.
Agradezco a la autora de este proyecto, la diputada Karol Cariola , y a la Agrupación de Familiares de Víctimas de
1
Femicidio por su incansable lucha.
Gracias por acompañarnos hoy día.
He dicho.
-Aplausos.";1
"27";"21565";57;2022;11;"KAISER";NA;"El señor KAISER.-
Señor Presidente, efectivamente, crece el número de mujeres que están siendo asesinadas en Chile. Esa es una terrible realidad, una terrible verdad.
Pero le voy a decir una cosa: el número de personas -no importa de qué sexo que están siendo asesinadas en Chile también crece, y crece porcentualmente todos los meses de manera aterradora.
La pregunta es si esta normativa, como está concebida, es efectivamente una protección para las mujeres.
¿Estamos realmente analizando el fondo o la razón por la cual se produce este tipo de delitos? ¿Qué pasa con el consumo de drogas en muchos varones que los cometen? ¿Qué pasa con el alcoholismo y con la violencia heredada? ¿Cuáles son las razones por las que se asesina a una mujer? ¿Es el solo hecho de ser mujer? ¿Es esa la única razón?
Bueno, yo no puedo llegar a creerlo. Creo que la sociedad y los seres humanos son más complejos que un grupo de personas que sale livianamente a la calle y dice: “Saben, odiamos a las mujeres y por eso vamos a asesinarlas”.
Me parece que hay razones más complejas detrás de ello, y es por eso que debemos perseguir y corregir dichos problemas. Pero simplificar las cosas a este punto no sirve ni ayuda a nadie.
Por otro lado, el artículo 3 del proyecto establece que estará prohibido el uso de recursos públicos para la defensa privada de personas que sean investigadas o imputadas por estos delitos. ¿No es eso un ataque directo al derecho a defensa? Es decir, ¿por el solo hecho de estar imputado uno ya es culpable? ¿Qué pasa con el principio de presunción de inocencia, al cual, supongo, todos adscribimos?
Esta norma, así como está formulada, no soluciona el problema fundamental de esta sociedad, cual es que estamos cayendo en niveles de violencia cada vez más desatados, de la mano de un consumo de drogas absolutamente descontrolado, de la pérdida de los valores fundamentales y, por qué no decirlo también, de la pérdida de las normas de respeto mínimas que se deben los seres humanos los unos a los otros, sin importar a qué sexo pertenezcan.
Cuán simplista es, por tanto, reducir lo que está sucediendo con las mujeres solo al tema del femicidio, en un país donde las bandas narcotraficantes se agarran a balazos y matan a mujeres mientras amamantan a sus niños en sus propias casas. Cuán simplista es reducir todo esto a un tema ideológico y no a uno policial, judicial y de investigación, como correspondería a la represión de la delincuencia, del narcotráfico, a la corrección, mejora o sanación de aquellos que son alcohólicos, que, de la mano del consumo de ese tipo de sustancias, hacen las peores atrocidades, no solo contra las mujeres, damas y caballeros, sino también contra niños de ambos sexos, contra sus vecinos o contra gente absolutamente desconocida.
¿No estamos legislando en este Congreso de manera parcial, creando, hasta cierto punto, discriminaciones odiosas entre hombres y mujeres? Porque tanto el hombre que es asesinado como la mujer que es asesinada merecen la misma justicia de parte del Estado. ¿O tenemos ahora víctimas de primera y segunda clase?
Así como lo estoy planteando, supongo que molestará a algunos, pero la verdad es que toda vida humana es igual de valiosa. Los descendientes y los parientes sufren al igual y por igual la pérdida de sus seres queridos y, si queremos proteger a las mujeres -a quienes se debería proteger de manera preferente, de todas maneras-, tenemos que ir a las causas de la violencia, y no crear aquí hombres de paja que lo único que hacen es distraernos de nuestra misión, cual es combatir la delincuencia y la violencia que se comete todos los días contra todos los
1
chilenos.
He dicho.";1
"28";"21565";59;2022;11;"YEOMANS";"doña Gael";"La señorita YEOMANS (doña Gael) .-
Señor Presidente, en primer lugar, quiero saludar a las familias que están en las tribunas.
Noviembre es un mes de gran relevancia para nosotras, y este viernes 25 conmemoraremos un año más del Día Internacional de la Eliminación de la Violencia contra la Mujer.
Este mes, como cada año, llegamos con cifras tristes a esta conmemoración en nuestro país, ya que, si no lo saben, en Chile les han quitado la vida a 43 mujeres, víctimas de femicidio. El último de ellos ocurrió hace pocos días en el distrito que represento, en la comuna de San Ramón.
Daniela Quilodrán fue asesinada por su pareja y su cuerpo fue encontrado dentro de un tambor. El victimario ya contaba con antecedentes de violencia intrafamiliar y además había sido denunciado por la víctima, pero, lamentablemente, no pudimos salvarla. Una vez más, le fallamos.
Según esas mismas cifras, también se han registrado 140 femicidios frustrados. Duele decirlo, porque no son solo cifras de una estadística; sino que son vidas que hemos perdido. Esta es la realidad que da cuenta de la compleja y violenta exposición que viven a diario miles de mujeres en Chile, quienes sufren violencia física, psicológica, verbal, violencia vicaria o, incluso, la muerte a manos de los hombres.
Recién en 2010 se reconoció en Chile el femicidio como un delito distinto del homicidio común, y tuvimos que esperar diez años más, hasta el 2020, con la aprobación de la ley Gabriela, para que se considerara como femicidio el asesinato de una mujer por parte de quien tiene una relación informal con la víctima. El femicidio es el delito más violento en contra de nosotras, por el solo hecho de ser mujeres.
Este proyecto de ley viene a poner sobre la palestra dos cuestiones que no se habían abordado hasta ahora, como son la protección y la reparación de las víctimas indirectas de los femicidios, esto es, los hijos e hijas y los familiares, y quienes dependen económicamente de quienes son víctimas tanto de intentos de femicidios como de femicidios consumados.
No podemos esperar diez años más para legislar en este tema. Nuestro país tiene obligaciones internacionales en esta materia, considerando las normas de la Convención Interamericana para Prevenir, Sancionar y Erradicar la Violencia contra la Mujer, la jurisprudencia de la Corte Interamericana de Derechos Humanos y otros tratados que ha suscrito Chile, pero que finalmente quedan solo en compromisos si en la práctica no los vemos traducidos en protección para los miles de mujeres con quienes aún estamos en deuda como Estado, muchas de las cuales murieron.
Tenemos un compromiso firme con establecer medidas y políticas con perspectiva de género, y desde la bancada Julieta Kirkwood nos hemos comprometido a seguir avanzando en esta materia. Por eso apoyamos un proyecto de ley que fue presentado por las mismas organizaciones a la diputada Karol Cariola , a quien quiero saludar por el hecho de levantar este tipo de mociones parlamentarias, y no solo esta, sino también la “ley Gabriela” .
Quiero pedir a mis colegas que no lleguemos tarde. Este proyecto de ley recoge el trabajo que se ha venido realizando de manera conjunta con la Agrupación de Familiares de Víctimas de Femicidio -a cuyos integrantes presentes saludo y con la organización Ni Una Menos, tomando en cuenta experiencias concretas y lamentables que han tenido que vivir, y que nutren el proyecto de ley, porque se visibiliza el abandono constante y la violencia que ha replicado permanentemente nuestra institucionalidad, a través de una mala atención y de la violencia que se vive a diario en los tribunales de familia, en otros tribunales y en el sistema judicial en su conjunto.
Por eso es necesario aprobar esta propuesta, porque significa hacerse cargo de una serie de limitaciones y sesgos institucionales que no han estado a la altura a la hora de recibir denuncias vinculadas a la violencia intrafamiliar,
1
esto es, hacerse cargo de todas las veces que la ley llegó tarde, de todas las veces que debimos lamentar pérdidas de vidas de mujeres, cuyas familias debieron seguir luchando.
Por las que perdimos, por Daniela Quilodrán , ¡ni una menos!
He dicho.
-Aplausos.";1
"29";"21565";61;2022;11;"LILAYU";NA;"El señor LILAYU.-
Señor Presidente, se dice muchas veces “los de la vereda de enfrente” -de hecho, recién lo dijeron-; yo soy de la vereda de enfrente, y me duele mucho cuando una mujer es asesinada. Evidentemente, estamos muy dolidos de que haya 43 mujeres asesinadas.
En ese sentido, no tengan la menor duda de que estamos igual que ustedes, pero aquí estamos discutiendo un proyecto de ley, y creo -hay que decirlo que este proyecto que se someterá a votación busca establecer un régimen de atención, protección y reparación integral en favor de las mujeres que son víctimas de violencia de género y de sus familias, especialmente orientado a reforzar la actuación del Estado para asegurar el debido acceso a la justicia en los casos de delitos que atentan contra la vida de las mujeres, en concordancia con la obligación estatal y con aquella contraída en virtud de la ratificación de tratados internacionales.
Si bien coincidimos en que es importante avanzar en otorgar mayor protección a las víctimas de femicidio y a sus familias, el presente proyecto presenta una serie de deficiencias de forma y de fondo, que incluso pueden afectar elementos tan básicos como la igualdad ante la ley, la presunción de inocencia y el debido proceso.
En primer lugar, se propone un articulado que es inadmisible, toda vez que irroga gastos por parte del Estado, que no han sido patrocinados por el Ejecutivo. Me refiero al artículo 4, inciso final, que señala que a toda víctima se le deberá entregar apoyo profesional, psicológico y social por parte del Servicio Nacional de la Mujer y la Equidad de Género; y al artículo 10, en que se establece el derecho a la reparación integral y la responsabilidad del Estado.
No entiendo por qué algunos colegas buscan arrogarse atribuciones, como generar gasto público, en circunstancias de que esa es una atribución exclusiva del Ejecutivo. Esa misma propuesta fue rechazada en el marco del plebiscito de salida del proyecto de nueva Constitución que se realizó el pasado 4 de septiembre.
Además, el hecho de que los derechos estén presentes en el texto del proyecto no asegura su cumplimiento, debido a que no existen fondos asociados ni comprometidos.
Asimismo, no se ha solicitado informe a la Corte Suprema, a pesar de que los artículos del proyecto modifican atribuciones de los tribunales de justicia e, incluso, ordenan que la Corte Suprema dicte un auto acordado, por lo cual, para continuar con su tramitación, se requiere contar con la opinión respectiva.
En cuanto a las deficiencias de fondo del proyecto, en primer lugar, su redacción es redundante con la normativa vigente, debido a que en él se establece una serie de derechos y medidas que el Ministerio Público debe aplicar, pero que actualmente ya tienen aplicación para las víctimas de todos los delitos.
Gran parte de las normas contenidas en la iniciativa podrían ser calificadas como atentatorias contra la igualdad ante la ley, porque, teniendo presente la importancia de proteger y legislar respecto de los delitos cometidos contra las mujeres, no se puede minimizar o dejar de lado otro tipo de delitos que presentan la misma relevancia, como es el caso de los delitos contra menores de edad, adultos mayores, personas con discapacidad u otros grupos vulnerables.
Con este proyecto se beneficia solo a un grupo de víctimas y se deja de lado a otros que también requieren protección. Cabe recordar que en la discusión constitucional se hizo presente que el juez, al fallar desde una perspectiva de género, no realiza su función desde el punto de vista jurídico como corresponde, sino que, por el
1
contrario, impone ciertas visiones que no son propias del proceso penal y que se alejan de los principios que forman parte de la base en que se sustentan.
Finalmente, varios artículos confunden la formalización con la imputación de una responsabilidad, lo que genera la vulneración de la presunción de inocencia, situando al imputado en una posición desfavorable para su defensa, ya que se parte del supuesto de que es culpable, a diferencia de los principios rectores que establece el sistema procesal penal para la legislación chilena.
He dicho.";1
"30";"21565";63;2022;11;"SCHUBERT";NA;"El señor SCHUBERT.-
Señor Presidente, por su intermedio, saludo a la agrupación de víctimas que hoy se encuentra acompañándonos.
Por cierto, estamos hablando hoy de un tema importante. En nuestro país la violencia está desatada, y las víctimas, muchas de ellas mujeres, constituyen una realidad dramática de la que debemos hacernos cargo. El Poder Legislativo está viendo qué hacer, cómo enfrentar, cómo contribuir para que no haya más violencia y terminen las situaciones que hemos conocido en nuestro país.
Un ataque a una mujer es horroroso, es algo horrible, pero no cualquier proyecto de ley es apropiado para enfrentar una situación como esa. Lamentablemente, como mencionaron algunos parlamentarios, este proyecto de ley carece de muchos elementos que son relevantes; cae en muchos errores jurídicos. Algunos de ellos ya fueron señalados; otros los mencionaré a continuación. Con todo, lo que esencialmente está siendo vulnerado por un proyecto tan bien intencionado como este es la igualdad ante la ley.
En primer lugar, refiere y señala que tiene que tramitarse, e, incluso, fallarse de acuerdo a perspectiva de género, sin definir el concepto. Una ley debe definir el concepto en el proyecto o en otra norma. Cuando el concepto no está definido se genera un problema para quien lo pretende aplicar. ¿Qué se entiende por aquello? ¿Cómo se aplica? ¿Hasta dónde es correcto?
Se permite el cambio de fiscal por parte de la víctima, en circunstancias de que la asignación del fiscal y el cambio de este se menciona en la ley orgánica constitucional del Ministerio Público. Incluso, cambiar de fiscal podría ir en perjuicio de la víctima, fiscal que, además, no es el abogado de la víctima, no es el querellante, sino el que persigue el delito en representación del Estado. Por lo tanto, no veo el beneficio que pudiera significar cambiar de fiscal. Además, ello trae consigo un problema con la ley orgánica constitucional del Ministerio Público.
El presunto victimario tiene prohibido acceder a recursos públicos, lo que contraría la presunción de inocencia, y, además, puede afectar su derecho a defensa. Son principios esenciales del debido proceso; aunque exista la mejor de las intenciones, no podemos pasar sobre ellos. Al querer solucionar un problema, generamos otro.
Hay algunos problemas, como la nulidad respecto de la sucesión por causa de muerte en el momento en que se invoca. Se habla de nulidad, en circunstancias de que podría haberse utilizado otro término jurídico más apropiado.
Por otra parte, se habla de indemnizar con vivienda y educación gratuitas a las víctimas. En primer lugar, esa norma irroga gasto, y como no está patrocinada por el Ejecutivo, genera un problema de constitucionalidad.
En segundo lugar, pone a la víctima del delito en una mejor posición respecto de otras víctimas que también son dignas de ser atendidas, indemnizadas y asistidas por el Ejecutivo. Por lo tanto, nuevamente se incurre en una afectación al principio de igualdad ante la ley, algo esencial que está garantizado en nuestra Constitución y por lo cual debemos velar siempre. No es que no debamos legislar para proteger a las mujeres, pero este proyecto contiene muchos errores que van a ocasionar más problemas de los que pretende o quiere solucionar.
Se señala que la gestión de búsqueda debe ser preferente en el caso de una mujer. Nuevamente tenemos un problema de igualdad. Además, ello se inmiscuye en la tramitación que dirige el Ministerio Público.
1
¿Por qué la víctima mujer tiene más valor y debe ser buscada con preferencia? ¿Qué pasa con los niños, ancianos y hombres? ¿No debiéramos velar por un sistema que pretenda buscar rápidamente a todos, ya sea que la víctima sea hombre, mujer, joven o adulto?
En nuestro país tenemos un problema de violencia extrema, de drogas y de armas. Diseñemos una buena legislación y eduquemos en contra del machismo, que, claramente, ha hecho mucho daño y se relaciona con la violencia que afecta a mujeres y al resto de la población.
Trabajemos juntos una norma que busque bajar los niveles de violencia y establezca un mayor control por parte de la autoridad sobre estos y otros hechos de violencia; sin embargo, esa iniciativa no debe ser discriminatoria. No vaya a ser cosa que terminemos disparándonos en los pies con un proyecto que tiene muy buena intención, pero que jurídicamente tiene grandes errores.
He dicho.";1
"31";"21565";65;2022;11;"SOTO";"don Leonardo";"El señor SOTO (don Leonardo).-
Señor Presidente, hoy se votará en general este proyecto que establece un régimen de protección y reparación integral en favor de las víctimas de femicidio y sus familias. Veo con satisfacción esa votación, porque, de una u otra manera, representa el avance de la sociedad hacia el reproche de la violencia contra la mujer y, sobre todo, del femicidio.
La violencia y el femicidio son verdaderas lacras sociales. Este último es un crimen horroroso que se comete cuando la víctima es una mujer y está unida al victimario a través de algún tipo de relación sentimental. Esos sujetos, aprovechándose del amor, violando las garantías de igualdad y respeto, les han quitado la vida a muchas mujeres.
Esta lacra es universal; no cambia porque cambie el país. En algunos, por razones culturales o religiosas, se da más, pero en Chile tiene una representación muy brutal. Ya llevamos cerca de quinientas víctimas en los últimos diez años. Este año, las cifras nos muestran que la brecha todavía persiste en relación con la protección de la mujer.
Por eso, este proyecto, de alguna manera, viene a saldar la deuda del Estado chileno con todas las víctimas de femicidio y sus familias, porque el proyecto establece un régimen integral de protección y reparación.
El femicidio es la forma de expresión más violenta y nefasta de la estructura patriarcal y machista que por años ha determinado las relaciones de poder entre hombres y mujeres en la sociedad. Esas relaciones producen el femicidio, que no es otra cosa que el asesinato de mujeres por el hecho de ser tales.
Nada más injusto que la mitad o más de la mitad de la población mundial deba sufrir en su cuerpo, en su integridad física y psíquica, los estragos y las consecuencias de una opresión, de una dominación estructural de género que termina por amenazar, afectar, limitar, e, incluso, quitar la vida a cientos de mujeres en nuestro país.
Como sociedad y como Poder Legislativo hemos enfocado varios esfuerzos por contribuir a su erradicación. En este sentido, recuerdo un proyecto de ley que se encuentra en el Senado, que persigue una vida libre de violencia hacia las mujeres. A través de distintas maneras hemos intentado reprimir esa realidad y dar mayor seguridad tanto a mujeres como a sus familias, víctimas colaterales del femicidio.
A mi mente vienen varias víctimas de la provincia del Maipo, donde hemos apoyado a un conjunto de organizaciones civiles que buscan poner en valor y visibilizar la violencia contra la mujer. Recuerdo claramente la organización Carla Jara , en Paine, que lleva el nombre de una joven de 21 años que fue asesinada por su pololo. La agrupación Alerta Mujeres, en Calera de Tango, surgió horrorizada ante el fenómeno del brutal femicidio de dos jóvenes mujeres separadas, cuyas exparejas las asediaban.
Señor Presidente, la brecha es gigantesca. Sin duda, este proyecto avanza en proporcionar mayor seguridad y en
1
terminar con esta amenaza que sufren exclusivamente las mujeres.
Por supuesto que aprobaremos el proyecto en general; sin embargo, en particular, hay varias normas que merecen atención especial, toda vez que pueden generar más complicaciones que soluciones.
Por ejemplo, en el artículo 10 se señala que las víctimas y sus familias tienen derecho a la reparación, por parte del Estado, del daño causado, la cual deberá ser integral, adecuada y efectiva, e incluir garantías. Esto, indudablemente, genera un costo financiero para el Estado.
Varios acá han reparado en que el proyecto no viene acompañado de un informe financiero que se haga cargo de esa reparación. Eso es una falencia que espero que se pueda corregir en la comisión técnica.
El hecho de que el Estado, en general, responda integralmente, compromete su responsabilidad cuando se producen hechos donde hay un reproche por parte del Estado. En general, cuando hay diferencias o controversias entre particulares -en este caso, crímenes-, el Estado no tiene responsabilidad, a menos que tenga responsabilidad específica, que, en este caso, se produce por no acudir a tiempo, o por no respetarse la medida de alejamiento de las exparejas. Son detalles que se deben revisar en la discusión en particular.
Tenemos la disposición de aprobar el proyecto con toda la fuerza del mundo, para erradicar de una vez por todas esta lacra social…";1
"32";"21565";67;2022;11;"ROJAS";"doña Camila";"La señora ROJAS (doña Camila).-
Señor Presidente, el femicidio y la violencia hacia las mujeres afecta gravemente a nuestro país, a Latinoamérica y al mundo. Según la Red Chilena contra la Violencia hacia las Mujeres, este año ya se contabilizan 43 femicidios. No podemos ni debemos descansar hasta que ese número sea cero.
¿Por qué el femicidio merece una consideración especial como la que otorga este proyecto de ley? Porque el femicidio es un crimen que proviene de un profundo desprecio a las mujeres, a nuestra libertad y a nuestra identidad. Se trata de crímenes particularmente violentos que dañan, además, a nuestras familias y a la comunidad. El femicidio es el asesinato de las mujeres solo por serlo.
En ese sentido, no puedo no detenerme en las palabras que escuché desde enfrente, cuando se nos señaló que toda vida humana es igual de valiosa. Eso es evidente, porque ninguna de las que defendemos este proyecto ni ninguno de los familiares que se encuentran en las tribunas considera que haya vidas que no sean valiosas. Pero aquí hablamos de crímenes de odio contra las mujeres.
Yo pido más respeto precisamente para las familias, para la Agrupación de Familiares de Víctimas de Femicidio, y un poquito de empatía de quienes intervienen y son contrarios al proyecto.
El proyecto establece un régimen de protección y de reparación integral a las víctimas de femicidio, considerando también como tales, es decir, como víctimas, a hijos, hijas y familiares, tomando en cuenta distintas aristas de un problema que tiene muchas dimensiones. Así, se establecen medidas de protección y de acceso a la justicia en los procesos penales seguidos contra agresores, como también normas de reparación e indemnización a las víctimas.
A su vez, se establecen prioridades para acceder a determinados servicios sociales para las víctimas.
Ahora bien, este tipo de delitos merece una especial consideración por una serie de razones. Si este Congreso no establece esas diferenciaciones entre los delitos, entonces ¿quién lo hará?
Por la gravedad del crimen y la abrumadora cantidad de casos, existe la necesidad de un intenso reproche y castigo. Sin embargo, hay otro elemento crucial del proyecto, que es que intenta hacerse cargo del rol fundamental que cumplen hoy por hoy las mujeres en nuestras sociedades. En ese sentido, el femicidio no solo atenta contra la integridad de las mujeres, que ya es razón suficiente de reproche, sino también de su entorno, personas que dependen de esas mujeres, víctimas colaterales que proliferan profusamente en un país sin un sistema de cuidados. Los hijos -niños, niñas y adolescentes o quienes están al cuidado de mujeres que son víctimas
1
de este cruel crimen sufren no solamente por ver cómo se atenta contra la vida de quien los cuida, sino también por el desamparo en el que quedan una vez que el agresor, muchas veces el padre, es privado de libertad.
Si la mamá es asesinada y el padre está preso, ¿es posible concebir que el Estado se quede sin hacer lo necesario en cada uno de esos casos? Eso es lo que ocurre hasta ahora. El Estado no da una respuesta. Por eso, este proyecto busca subsanar esa situación.
Llamo a aprobar el proyecto, que, entre otras cosas, establece las medidas de protección ya mencionadas y mecanismos de reparación integral, siguiendo además las recomendaciones de la comunidad internacional sobre la materia y dando prioridad a las víctimas en el acceso a servicios sociales como vivienda, salud, educación y trabajo, lo que es un mínimo de dignidad para las víctimas de la violencia de género.
Quiero aprovechar de saludar a la diputada Karol Cariola por haber impulsado este proyecto y, evidentemente -ya la nombré en el discurso-, a la Agrupación de Familiares de Víctimas de Femicidio. Les pido disculpas por las palabras que aquí las han ofendido, porque considero que no se ha tenido el suficiente respeto por quienes han sufrido situaciones como estas.
He dicho.
-Aplausos.";1
"33";"21565";69;2022;11;"WEISSE";"doña Flor";"La señora WEISSE (doña Flor).-
Señor Presidente, si bien comparto el principio de igualdad ante la ley, hay ocasiones en que como Estado se debe intervenir y legislar, para aplicar normas que precisamente nivelen la cancha y colaboren a no desvirtuar ese principio, el de igualdad ante la ley, como en el caso de la vulneración de derechos de las mujeres, especialmente en los casos de femicidio.
Por temas culturales, estructurales o sociales, o por estigmatización, muchas veces esos casos quedan en segundo o tercer lugar por falta de empatía y de comprensión de quienes son los llamados a impartir justicia o simplemente porque el Estado no cuenta con las condiciones para abordar esos terribles crímenes, así como tampoco la vulneración de derechos y la revictimización de los descendientes.
No se trata de que la justicia para los casos de víctimas de femicidio pase al primer lugar de la fila; se trata de que no sean los últimos de la fila.
No daré los nombres de las víctimas de femicidio, que este año suman 43. Las historias de los casos son terribles.
No caben las comparaciones, porque todos son igualmente brutales, escalofriantes, odiosos y deleznables. Todos esos casos hoy deben llamarnos a legislar para que eso no siga ocurriendo.
Este proyecto va en la línea de compensar y reparar el dolor de cientos de familias que han tenido que pasar por este calvario cuando el Estado ha llegado tarde o simplemente no ha llegado. Ojalá entre todos erradiquemos la violencia contra las mujeres.
Obviamente, hay temas que se deben revisar en este proyecto, particularmente el caso del artículo 10, porque efectivamente en materia de recursos debe revisarse más en detalle. Además, es un tema que planteé en la discusión de la comisión.
En este sentido, consulté respecto de cuál era, a lo menos, la evaluación de los costos de parte de los servicios involucrados, cosa que ha quedado un tanto ambigua hasta ahora. Por lo tanto, ese es un tema que se debe revisar. Pero el tema de fondo es si estamos o no de acuerdo con la reparación y con que esos crímenes escalofriantes no sigan ocurriendo.
La aprobación en general del proyecto es el inicio para caminar hacia la erradicación de la violencia contra las mujeres y de esta injusticia en el trato. Creo que culturalmente como sociedad, hasta ahora, no se le ha dado
1
importancia a este tipo de asesinatos. Lo peor es dar a este proyecto un sesgo político-ideológico, porque hay personas que somos de derecha y estamos igualmente a favor de proteger y de buscar el camino para que no se sigan cometiendo aberraciones en cuanto a vulneración de derechos de las mujeres.
Por supuesto, la última etapa es lo peor que puede ocurrir, porque no se recupera con nada, ni con compensación, ni con reparación integral. Nada que pueda hacer el Estado compensa la pérdida de una vida humana.
He dicho.";1
"34";"21565";71;2022;11;"ORSINI";"doña Maite";"La señorita ORSINI (doña Maite) .-
Señor Presidente, allá afuera nos están matando. Me encantaría decir que esto es un eufemismo o una exageración, pero nunca había hablado más en serio. Esa es la realidad.
Como ya se ha dicho, según las cifras de la Red Chilena contra la Violencia hacia las Mujeres, este año hemos llorado a 43 mujeres víctimas de femicidio y, según las cifras del gobierno, otros 141 femicidios han sido frustrados.
Las mujeres en contra de las que se atenta no son las únicas víctimas que deja tras de sí esta violencia. También están las hijas, las madres, las hermanas de ellas. Las personas que tienen una relación familiar o afectiva con la víctima también son víctimas de la más brutal de las violencias de las que somos víctimas las mujeres: el asesinato en razón de nuestro género.
Son víctimas los hijos e hijas que no volverán a ver a su madre; es víctima la madre que sufre el terrible dolor de perder a su hija.
Colegas, ¿se han preguntado qué pasa con aquellos niños que deja tras de sí un femicidio, puesto que su madre está muerta y su padre está privado de libertad? ¿Quién los cuida ahora?
¿Quién los contiene? ¿Quién acompaña a esas madres, a esas hermanas y a esas niñas que deja este tipo de violencia?
No basta con imponer las peores sanciones; no basta con encarcelar al femicida. La justicia no puede entenderse alcanzada de manera íntegra si no hay reparación. Cuando existe un femicidio consumado es absolutamente indispensable otorgar un grado de reparación, porque fuimos nosotros y nosotras, como Estado, los que no fuimos capaces de protegerlas, los que no hemos sido capaces de evitar que nos sigan matando por el solo hecho de ser mujeres, los que no hemos sido capaces de evitar que nos sigan tratando como un objeto que es propiedad de otro, que puede ser eliminado cuando les deja de ser útil.
Es urgente que las víctimas colaterales -por llamarlas de alguna forma sean tratadas con humanidad y respeto durante el proceso judicial, que sean informadas debidamente de sus derechos y que puedan acceder a conocer los avances de la investigación, sin trabas o dificultades innecesarias. Es urgente, con miras al interés superior del niño, niña o adolescente, que los hijos y las hijas del agresor no estén en contacto con él durante el juicio.
Es urgente que al imputado, si es funcionario público, de Carabineros o de la Policía de Investigaciones (PDI), se le suspenda de sus funciones desde la formalización y que se prohíba que se pague con recursos de las instituciones públicas la defensa privada de los agresores.
Es indispensable que el proceso judicial no se convierta en un nuevo trauma para las víctimas, que ya no estén solas luchando contra un sistema que les es hostil. Es urgente e indispensable que las instituciones y organizaciones de defensa de los derechos de las mujeres, como la Agrupación de Familiares de Víctimas de Femicidio y la organización Ni Una Menos, que hoy nos acompañan en las tribunas y a quienes saludo y agradezco por su tremenda lucha, gocen de legitimización procesal, para actuar como parte a favor de la víctima y familiares para apoyarlos y contenerlos en este difícil proceso.
1
Es urgente que exista verdadera reparación por el terrible delito del que han sido víctimas. Agradezco a la diputada Karol Cariola por haber puesto sobre la mesa un proyecto de ley tan sentido y tan urgente para miles de mujeres, madres e hijas, víctimas también de la violencia más terrible de la que somos víctimas las mujeres: ser asesinadas por ser mujeres.
Como país, y especialmente como Estado, se lo debemos a todas las víctimas: por Fernanda Maciel , por Alison Ibáñez , por Antonia Barra y por todas, nunca más ni una menos.
He dicho.";1
"35";"21565";73;2022;11;"BARRÍA";NA;"El señor BARRÍA.-
Señor Presidente, antes que todo, quiero saludar a las agrupaciones de mujeres que hoy nos acompañan en las tribunas, que están representando a muchas, y también a muchos, que claman por justicia y que quieren proyectar que nunca más ocurra un femicidio. También saludo a la diputada Karol Cariola , por sacar esta iniciativa adelante.
Así he querido comenzar mi intervención en este debate por una ley que más vale tarde que nunca.
Lo he dicho no solo en campaña, sino como una forma de vida: estoy por la vida siempre, sobre todo cuando se trata de la gestación. Pero también debemos preocuparnos de las personas. No comparto ese discurso solo de la gestación y después que el mercado o quién sabe quién se preocupe de nosotros a su arbitrio, o que no se preocupe nadie. Creo que la preocupación debe manifestarse en todas las etapas de la vida.
Por supuesto que votaré a favor esta iniciativa, porque tengo una abuela mujer, una madre mujer, una esposa mujer, una hija mujer, y creo que debemos colocarle ese sentido de pertenencia, porque sabemos, con el dolor de nuestras almas, cuando pasa un minuto en que no estamos cerca de ellas o cuando salen y, por diversas circunstancias, no sabemos qué ocurre o qué puede pasar con cada una de ellas. Imagínense, si nosotros estamos en una situación con mayores redes, con mayores apoyos, ¿qué pasa con las demás ciudadanas mujeres cuando están sujetas a este tipo de situaciones, que sabemos que ocurren?
Debemos sacarnos la venda de los ojos. En nuestra Región de Los Lagos el femicidio está presente. Hace poco ocurrió uno en la comuna de Río Negro; los hemos tenido en las comunas de Purranque, Puerto Octay, Osorno , Puerto Varas, en todos los lugares del país. Las cifras son catastróficas.
Se hace mención a la inconstitucionalidad aparente de este proyecto, pero creo que no hay nada más inconstitucional que matar a una persona, no hay nada más inconstitucional que matar a una mujer, porque nos formamos por la ética, por la moral y eso está primero que todo. Colegas, es inconstitucional matar mujeres
Con todo, vamos a votar este proyecto; lo demás, los temas técnicos, sin duda que se corregirán en la siguiente instancia.
Por otro lado, como seres humanos -saliéndome un poco de lo ético y del plano de los valores-, en lo práctico, nuestro país les debe mucho a las mujeres. Nosotros, como políticos, cuando vamos a reuniones, ¿quiénes son los dirigentes? Son mujeres. ¿Quiénes pararon la olla en época de pandemia? Cuando más de 80 por ciento de las pensiones de alimento no se pagaban en este país, ¿cómo se alimentaron esos niños y niñas? Por mujeres, por mujeres que dan la cara, que son profesionales, que son trabajadoras y que, además, son el pilar fundamental de las familias. ¿Quiénes lideran las familias en nuestro país? Las mujeres, con esposo o sin esposo; con pareja o sin pareja; las abuelas, las tías, las que se preocupan son mujeres.
En virtud de aquella deuda, llamo a votar con mucha fuerza. No le busquemos la quinta pata al gato, sino que desde la Cámara de-Diputados demos la señal potente de que estamos con las mujeres y apoyemos este tipo de normativas.
No más femicidios en nuestro país y sí el apoyo irrestricto del Estado ante uno de los dolores más fuertes que sufre nuestra sociedad: los femicidios.
1
Apoyaremos esta normativa.
He dicho.";1
"36";"21565";75;2022;11;"ROMERO";"don Agustín";"El señor ROMERO (don Agustín).-
Señor Presidente, no pensaba hablar sobre este proyecto, pero una de las cosas que me propuse desde que llegué a la Cámara es no mentirle a la gente.
¿Alguien cree, sinceramente, de corazón, que esta ley va a impedir o va a bajar la violencia contra la mujer? ¿Alguien cree que este tipo de normas, tan mal hechas, va a servir para que en este país los agresores de las mujeres paguen como corresponde? ¿Saben lo que se debe lograr para que esto ocurra? Que se haga justicia, que las instituciones funcionen.
Este mismo Congreso Nacional le perdonó la vida a una ministra de la Corte de Apelaciones de Valparaíso que soltó a un criminal que ya había matado a una mujer. ¡Este Congreso lo hizo!
No se necesita una ley para que hagamos la pega, para que fiscalicemos como corresponde. Lo que ofende a las víctimas -que están acá, viéndonos es que les mintamos. Este texto, tal como está escrito, no va a ser nunca publicado como ley. ¿Por qué? Porque es inconstitucional, porque la Corte Suprema, en su oficio, va a votarla, porque no se pueden hacer las cosas que se prometen en este proyecto. Esto es una mentira, y encuentro realmente indecente decirle a la gente que esta cosa va a impedir o va a rebajar la violencia contra las mujeres.
Cuando a alguien le hacen un portonazo o cuando alguien es víctima del aberrante incremento de la delincuencia en Chile o cuando a alguien le entran a robar a su casa no le preguntan si es hombre o mujer para asaltarlo, para robarle en su casa o para hacerle un portonazo. ¡Esto es absurdo! Lo que estamos discutiendo no tiene pies ni cabeza. Preocupémonos de que se haga justicia para todos. Hemos pedido defensoría para las víctimas, pero nos dijeron: “no, señores”. Acá se protege a los delincuentes; no se protege a las víctimas, y víctimas somos todos, todos quienes estamos acá.
Escuchen el nivel de argumentos de algunos-Diputados: “es inconstitucional matar mujeres”.
¡Por favor! ¡Este es el Congreso Nacional, señores! ¡Por favor, seamos serios! ¡Si no tienen las capacidades ni el conocimiento jurídico, pregúntenles a sus asesores, pero no vengan a hablar… acá!
Por último, si nos vamos a poner a ese nivel, voy a recordar al gurú, quien alguna vez les dijo a algunos ustedes: “paren de mentir”.
He dicho.
-Los puntos suspensivos corresponden a expresiones eliminadas de acuerdo con el artículo 10 del Reglamento.";1
"37";"21565";77;2022;11;"CARTER";NA;"El señor CARTER.-
Señor Presidente, es importante que se visibilicen y se combatan la violencia de género y la violencia contra la mujer; que se ponga en el centro el daño no solo físico, sino también el psicológico y emocional de las víctimas y de sus familiares.
El Estado tiene el deber de garantizar la seguridad y de poner siempre en primer lugar a las personas afectadas en cualquier tipo de delitos. Es claro que el Estado debe entregar un mayor resguardo efectivo a todas las mujeres, pero eso hoy no se ha cumplido; por lo tanto, ha fallado.
Sin embrago, me parece que no debemos hacer distinciones y recordar que nuestra Constitución, aún vigente,
1
establece que todas las personas nacen libres e iguales en dignidad y derechos.
Por lo tanto, hombres y mujeres deben ser tratados de igual manera ante la ley.
El problema de este proyecto, a pesar de que la idea es muy noble, es que otorga prioridad de derechos tan importantes como salud, educación y vivienda digna a familiares de mujeres víctimas de un femicidio. Pero, ¿qué pasa con las víctimas de otros delitos tan graves como, por ejemplo, niños asesinados o muertos por culpa de balas locas por el narcotráfico o personas que mueren por culpa de conductores ebrios? ¿Acaso ellos y sus familiares no merecen el mismo apoyo y que se respeten sus derechos?
Necesitamos fortalecer programas de apoyo a víctimas, que realicen acompañamiento psicológico a los familiares y círculos cercanos a las víctimas y garanticen derechos equitativos para todos aquellos que perdieron a un ser querido.
Estoy a favor de legislar sobre este tema, porque la delincuencia y el abuso no pueden estar sobre los derechos de las personas, pero debemos ampliar la mirada y considerar a todas las víctimas de delitos graves.
He dicho.";1
"38";"21565";79;2022;11;"OLIVERA";"doña Érika";"La señora OLIVERA (doña Érika).-
Señor Presidente, sobre las reglas generales de esta Cámara y sobre lo mismo que usted acaba de mencionar, quiero señalar que la Comisión de Mujeres y Equidad de Género de esta Cámara de Diputadas y-Diputados ha trabajado de manera transversal por llevar…";1
"39";"21565";81;2022;11;"OLIVERA";"doña Érika";"La señora OLIVERA (doña Érika).-
Señor Presidente, el punto es que tratar a este Congreso y específicamente a las mujeres que trabajaron en este proyecto de mentirosas y que estaban trabajando sobre payasadas no corresponde.
-Aplausos.";1
"40";"21565";83;2022;11;"PÉREZ";"doña Marlene";"La señora PÉREZ (doña Marlene).-
Señor Presidente, me parece que todas las políticas públicas que busquen otorgar acompañamiento y apoyo a las víctimas de violencia de género son positivas.
Siempre, toda mi vida, he apoyado las medidas para abordar lo que está ocurriendo hoy, lamentablemente, con miles de mujeres que sufren de violencia psicológica y económica. Por supuesto, sabemos perfectamente que muchos de los casos de femicidio han sido denunciados anteriormente y no han tenido apoyo. Por lo tanto, creo valorable y aplaudo todas las políticas públicas y el trabajo que haga este Congreso en beneficio de las mujeres víctimas de violencia de género y, por supuesto, de sus familias.
1
Pero tenemos que ser cuidadosos y responsables. En este proyecto se requiere garantizar una serie de derechos sociales. Los he leído con mucha detención -para ser responsable-. El proyecto dice claramente los derechos prioritarios que otorga. Ojo con esto: salud, prestaciones, vivienda digna, educación y trabajo digno. ¿Qué quiero decir con esto? Que tenemos que ser responsables y cuidadosos, porque no podemos, por ningún motivo, dar a las familias de las víctimas expectativas que no se van a poder cumplir. Tenemos que ser tremendamente responsables. Creo que debemos ser cuidadosos respecto de jugar con las expectativas de las víctimas que tanto han sufrido. Actualmente hay muchos casos de madres que han perdido a sus hijos y que hasta hoy están pidiendo justicia. Tenemos que ser cuidadosos.
Este proyecto suena muy bien para una como mujer, para una que ha apoyado todas las políticas públicas en beneficio de las mujeres, pero me causa preocupación que se juegue con las expectativas al asegurar que las personas beneficiarias van a tener vivienda y van a tener derecho a un trabajo digno.
¿Vamos a ser realmente capaces de cumplir con esta iniciativa? Esa es la pregunta que les hago a todos mis colegas.
Yo apoyo siempre todo lo que tenga por objeto convocar justicia y que no sigan aumentando los femicidios. No hemos sido capaces nunca de detenerlos, porque a pesar de todo lo que se ha hecho, sigue ocurriendo ese tipo de hechos, sigue ocurriendo violencia contra las mujeres. Pero no podemos crear falsas expectativas. En eso me detendría un segundo, antes de apoyar este proyecto. Solo eso.
He dicho.";1
"41";"21565";85;2022;11;"GUZMÁN";NA;"El señor GUZMÁN.-
Señor Presidente, así como como se retiraron del acta las palabras del-Diputado Agustín Romero , por considerarse ofensivas, créame que a mí también me ofende cuando se dice que los-Diputados de este sector estarían en contra de apoyar a las víctimas del femicidio o de este tipo de delitos. Estoy seguro de que nadie en esta Sala va a estar dispuesto a estar en contra de apoyar personas que han sufrido, como son las víctimas de femicidio y sus familiares. Por tanto, así como pueden ser ofensivas las palabras del-Diputado Romero, creo que son muy ofensivas aquellas personas que nos imputan a nosotros conductas de las cuales no pueden hacerse cargo.
Por su intermedio, señor Presidente, quiero saludar a la Agrupación de Familiares y Víctimas de Femicidio y decirles que, sin duda, van a contar con el apoyo de la bancada de Evópoli para trabajar de manera técnica y profesional en orden a apoyar y reparar el daño que han vivido producto de delitos tan complejos y tan violentos como el femicidio.
Pero queremos hacer un punto: hay que tener cuidado con legislar desde una perspectiva que es legítima y loable, pero con la que claramente se afectan derechos y garantías constitucionales. Ya lo destacaba al-Diputado Schubert , quien hizo un análisis bien concreto de algunas normas que afectan derechos constitucionales y garantías que están reconocidas incluso en la legislación internacional. Una de ellas es el derecho a la defensa. El inciso segundo del artículo 3 del proyecto propuesto le quita el derecho a la defensa al imputado. Sin duda, nosotros también queremos buscar la sanción penal, pero los imputados tienen un derecho, una garantía, que es el derecho a la legítima defensa.
El derecho a la igualdad ante la ley es claramente otro de los principios que podrían estar siendo afectados; también la iniciativa exclusiva del Presidente de la República.
Lamentablemente, este proyecto, que es tan loable –insisto y legítimo, en lo personal me genera más dudas que certezas. Lo más seguro es que este proyecto volverá a la comisión, instancia en la que vamos a tratar de participar para que se legisle con mayor rigurosidad técnica y jurídica.
Son positivos, sin duda, el artículo 1, el artículo 2 y algunos artículos que se hacen cargo de un tema que es profundamente complejo; pero –insisto creo que se falta a principios y garantías constitucionales muy importantes de resguardar y proteger.
1
He dicho.";1
"42";"21565";87;2022;11;"BARCHIESI";"doña Chiara";"La señora BARCHIESI (doña Chiara).-
Señor Presidente, cuando empezamos a discutir este proyecto de ley, escuché a una diputada de enfrente decir que el patriarcado ha matado a muchas mujeres. Por su intermedio, señor Presidente, quiero decir a la diputada que no es el patriarcado; son asesinos, y a esos asesinos hay que perseguirlos con todo el rigor de la ley. En eso, los republicanos no nos perdemos ni un segundo. El problema es que, cuando le echan la culpa al patriarcado, lo único que terminan haciendo es quitarles la culpa a los verdaderos responsables: a los criminales.
Es por eso que debemos preguntarnos cuáles son las verdaderas raíces de este problema. En eso, Chile no se distancia mucho de la realidad en Latinoamérica: primero, la violencia intrafamiliar está estrechamente ligada a las drogas y al consumo de alcohol. Segundo, la prostitución. ¿Ustedes sabían que el 90 por ciento de los casos de prostitución están ligados a la trata de personas, y que muchas de esas mujeres son víctimas de femicidio? Pero vemos cómo, lamentablemente, la ideología, que se llena la boca hablando de femicidio, suele estar a favor de la legalización de las drogas y de la prostitución.
Entrando de lleno al proyecto de ley, la intención de proteger y, en la medida de lo posible, de reparar a las víctimas de un delito de homicidio, en este caso en particular de un atentado contra la vida de mujeres, sea que ese delito se encuentre en grado de tentado, frustrado o consumado, es una intención loable, que cuenta con un respaldo transversal, más aún considerando la situación de inseguridad que estamos sufriendo en nuestro país y el aumento de delitos violentos en el último año. Lamentablemente, hay un esfuerzo por parte de la izquierda y también de una supuesta derecha de incorporar conceptos como género, violencia de género, cosmovisión, disidencias sexuales, términos que además de tener un contenido altamente ideológico, solo generan problemas, porque no están definidos en la ley, complican al intérprete y abren espacios importantes de discrecionalidad a la autoridad administrativa e, incluso, al juez penal. ¡Pero si nadie es capaz de explicar razonablemente cómo se sustancia un proceso penal con perspectiva de género!
Es de esperar que, durante lo que resta del primer trámite constitucional, la Cámara de-Diputados pueda enmendar este proyecto para que no se transforme en una promesa vacía de contenido cuando, por ejemplo, pretende otorgar prioridad para la vivienda a una víctima de femicidio o cuando se le promete una indemnización de cargo fiscal, como hace el proyecto, primero, porque los parlamentarios no tenemos la iniciativa para comprometer gasto fiscal, y, segundo, por el riesgo de generar falsas expectativas con promesas que, en la práctica, son muy difíciles de concretar.
Además de esos problemas de fondo, el proyecto garantiza a las víctimas de violencia de género, una expresión que está indefinida en nuestro ordenamiento jurídico, que pese a su condición migratoria irregular no podrán ser expulsadas, lo que es un claro incentivo a las falsas denuncias. Repito: pese a su condición migratoria irregular no podrán ser expulsadas, generando con ello un claro incentivo a las falsas denuncias.
Por todos estos motivos, desde ya anuncio expresa reserva de constitucionalidad, porque la redacción actual del proyecto vulnera los derechos a un justo y racional procedimiento, y a la defensa del artículo 19, N° 3, de la Constitución Política de la República, en relación con el artículo 8 de la Convención Americana sobre Derechos Humanos y el artículo 14 del Pacto Internacional de Derechos Civiles y Políticos. Además, el proyecto vulnera la iniciativa exclusiva del artículo 65 de la misma Carta Fundamental.
He dicho.";1
"43";"21565";89;2022;11;"BENAVENTE";NA;"El señor BENAVENTE.-
Señor Presidente, frente a un hecho tan doloroso, tan horrible y tan latente en nuestros días como el femicidio, que
1
requiere soluciones en los diversos ámbitos, es un poco contradictorio que desde el punto de vista legislativo se proponga como una alternativa o solución un proyecto que, a mi juicio, presenta serias deficiencias, tanto en la forma como en el fondo.
Ya se habló en esta Sala de que, por ejemplo, es un proyecto que irroga gasto, y el Ejecutivo aún no lo ha patrocinado.
Por otro lado, también elimina el derecho a la defensa que tienen todos los chilenos y las chilenas. Junto con ello, a nuestro juicio, genera algunos privilegios que no se debieran tener, puesto que todos los chilenos somos iguales ante la ley. Asimismo, establecer una investigación -no solo el fallo desde la perspectiva de género, la verdad es que para nosotros es un contrasentido.
Junto con lo anterior, creemos que este delito, el femicidio, que es tan horrible y tan doloroso, obviamente requiere soluciones, toda nuestra atención y todo nuestro reproche. Tenemos que buscar soluciones desde los puntos de vista policial, legislativo y judicial para que estos hechos, ojalá, nunca más se repitan.
Sin perjuicio de que celebro la iniciativa de quienes presentaron este proyecto, considero que con proyectos de este tipo, con tantas deficiencias, no vamos a lograr una solución; al contrario, vamos a ahondar en el problema y a generar otros problemas.
En tal sentido, creo que el deber de esta Cámara es legislar bien, con una técnica adecuada. Pero esta técnica adecuada no solo implica redactar bonito, sino redactar y hacer leyes que estén conforme a la Constitución, que efectivamente se puedan cumplir y que sean una solución real y efectiva al problema.
Para terminar, creo que debemos legislar con técnica legislativa adecuada, y no solo llevar consignas al papel.
He dicho.";1
"44";"21565";91;2022;11;"ILABACA";NA;"El señor ILABACA.-
Señor Presidente, primero, felicito esta iniciativa, porque efectivamente la historia nos ha demostrado que día a día muchas mujeres fallecen producto de esta violencia homicida construida por parte de los hombres, principalmente.
Los niveles de violencia contra las mujeres se han mantenido permanentes y persisten sin mayores variaciones, a pesar de los diferentes cambios culturales promovidos por las diferentes movilizaciones, principalmente feministas.
Creo que hemos avanzado el interior de este Congreso en poner en el centro del debate una situación que es indignante y que nos debería llenar de vergüenza.
Por eso, me provoca un sentimiento de bastante desagrado cuando escucho a algunos señalar que se están hablando payasadas, a pesar de que ese tipo de expresiones han sido eliminadas del acta, porque estas no son payasadas. Las mujeres que sufren este tipo de violencia y que son asesinadas no son payasas; muy por el contrario, son mujeres que sufren violencia permanente.
Este no es un tema ideológico. Creo que la diputada Flor Weisse lo dijo con mucha claridad en esta Sala. En definitiva, estos son temas profundos y no pueden ser bandera de un solo sector. Toda esta Corporación debería estar de acuerdo con que este es un tema que necesariamente tenemos que visibilizar y condenar. Debemos legislar en orden a cómo damos solución a un problema cuyas cifras son absolutamente gráficas.
Por dar algunos ejemplos, entre 2018 y 2020 ocurrieron 131 femicidios. Solamente el 14,5 por ciento de los juicios respectivos fueron terminados y el 51 por ciento se encontraba en proceso. En el 27 por ciento de esos casos los imputados se suicidaron, lo que originó el sobreseimiento de las causas. ¿Qué ocurre en esas familias durante todo ese proceso?
En este Congreso hemos estado trabajando junto con algunos parlamentarios, en particular de Renovación Nacional y de la UDI, entre quienes se ha planteado el derecho a la defensa de las víctimas. Cuando hablamos del
1
concepto de defensa de víctimas no estamos hablando payasadas, sino que estamos hablando de algo que este proyecto de ley efectivamente recoge.
Entendiendo que este es un tremendo avance, que pone en el centro del debate un tema que día a día, insisto, significa el asesinato de mujeres, no puedo dejar de mencionar que es necesario revisar las modificaciones y las indicaciones que fueron presentadas en la comisión. Lo señalo, porque este proyecto, tal como fue presentado por la diputada Cariola , estaba, a mi juicio, correctamente elaborado. No obstante, en la iniciativa que fue despachada por la comisión existirían algunos conceptos que, lamentablemente, podrían hacer ilusorio un proyecto que creo debemos apoyar con mucha fuerza.
En particular, me refiero a lo establecido en el artículo 10. Creo que eso se debe revisar. Por eso, es necesario devolver a comisión este proyecto. Espero que esa instancia pueda revisar nuevamente los derechos establecidos en este artículo, porque necesariamente irrogan gasto fiscal y van a requerir patrocinio del Ejecutivo si estos se quisieran hacer efectivos.
Hoy es necesario seguir visibilizando el terror que viven miles de mujeres día a día. Por eso, el Congreso legisló el 2010 y estableció como delito el femicidio; por eso, Chile ratificó el Convenio sobre la Eliminación de Todas las Formas de Discriminación contra la Mujer; por eso vamos avanzando en un tema que es de justicia absoluta, y por eso por lo menos la bancada del Partido Socialista en general, en la discusión que hoy día nos atañe, va a apoyar este proyecto de ley en todas sus partes.
He dicho.
-Aplausos.";1
"45";"21565";93;2022;11;"GAZMURI";"doña Ana María";"La señora GAZMURI (doña Ana María).-
Señor Presidente, parto saludando, por supuesto, a la Agrupación de Familiares de Víctimas de Femicidio y, especialmente, a mi querida compañera Karol Cariola , quien es la autora de este importante proyecto y ha empujado su tramitación.
Desde ya, anunció mi voto a favor de la iniciativa, porque considero que es un tema de justicia no solo en términos formales, sino también en términos de justicia social, de empatía, de solidaridad con las víctimas directas, y también con las víctimas indirectas, colaterales, como, por ejemplo, los hijos e hijas de esas madres asesinadas, que muchas veces quedan totalmente a la deriva, sin que exista una real protección por parte del Estado.
En la mayoría de estos casos, el otro progenitor es quien perpetra este cobarde crimen, que es la manifestación más aberrante de la violencia contra las mujeres. Por tanto, ¿qué pasa con esos niños y niñas? ¿Con quién viven? ¿Cómo se mantienen?
Los tribunales de familia hacen su mayor esfuerzo para apoyar a esos niños y niñas y derivarlos con su familia más cercana. No obstante, no todos los casos se dan de la mejor manera. Se trata de un proceso de cambio sumamente violento, que se suma a la etapa propia del duelo cuando el femicidio o suicidio feminicida ha sido consumado.
Por ello, valoro que este proyecto incluya el derecho a la reparación integral por parte del Estado, lo que permitirá a las víctimas colaterales ser consideradas como población prioritaria en temas de salud, vivienda y educación, entre otros.
Sin perjuicio de ello, es fundamental que se siga avanzando en esta línea, delimitando, por ejemplo, las instituciones que deberán hacerse cargo de que se pueda ejecutar este derecho, el que ha sido consagrado en forma amplia precisamente para que se trate con un enfoque multidisciplinario.
Lo mismo respecto de avanzar en el ámbito de recursos, pues tanto la prevención como la concientización y la reparación propiamente tal requieren un diseño e implementación, que, por cierto, necesita recursos para ejecutarse en forma óptima.
1
Si bien existen acciones que, sin duda, ya se están implementando, considero que este proyecto viene a replantearnos cómo estamos abordando actualmente esta materia y cómo la abordaremos de cara al futuro, tratando de incluir a todos los intervinientes.
Hoy estamos garantizando los derechos de las víctimas, sean directas o indirectas. Mañana nos tocará discutir sobre cómo mejoramos nuestras políticas públicas y los roles institucionales.
Respecto de ese último punto, es decir, de los roles que ocupan las instituciones que se ven vinculadas con las víctimas, valoro, asimismo, la incorporación en el proyecto de los principios de debida diligencia, de perspectiva de género, de imparcialidad y de acceso a la justicia, y la consagración de los derechos especiales a ser informado o informada permanentemente, a contar con asesoría letrada, a realizar todas las diligencias que se consideren pertinentes, por ejemplo, solicitar el cambio de fiscal; a la protección de la integridad, a la protección del trabajo, todos los cuales son manifestaciones expresas del debido proceso. No obstante, es fundamental que aquellos se puedan reiterar, garantizar y asegurar en la ley en proyecto, considerando el alto impacto que tiene un femicidio en nuestra sociedad y el gran número de femicidios que se registran, dolorosamente, cada año.
Sin ir más lejos, al 10 de noviembre de este año se han registrado 33 femicidios consumados y 141 femicidios frustrados. Es decir, más de 170 mujeres a lo largo de Chile han sido víctimas de ataques de odio por el solo hecho de ser mujeres. Y son más de 170 las familias afectadas como víctimas colaterales, de las cuales debemos hacernos cargo como sociedad.
Por último, reconozco y saludo la intención de establecer una atención integral en el ámbito de la salud para las víctimas, pero solicito que se ponga especial énfasis en la salud mental, con acciones que incluyan terapia, tratamiento médico y también acompañamiento, a fin de que la reparación sea completa, realmente integral, como este proyecto pretende.
He dicho.
-Aplausos.";1
"46";"21565";95;2022;11;"KAISER";NA;"El señor KAISER.-
Señor Presidente, invoco el artículo 90, N° 5.
Quiero hacer presente al honorable colega Ilabaca lo siguiente: los hombres no asesinamos a las mujeres; asesinos asesinan a las mujeres. Los hombres no violamos a las mujeres; violadores violan a las mujeres. Los hombres no golpeamos a las mujeres; golpeadores golpean a las mujeres.
Tenga la deferencia de no meternos a todos en el mismo saco. Muchas gracias, colega.
He dicho.";1
"47";"21565";101;2023;3;"CARIOLA";"de pie";"La señorita CARIOLA, doña Karol (de pie).-
Señor Presidente, honorables diputadas y diputados, en nombre de la Comisión de Mujeres y Equidad de Género paso a informar sobre el proyecto de ley, iniciado en moción, del cual soy autora junto con las diputadas Jiles , Orsini , Rojas , Yeomans , y las exdiputadas Castillo , Fernández , Hernando , Parra y Alejandra Sepúlveda , que establece un régimen de protección y reparación integral en favor de las víctimas de femicidio y sus familias, en primer trámite constitucional y segundo reglamentario, de conformidad con lo dispuesto en el artículo 85 del Reglamento de la Corporación.
Quiero saludar a quienes se encuentran presentes en las tribunas, también autoras de este proyecto de ley y que trabajaron en él: la Agrupación de Familiares Víctimas de Femicidio y la organización Ni una Menos Chile.
También quiero saludar a la ministra de la Mujer, Antonia Orellana , quien ha sido una promotora de este proyecto y lo respaldó de manera decidida. Gracias, ministra.
La idea matriz del proyecto consiste en establecer un régimen de atención, protección y reparación integral en favor de las mujeres que son víctimas de violencia de género y de sus familias, especialmente orientado a reforzar la actuación del Estado para asegurar el debido acceso a la justicia en los casos de delitos que atentan contra la vida de las mujeres, en concordancia con las obligaciones estatales contraídas en virtud de la ratificación de tratados internacionales.
En el primer trámite reglamentario del proyecto, la comisión aprobó la idea de legislar por mayoría de votos. La
1
Sala lo aprobó en general y lo remitió a la comisión para el análisis y votación de las indicaciones presentadas en esa instancia.
El proyecto de ley aprobado en primer trámite reglamentario consta de 13 artículos permanentes, mediante los cuales, a grandes rasgos, se pretende la creación y fortalecimiento de las acciones efectivas y necesarias para la atención, protección y reparación integral de las víctimas de femicidio y suicidio femicida en todo su alcance, ya sea en grado de consumación, frustración o tentativa, de conformidad con la normativa y obligaciones internacionales de derechos humanos.
Al efecto, se estableció una especial determinación de quiénes serán consideradas víctimas de ambos delitos, con un orden de prelación diferente al establecido en el artículo 108, inciso segundo, del Código Procesal Penal.
Se consagró una serie de principios, como el de la debida diligencia del Estado y sus instituciones, el de imparcialidad, así como también de derechos, como el de obtener medidas de protección, y el derecho a la protección en el trabajo, destacando un derecho especial para las víctimas migrantes en orden a que no podrán ser deportadas aun si se encontraren en una situación migratoria irregular.
Se estableció como aspecto de suma importancia la suspensión y privación de los derechos y responsabilidades parentales y hereditarias de toda persona investigada, imputada o condenada por estos delitos.
Se destacaba en forma especial, por ser el aspecto central del proyecto, la reparación por parte del Estado del daño moral, del daño emergente y del lucro cesante que hayan sufrido las víctimas como consecuencia del delito, y se ampliaba a las instituciones y organizaciones de defensa de derechos de las mujeres, de carácter público y privado, la legitimación procesal para actuar como partes en favor de la víctima y sus familiares.
Durante el segundo trámite reglamentario, el Ejecutivo presentó indicaciones, con sus respectivos informes financieros, que modificaron la iniciativa legal íntegramente, las cuales fueron aprobadas en el seno de la comisión. En síntesis, dichas indicaciones buscan precisar algunas materias, como la calificación de los casos de femicidio, definir con claridad el concepto de víctimas que serían sujetas a las medidas de reparación y el alcance de las mismas, y concordarlo anticipando pasos de armonización con el proyecto de ley sobre el derecho de las mujeres a una vida libre de violencia.
Por lo tanto, tienen por objeto ordenar dichos puntos y satisfacer una demanda de larga data de organizaciones de víctimas y familiares de víctimas de femicidio, que dice relación con la manutención de las niñas y los niños que han perdido a su madre producto de un femicidio.
El texto aprobado en el segundo trámite reglamentario consta de dos títulos.
En el título primero, que aborda el objeto de la ley y sus definiciones, se destaca la conceptualización de quiénes son víctimas y, por tanto, pueden acceder a los beneficios de la ley. Se considera que la calidad de víctima entregada por el Código Procesal Penal es insuficiente, por lo que se propone una calificación administrativa para poder llegar más rápido a los niños y niñas, en forma previa a la judicialización, proceso que suele ser bastante lento.
Por ello, se le entrega la calificación administrativa antes de la sentencia ejecutoriada al Servicio Nacional de la Mujer y la Equidad de Género, en atención al mecanismo administrativo de despeje de hechos de connotación pública y de probables casos de femicidio, denominado Circuito Intersectorial del Femicidio, y que justamente le corresponde a dicho servicio.
Por otra parte, el título segundo regula las medidas de reparación, donde se consagran dos elementos: el primero, una obligación general para los órganos del Estado de establecer un criterio de preferencia en la oferta de protección social a las víctimas de femicidio y sus familias, siguiendo la línea que estableció la comisión, donde se establecía una manera de priorizar la oferta pública de protección social; el segundo, el establecimiento de una pensión de cargo fiscal para niños y niñas, cuando su madre haya sido víctima de femicidio en grado de consumado.
La pensión se devengará desde la dictación de la sentencia ejecutoriada que establezca la muerte por femicidio o suicidio femicida, y hasta que el o la beneficiaria cumplan dieciocho años de edad.
1
El monto de la pensión será equivalente a 160.000 pesos, reajustables según el IPC, y será pagada por el Instituto de Previsión Social. El Servicio Nacional de la Mujer y la Equidad de Género será el encargado de informar de las personas beneficiarias y de sus representantes legales al IPS.
La pensión será compatible con cualquier otra pensión, régimen previsional o beneficio de seguridad social ya establecido previamente y no se va a constituir como una remuneración o renta. Por lo tanto, no va a ser tributable ni imponible.
Además, se incluye una norma transitoria que permitirá a quienes han perdido a su madre por femicidio antes de la dictación de la ley, y que aún sean menores de edad, acceder a la pensión, con lo que se amplía el rango de niños y niñas víctimas que podrá ser objeto de la pensión.
Según la estimación del Ejecutivo, el proyecto beneficiaría, en promedio, a cuarenta y seis niños y niñas adolescentes, hijos de víctimas del delito de femicidio en grado de consumado, al año.
En el primer año de aplicación de la ley en proyecto deberán considerarse las pensiones a las hijas y los hijos de víctimas de femicidio o de suicidio femicida cuya sentencia judicial esté firme y ejecutoriada antes de la entrada en vigencia de la ley, lo que quiere decir que quienes tengan la sentencia firme durante el periodo de discusión también se van a ver incluidas en el beneficio. Con ello, al tener como supuesto un promedio de edad de nueve años, el gasto para el primer año de aplicación de la ley, en régimen, sería de 794 millones de pesos.
La fiscalización del pago oportuno y correcto por parte del Instituto de Previsión Social se radica en la Superintendencia de Pensiones, a la que se faculta para interpretar el proyecto de ley y dictar normas de carácter general y particular con ese objetivo.
En consecuencia, el texto propuesto por esta comisión, que se recomienda aprobar a la Sala de esta honorable Cámara de Diputadas y Diputados, consta de ocho artículos permanentes y de dos normas transitorias, cuyo contenido ya ha sido expuesto.
Es todo cuanto puedo informar.
He dicho.";1
"48";"21565";103;2023;3;"YEOMANS";"de pie";"La señorita YEOMANS, doña Gael (de pie).-
Señor Presidente, en nombre de la Comisión de Hacienda, paso a informar, en lo referido a su incidencia presupuestaria, el proyecto de ley, en primer trámite constitucional, iniciado en moción de la diputada Karol Cariola ; de las entonces diputadas Natalia Castillo , Maya Fernández , Marcela Hernando , Andrea Parra y Alejandra Sepúlveda , y de las diputadas Pamela Jiles , Maite Orsini , Camila Rojas y Gael Yeomans , patrocinado y perfeccionado por el Ejecutivo, que establece un régimen de protección y reparación integral en favor de las víctimas de femicidio y sus familias.
En representación del Ejecutivo, concurrieron a presentar el proyecto de ley la ministra de la Mujer y la Equidad de Género, señora Antonia Orellana , quien estuvo acompañada de la jefa de Reformas Legales de la misma cartera, señora Camila de la Maza .
La idea matriz de la iniciativa apunta a fortalecer las acciones efectivas y necesarias por parte del Estado para la atención y reparación integral de las víctimas de femicidio y suicidio femicida. Para conseguir su objetivo, el proyecto establece medidas de resguardo y reparación a las víctimas de femicidio y sus familias, y asigna diversas funciones relacionadas con la institucionalidad pública existente.
En particular, la iniciativa establece el derecho a una pensión mensual para hijos e hijas menores de dieciocho años de edad de una víctima de femicidio o suicidio femicida. La condición de beneficiario o beneficiaria será calificada por el Servicio Nacional de la Mujer y la Equidad de Género e informada al Instituto de Previsión Social para su pago.
1
El monto de esta pensión mensual ascenderá a 160.000 pesos y se reajustará automáticamente el 1 de febrero de cada año, de acuerdo con la variación del índice de precios al consumidor determinado por el Instituto Nacional de Estadísticas. Sin embargo, deberá reajustarse anticipadamente cuando la referida variación del IPC alcance o supere el diez por ciento entre el mes siguiente al último reajuste y el mes de dicha variación.
Este beneficio, no contributivo, será compatible con cualquier otra pensión de régimen previsional u otro beneficio de seguridad social, y no constituirá remuneración o renta para ningún efecto legal ni será ingreso para efectos de la calificación socioeconómica.
La pensión concedida se extinguirá por declaración del Instituto de Previsión Social al mes siguiente en que el beneficiario cumpla dieciocho años de edad, por su fallecimiento o por sentencia ejecutoriada que determine que la muerte de la madre no ocurrió por femicidio o suicido femicida.
La norma dispone también la obligación de dictar un reglamento que regulará la tramitación, solicitud, forma de operación y pago de la pensión, tarea que recaerá en el Ministerio del Trabajo y Previsión Social, el cual será suscrito también por el Ministerio de la Mujer y la Equidad de Género y por el Ministerio de Hacienda.
La fiscalización del pago oportuno y correcto por parte del Instituto de Previsión Social recaerá en la Superintendencia de Pensiones.
En lo relativo a su incidencia presupuestaria, el informe financiero de la Dirección de Presupuestos estima que, según datos del Circuito Intersectorial de Femicidio, los beneficiarios y beneficiarias de la pensión llegarían, en promedio, a cuarenta y seis niñas, niños, adolescentes, hijos e hijas de víctimas en grado consumado al año. Se precisa que, en el primer año de ejercicio de aplicación de esta ley en proyecto, se deberán considerar las pensiones de las hijas e hijos de las víctimas de femicidio o suicidio femicida cuya sentencia judicial esté firme y ejecutoria antes de la entrada en vigencia de esta ley.
Con estas estimaciones, y una edad promedio de nueve años, el gasto anual del presente proyecto llegaría a 795 millones de pesos, monto que se financiará con cargo al presupuesto del Ministerio del Trabajo y Previsión Social durante el primer año de vigencia, y en lo que faltare con cargo a la partida Tesoro Público. En los años siguientes se financiará con cargo a los recursos que anualmente contemple la ley de presupuestos.
Los integrantes de la comisión señalaron su acuerdo con el proyecto y solicitaron diversas precisiones relativas al pago y administración de los recursos presupuestarios contenidos en la iniciativa.
Finalmente, puestos en votación los cuatro artículos del proyecto sujeto a las competencias de la Comisión de Hacienda, resultaron aprobados por la unanimidad de los doce miembros presentes: los diputados Barrera, Bernales , Cifuentes , Miguel Mellado , Sáez , Sauerbaum , Lagomarsino , Guillermo Ramírez , Raúl Soto , Von Mühlenbrock y Naranjo (Presidente), y la diputada Gael Yeomans .
En consideración a lo anterior, la Comisión de Hacienda recomienda a esta hnorable Sala aprobar la presente iniciativa de ley en los términos señalados.
Es todo cuanto puedo informar.
He dicho.";1
"49";"21565";107;2023;3;"OLIVERA";"doña Érika";"La señora OLIVERA (doña Érika).-
Señor Presidente, junto con saludar, por su intermedio, a las ministras y a quienes las acompañan, quiero señalar que valoramos este proyecto.
Durante la última década hemos vivido un fuerte proceso de concientización, reconocimiento y defensa de los derechos de las mujeres dentro de una sociedad fuertemente marcada por los roles de género.
Asimismo, hemos avanzado de manera importante en el reconocimiento del papel que jugamos las mujeres en los distintos ámbitos del quehacer social, como trabajadoras, dir igentas, emprendedoras, profesionales, deportistas y madres, entre otros muchos roles que desarrollamos. Pero aún nos falta mucho por hacer, especialmente en aquellas situaciones que más afectan o limitan los derechos fundamentales de las mujeres. Ejemplo de ello es la violencia en contra de las mujeres, tanto en el ámbito público como en el priva do, de sus hogares.
La violencia intrafamiliar ha dado paso a la violencia de género, aquella fundada, sin más, en el solo hecho de ser mujeres. Toda violencia es injustificada, y lo es aún más cuando ella se funda en la sola consideración de nuestro género y de los roles que desempeñamos en la sociedad.
Según información del Sernameg, tan solo en lo que va del 2023, seis mujeres han sido víctimas de femicidio y otras treinta y cinco han sido víctimas de intentos de quitarles la la vida. Son 41 familias que han sufrido de cerca la cruda realidad de la violencia de género.
Como país, necesitamos avanzar en el establecimiento de un estatuto de protección y de reparación en favor de las víctimas de femicidio y sus familias.
En esta ocasión estamos discutiendo una iniciativa parlamentaria cuya tramitación en la Comisión de Mujeres y Equidad de Género permitió el conocimiento de decenas de casos de mujeres que, a partir de actos de violencia de género, requieren una importante intervención estatal a fin de reparar los daños que la violencia les causó sin justificación alguna. Sin duda, hay una serie de herramientas que el Estado tiene para acompañar y proteger a las víctimas de violencia de género, pero es preciso agilizar su aplicación y coordinar la actuación de los distintos organismos estatales involucrados.
Sobre todo, quiero poner énfasis en las familias que sobreviven luego un femicidio, en aquellos niños y niñas que pierden a sus madres y que deben seguir adelante muchas veces con un padre cumpliendo condena por tal delito.
El establecimiento de una pensión en favor de esos niños y niñas representa un relevante avance que corrige una deficiencia de nuestro sistema de protección, en el cual no existe ningún tipo de asistencia estatal y, por tanto, aquellos no cuentan con recursos mínimos para su manutención con dignidad.
Hoy saludo a las organizaciones que nos acompañan desde las tribunas y llamo a votar a favor de este proyecto, porque creo que todo ser humano, luego de ser víctima de un delito, sea directa o indirectamente, tiene el derecho de continuar su vida y su desarrollo en condiciones de humanidad. Este proyecto se hace cargo de ello.
He dicho.
-Aplausos.";1
"50";"21565";109;2023;3;"BRAVO";"doña Ana María";"La señora BRAVO (doña Ana María).-
1
Señor Presidente, sin duda alguna, este es uno de los proyectos significativos que nos tocó tramitar en la Comisión de Mujeres y Equidad de Género, y en el que además, como primera mujer diputada de la Región de Los Ríos, trabajamos con representantes de organizaciones de nuestra región a través del Consejo Asesor de Género de este territorio. Ahí fuimos incluyendo indicaciones, escuchando la voz de las mujeres que quisieron participar desde nuestra región, lo cual me permitió ser un canal entre las organizaciones de base y esta Cámara.
Por eso la alegría de que hoy votemos en Sala este gran proyecto y de que varias de nuestras indicaciones sean parte de la futura ley.
A pesar de que nuestra legislación avanzó en relación con la tipificación del femicidio, no había dispuesto medidas de reparación directas para las víctimas y sus familias. Este proyecto viene a entregar herramientas a las familias para buscar algo de reparación ante el daño inmenso causado a las víctimas de femicidio.
El 21 de noviembre pasado, esta iniciativa se aprobó en general en la Sala. Sin embargo, tuvo que volver a la Comisión de Mujeres y Equidad de Género, lo que significó contar finalmente con mejoras importantes que, gracias al apoyo y patrocinio del gobierno, se concretarán, teniendo las y los beneficiarios de la futura ley mayores garantías de efectividad en su cumplimiento.
Destacamos dentro de esta propuesta lo dispuesto en el inciso final del artículo 4, ya que acoge una crítica y demanda muy sentida por las familias, como es la deficiencia en la defensa y acceso a la justicia, estableciendo, entre otras normas, el derecho de la víctima a ser informada de su derecho a tener un abogado para ejercer las acciones legales pertinentes. Además, se le deberá entregar apoyo profesional psicológico y social por parte del Servicio Nacional de la Mujer y la Equidad de Género.
Otras disposiciones importantes en este proyecto son aquellas que relevan la obligación de los órganos del Estado de velar por la adopción de medidas para facilitar la atención y reparación a las víctimas de femicidio, las que serán consideradas preferentemente en el acceso a las prestaciones de protección social. Es importante que las víctimas de femicidio sean consideradas como población prioritaria en las políticas gubernamentales.
Con todo, la principal innovación de este proyecto fue la de establecer una transferencia monetaria directa a niñas y niños que pierdan a su madre a consecuencia de un femicidio, disponiendo el pago de una pensión mensual para ellos hasta que cumplan los 18 años.
Por lo antes expuesto, la bancada del Partido Socialista aprobará este proyecto, ya que de esta forma avanzaremos en la reparación a víctimas de femicidio.
He dicho.";1
"51";"21565";111;2023;3;"BRAVO";"doña Marta";"La señora BRAVO (doña Marta).-
Señor Presidente, pese a los esfuerzos que hacemos como sociedad para erradicar la violencia contra la mujer, año tras año nos enteramos de múltiples casos de femicidio, historias que nos llenan de impotencia por ser absolutamente evitables.
Las causas del femicidio están relacionadas con un ambiente de violencia en el que la víctima sufre vulnerabilidad ante su pareja.
Es urgente que se establezca un régimen de protección en favor de las mujeres víctimas de femicidio y de sus familias; sin embargo, es importante que se cumplan las labores de prevención con programas sistemáticos y continuos que se involucren intensamente en las comunidades, puesto que solo así será posible evitar que sigan aumentando las víctimas de esta aberrante conducta.
Espero que se siga trabajando para prevenir los ataques contra las mujeres.
He dicho.
1";1
"52";"21565";113;2023;3;"BULNES";"doña Mercedes";"La señora BULNES (doña Mercedes).-
Señor Presidente, uno de los principales objetivos de la ley y de la legislación, en general, es proteger al débil. Por eso la trascendencia del rol del Estado y de los legisladores en cuanto a asegurar el acceso a la justicia a los débiles, en este caso, a las mujeres y sus familias en aquellos delitos que atentan contra la vida de las mujeres.
Esta obligación deriva, además, de las obligaciones estatales contraídas en virtud de la ratificación de diversos tratados internacionales.
Como plantea el primer artículo del proyecto en discusión, este tiene por objeto la creación y fortalecimiento de las acciones para el cuidado y reparación integral a las víctimas de femicidio y de suicidio femicida, delito recientemente creado por la ley N° 21.523, y, por cierto, asegurar su acceso a la justicia en condiciones razonables.
Valoro especialmente en esta iniciativa la protección del derecho al trabajo de las víctimas de femicidio frustrado o tentado, a quienes se otorgará fuero laboral por hasta un año desde la perpetración de los actos. La afectación física y psicológica de las víctimas es tan brutal que este fuero es necesario y reparador.
Además, destaco como el principal aporte de este proyecto de ley el establecimiento de una pensión mensual en beneficio de los hijos e hijas menores de 18 años de las mujeres víctimas de los delitos consumados de femicidio y suicidio femicida. Dicha pensión, sin duda, no repara integralmente, pero fija un piso de reconocimiento de que, como Estado, no pudimos o no supimos proteger a nuestras mujeres.
Como Estado, teníamos y tenemos ese deber, que es primordial, y que hoy, en vísperas del Día Internacional de la Mujer, adquiere aún mayor relevancia.
Como sociedad, debemos hacernos cargo de la violencia sistemática que sufre la mujer. Como Estado, debemos asegurar la protección y justicia a las víctimas, reparación a sus familias, proteger a nuestras niñas y niños, educar, hacer conciencia y no permitir jamás que se olvide que el crimen contra las mujeres es siempre, por esencia, un crimen de odio que no se puede tolerar y no puede sernos indiferente.
Por tal motivo, manifiesto que votaré a favor del proyecto, y espero que sea aprobado de manera unánime en este hemiciclo.
He dicho.";1
"53";"21565";115;2023;3;"CARIOLA";"doña Karol";"La señorita CARIOLA (doña Karol) .-
Señor Presidente, quiero partir por agradecer a quienes hoy están en las tribunas, que son las verdaderas protagonistas y también, por supuesto, las verdaderas autoras de este proyecto de ley: las organizaciones sociales, que hicieron posible visibilizar una problemática que es real, que es concreta y que, lamentablemente, vivimos año tras año. Me refiero a la organización Ni una Menos Chile y a la Agrupación de Familiares de Víctimas de Femicidio, que hoy nos acompañan en las tribunas y a quienes no me canso de agradecer, no solo por el trabajo que realizan día a día, sino también porque han sido ellas las encargadas de visibilizar, de manera permanente, sobre situaciones respecto de las cuales, todos los años, debemos legislar y generar acciones, porque, año tras año, son muchas las mujeres víctimas de un femicidio frustrado o de un femicidio consumado.
La violencia de género se expresa de distintas formas, y por eso valoro que la ministra de la Mujer y la Equidad de Género, quien está hoy presente, esté impulsando con tanta fuerza y convicción la ley que promueve el derecho de las mujeres a una vida libre de violencia, la ley marco que nos permitirá, de una vez por todas, reconocer las distintas violencias de género a las que nos vemos expuestas las mujeres, que es el primer paso para la consumación de la forma más violenta de actuar contra nosotras, como es el femicidio.
1
No son solo las mujeres asesinadas las víctimas de un crimen tan brutal, sino que las consecuencias también las sufren sus familias. En ese sentido, este proyecto de ley viene a reconocer esa categoría de víctima y la necesidad de que el Estado se haga cargo de su protección y de su cuidado.
Hace algunos meses, en esta misma discusión, nos preguntábamos qué pasaba con los niños y niñas cuyo padre está preso y su madre asesinada. Esos niños quedan desprotegidos o, muchas veces, quedan bajo la protección de sus familiares más cercanos, que son sus tías y sus abuelas, pero sin recibir ningún aporte del Estado.
Hoy este proyecto se convertirá en ley gracias a la sensibilidad del Presidente Gabriel Boric , de las ministras y de este gobierno que ha tenido la visión de apoyar este proyecto, de darle cuerpo y vida, para que no solo sea una declaración de reparación, sino el primer paso hacia la protección integral.
Obviamente, con este proyecto el tema no está totalmente resuelto, pero al menos estamos dando un paso importante y emprendiendo un camino más para que la violencia de género no solo no resulte gratis, sino que también tenga consecuencias y que quienes la padecen sean protegidos por quien corresponde.
He dicho.";1
"54";"21565";117;2023;3;"KAISER";NA;"El señor KAISER.-
Señor Presidente, uno de los principios fundamentales de nuestra legislación es la igualdad ante la ley.
¿Qué pasa si es la madre la que asesina al padre? Quedan los niños completamente desprotegidos, según este proyecto de ley. Es decir, estamos ignorando por completo una realidad que, lamentablemente, también se produce.
Esta ley también establece otras distinciones que pueden llegar a ser odiosas. No es que no queramos entregar este tipo de respaldo a las personas que son víctimas, a los parientes cercanos de una persona que fue asesinada, sino que debemos considerar que en Chile hubo 842 homicidios en 2022, lo que equivale a un 43 por ciento más que el 2021, y que se registraron más de 540.000 delitos, un 30 por ciento más que el año anterior.
Y de toda esa gente, por lo menos, el 50 por ciento son mujeres, que son víctimas de esta ola de delitos que nos arrasa, que nos asola.
¿Qué sucede, entonces, con los parientes, con los descendientes y con las parejas de los 842 asesinados el año pasado? No tienen derecho a ningún tipo de reparación ni tampoco tienen acceso preferencial a prestaciones sociales, no reciben pensión mensual ni tienen derecho a fuero laboral por un año ni protección, como los inmigrantes ilegales ante la expulsión; tampoco reciben un trato preferencial ante la justicia; no pueden intervenir en la investigación policial. No hay una protección especial para ellos en el caso de que estén confrontados con sus agresores ni tienen derecho a solicitar el cambio de fiscal.
Nosotros podríamos solucionar esto con una defensoría de las víctimas, podríamos generar una política nacional de respaldo a quienes han sido víctimas de la delincuencia, pero no podemos generar grupos privilegiados en un país en cuya Constitución -y desde la primera Constituciónse establece que no hay grupos privilegiados. ¿Los niños que son hijos de víctimas del narcotráfico valen menos que las víctimas de otros delitos?
Eso, damas y caballeros, nos debería dar que pensar. Estamos creando grupos privilegiados y estamos violando el principio de igualdad ante la ley.
Por eso, interpondré una reserva de constitucionalidad respecto de este proyecto de ley, porque si vamos a hacer las cosas, hagámoslas bien y protejamos a todas las víctimas de la delincuencia, y no solamente a algunos porque justo calzan con nuestra ideología.
He dicho.
1";1
"55";"21565";119;2023;3;"SCHALPER";NA;"El señor SCHALPER.-
Señor Presidente, quiero saludar a las ministras, a la subsecretaria y al presidente de Codelco, que nos acompañan.
Este proyecto, básicamente, podría haberse titulado como el de los huérfanos del femicidio, esto es, las personas que quedan en orfandad de facto cuando, lamentablemente, la madre es asesinada y el padre es privado de libertad.
En otros países se habla de las víctimas indirectas del femicidio, pero, más allá de la nomenclatura, quiero recordar que, en 2021, Renovación Nacional presentó una indicación -la conozco de cerca, porque la redactéal proyecto de ley de presupuestos, que fue aprobada por esta Sala, para generar una pensión específica para esos hijos e hijas que quedaban huérfanos producto de un femicidio. Lamentablemente, esa propuesta fue descartada en el Senado, aunque esta Cámara había avanzado en esa dirección.
Me parece que hoy hacemos un acto de justicia con muchas mujeres que han sido asesinadas. Tuve el honor de conocer, en la comuna de Olivar, a la que fuese la primera víctima de femicidio del año 2014. Conocí a su madre y a su padre, quienes tuvieron que hacerse cargo del cuidado de los hijos. Y como conozco personalmente ese drama, conozco también lo que significa la falta de tutela efectiva, la falta de pensión y, por lo mismo, vamos a apoyar con decisión este proyecto, porque permite hacer justicia a esos niños y niñas que quedan en situación de vulnerabilidad.
Sin perjuicio de eso, por su intermedio, señor Presidente, quiero decirle a la ministra de la Mujer y la Equidad de Género que hay ciertas cosas que hay que revisar. El concepto de pareja sentimental me parece que no es un concepto a la altura de un texto jurídico. Tenemos que entender que hoy la legislación habla de conviviente, pero pareja sentimental me parece que es un concepto transitorio que valdría la pena revisar en el trámite de este proyecto en el Senado.
El concepto de impacto sistémico -me encantaría conocer la impresión de la ministratampoco me parece un concepto que diga relación con un texto legal como el que estamos discutiendo y podría prestarse para distorsionar, incluso, los aspectos probatorios de la ley.
Me parece bueno que vayamos avanzando en entender que las actuaciones judiciales y de investigación no pueden tener perspectiva de nada distinto a la objetividad. Es decir, en un juicio debe haber una tramitación objetiva, sin ningún tipo de preconsideración. Eso es lo más parecido al principio de defensa jurídica adecuada.
Por último, me parece que el diputado Kaiser tiene un punto. Los hijos e hijas que quedan en situación de desamparo producto de un femicidio están exactamente en la misma situación cuando el asesinado es el padre, y, por lo tanto, debiésemos pensar en un proyecto complementario que hable de los hijos víctimas de parricidio.
He dicho.";1
"56";"21565";121;2023;3;"GONZÁLEZ";"doña Marta";"La señora GONZÁLEZ (doña Marta).-
Señor Presidente, en este comienzo de año legislativo quiero mencionar que este proyecto lo discutimos en la Comisión de Mujeres y Equidad de Género, donde recibimos a las familias que impulsaron esta iniciativa junto con la diputada Cariola y otras diputadas más. Fue en la primera sesión cuando la diputada nos presentó el proyecto y en forma unánime decidimos sacarlo adelante con la mayor celeridad y escuchar a las familias víctimas. Fue realmente estremecedor conocer esa realidad desde las familias.
Por supuesto que conocemos la realidad y sabemos qué pasa en el círculo de la violencia, cuánto se demoran las
1
mujeres en denunciar y por qué se demoran en hacerlo.
Este proyecto beneficiará a familias, a niños, niñas y adolescentes, pero este es uno de los proyectos que queremos -ojalá así seaque no se utilice más. Queremos que este proyecto beneficie a las víctimas de hoy, pero no sigamos llegando tarde a romper el círculo de la violencia; no sigamos llegando tarde a tomar las denuncias de las mujeres; no sigamos llegando tarde a efectuar capacitaciones, para acoger las denuncias de buena manera. La idea es que la institucionalidad pueda realmente proteger a la víctima, y esta, al denunciar, no sea expuesta a su victimario. Por eso, debemos seguir trabajando. El Estado y sus instituciones no pueden seguir llegando tarde.
En 2022 hubo cuarenta y tres femicidios consumados y ciento ochenta femicidios frustrados. La región con más femicidios fue la Región Metropolitana, con doce casos, seguida por la Región de Valparaíso y la Región de Los Lagos. La región con más femicidios frustrados fue la Región de La Araucanía, con veintinueve casos, seguida por la Región Metropolitana, con veintiocho, y la Región de Los Lagos, con veintisiete. En lo que va de 2023, lamentablemente, se han producido seis femicidios.
En la Región del Libertador Bernardo O'Higgins, lamentablemente, aún no podemos bajar las estadísticas. En 2022 se registraron tres femicidios consumados y nueve frustrados. Las estadísticas nos dicen que estamos lejos de erradicar esta violencia contra la mujer. Debemos avanzar a pasos agigantados y preguntarnos en qué estamos fallando, en qué está fallando la institucionalidad y en qué está fallando la justicia.
Este 8 de marzo no nos feliciten, porque aún nos siguen matando.
He dicho.";1
"57";"21565";123;2023;3;"UNDURRAGA";"don Francisco";"El señor UNDURRAGA (don Francisco).-
Señor Presidente, me dirijo a esta Sala para tocar un tema que a todos los presentes, hombres y mujeres, de gobierno o de oposición, nos concierne: la lucha contra el femicidio y la violencia de género.
Como sociedad hemos avanzado mucho en concientizarnos sobre la importancia de proteger a las mujeres y niñas respecto de las distintas formas de violencia de género, incluida la más cruda, brutal e irreversible: el femicidio.
Aún queda mucho por hacer. Por eso es importante que discutamos este proyecto de ley, para ayudar y reparar a las víctimas de femicidio, porque es una idea noble y necesaria.
Lamentablemente, el proyecto que llegó en primer trámite constitucional adolecía de una serie de falencias. Por eso, valoro el trabajo realizado en este nuevo trámite reglamentario, que permitió superar la mayoría de las objeciones efectuadas a la iniciativa.
Nuestro mandato es legislar con responsabilidad, criterio y justicia. No podemos dejar que la justicia sea sacrificada en aras de la buena voluntad, ni podemos permitirnos afectar principios básicos de la aplicación de justicia, como el debido proceso, la presunción de inocencia y la igualdad ante la ley, motivados solamente por la emocionalidad y el sobrecogimiento que generan casos tan terribles como los mencionados en esta Sala.
Por eso, agradezco el trabajo realizado en este nuevo trámite y reconozco, también, los aportes del Ejecutivo a esta iniciativa.
Colegas, así se legisla, no con meras buenas intenciones, sino con responsabilidad; con criterios técnicos y buena técnica legislativa; con participación del Ejecutivo, informe presupuestario y participación de la Comisión de Hacienda.
Como sociedad debemos estar comprometidos en la lucha contra la violencia de género y en la protección de los derechos humanos de las mujeres y de las niñas.
Este proyecto de ley es una muestra clara de ese compromiso. Es nuestra responsabilidad asegurarnos de que se
1
convierta en ley para crear un mundo más justo, más seguro y más digno para todas las personas.
Por eso, aprobaré este proyecto.
He dicho.";1
"58";"21565";125;2023;3;"NAVEILLAN";"doña Gloria";"La señora NAVEILLAN (doña Gloria).-
Señor Presidente, me gusta que el gobierno haya puesto discusión inmediata a un proyecto como este, porque es una iniciativa de mucha justicia. Sin embargo, quisiera que hubiera la misma celeridad, el mismo espíritu de urgencia respecto de otros proyectos, que siguen durmiendo en alguna parte y que nadie toma en cuenta.
¿Qué pasa con la reparación a las familias de las víctimas de asesinatos como consecuencia del terrorismo en la macrozona sur? Solo voy a nombrar ejemplos femeninos de personas asesinadas en ese contexto.
En 2013, la señora Vivianne Mackay fue quemada viva en Vilcún; en 2015, la señora Sonia Miguel González fue violada y asesinada en la comuna de Cañete, y en 2019, la querida y recordada señora Elodia Aguayo Catril fue asesinada a balazos en Tirúa.
Esas tres mujeres fueron asesinadas no por sus parejas, sino por terroristas, y las familias que dejaron están en total abandono. En ese sentido, no se ha reconocido el derecho que asiste a las víctimas del terrorismo, las que merecen exactamente el mismo trato que hoy el gobierno está otorgando a mujeres que han sido víctimas de femicidio.
Por eso, quiero pedir no solo a la ministra de la Mujer y la Equidad de Género, sino especialmente a la ministra secretaria general de la Presidencia que, por favor, se preocupen de legislar con urgencia en favor de las víctimas de terrorismo en la macrozona sur.
He dicho.";1
"59";"21565";127;2023;3;"DE LA CARRERA";NA;"El señor DE LA CARRERA.-
Señor Presidente, saludo a todos los parlamentarios en este nuevo año legislativo.
Estoy a favor de proteger a todas las víctimas de femicidio. Se trata de un acto atroz que, ojalá, nadie sufriera.
Pero ¿cómo se llama la violencia contra el hombre? Se llama violencia doméstica. Las personas que son objeto de cualquiera de esos atentados -el femicidio y la violencia domésticason igualmente víctimas, porque sufren por igual.
Es indesmentible que la muerte de una madre significa la pérdida más difícil que puede sufrir un menor. Sin embargo, el establecimiento de esta pensión puede constituir una afectación al principio de igualdad ante la ley, sobre todo teniendo presente que no se considera dentro de los beneficiarios a los menores que hayan perdido a su madre por razones distintas al femicidio. Por lo tanto, creo que se rompe la igualdad ante la ley.
¿Por qué se está haciendo esto? Porque es parte de la agenda globalista 2030, que provoca o impulsa la pérdida de soberanía y la pérdida de identidad de muchos países y personas. Cuando se agrega la perspectiva de género a las decisiones judiciales, podemos caer en las más altas atrocidades posibles.
¿Con qué perspectiva de género fallará un juez cuando se presente un parricida que se autodefina como mujer? ¿Podrá la justicia negarle su autopercepción de mujer y negar que hubo un femicidio? Cada vez que tomamos en cuenta estos proyectos que vienen envenenados por la Agenda 2030, cometemos un agravio a la justicia y a la equidad ante la ley.
1
Por lo tanto, por muy noble que sea este proyecto, trae un veneno consigo, porque la perspectiva de género violenta la igualdad ante la ley y pone a los jueces en una muy difícil situación al tener que considerar cómo se autopercibe una persona al momento de establecer un criterio jurídico que determine una pena efectiva.
Por tanto, señor Presidente, este proyecto de ley debiese establecer igualdad de condiciones, dado que una mujer asesinada por su marido o asesinada por cualquier otra persona sufre igualmente horror. En este caso se está rompiendo la igualdad ante la ley.
He dicho.";1
"60";"21565";129;2023;3;"BERNALES";NA;"El señor BERNALES.-
Señor Presidente, saludo a las ministras presentes en la Sala.
Me parece que este es un proyecto de total justicia para los niños, niñas y adolescentes que perdieron a sus madres, víctimas de femicidio. La violencia contra la mujer es un crudo drama que, lamentablemente, en mi región vivimos con altos índices.
Repito: me parece de total justicia que esos niños reciban apoyo, por ejemplo, con la pensión de gracia que hoy vamos a aprobar.
En el período anterior, a raíz de un dramático hecho que ocurrió en Chiloé, donde tres niños quedaron huérfanos porque sus padres murieron producto de la covid-19, desde nuestra diputación y también desde el Partido Liberal dimos a conocer el grave drama de los niños, niñas y adolescentes que habían quedado huérfanos en la pandemia.
En ese período no teníamos números o cifras; no teníamos nada, pero el resultado del trabajo nos indicó que había 2.029 niños en esa situación. Muchos colegas que hoy están aquí presentes nos apoyaron, y también logramos una pensión de gracia para esos niños. En especial, quiero nombrar al entonces senador Rabindranath Quinteros , quien fue clave en el Senado para ayudarnos a conseguir esa pensión de gracia.
¿Por qué traigo esto a colación? Porque en esa ocasión debatimos ese tema en esta Sala, vinieron distintos expertos y nos dimos cuenta de que la pensión de gracia es algo que efectivamente ayuda bastante, pero que también debemos hacernos las otras preguntas que señaló la autora de este proyecto, la diputada Karol Cariola : ¿qué ocurre con esos niños una vez que pierden a sus padres? ¿Qué ocurre, por ejemplo, cuando se trata de hermanos? ¿Estos son separados y se van a vivir a distintas ciudades? ¿Dónde se van a vivir esos niños? ¿Entran al mundo laboral? Esas son preguntas que tenemos que hacernos constantemente. Aquí hay presentes agrupaciones que trabajan justamente para velar por esos temas.
Por lo tanto, celebramos esta pensión de gracia y el trabajo del ministerio para poner este proyecto sobre la mesa y darnos la posibilidad de votarlo como el primer proyecto al regreso del receso legislativo. No obstante, tenemos que ir más allá, porque estos temas son sumamente relevantes. Debemos acompañar permanentemente a esos niños que perdieron a sus padres, porque la pensión de gracia es una gran ayuda, pero no lo es todo.
Como bancada del Partido Liberal, vamos a aprobar este proyecto. Esperamos seguir abordando este tipo de temáticas en esta Sala.
He dicho.";1
"61";"21565";131;2023;3;"CELIS";NA;"El señor CELIS.-
Señor Presidente, el femicidio es el último eslabón de la cadena de la violencia contra la mujer. Se trata de una temática de la mayor gravedad para cualquier país. La Organización Mundial de la Salud ha definido esto como un
1
grave problema de salud pública.
Por otra parte, estudios de la Oficina de las Naciones Unidas contra la Droga y el Delito confirman que la principal causa de homicidios de mujeres es la violencia ejercida por sus parejas o familias, con un 47 por ciento, a diferencia del caso de los hombres, que solo alcanza al 6 por ciento del total.
De acuerdo con la información proporcionada por el Ministerio de la Mujer y la Equidad de Género, durante el 2022 se registraron 43 femicidios consumados en nuestro país. Asimismo, durante el mes de enero del año en curso se registraron seis femicidios. La última víctima es Patricia Zapata Restrepo . El 15 de febrero, ella fue abusada sexualmente por su expareja, quien posteriormente le dio fuertes golpes en el rostro y en su cabeza. Ella murió en la Posta Central el 23 de febrero pasado, producto de los golpes recibidos. Como es posible apreciar, la situación es grave y urge tomar cartas en el asunto.
Si bien este proyecto no resuelve el problema de fondo, así como tampoco ataca las causas de este, las que, por cierto, son variadas y en extremo complejas, establece un régimen de atención, protección y reparación integral en favor de las mujeres que son víctimas de violencia de género y de sus familias, lo que es acorde con las obligaciones estatales contraídas. Además, resulta destacable para visibilizar y reconocer a las víctimas colaterales del delito de femicidio, quienes suelen ser los niños, niñas y adolescentes al cuidado de las mujeres víctimas. Esos niños que quedan sin su madre no pueden quedar sin resguardo. Es deber del Estado adoptar las medidas para velar por su cuidado, su integridad y su desarrollo. Por ello, se establece una pensión para niños y niñas cuando su madre ha sido víctima de femicidio en grado de consumado.
En mérito de lo expresado, doy mi aprobación al proyecto en estudio.
He dicho.";1
"62";"21565";133;2023;3;"YEOMANS";"doña Gael";"La señorita YEOMANS (doña Gael) .-
Señor Presidente, en primer lugar, saludo a la ministra de la Mujer y la Equidad de Género, a las parlamentarias mocionantes y, sobre todo, a los representantes de las organizaciones que han presentado y han impulsado este proyecto.
El hecho de que este proyecto se vote hoy, en la semana de conmemoración del 8 de marzo, es profundamente simbólico y significativo, porque hoy aún hay quienes dicen que la ideología de género solo causa división y no es un tema prioritario, pero eso es ver el mundo desde el privilegio. Solo en lo que va de este año tenemos seis femicidios consumados y treinta y siete femicidios frustrados. ¿Cómo no va a ser un tema prioritario para el país erradicar la violencia de género? Privilegio es no querer ver que la desigualdad genera violencia, y en su forma más brutal contra las mujeres también va por sus vidas.
Por eso es importante que este 8 de marzo reflexionemos y revisemos las condiciones de vida de las niñas y las mujeres en este país. Lamentablemente, esa revisión no es alentadora: hoy sigue existiendo brecha salarial entre hombres y mujeres, las mujeres siguen cargando, en su mayoría, con una doble jornada laboral, sigue sin haber acceso paritario a los cargos de poder y solo en lo que va del 2023 se han consumado esos seis femicidios.
En este contexto, hoy más que nunca es importante este proyecto de ley, pues la violencia contra las mujeres, aún en su máxima expresión, sigue vigente. No nos engañemos, porque la violencia contra las mujeres importa en sus múltiples formas, y si nada hacemos, llega a niveles tan temidos como puede ser que parejas o exparejas se sientan con el derecho de quitarle la vida a una mujer. ¿Pensamos en las familias que siguen esperando justicia, como, por ejemplo, en los hijos e hijas que quedaron sin sus madres en sus vidas, sin poder despedirse de ellas?
El reconocimiento y la reparación que implica este proyecto de ley es un primer paso, pero el resto del camino espera seguir siendo transitado hacia la construcción de una sociedad en la que se erradique la violencia de género. Ese camino se construye día a día.
A mis colegas varones no los olvido. De ustedes también depende el cambio y la mejora de la vida de millones de
1
niñas y mujeres. Los invito a hacerse conscientes de la diferencia, para caminar desde allí hacia la igualdad. Que su voto en este proyecto de ley tan importante también esté presente cuando hablemos de pensiones, de los derechos laborales y del derecho de la mujer a decidir sobre su vida.
Finalmente, me tomo un momento para saludar a quienes están presentes en las tribunas, porque también han empujado este proyecto.
He dicho.";1
"63";"21565";135;2023;3;"TELLO";"doña Carolina";"La señorita TELLO (doña Carolina) .-
Señor Presidente, con profunda tristeza, constatamos que a la fecha de hoy, en lo que va de este año, hay seis femicidios consumados y treinta y siete femicidios frustrados. Sí, en estos primeros dos meses del año lamentamos la muerte de seis mujeres, lo que nos demuestra que hemos llegado tarde y que sus nombres, sus vidas y sus sufrimientos se suman a los de cientos de mujeres que han muerto por la violencia ejercida en contra de ellas, violencia sistemática que además se ha sumado en forma permanente a un actuar tardío e ineficaz desde lo público.
Por eso, este proyecto de ley, que establece un régimen de reparación y protección integral en favor de las víctimas de femicidio y sus familias, es no solo una gran iniciativa, sino también una urgencia. Porque cuando hablamos de femicidio consumado o frustrado no hablamos solo de las víctimas directas de una violencia brutal, sino también de un entorno familiar, de los hijos e hijas que ven cómo la violencia de género les provoca un daño tremendo, que hasta hoy han asumido y sobrellevado sin la protección y reparación de un Estado que no pudo proteger a esas mujeres que nos necesitaban desde el primer momento en que la violencia comenzó a ser ejercida.
Este proyecto, que tuvo un apoyo transversal en su tramitación en la Comisión de Mujeres y Equidad de Género, la cual tengo el honor de presidir, viene no solo a actualizar la normativa que regula el femicidio, sino también a incorporar medidas de reparación a las víctimas y sus familias, gracias al compromiso de este gobierno, de nuestra ministra de la Mujer y la Equidad de Género, que se encuentra aquí presente, y a la voluntad de nuestro Presidente Gabriel Boric , que patrocinaron y presentaron indicaciones a este proyecto, como, por ejemplo, el estableciendo de una pensión para niños, niñas y adolescentes víctimas colaterales de hechos que, definitivamente, requieren un acompañamiento permanente. También se disponen medidas para las víctimas de femicidio frustrado, al establecer una protección laboral equivalente a un año de trabajo con un fuero que no solo está plenamente justificado, sino que es esencial en materia de reparación.
Asimismo, quiero saludar a quienes se encuentran hoy en las tribunas, que nos acompañaron durante la tramitación en la Comisión de Mujeres y Equidad de Género, que son las organizaciones que, en definitiva, impulsan esta iniciativa de manera decidida, clara y con una profunda generosidad, pues nos contaron sus testimonios y las tremendas injusticias que han tenido que vivir durante todo este tiempo.
Señor Presidente, esperamos que este sea un primer paso para seguir en el camino de la reparación y, por supuesto, de la prevención y de la protección integral.
Votamos a favor no solo por las víctimas, sino también por la seguridad que necesitamos todas las mujeres de nuestro país para poder vivir tranquilas y libres de violencia, por la posibilidad de que comencemos a ver un Estado cumpliendo un rol esencial desde su deber, porque este es un primer paso a la reparación efectiva.
Votamos a favor, porque tenemos la responsabilidad ineludible de estar a la altura…
-Aplausos.";1
"64";"21565";137;2023;3;"PÉREZ";"doña Joanna";"La señora PÉREZ (doña Joanna).-
Señor Presidente, saludo a todos los colegas y especialmente a quienes hoy están atentos a este proyecto, a quienes visitan la Cámara de Diputadas y Diputados esperanzadas en poder seguir avanzando. Este es un trabajo que no parte hoy. Saludo también a la ministra de Minería, Marcela Hernando , excolega con quien hicimos un gran trabajo durante la gestión pasada. Aquí hay un trabajo de años, y esto no parte con un gobierno de turno.
Se valora que hoy se reconozca y que se siga avanzando, como lo hicimos en la “ley Gabriela”, como se ha avanzado en la “ley Antonia” y tantas otras leyes, porque lo que buscamos es establecer un régimen de atención, protección y reparación integral en favor de las mujeres que son víctimas de violencia de género y sus familias, especialmente orientado a reforzar la actuación del Estado para asegurar el debido acceso a la justicia en los casos de delitos que atentan contra la vida de las mujeres, en concordancia con las obligaciones estatales contraídas en virtud de la ratificación de los tratados internacionales.
Y avanzamos -ya lo decíamosdesde el 2010, con el establecimiento del femicidio como un delito distinto del homicidio común, aunque lo consagró como una forma de parricidio, restringiendo su aplicación a la hipótesis de femicidio familiar, y luego, en 2020, en la ley N° 21.212, pudimos separar e individualizar definitivamente el tipo penal de femicidio familiar y también el femicidio íntimo sin vínculo formal.
Valoro que hoy este proyecto se esté haciendo cargo de las víctimas que hay y que subyacen bajo un femicidio, que son los hijos, y lo hace con una pensión. También nos gustaría abordar las condiciones previas a este desenlace, que son más resguardo a las medidas precautorias cuando una mujer se atreve a hacer una denuncia y trabajar el porqué de que se llegue a esta situación de violencia, el trabajo con la autonomía económica, y aquí hay mucho por avanzar en todas las mujeres, urbanas, rurales, de cada rincón de nuestro país, donde muchas veces se invisibilizan sus realidades, probablemente debido a que son mujeres que vienen de alguna etnia o porque no han tenido la posibilidad de acceder a mejores oportunidades. Hago un llamado al gobierno a mirar esa realidad, porque la tenemos.
Solo quiero hacer honor a una persona y a lo que le ha tocado vivir a su familia. Me refiero a Mariela Fuentealba , quien, lamentablemente, engrosa los índices de femicidio de Coronel; ella es parte de estos femicidios recientes y que ya hemos denunciado. No queremos más mujeres violentadas, muertas y sus familias afectadas.
Vamos a apoyar este proyecto y esperamos seguir avanzando.
He dicho.
-Aplausos.";1
"65";"21565";139;2023;3;"GUZMÁN";NA;"El señor GUZMÁN.-
Señor Presidente, hay ciertas causas que nos deben preocupar a todos, independientemente de nuestra ideología o género, y qué duda cabe de que la violencia contra la mujer es una de ellas. Es una triste realidad, a pesar de todos los avances que hemos logrado, que las mujeres y las niñas sigan siendo objeto de abuso, discriminación y violencia en nuestro país.
Es hora de decir “¡basta!”. La voz de este Congreso Nacional debe ser una sola para decir que no toleraremos más la violencia de género en ninguna de sus formas, ya sea física, emocional, sexual o económica, o en la más brutal de todas, que es el femicidio. Debemos alzar nuestra voz y poner fin a esta epidemia que continúa cobrando vidas y destruyendo familias enteras. Pero no es suficiente solo con hablar del tema; debemos tomar medidas concretas para detener la violencia de género y apoyar a las víctimas. Debemos fortalecer nuestro sistema de justicia y avanzar en una defensoría de las víctimas, para asegurarnos de que los perpetradores sean castigados por sus acciones, y debemos garantizar que las víctimas reciban la ayuda y el apoyo que necesitan, que no queden solas y que sientan el respaldo de una sociedad y un Estado que ya no aguantará la violencia contra la mujer. La violencia de género deja muchos heridos a su paso: a las mujeres que la sufren día a día y también a sus familias, especialmente a sus hijos.
1
Por eso, destaco que este proyecto no solo establece un deber del Estado de facilitar la atención y reparación de las víctimas de femicidio, pues también piensa en sus hijos al establecer una pensión para niños y niñas cuando su madre ha sido víctima de femicidio en grado de consumado. Uno esperaría que esta pensión nunca fuera otorgada, porque uno desearía no tener que lamentar ninguna muerte más de mujeres inocentes; uno esperaría no tener que seguir legislando en esta materia, pero habrá que hacerlo y seguir haciéndolo mientras este mundo no sea un lugar seguro para todos.
Pero hay una verdad incómoda: este proyecto nos hace ver que el Estado de Chile no se está haciendo cargo de la criminalidad. El alza de homicidios del año 2021 al 2022 fue de 32 por ciento, y si miramos más atrás, es peor.
Pero ¿cómo nos hacemos cargo de esto?, ¿cómo prevenimos la ola de violencia que viven nuestras ciudades?, ¿cómo nos hacemos cargo de los cientos de familias que quedan sin una madre o un padre, de los hijos que quedan huérfanos, de las familias que enfrentan el dolor de la muerte y el desamparo de quedar en el abandono?
Señor Presidente, que el gobierno se ponga la mano en el corazón con las demás víctimas de asesinatos, del terrorismo en La Araucanía, del narcotráfico y del sicariato que se están apoderando de Chile. Entendamos que no podemos seguir abandonando a los ciudadanos honrados que sufren el flagelo de la delincuencia, debemos trabajar juntos por erradicar este problema y conseguir un mundo donde todas las personas, independientemente de su género, sean tratadas con respeto y dignidad.
Debemos legislar para que ninguna mujer se sienta abandonada en un escenario tan despiadado como el de ser víctima de la violencia y para que todos los chilenos sintamos a nuestro país como una patria segura para todos.
Debemos actuar y por eso votaremos a favor. Muchas gracias.
He dicho.
-Aplausos.";1
"66";"21565";141;2023;3;"ÑANCO";"doña Ericka";"La señorita ÑANCO (doña Ericka) .-
Señor Presidente, por su intermedio, quiero saludar a la ministra Orellana , a nuestras compañeras informantes, Karol Cariola y Gael Yeomans , y por supuesto a las organizaciones que se encuentran presentes en las tribunas, y que gracias a todas ustedes ha sido impulsado este proyecto de ley.
El avance de esta iniciativa nos permite no solo hablar de justicia, para que quede en discursos que suenan muy bonitos, pero que en la práctica no permite hacerse cargo de entregar justicia y reparación. Este proyecto de ley ayuda a que sea de público conocimiento que las familias víctimas de violencia y de femicidio son quienes más sufren las consecuencias del femicidio o del suicidio femicida. Además de ser quienes emprenden una lucha incansable para buscar justicia, enfrentando procesos totalmente dolorosos y crueles, con enjuiciamientos públicos que, incluso, han tenido tristemente espacio en esta misma Sala por parte de algunos parlamentarios extremistas que se sientan enfrente.
Sin duda, la reparación integral constituye un avance, una conquista para la lucha feminista y un avance para la sociedad, en general, tema que ha sido prioridad para nuestro gobierno, lo que se demuestra con las acciones que ha llevado el Ministerio de la Mujer y la Equidad de Género, encabezado por su ministra.
Colegas, quiero aprovechar esta discusión para contarles que la región a la cual represento tiene una enorme violencia, pero nunca es portada en los diarios, y eso genera impotencia, porque aunque la violencia intrafamiliar se posicione en La Araucanía como el principal delito, con un 13 por ciento de las denuncias y liderando el ranking de la región con más femicidios frustrados, la prensa, lamentablemente, suele hablar de camiones y maquinarias cuando hablan de violencia, y no de las mujeres que sufren este tipo de situaciones dentro de sus hogares.
Por eso, urge avanzar en medidas de prevención y de auxilio y todos los avances en esa dirección son sumamente necesarios.
1
Creo firmemente que la violencia debe ser erradicada de los hogares de todo Chile, y estoy segura de que la reparación integral para las víctimas es parte fundamental de este proceso.
Por la memoria de Antonia Barra, de Yini Sandoval, de Damaris Meliñir , y por justicia para las familias de víctimas de femicidio que hoy se encuentran en las tribunas, votaré a favor este proyecto de ley, el cual espero, por el bien de las mujeres de Chile y de sus pueblos, que sea aprobado de manera transversal.
He dicho.
-Aplausos.";1
"67";"21565";143;2023;3;"MEDINA";"doña Karen";"La señora MEDINA (doña Karen).-
Señor Presidente, por su intermedio, saludo a las ministras que nos acompañan en esta sesión.
Este proyecto es un gran avance, no solo para las mujeres de nuestro país, ya que toma la problemática del femicidio desde un punto de vista global y no aislado, pues cuando una mujer es violentada o asesinada por su pareja o su marido, no solo se ve afectada la víctima, sino también su grupo familiar más cercano, como sus hijos, sus padres o las personas que dependen de ella.
Sin lugar a dudas, hoy hemos dado un gran paso con miras a que las distintas instituciones de nuestro país puedan entregar la debida protección, atención y reparación a las víctimas y personas cercanas dependientes de las víctimas, en especial cuando quedan niños desamparados. Sabemos que no es suficiente, pero este proyecto es un gran paso para ir en apoyo de esos niños víctimas de estos horrorosos actos de violencia de género.
Nuestra meta debe ir en la dirección de erradicar los femicidios de nuestra sociedad. Anuncio que los diputados del Partido de la Gente apoyaremos de corazón esta iniciativa de ley.
He dicho.";1
"68";"21565";145;2023;3;"MATHESON";NA;"El señor MATHESON.-
Señor Presidente, por su intermedio, saludo a la ministra que nos acompaña en esta sesión.
Si bien valoro el proyecto y las mejoras introducidas en su segundo informe, estimo que los beneficios que se determina aplicar son una vulneración al principio de igualdad ante la ley, porque el criterio de distinción no resulta razonable, como ocurre, por ejemplo, con el beneficio del fuero maternal.
En este caso, por el solo hecho de ser la víctima del delito de sexo femenino se establece una protección laboral especial. Pero, ¿por qué no se amplió el mismo criterio a víctimas de otros delitos de igual gravedad, como es el caso de las víctimas de homicidio o de violencia rural?
Considero que es necesario avanzar en una legislación especializada para estos delitos. No cuestiono que la mujer deba ser protegida y defendida a todo evento, pero pienso que lo más relevante en un Estado de derecho es que se respete la igualdad ante la ley, y que tanto hombres como mujeres reciban todo el peso de la ley ante la comisión de ilícitos, pero, también, reciban los mismos beneficios ante hechos de estas características.
No debemos hacer distinciones de género, sexo o condición en este tipo de situaciones.
He dicho.";1
"69";"21565";147;2023;3;"SCHNEIDER";"doña Emilia";"La señorita SCHNEIDER (doña Emilia) .-
Señor Presidente, por su intermedio, saludo a las ministras que nos acompañan, sobre todo a la ministra de la Mujer y la Equidad de Género de nuestro gobierno, señora Antonia Orellana .
Quiero agradecer a las autoras de este proyecto; al gobierno, por darle un importante impulso aportando recursos; a las organizaciones feministas que nos acompañan en las tribunas y a las que se encuentran desplegadas a lo largo del país preparando este 8 de marzo. Muchas gracias, porque gracias a ustedes hoy tenemos una buena noticia: estamos discutiendo algo que fuera de las paredes de este Congreso Nacional es importante para la gente, y lo estamos discutiendo ad portas del Día Internacional de la Mujer Trabajadora.
Este Congreso Nacional, finalmente, después de muchos debates espurios, está sintonizando con una de las necesidades más importantes de las mujeres, cual es vivir una vida libre de violencia y seguras.
En este último tiempo he escuchado en esta Sala y en medios de comunicación distintos discursos contra las ideas feministas, diciendo que es una ideología perversa, de élite y alejada de las vidas cotidianas de las personas. Nada más lejano a la verdad, porque gracias al movimiento feminista, en distintas etapas de la historia, hoy las mujeres pueden votar, educarse, trabajar, y como sociedad hemos abierto los ojos ante la violencia invisibilizada en hogares, en las familias, en parejas, en espacios de trabajo, entre otros.
El feminismo ha abierto preguntas fundamentales para las vidas de las mayorías, como los cuidados, porque a todas y todos nos cuidan alguna vez.
Escucho que en este debate se trae a colación a los hombres y las violencias que también viven. Quiero decir categóricamente que los hombres no son los enemigos del feminismo. Las feministas queremos transformar la sociedad para que todas las personas, incluidos los hombres, crezcan libres del machismo, de las exigencias sobre ellos y de los estereotipos, y, por cierto, para que hombres, mujeres y todas las personas podamos convivir en igualdad, dignidad y sin violencia. Paremos las caricaturas; las feministas queremos mejores vidas para todas las personas. Hacia allá apunta este proyecto.
Me parece inconcebible que haya sectores, como la ultraderecha, que niegan la realidad, porque la violencia de género existe. Hay muchas mujeres que han sido víctimas de ella y lo siguen siendo día a día. En la Comisión de Mujeres y Equidad de Género escuchamos a las madres y familiares de algunas de ellas: a Rosa Elena, madre de Francisca Moll ; a la prima hermana de Nicole Saavedra y a la madre de Glenda Delgado Cárdenas. ¿Dónde queda la igualdad ante la ley para ellas? ¿Dónde queda la igualdad ante la ley cuando a las mujeres las matan por ser mujeres?
La igualdad no se decreta, se construye; es una meta que como sociedad debemos perseguir día a día y que se debe notar en todas las políticas públicas. A eso le tienen miedo algunas teorías conspirativas contra la “perspectiva de género”. Acá no caben empates ni teorías conspirativas. Quienes voten en contra de este proyecto les estarán dando la espalda a las mujeres que viven violencia, a niños y niñas sin su madre y a familias que pierden a una integrante. Por favor, pido altura de miras, porque no todo vale.
Es un orgullo para mí decir que votaré a favor este proyecto. Nos vemos en las calles este 8 de marzo.
He dicho.
-Aplausos.";1
"70";"21565";149;2023;3;"ORSINI";"doña Maite";"La señorita ORSINI (doña Maite) .-
Señor Presidente, según la Red Chilena Contra la Violencia hacia las Mujeres, se consumaron 53 femicidios y 6 suicidios femicidas durante 2022. Además, cifras del gobierno informan de 180 femicidios frustrados a nivel
1
nacional. Dicho de otra forma, cada seis días una mujer es asesinada en nuestro país, y cada dos días una mujer es agredida con intención de ser asesinada por motivos de género.
No es una exageración decir que allá afuera nos están matando.
En 2022 la violencia de género dejó a los hijos e hijas de 59 mujeres sin una madre, a 59 madres sufriendo el terrible dolor de perder a una hija, a 59 familias con un vacío imposible de llenar y un dolor inmenso por sanar. Me pregunto, ¿quién cuidará a esos hijos? ¿Quién acompañará a esas madres, a esas hermanas a esas primas, a esas amigas en la búsqueda infatigable de justicia?
Imponer las peores penas para este tipo de delitos y encarcelar al femicida no es suficiente; es solo una parte del camino hacia la justicia. La otra parte, la más importante, está en otorgar algún grado de reparación a esas víctimas secundarias o silenciosas de la violencia de género.
Actualmente, tras la muerte de una madre por violencia de género, sus hijos e hijas no poseen ningún tipo de medidas de acompañamiento y menos de reparación. Estamos en deuda con las víctimas, con sus hijos, con sus madres y hermanas.
Es urgente que exista una verdadera reparación por el terrible delito del que han sido víctimas, y esta reparación no puede venir sino del Estado, porque somos nosotros, como Estado, quienes no hemos sido capaces de erradicar la violencia de género, de proteger a las mujeres de sus femicidas y de evitar que nos sigan matando por el solo hecho de ser mujeres.
Por eso, hoy celebramos con entusiasmo, porque este proyecto de ley, que confiamos en que será aprobado y continuará su tramitación en el Senado con celeridad, aborda urgencias reales, como el reconocimiento de las víctimas secundarias como tales en el proceso judicial, otorgándoles derechos, medidas de protección y vías de actuación.
Pero, principalmente, celebramos a nuestro gobierno por tomar las riendas y hacerse cargo de una tremenda deuda histórica con las víctimas de la forma más grave de la violencia de género: la reparación mediante la creación del derecho de las hijas e hijos menores de 18 años de víctimas de femicidio o suicidio femicida a una pensión de 160.000 pesos.
Por eso, quiero agradecer a este gobierno, porque, sin duda, vamos en la senda correcta. He dicho.
-Aplausos.";1
"71";"21565";151;2023;3;"SANTANA";NA;"El señor SANTANA.-
Señor Presidente, dado que la sesión está fijada hasta las 19:15 horas y como hay siete diputadas inscritas para hablar en este proyecto, solicito que recabe el asentimiento de la Sala para votar el segundo proyecto de la tabla sin discusión.";1
"72";"21565";153;2023;3;"SÁNCHEZ";NA;"El señor SÁNCHEZ.-
Señor Presidente, el homicidio de cualquier mujer es un hecho terrible; el homicidio de cualquier hombre es un hecho terrible. En realidad, el homicidio de cualquier persona -quiero que quede muy claro es, evidentemente, un hecho terrible, respecto del cual el Estado tiene responsabilidad directa.
Algunas diputadas han señalado aquí que afuera están matando a las mujeres, pero, en realidad, afuera están matando a medio mundo por la incompetencia del gobierno, porque no ha sido capaz de hacerse cargo de la crisis de inseguridad que estamos viviendo. Quizás ese es otro tema.
Evidentemente, desde la bancada del Partido Republicano estamos completamente de acuerdo con que el Estado tiene que hacerse responsable por la crisis de inseguridad que está asolando a nuestro país. Eso no tiene que ver exclusivamente con las mujeres, por más conveniente que eso les pueda resultar a algunos o a algunas, según su ideología.
En forma adicional, me gustaría también señalar lo morboso que es, quizás, que estemos hablando aquí exclusivamente de algunas de las muertes en determinadas circunstancias porque es conveniente para la ideología de algún sector político. El aprovechamiento con la muerte de personas en verdad me parece que no tiene nombre.
Así como hoy estamos discutiendo -en buena hora que así seaun proyecto que propone que el Estado se haga cargo de la responsabilidad directa que tiene por no haber sido capaz de garantizar las condiciones de seguridad que esas mujeres necesitaban, muchas de las cuales denunciaron en su momento, pero después el Estado no tuvo capacidad de respuesta, creo que también debiéramos debatir -sería bueno que el gobierno lo planteara, porque tiene la iniciativa exclusiva en todas las materias que generan gastosobre la responsabilidad directa que el Estado tiene en todo el resto de las muertes, porque aquí no hay que economizar.
Si estamos hablando de lo grave que resulta que maten a alguien y de la necesidad de que el gobierno tenga que hacerse responsable y ponerse incluso con una pensión de gracia para una persona que, por ser hijo, por ser hermano o por ser pareja de la persona asesinada, ha sufrido por esa situación y merece una compensación por parte del Estado, entonces compensemos a todas las víctimas, compensemos a todos los hijos, a todas las parejas, a todos los hermanos que hoy están sufriendo por el asesinato de un ser querido porque el Estado no es capaz de garantizar condiciones de seguridad en las calles, porque el gobierno del Presidente Gabriel Boric no es capaz de garantizar la seguridad en nuestro país.
Eso es lo que deberíamos estar discutiendo y no ahorrarle el bolsillo al Presidente de la República porque quizás solo es capaz de hacerse cargo de los asesinatos de las mujeres y no de todos quienes estamos…";1
"73";"21565";155;2023;3;"BÓRQUEZ";NA;"El señor BÓRQUEZ.-
Señor Presidente, estimados colegas y estimadas ministras, un estudio llevado a cabo durante el año 2022, por investigadores de la Universidad de Valparaíso y de la Universidad Andrés Bello, indicó que los intentos de femicidio aumentaron en un 22 por ciento durante la pandemia. De la misma manera, detectó un aumento de estos casos en las localidades pequeñas y donde existían denuncias previas.
Estas lamentables situaciones afectan especialmente a las mujeres de sectores rurales, como ocurre en el archipiélago de Chiloé, provincia de Palena, Cochamó , Maullín y Calbuco , pues, tristemente, no cuentan con las redes de apoyo que se encuentran disponibles en los sectores urbanos del país.
1
Pensemos, señores colegas, en mi querido Chiloé. Al haber cientos de localidades aisladas, las mujeres sufren diariamente por la falta de apoyo, no saben dónde buscar auxilio para escapar de situaciones de abuso.
En septiembre del 2022 la isla de Caguach sufrió un gran impacto a causa del femicidio de Faumelisa del Carmen Chigauy Millaquién , quien fue asesinada por su marido. Este brutal asesino golpeó a su mujer reiteradamente. La persiguió mientras ella salió de su domicilio para buscar ayuda, pero no alcanzó a conseguirla. Al igual que muchas otras mujeres, su asesino la persiguió hasta matarla.
Es urgente que se establezca un régimen de protección en favor de las mujeres que son víctimas de violencia de género y de sus familias, el que debe estar especialmente orientado a reforzar la actuación del Estado en los sectores más aislados y vulnerables.
Pese a lo anterior, me parece de extrema necesidad que exista un enfoque orientado a evitar que se produzcan este tipo de situaciones, pues la vida es lo más preciado y no existe forma alguna de recuperarla.
Eduquemos a las generaciones más jóvenes para que desde pequeños sepan respetar correctamente a las mujeres. Solo así será posible brindar seguridad a las mujeres del futuro y evitar su exposición a situaciones vulnerables. Ninguna de ellas merece vivir con miedo.
He dicho.";1
"74";"21565";157;2023;3;"MARZÁN";"doña Carolina";"La señora MARZÁN (doña Carolina).-
Señor Presidente, en 2022, la Red Chilena contra la Violencia hacia las Mujeres denunció ocho femicidios ocurridos en la Región de Valparaíso. Esta cifra, en la que se consideró aquellos casos que no fueron tipificados como femicidios por la fiscalía, fue evidenciada por dicha Red. Familias, niños, niñas, adolescentes y personas adultas mayores han tenido que vivir con el tremendo dolor que significa haber sido víctimas del terrible resultado de la violencia intrafamiliar, de manifestaciones coercitivas de poder, que habitualmente surgen en la creencia de que el género masculino tiene el derecho de controlar la libertad del género femenino.
He presenciado y he sido testigo de testimonios de femicidios frustrados; he escuchado relatos de mujeres que han vivido perversos resultados de una cadena de violencia que ha afectado su entorno familiar. Lamentablemente, la recurrencia de esta narrativa es cada vez mayor.
Frente a aquello no podemos quedarnos expectantes. Es nuestro deber legislar para permitir que en nuestra sociedad se materialice una cultura contraria a la violencia, que sea respetuosa con la diversidad de género y con las mujeres.
Debemos legislar para instalar la prevención, reparación y erradicación de la violencia contra la mujer, facilitando la creación de políticas públicas que permitan la protección de víctimas de violencia de género y de sus familias, mediante el otorgamiento al Estado de la facultad de asegurar garantías procesales y la consagración de derechos sociales, desde una mirada de reparación integral, por aquellas mujeres que ya no están con nosotras, pero cuya alma es incandescente.
Este proyecto va en esa dirección. Por eso, los llamo a aprobarlo.
He dicho.
-Aplausos.";1
"75";"21565";159;2023;3;"CAMAÑO";NA;"El señor CAMAÑO.-
1
Señor Presidente, hoy en esta Cámara volvemos a hablar de femicidio, problema que todavía está pendiente en nuestro país, ya que en Chile para nadie es un secreto que las mujeres viven y crecen con miedo a ser víctimas de algún ataque.
Hoy, a dos días del Día Internacional de la Mujer, en Chile, este 2023, ya se registran seis femicidios consumados y treinta y seis frustrados. Estamos hablando de cuarenta y dos mujeres que tuvieron que ver cómo sus parejas quisieron acabar con su vida.
Este tipo de proyecto es necesario y noble, porque se hace cargo de los hijos de aquellas mujeres que perdieron la vida a manos de sus parejas, hijos que, debido a esta horrible circunstancia, quedaron a la deriva, ya que perdieron a la persona que, quizás, es la más importante de su vida.
Para los hijos de mujeres víctimas de femicidio no es fácil continuar después de algo así, porque muchas veces quien terminó con la vida de sus madres fue su propio padre.
Es por esto que creo que, como mínimo, el Estado debe responder, porque llegó tarde, porque permitió que la violencia quedara impune y se llevara la vida de una mujer inocente.
Hoy vamos a votar a favor este proyecto, porque es lo mínimo que podemos hacer por los hijos de víctimas de femicidio. Pero con esta votación no les vamos a devolver a la víctima ni tampoco vamos a cambiar este mundo.
En Chile aún falta que el Estado frene la violencia que día a día viven las mujeres, esa violencia que destruye familias, hogares e ilusiones de vida de personas que vieron cómo cobardes le arrebataron la vida a uno de sus seres queridos.
Ojalá que este proyecto contribuya en aquello. Aún hacen falta más esfuerzos para hacer de esta sociedad una sociedad más segura y más sana para todas las mujeres de nuestro país, y para eso todavía nos queda mucho camino por recorrer.
He dicho.";1
"76";"21565";161;2023;3;"ASTUDILLO";"doña Danisa";"La señora ASTUDILLO (doña Danisa).-
Señor Presidente, quitar la vida es un crimen atroz, pero quitar la vida de una mujer por su condición de tal nos deja en las puertas de la barbarie.
Hoy nuestro deber con el país y las generaciones que vendrán es tomar decididas acciones para el “nunca más”, una decisión que tiene una doble dimensión: de sanción ejemplarizadora para los culpables y también de apoyo y reparación a las víctimas.
Es por eso que hoy anuncio mi firme apoyo al proyecto de ley que establece un régimen de protección y reparación integral en favor de las víctimas de femicidio y sus familias. Tenemos una enorme deuda con las víctimas, que no es sino un resabio amargo del machismo que históricamente ha dominado las instituciones del Estado y el poder.
Muy importante además es que se considere a la familia de la víctima también como víctima. Muchas veces olvidamos que esto afecta dramáticamente a todo el círculo cercano de quienes fueron atacadas. Son traumas que para sanar deben tratarse colectivamente. Los hijos y padres de la víctima cargan un enorme peso que debemos ir aliviando, no para olvidar, sino para poder seguir viviendo, y necesitan un apoyo público, que se expresa en tres grandes dimensiones: legal, para perseguir y condenar a los responsables; psicológico, para poder enfrentar la tragedia, y económico, para seguir viviendo.
Hoy tenemos la oportunidad de dar un paso más en justicia, en dignidad para nuestras mujeres; en reparación de daños que no solo son de hoy, sino de ayer, y no queremos que lo sean mañana, una tarea que se la debemos a nuestras hijas y también a nuestros hijos, que deben crecer y desarrollarse en un ambiente de respeto y empatía.
Para que no tengamos que lamentar más femicidios debemos actuar hoy con medidas como esta. No es una
1
solución mágica, pero es un paso adelante en el largo camino que aún debemos recorrer para llegar a ese mejor Chile que anhelamos.
He dicho.
-Aplausos.";1
"77";"21565";163;2023;3;"BENAVENTE";NA;"El señor BENAVENTE.-
Señor Presidente, antes de entrar en el proyecto mismo, quiero, a modo general, hacerme cargo de algo que se dijo hace poco. Una diputada manifestó que ella no se olvidaría de sus colegas cuando tratáramos la violencia de género.
Quiero decir a esa colega que sí, es cierto, este es un tema que tenemos que asumir todos como sociedad. Pero es importante asumir también que hay quienes no se deben olvidar de la violencia de género.
Primero partamos por aquellos colectivos feministas que se hicieron presentes en algunas marchas del 8M y que a centímetros de las caras de las carabineras les gritaban, desafiantes y de manera violenta: “nunca paca”, junto con otras palabras que son irreproducibles y no procede emitirlas en este Poder Legislativo.
Y ni hablar de aquellas carabineras que resultaron gravemente lesionadas por el lanzamiento de bombas molotov en manifestaciones instigadas y promovidas por quienes están enfrente.
Entrando en la materia que nos ocupa, celebro que en la comisión se hayan suprimido o corregido muchas disposiciones contenidas en este proyecto que eran abiertamente inconstitucionales o vulneraban principios básicos del derecho y reconocidos en tratados internacionales. Sin embargo, quedan algunos puntos oscuros o dudosos, y la iniciativa no se hace cargo de ellos.
En primer lugar, no me parece que la calificación de víctima para los efectos de la reparación pueda corresponder al Servicio Nacional de la Mujer y la Equidad de Género. Siempre una víctima tendrá que ser calificada por una sentencia judicial. Dar esa atribución a otro poder del Estado, cualquiera que sea la coalición que esté gobernando, vulnera un principio básico de nuestro ordenamiento: solo una sentencia puede calificar el delito, la víctima, el victimario y establecer la pena.
Por otra parte, también resulta un poco oscuro que pueda otorgarse una pensión con anterioridad a la dictación de una sentencia. Eso también nos parece un tanto contradictorio.
¿Quién se hace cargo si después esa pensión es quitada por una sentencia que determine que no hay delito? ¿Quién pagó en ese entretanto? Como siempre…";1
"78";"21565";165;2023;3;"JOUANNET";NA;"El señor JOUANNET.-
Señor Presidente, por su intermedio saludo a las ministras de Minería y de la Mujer y la Equidad de Género, y a Máximo Pacheco.
Suscribo muchas de las cuestiones que se han planteado acá respecto al femicidio. Lo que me llama la atención es que, lamentablemente, en este país no hemos mejorado mucho en la materia. Si uno mira las cifras históricas del último decenio, estamos entre los cuarenta, cuarenta y tres femicidios al año, y, por tanto, esto no mejora. Esa es la primera pregunta que tenemos que hacer: ¿Por qué no mejora? Algo no estamos haciendo bien.
1
Después, si nos vamos a los homicidios frustrados, estamos igual o peor, porque, de hecho, el año pasado hubo más intentos de homicidio. O sea -reitero-, estamos peor.
Ese es un tema de fondo.
Dado todo lo que se ha hablado en esta sesión y que está presente la ministra de la Mujer, quiero detenerme en una materia que tiene que ver con la violencia contra la mujer.
Acá generalmente se habla de la violencia urbana. Pero voy a aprovechar la oportunidad para pedir a la ministra que empecemos a estudiar la violencia rural. Esa es una violencia muda, porque cuando una mujer grita en el campo, no la escucha nadie, no hay vecinas, y porque además eso se vincula al nivel de alcoholismo allí existente.
Aquí no estoy estigmatizando a nadie ni nada parecido, pero me refiero a la Región de La Araucanía, donde nosotros hoy día estamos conversando con las juntas de vigilancia rural.
Ministra, le pido poner mucha atención a esto.
En la Araucanía existen las juntas de vigilancia rural, que se preocupan de la violencia en todo sentido, y hoy están trabajando el tema de la violencia rural. Esa es una materia que no se trata, no se trabaja fundamentalmente porque se termina urbanizando todo; por tanto, hoy es una cuestión brutal, ya que además no hay denuncias al respecto.
Tanto es así -lo digo con responsabilidadque en muchos casos la mujer les dice a los carabineros: “tráiganmelo cuando ya esté sobrio”, “ahí me lo traen”, y después, por una cuestión cultural, no lo denuncia.
Entonces, quiero aprovechar este proyecto, que naturalmente votaremos, para pedir que nos preocupemos de ese tema.
La mujer rural hoy día está absolutamente en la indefensión. Al respecto insisto en que generalmente hacemos políticas para la mujer urbana, lo que está muy bien, lo saludo y lo felicito; hay mucha capacitación. Sin embargo, en la ruralidad tenemos poco de eso. Yo estoy trabajando en ello hace bastante tiempo con las juntas de vigilancia rural; es un tema.
Por tanto, pido que el Ministerio de la Mujer se preocupe de eso.
Por último, quiero condenar la violencia, toda la violencia, pero sobre todo la que se comete contra los más débiles, entre ellos los niños, los no nacidos y, naturalmente, las mujeres.
He dicho.";1
"79";"21565";167;2023;3;"CORDERO";"doña María Luisa";"La señora CORDERO (doña María Luisa).-
Señor Presidente, simplemente quiero hacer un aporte.
Cuando hablamos de estos temas complicados de violencia en el género humano, echo de menos la asesoría o el aporte de algún colega especialista en conducta humana. Algo está pasando en esta materia.
Quiero contarles que estudié a un grupo de personas con celotipia, en el hospital psiquiátrico. ¿Con qué se asocia la celotipia? En primer lugar, con la ingesta excesiva de alcohol y, contestándole al colega Andrés Jouannet , en el universo mapuche hay una fragilidad genética. El pueblo mapuche no tiene algunas enzimas hepáticas y eso provoca que se dañe el hígado mucho más precozmente que en los huincas, y ahí aparece, como manifestación de la encefalopatía alcohólica, la celotipia y la agresividad, lo que lleva a la ocurrencia de crímenes como el que relataron hace poco en la Sala.
Por lo tanto, echo de menos el tema de la patología mental vinculada con esta violencia. La violencia no es normal en los seres humanos. Yo creo que somos esencialmente buenas personas, y por eso me molesta un poco que un tema que es psicopatología pura sea visto como un panfleto político. Reitero que eso me incomoda.
1
Hay casos en que la mujer es la celosa, la mujer que sufre el síndrome de Medea, que era una bruja, polola de Jasón. En la leyenda de Jasón y los argonautas, Jasón le puso los cuernos a Medea y esta tuvo una celotipia aguda que hizo que en vez de matar al cabrón que le puso los cuernos, mató a sus propios hijos. En Santiago tuvimos el caso de una mujer que asesinó a uno de sus hijos y al otro lo dejó baldado. Dañó a sus hijos por celos. Esto lo menciono porque siempre, cuando hablamos temas de…
(Un diputado interrumpe a la diputada Cordero)
Podrían tratar de no interrumpirme, porque es muestra de mala educación. Se acerca el Día de la Mujer; sean más respetuosos, aunque sea por la víspera del 8 de marzo.
Señor Presidente, por su intermedio, le digo a la ministra de la Mujer, a la que le encanta conversar con los hombres -la felicito-, que consideremos también el tema de la patología mental, porque estos sesgos ideológicos y panfletarios son muy incómodos. Uno también quisiera que se castiguen a las Medeas, a las mujeres que andan matando a sus hijos por celos con el marido o con la pareja.
Me parece muy pobre sesgar y cosificar un tema que es mucho más amplio y complejo.
He dicho.";1
"80";"21565";169;2023;3;"ORELLANA";"ministra de la Mujer y la Equidad de Género";"La señora ORELLANA, doña Antonia (ministra de la Mujer y la Equidad de Género).-
Señor Presidente, intentaré ser lo más breve posible, a efectos de cumplir con los tiempos de esta sesión.
Quiero partir agradeciendo a las diputadas Karol Cariola , Gael Yeomans , Maite Orsini , Pamela Jiles y Camila Rojas ; a las exdiputadas Natalia Castillo y Andrea Parra , a la hoy senadora Alejandra Sepúlveda , y a mis colegas ministras Maya Fernández y Marcela Hernando , que hoy me acompañan, por ser todas las mocionantes de este proyecto que cuenta con el patrocinio del gobierno del Presidente Gabriel Boric.
Quisiera agradecer también las palabras de las y los parlamentarios que han anticipado su apoyo y, por cierto, quisiera referirme a algunas de las observaciones que se hicieron durante el debate.
En primer lugar, tal como señaló la diputada Joanna Pérez , no partimos de cero; no se parte con este proyecto. Si hoy podemos hablar de reparación a víctimas de femicidio es gracias a la voluntad política de distintas representantes y al gobierno de la época, como también al movimiento de mujeres y al movimiento feminista, cuyo avance permitió que en 2010 se tipificara el femicidio. Si podemos hablar de femicidio más allá de las relaciones conyugales reguladas por la ley, es gracias a la ampliación del tipo penal de femicidio el año 2018.
Qué duda cabe de que no partimos de cero y, en ese sentido, el proyecto que se vota hoy se inserta en un continuo de buscar dar respuestas a un problema que antes era silenciado y que hoy debemos abordar con delicadeza. A mí me daría pudor decir que los niños y niñas cuyas madres han sido asesinadas y sus padres están encarcelados son un grupo privilegiado o que se los está privilegiando de alguna forma. Estamos hablando de niños y niñas que en promedio tienen 9 años y que quedan en el más absoluto desamparo institucional. Es importante tener cuidado en la discusión política.
En segundo lugar, tal como lo hemos hecho con todos los proyectos que ha presentado el ministerio, por cierto, estamos abiertos a mejorarlo.
También quiero referirme a la inquietud de algunos parlamentarios sobre el estatus jurídico de los niños, niñas y adolescentes cuyas madres resulten asesinadas. Lo estamos abordando íntegramente, y no solamente en el caso de los femicidios, sino también en toda forma de violencia contra las mujeres, en el proyecto de ley de violencia integral que está actualmente en segundo trámite constitucional en el Senado, que esperamos prontamente
1
vuelva a la Cámara, pues el Ejecutivo ha presentado indicaciones. Esperamos que tenga celeridad, porque se presentó hace 7 años.
En cuanto a la solicitud del diputado Andrés Jouannet , quisiera comentar que, precisamente, porque la violencia no se expresa de la misma forma en zonas rurales que en zonas urbanas, como ministerio hemos trabajado en conjunto con la Subsecretaría de Prevención del Delito para que la encuesta de violencia intrafamiliar, que tradicionalmente se ha hecho solo en zonas urbanas, se aplique también en zonas rurales, para que tengamos respuestas más atingentes a la diversidad de mujeres que habita nuestro país.
Hago un llamado a aprobar este proyecto, cuya tramitación y aprobación en la Comisión de Mujeres y Equidad de Género fue transversal, al igual que en la Comisión de Hacienda. Aquí no hay aprovechamiento de nadie; aquí lo que hay es visibilización de quienes hasta el momento eran invisibles a las políticas públicas, como son los niños y niñas que sufren el asesinato de sus madres.
Ahora bien, respecto de la calificación administrativa, es bueno hablar con los pies en la tierra. En muchos de los casos de femicidios, el femicida se suicida y, por lo tanto, no se inicia juicio alguno, porque para que haya un juicio se necesita poder acusar a alguien. Por consiguiente, de no mediar calificación administrativa, probablemente estaríamos dejando en el abandono, fuera de los beneficios de esta ley, a los más necesitados, es decir, a aquellos niños cuyas madres fueron asesinadas y en que, además, el femicida, su padre, se suicidó.
Ese es el sentido de la calificación administrativa, y quiero recalcar que, en nueve años, nunca una calificación inicial del Servicio Nacional de la Mujer y la Equidad de Género ha sido revertida posteriormente por un tribunal; por el contrario, cuando eran desestimadas, fueron agregadas, y por iniciativa del Ejecutivo se han establecido los mecanismos para revertir la calificación de la pensión para niños y niñas en caso de que esta hubiera sido mal asignada, como ocurre con todos los recursos.
El sentido de la calificación administrativa tiene que ver precisamente con la concurrencia de suicidios junto con los femicidios, que impiden que se desarrolle un juicio. Estamos buscando a los niños más necesitados de toda esa política.
Hay muchos otros temas por abordar, pero los invito a que podamos conversar respecto de la ley integral en contra de la violencia hacia las mujeres, que ingresó hace siete años al Congreso Nacional. Ya hemos aumentado en un 18 por ciento sus recursos, y esperamos que pronto vuelva a esta Cámara para discutir no lo que ocurre después de un femicidio, sino para hacernos cargo de toda la ruta de la prevención.
Muchas gracias.
-Aplausos.";1
"81";"21565";182;2023;4;"SANHUEZA";NA;"El señor SANHUEZA.-
Gracias, Presidente.
La Comisión de la Mujer y Equidad de Género aprobó en general y en particular, en forma unánime, el proyecto de ley en discusión, que fue iniciado en moción de las Diputadas Karol Cariola , Pamela Jiles , Maite Orsini , Camila Rojas y Gael Yeomans , así como de las ex Diputadas señoras Natalia Castillo , Maya Fernández , Marcela Hernando , Andrea Parra y de la actual Senadora Alejandra Sepúlveda . Está conformado por nueve artículos permanentes y dos artículos transitorios, y dada la urgencia de ""discusión inmediata"" que le fue asignada, fue discutido en general y en particular por la Comisión.
La iniciativa contempla un sistema de atención y reparación integral de las víctimas de femicidio y suicidio femicida, que se configura con las siguientes cuatro medidas:
Primero, en el artículo 4 se establece que los órganos del Estado, en el ámbito de sus competencias, velarán por adoptar medidas para facilitar la atención y reparación de las víctimas de femicidio, explicitándose que estas serán consideradas preferentemente en el acceso a las prestaciones de protección social de las que sean usuarias.
Segundo, en los artículos 5 y 6 se regula el derecho a pensión de los hijos e hijas de las víctimas de femicidio o suicidio femicida. La pensión tendrá un carácter mensual y un monto de 160 mil pesos, que se reajustará automáticamente el 1 de febrero de cada año.
La pensión irá en beneficio de los hijos e hijas menores de dieciocho años de las mujeres víctimas de un femicidio consumado o de suicidio femicida.
Corresponderá al Servicio Nacional de la Mujer y la Equidad de Género pronunciarse sobre la calidad de hijo o hija de la víctima, para los efectos de conceder o denegar la pensión. Contra la resolución del Servicio se podrá recurrir conforme a la ley N° 19.880, sobre Procedimientos Administrativos de los Órganos del Estado.
La pensión será pagada por el Instituto de Previsión Social y será compatible con cualquier otra pensión de algún régimen previsional u otro beneficio de seguridad social.
Tercero, en el artículo 8 se consagra el derecho a la protección del trabajo de las ofendidas por el delito de femicidio frustrado o tentado y el fuero laboral.
Cuarto, será causa suficiente para justificar la ausencia laboral de la víctima la comparecencia en cualquier diligencia de investigación o del procedimiento judicial que le atañe, cuando haya sido requerida por las autoridades correspondientes.
La Comisión de la Mujer y Equidad de Género realizó enmiendas al texto despachado por la Cámara de Diputadas y Diputados, las que consisten en clarificar el concepto de ""víctima"" para los efectos de la ley; precisar que el derecho a una pensión corresponde a los hijos e hijas de una víctima de femicidio consumado o de un suicidio femicida; señalar que el fuero laboral regirá desde la perpetración del hecho hasta un año después y que la víctima podrá solicitar la adecuación temporal de sus prestaciones laborales, durante el plazo que dure el fuero, con el fin de permitir su debida reparación y protección. Además, se estableció una obligación de informar sobre el estado de avance de la implementación de la ley a la Comisión de Mujeres y Equidad de Género de la Cámara de Diputados y a la Comisión de la Mujer y Equidad de Género del Senado, y se disminuyó el plazo para dictar los reglamentos del procedimiento de calificación de la condición de víctima y de regulación de la pensión de los hijos y las hijas de las víctimas, de doce a seis meses.
1
Señor Presidente , tal como señalé al inicio de mi intervención, esta iniciativa fue aprobada tanto en general como en particular en forma unánime en la Comisión, con la participación de las Senadoras Allende, Carvajal , Núñez , Pascual y Provoste y de quien habla, por lo que solicito a la Sala que se resuelva en el mismo sentido.";1
"82";"21565";188;2023;4;"LAGOS";NA;"El señor LAGOS.-
Voy a ser bien breve, Presidente.
Tuvimos la oportunidad de despachar este proyecto en el día de ayer, el que, desde el punto de vista financiero, es relativamente sencillo. No irroga gastos fiscales excesivos de modo alguno, dado que el universo de potenciales beneficiarios es reducido; por fortuna, debo decir.
Quisiera en todo caso señalar que, como manifestó el Senador Sanhueza, quien dio el informe de la Comisión técnica propiamente tal, la pensión que se establece alcanza un monto mensual de 160 mil pesos en beneficio de los hijos y las hijas menores de dieciocho años de las mujeres víctimas del delito de femicidio en grado de consumado o suicidio femicida. La pensión se devengará desde que se notifica de la resolución a los beneficiarios y será pagada por el Instituto de Previsión Social.
Ahora bien, esta propuesta tiene varias características que es importante resaltar y a las cuales ya se hizo mención.
Se propone una calificación de carácter administrativo, y no judicial, para el otorgamiento de la pensión. Se trata con esto de establecer una prestación directa para niños y niñas menores de dieciocho años, teniendo a la vista su interés superior, con independencia de la situación penal que le quepa al agresor, en caso de existir un imputado conocido, formalizado y contra quien se inicie un proceso penal.
Como dije, corresponderá al IPS el pago de este beneficio, que tendrá un monto de 160 mil pesos, reajustable automáticamente todos los 1º de febrero en el cien por ciento de la variación que experimente el índice de precios al consumidor, siempre y cuando dicha variación sea positiva, obviamente.
Asimismo, se establecen las condiciones por las cuales se extingue esta pensión, que es al cumplir los dieciocho años de edad, o por fallecimiento del beneficiario o beneficiaria, o por sentencia ejecutoriada que determine que la
1
muerte de la madre del beneficiario no ocurrió producto de femicidio o suicidio femicida.
Es taxativa la ley en proyecto al determinar que la pensión será compatible con cualquier otra pensión y/o beneficio, y que no va a constituir renta o remuneración ni ingreso para efecto de la calificación económica, por lo que tampoco será imponible ni tributable.
Reitero: habrá un reajuste de la pensión una vez al año, todos los 1º de febrero, de un cien por ciento.
Es preciso destacar también que un reglamento dictado por el Ministerio del Trabajo, suscrito por el Ministerio de la Mujer y Equidad de Género y por el Ministerio de Hacienda, va a regular la tramitación, la solicitud, la forma de operación y el pago de la pensión.
Quien ejercerá el cuidado personal del beneficiario deberá presentar una solicitud conforme al reglamento, una vez que se notifique de la resolución fundada que se emita respecto a la calidad de hijo o hija de una víctima de femicidio frustrado o suicidio femicida.
El costo total del proyecto está estimado en alrededor de 800 millones de pesos, que, como expresé, es una cifra relativamente baja para lo que son los volúmenes que considera el Presupuesto nacional.
Por último, debo señalar que la iniciativa fue aprobada en forma unánime por los Senadores Castro Prieto , Elizalde , García , Lagos y Núñez , en los mismos términos en que la despachó la Comisión de la Mujer y Equidad de Género.
Muchas gracias, señor Presidente.";1
"83";"21565";190;2023;4;"PASCUAL";NA;"La señora PASCUAL.-
Gracias, Presidente.
Yo, en primer lugar, quiero valorar y homenajear lo que implica el poder votar a favor de esta legislación.
Esta es una moción parlamentaria que si bien, ya lo decía el Senador Sanhueza, iniciaron particularmente diversas Diputadas, no es menos cierto que tiene su origen en la agrupación de familiares de víctimas de femicidio ""Ni una menos"" y en otras organizaciones de familiares de víctimas de femicidio.
Por lo tanto, desde esa perspectiva, es necesario rescatar el papel que el movimiento de mujeres feministas, en materia de la lucha contra la violencia hacia las mujeres, ha hecho durante tanto tiempo como aporte a nuestro país.
En segundo lugar, quiero destacar que el objeto de este proyecto, indudablemente, es crear y fortalecer las acciones del Estado en la atención y reparación integral de las víctimas de femicidio y suicidio femicida.
Además, la iniciativa constituye un aporte, para los efectos de los derechos consagrados en esta ley, en lo que respecta a las definiciones y consideraciones de víctimas, que son la propia víctima ofendida; los hijos y las hijas de la ofendida; otras personas bajo los cuidados de la ofendida; también la actual pareja sentimental; quienes detenten el cuidado personal de los hijos de la misma, y los que sean considerados como víctimas conforme al artículo 108 del Código Procesal Penal.
El proyecto, asimismo, establece la determinación de responsabilidad de calificación de víctima por parte del Servicio Nacional de la Mujer y la Equidad de Género -quiero destacar, por lo tanto, que con esto se reivindica el tremendo papel que ha tenido la institucionalidad de las mujeres en las políticas públicas, como son el Servicio Nacional de la Mujer y la Equidad de Género y el Ministerio de la Mujer y la Equidad de Género- y mandata la creación de un reglamento visado por el Ministerio de Hacienda para la determinación de estos criterios.
1
La iniciativa además crea cuatro medidas de atención y reparación:
1. Establece que los órganos del Estado velarán para facilitar la atención y reparación, explicitando el acceso preferente a las prestaciones de protección social de las víctimas que sean usuarias.
2. Regula el derecho a una pensión pagada por el Instituto de Previsión Social de 160 mil pesos para cada hijo o hija menor de dieciocho años de la víctima de femicidio o suicidio femicida que el Sernameg haya calificado.
3. También consigna el derecho a la protección del trabajo a través del fuero laboral de la víctima.
4. En la misma línea, dispone que la víctima podrá justificar su ausencia laboral cuando deba comparecer ante cualquier diligencia de investigación o procedimiento judicial.
Asimismo, establece el deber de informar a la Comisión de la Mujer y Equidad de Género tanto de la Cámara como del Senado, en marzo de cada año, sobre el desarrollo y la implementación de esta ley.
Quiero destacar, como modificaciones que la Comisión de la Mujer aportó a este proyecto, las siguientes:
-Se mejora la conceptualización de ""víctima"".
-Se determina que la calificación de víctima, si bien es una calificación administrativa, no tiene efecto en la responsabilidad que puedan establecer luego los tribunales.
-Se precisa en la historia de la ley que las medidas son creadas para que las víctimas de violencia extrema de género puedan pasar también a ser consideradas como víctimas de femicidio consumado y suicidio femicida.
-Se añade también el deber de información.
-Y se acortan los plazos de este reglamento.
Finalmente, solo quiero plantear y valorar que, si bien esta es una moción iniciada por parlamentarias, y en respaldo a las organizaciones de víctimas de femicidio, el Gobierno del Presidente Gabriel Boric, la Ministra de la Mujer y la Equidad de Género, Antonia Orellana -que se encuentra aquí, en esta Sala, y a quien aprovecho de saludar-, han generado el apoyo y el patrocinio a través de una indicación tendiente a promover los recursos que permitan el otorgamiento de esta pensión. Sin dicho respaldo no habría sido posible en este proyecto de ley una pensión tan relevante para los hijos y las hijas de las víctimas, que son también víctimas de una violencia que no solo los hace ser -comillas- testigos de la misma, sino que además resultan profundamente afectados por haber perdido a su madre y porque muchas veces ellos son víctimas de violencia intrafamiliar.
Desde esta perspectiva, creo que hay un aporte respecto a una mejora en nuestra conceptualización de las legislaciones, pero también en lo que significa una atención y una reparación integral, que es lo que más valoro que está haciendo la gestión de la Ministra y del Gobierno del Presidente Gabriel Boric.
Apruebo, por supuesto, Presidente .
Muchas gracias.";1
"84";"21565";192;2023;4;"CARVAJAL";NA;"La señora CARVAJAL.-
Gracias, Presidente.
La verdad es que, en primer término, quisiera hacer un llamado a los colegas Senadores y las colegas Senadoras que no están en la Sala.
1
Creo que este es un proyecto que reviste la mayor relevancia, puesto que se pone en el lugar de cientos, de miles de niños que a lo largo de la historia han sufrido la peor pérdida que un ser humano podría ser capaz de soportar, que es la muerte de una madre.
Considero que tomar conciencia, hacerse eco y consagrar esto en una normativa no solo nos engrandece, sino que nos hace de verdad ser merecedores de la confianza ciudadana, porque estamos haciendo lo correcto y porque necesitamos que lo de ahora sea un eco reproductor que vaya en aumento cada vez.
Yo quiero valorar enormemente -y aquí se ha dicho- la voluntad que ha tenido nuestro Presidente de la República , Gabriel Boric , en darle sentido de urgencia a esta temática, pero además por abordarla de manera correcta, autoridad que está representada aquí por su Ministra , por nuestra Ministra de la Mujer , Antonia Orellana , a quien le quiero agradecer su gestión.
Si bien esta iniciativa refleja la intención a través de lo que representa una moción parlamentaria de hace algunos años, deseo hacer referencia al hecho de que el año 2019, en conjunto con el Diputado Diego Schalper , presentamos un proyecto que iba en este sentido y que no fue recogido en su momento. Pero hoy día creo que nos sentimos muy orgullosos -me imagino- de haber propiciado también en la Cámara de Diputados una iniciativa que va a tener ese efecto que hoy día todos esperamos. Y ojalá que la apoyemos en forma unánime.
El hacerse cargo el Estado de un sistema de protección que garantice derechos a los niños y las niñas cuyas madres son víctimas de femicidio o femicidio frustrado es algo enorme, algo grandioso. Por primera vez el Estado subroga la responsabilidad y hace entender que los niños y las niñas son patrimonio de todas y todos. Aquel es el primer llamado a poder garantizar no solo justicia, sino además protección. Porque -digámoslo claramente- nosotros a lo mejor convivimos diariamente con asesinatos de mujeres, ya que, dicho sea de paso, nuestras regiones, particularmente las que tienen alta ruralidad, son las más impactadas y donde a veces tenemos mayor número de femicidios.
Cómo no recordar a mujeres nuestras que han sido víctimas de aquello. El año pasado, solo en el 2022, si mal no recuerdo, hubo más de cuarenta mujeres asesinadas. Lo menciono dado que en esto además hay que considerar, por supuesto, el elemento de resguardo de muchas niñas y muchos niños al amparo de un familiar, ya que en diversas ocasiones el victimario se suicida y los menores quedan en la más absoluta indefensión. Porque no son pocas las situaciones que han ocurrido en que el padre, la pareja, asesina a la madre y posteriormente se suicida.
Esto, como digo, deja al niño o a la niña en el más puro desconsuelo, pero además en el desamparo total.
Por eso yo creo que este proyecto es de suma relevancia, porque el Estado toma una decisión y se da a la tarea de, donde no hay protección, pasar a ocupar ese lugar. De ahí que considero que este proyecto tiene que ser el primero de muchos que vayan en ese sentido.
Lo señalaba muy claramente la Senadora Pascual: la iniciativa establece ciertas definiciones y, por supuesto, genera determinadas medidas, como es, por cierto, el otorgamiento de una pensión, que constituirá un aporte económico importante hasta los dieciocho años. Lo indicamos o pretendimos avanzar en la Comisión de la Mujer en orden a decir por qué solo hasta los dieciocho años, por qué no hasta los veintitrés y por qué no hasta los veintiocho si la persona está estudiando. Pero ahí, obviamente, hubo una opinión en referencia al otorgamiento de recursos, lo que, a juicio nuestro, hace que en ese sentido sigamos quedando un poco cojos -pero este es un avance importante-, y ojalá que eso obviamente lo pudiéramos revertir.
Sin duda, el derecho a la protección en el trabajo, el derecho a tener prioridad respecto a los beneficios sociales, todo eso va en la dirección correcta. Pero lo importante aquí es que por primera vez tenemos que el Estado de Chile, nuestro país se hace cargo de manera protagónica de lo que significa el amparo, la protección y la justicia para niños y niñas. Ojalá no tuviéramos que legislar en razón de ello; sin embargo, hoy día eso es una realidad y tenemos que abordarla con toda la fuerza.
Como dije, valoro este proyecto, respecto del cual, por supuesto, anuncio mi voto a favor.
Felicito a nuestro Gobierno, y hago un llamado a los colegas a que ojalá sigamos avanzando en estas materias, porque, insisto, es de... toda justicia avanzar con fuerza para no dejar nunca más en desamparo a un niño o una niña, más aún cuando ha sido víctima de un delito atroz, que cala en lo profundo del alma y que nos debe calar a cada uno de nosotros cuando se produce.
1
(se desactiva el micrófono por haberse agotado el tiempo y se vuelve a activar por indicación de la Mesa)...
He dicho, Presidente .
Muchas gracias.";1
"85";"21565";195;2023;4;"PROVOSTE";NA;"La señora PROVOSTE.-
1
Muchas gracias, señor Presidente.
Diana Carolina , 1° de enero del año 2023, comuna de Osorno; Nenerose Destiron, 9 de enero de 2023, comuna de Pedro Aguirre Cerda ; Carmen Rosa Santos , 11 de enero de 2023, San Esteban , Región de Valparaíso; Mariela Andrea Fuentealba , 12 de enero de 2023, Coronel; Ana Beatriz Neipan , 14 de enero de 2023, San Juan de la Costa ; Patricia Elena Zapata , 17 de enero de 2023, Estación Central; Margarita María López , 7 de marzo de 2023, sector Peñuelas ; Alejandra Elizabeth Palma , 9 de marzo de 2023, Concepción; Elsa del Carmen Espinoza , 27 de marzo de 2023, Región del Maule; Marcela del Pilar Pérez , 2 de abril de 2023, Parral .
Son diez mujeres que fueron víctimas de femicidio en lo que va tan solo de este año.
Señor Presidente, esta discusión obviamente da cuenta de que llegamos tarde, porque el Estado tiene el deber de actuar con diligencia para que estos hechos no ocurran.
Y es por eso que yo me alegro de que el día de hoy, en el marco de esta discusión, esté presente la Ministra de la Mujer y la Equidad de Género, Antonia Orellana .
El año pasado fueron más de cuarenta femicidios.
Y quiero insistir en que, a pesar de los avances legislativos, de contar con una ley que sanciona y castiga, de los esfuerzos encabezados por la ex Senadora Adriana Muñoz para establecer las tobilleras electrónicas para que el agresor no se acerque a la víctima, es escaso el número de causas que terminan en estas alternativas.
Insisto: estamos en esta conversación porque el Estado tiene el deber de actuar con diligencia para que estos hechos no ocurran.
Entonces, así como el Estado tiene este deber, también debe ser claro en sancionar a los responsables, en reparar a las víctimas y en establecer garantías de no repetición.
Esta pensión constituye una medida de reparación; una medida que nunca se va a acercar siquiera al hecho de poder vivir y crecer junto a una madre; una reparación económica que en nada va a saldar el hecho de que, simplemente por el hecho de ser mujer, a una madre le arrebaten la vida.
Esta iniciativa establece un régimen de protección y reparación en favor de las víctimas del femicidio y de sus familias.
Nuestra legislación avanzó en la tipificación del femicidio, pero claramente no ha dispuesto medidas psicosociales de reparación directa a las víctimas y sus familias.
Este aporte mensual a los niños y niñas menores de dieciocho años, como transferencia directa, por haber sufrido la pérdida de una madre, insisto, en nada repara el crecer sin ella a su lado.
Voy a votar a favor, Presidente, de esta iniciativa. Lo hice así en la Comisión de Mujer y lo hago hoy día en la Sala.
Pero quiero insistir en que si hoy estamos en esta conversación es porque estamos llegando tarde.
No me cabe ninguna duda de que hoy vamos a aprobar ampliamente este proyecto de ley.
Le pido, por favor, un minuto.
¡Pero qué distinta sería esta conversación si cuando las mujeres denuncian, se establecieran todos los dispositivos de protección!
¡Qué distinto sería si hoy día efectivamente tuviéramos, desde la educación inicial, una formación diferente y entender que nacer mujer no puede ser una condición por la cual se puede terminar de vivir simplemente porque la pareja, el compañero, el esposo, la expareja, le arrebata la vida por el solo hecho de ser mujer!
Entonces valoro esta iniciativa.
Esta transferencia directa para aquellos niños que perdieron a su madre por un femicidio es una exigua medida
1
reparatoria, que ha sido demandada por muchas organizaciones y que viene a saldar una problemática sobre la cual aún nos queda mucho por garantizar en nuestro país.
Voto a favor, señor Presidente.";1
"86";"21565";197;2023;4;"EBENSPERGER";NA;"La señora EBENSPERGER.-
Gracias, Presidente.
Es difícil votar en contra de este proyecto y no estar de acuerdo con él. Pero tampoco debemos perder el objetivo que persigue.
Entiendo que lo que este proyecto persigue, o debiera perseguir, es proteger a los niños y niñas que hayan quedado huérfanos producto de un femicidio. Y frente a eso, nadie puede estar en contra.
Sin embargo, nuestro ordenamiento jurídico nos asegura la igualdad ante la ley.
Entonces, si el objetivo es proteger a nuestros niños, ¿por qué vale más un menor cuya madre muere producto de un femicidio, que otro cuya madre pierde la vida a manos de una tercera persona en un homicidio con violación, por ejemplo? ¡El niño quedó igual de huérfano! Perdió, en un hecho tan dramático como el femicidio, a su madre.
¿Por qué el beneficio se aplica solo al niño que queda huérfano de madre? ¿Qué pasa si la madre mata al padre? El menor también sufre ese drama. ¿Por qué no ayudamos a ese niño?
Presidente , esta misma reflexión la hice un tiempo atrás cuando aprobamos una pensión de gracia para los niños que quedaban huérfanos a raíz del COVID.
¿Por qué es más grave perder a una madre por COVID que por un cáncer u otra enfermedad?
De verdad, no logro entender cómo diferenciamos un bien jurídico de otro, si el bien jurídico que está detrás de todo esto es la vida y, por otro lado, lo que se quiere es ayudar a los niños, niñas y adolescentes que han quedado huérfanos, independiente del delito que los llevó a quedar en esa condición.
Y eso me hace ruido. ¡Me hace ruido!
¿Por qué vale más? ¿Por qué tenemos que ayudar prioritariamente en la ley a un niño que queda huérfano producto del COVID, por encima de aquel cuya mamá o papá murió de cáncer, atropellado o de cualquier otra enfermedad?
Y en este caso, ¿por qué tenemos que priorizar la ayuda en esos niños cuyas madres fueron objeto del delito de femicidio y no en los hijos cuyas madres mataron a sus padres o cuyos padres murieron a raíz de otro delito? ¿Por qué priorizamos a unos niños por sobre otros cuando, como Estado, debiéramos tender a proteger a todos aquellos menores que, habiendo sufrido la pérdida de un padre, carecen de la solvencia económica para poder salir adelante, y quedan solos y abandonados?
Creo que proyectos de esta naturaleza -vuelvo a decirlo- son necesarios, pero también lo son otros.
¿Por qué no respetar la igualdad ante la ley? ¿Por qué no ayudar a todos los niños, si eso es lo que queremos proteger? ¿O lo que se busca con este proyecto es otra cosa?
Yo de verdad me lo cuestiono.
Y vuelvo a decírselo, por su intermedio, Presidente , a la Ministra : no se trata de decir: ""Estoy en contra de la ideología de género"". ¡No! Mismo cuestionamiento me hice cuando aprobamos las pensiones de gracia para todos
1
los niños huérfanos por COVID. ¿Por qué un niño que quedaba huérfano por COVID era más importante que aquel que quedó en tal condición porque su mamá murió de cáncer, con todo lo que eso significa también?
¡Igualdad ante la ley!
Por todos los niños que necesitan nuestra ayuda y que han quedado huérfanos, independientemente de la causa, debiéramos avanzar en ayudarlos, darles esta protección y no privilegiar a unos sobre otros.
Gracias, Presidente .";1
"87";"21565";199;2023;4;"CHAHUÁN";NA;"El señor CHAHUÁN.-
Señor Presidente , Honorable Sala, por supuesto vamos a aprobar este proyecto que, sin lugar a dudas, se pone en los zapatos de las mujeres víctimas de femicidio y también de sus familias, de sus hijos.
Me parece que avanzar en un sistema de protección legal para los hijos e hijas de las mujeres víctimas de femicidio va en la dirección correcta.
Lo que está haciendo el Estado es dar la señal de que esas familias no quedarán en el más completo abandono.
Y en ese contexto, por supuesto, frente al aumento de la violencia de género, tenemos que ser actores relevantes en términos de decir ""Nunca Más"", con mayúsculas, y el Estado debe dar una señal potente para poder enfrentarla.
Quiero felicitar a los autores de la iniciativa, así como también al Ministerio, pues creo que ella va en la dirección correcta, y espero que prontamente sea ley de la república.
Me impactó también la intervención de la Senadora Provoste -por su intermedio, Presidente -, donde da cuenta de mujeres, con nombres y apellidos, que han sido víctimas de violencia de género.
Y nosotros tenemos que ser capaces desde el Congreso Nacional de levantar esa política pública para decir que ese ""Nunca Más"" se escriba siempre con mayúsculas.
Por lo tanto, para evitar el abandono de las víctimas, el Estado tiene que hacerse cargo.
Voto favorablemente.";1
"88";"21565";201;2023;4;"HUENCHUMILLA";NA;"El señor HUENCHUMILLA.-
Señor Presidente , la verdad es que me motivó la intervención de nuestra colega Luz Ebensperger , pues plantea adecuadamente la cuestión jurídica que subyace en este proyecto de ley y toca uno de los temas más profundos en el derecho público en torno a cuál es la responsabilidad del Estado en estas materias.
Efectivamente, hay un problema de igualdad ante la ley cuando el Estado se va por un camino y no por otro, o beneficia a unos y no a los otros.
Yo creo que esa es una decisión de política pública, donde el Estado decide privilegiar a un sector de la población que sufre estos daños, producto de un delito, simplemente por una consideración de política pública, de focalización, para intervenir y favorecer.
1
La cuestión es que, cuando se comete un delito, el delincuente responde con la pena del Código Penal, así como también con la responsabilidad civil por los daños causados. Por tanto, tanto la responsabilidad penal como la civil recae en el delincuente.
¿En qué minuto puede entrar el Estado, subsidiariamente en este caso, a responder en términos de responsabilidad civil extracontractual?
Hay jurisprudencia en la Corte Suprema, por ejemplo, con la sentencia que se dictó en el sur respecto del caso Luchsinger-Mackay, donde el máximo tribunal acogió la demanda de indemnización de perjuicios, interpuesta por la familia, en razón de la falta de servicio.
Seguramente mi colega Ebensperger me entiende perfectamente...
(La Senadora Ebensperger asiente con la cabeza)
Me dice que es así.
Esta cuestión de la responsabilidad extracontractual del Estado ha sido largamente debatida entre las doctrinas.
Me acuerdo que en un principio el profesor Soto Kloss tenía una determinada línea. Después eso cambia con los profesores Pedro Pierry y Urbano Marín , cuando ambos fueron miembros de la Corte Suprema, con respecto a cuándo al Estado, en la doctrina objetiva y subjetiva de responsabilidad, le corresponde responder frente a los daños por el hecho de que la obligación de darle seguridad a la población le pertenece al Estado.
Y acuérdense ustedes cuando estudiamos la formación del Estado moderno en la universidad -y leímos a Hobbes- que todos nos desprendemos de nuestras cosas y le encargamos al Estado, al Leviatán, que nos proteja. Y después Locke dijo: ""Le entregamos todo, menos la libertad"".
De ahí surge el Estado moderno, la responsabilidad del Estado de darnos protección.
Bonito tema el debate que tuvimos anoche.
Yo no me quise meter, pues estaba como Vicepresidente en la Mesa, pero escuchaba la discusión que se abría.
Y ahí había un tremendo tema: el Estado debe darnos seguridad, para lo cual tiene agentes e instituciones -en este caso, la policía-, a quienes les encomienda proteger a los ciudadanos, dotándolos de facultades, de responsabilidad y de las armas.
Entonces, ¿cómo se da la responsabilidad ahí? Y ayer estaban estas ideas detrás de lo que largamente debatimos.
Termino, señor Presidente, señalando simplemente que la Senadora tiene un punto que comparto.
Pero es una política de Estado decir selectivamente: ""Mire, voy a ayudar en esta línea y no lo voy a hacer en esta otra"". Porque cuando se toma la opción de ayudar a unos, lógicamente se deja de apoyar a otros. Como dicen los economistas, ""costos alternativos por un lado y por el otro"". Y Hacienda, en materia de platas, siempre tiene la última palabra.
Solamente quise explicar eso, señor Presidente, para contribuir al debate que inició la Senadora.
Muchas gracias.";1
"89";"21565";203;2023;4;"ELIZALDE";NA;"El señor ELIZALDE.-
Gracias, Presidente.
1
Quisiera, en primer lugar, felicitar a la Ministra Orellana .
Creo que esta iniciativa es muy importante y, por cierto, representa un primer paso, perfectible en el futuro, para establecer un régimen de protección y reparación integral en favor de las víctimas de femicidio y sus familias.
Es muy relevante tomar conciencia de que este proyecto no resuelve el problema de fondo, los femicidios que lamentablemente se producen todos los años en nuestro país, que requieren, sobre todo, una política preventiva para tomar conciencia de la necesidad de erradicar toda forma de violencia contra la mujer, particularmente cuando esta se desarrolla en el marco de una relación de pareja.
Este proyecto se hace cargo de la necesaria protección que se debe otorgar a las hijas e hijos de aquellas mujeres que han sido asesinadas en el contexto de un femicidio o que han sido víctimas de suicido femicida.
Comparto el punto de vista planteado por la Senadora Ebensperger, porque cuando se habla de una política integral de protección a los familiares de las víctimas obviamente en el futuro se podrían incorporar otros tipos de hipótesis para todos aquellos que pierden a sus madres.
Pero, al mismo tiempo, me parece necesario partir con este tipo de políticas públicas y concentrarnos en una situación especialmente dramática, que es la que dice relación con el femicidio.
Insisto: esto viene acompañado con una serie de otras políticas que han estado implementando no solo este Gobierno, sino también los anteriores, y que implican generar conciencia, que las mujeres se empoderen, que tomen conciencia de sus derechos y, lo más importante, que esa toma de conciencia implique cortar a tiempo situaciones de violencia que lamentablemente muchas veces llegan al extremo de costarles sus propias vidas.
Eso implica una política integral de protección y de prevención en todos los ámbitos, que debe ser impulsada por el Gobierno, asumiendo que hasta ahora las cifras no son del todo alentadoras, al contrario; y por tanto, se requiere reforzar estas iniciativas.
Voy a votar a favor del proyecto de ley.
Valoro el trabajo que está haciendo la Ministra Orellana, que es muy importante.
Y reitero que este es un primer paso, que debiera verse fortalecido y reforzado con iniciativas futuras en este mismo sentido.
Voto a favor.";1
"90";"21565";205;2023;4;"WALKER";NA;"El señor WALKER.-
Muchas gracias, Presidente.
Simplemente quiero señalar que voté favorablemente este proyecto de ley, en segundo trámite constitucional, que establece un régimen de protección y reparación integral en favor de las víctimas de femicidio y sus familias.
Me tocó conocer esta materia en su trámite en la Cámara de Diputados.
Saludo a la Ministra de la Mujer y la Equidad de Género, Antonia Orellana, con quien hemos estado trabajando en la Comisión de Constitución, que preside la Senadora Luz Ebensperger, el proyecto marco por una vida libre de violencia contra las mujeres, una iniciativa muy ambiciosa y que hemos estado votando.
Esta semana aprobamos una norma muy importante, que dice relación con una situación muy contingente que ocurrió en un colegio muy tradicional de nuestro país, y que apunta a las medidas de prevención de la violencia de género en el ámbito de la educación.
1
Y este proyecto apunta a un aspecto específico, que es la necesidad de reparación de las víctimas.
Resulta muy interesante el debate que planteó la Senadora Luz Ebensperger, que siempre es muy rigurosa y hace las preguntas que hay que hacer. Probablemente los que están escuchando esta discusión se preguntarán por qué en este caso debe haber una reparación económica de cargo del Estado a las víctimas de violencia de género y no en otro tipo de situaciones.
De alguna manera, el Senador Huenchumilla -usted, Presidente - lo esbozó en su intervención. Efectivamente, el Estado tiene un deber de cuidado especial respecto de los niños, niñas y adolescentes. Lo dijimos a propósito de la Ley de Garantías, lo dijimos a propósito de la ley del Servicio de Protección Especializada a la Niñez, y yo creo que lo mismo se aplica a las situaciones de violencia de género.
Cuando los modelos de prevención del sistema a cargo del Estado -y me refiero no solamente a los tribunales de justicia, a los tribunales de familia, a las medidas cautelares, como los medios de monitoreo para quienes tienen prohibición de acercarse a una persona que haya sido víctima de violencia intrafamiliar- fallan, obviamente (es un principio general del derecho) que del incumplimiento de una obligación se deriva la responsabilidad, responsabilidad que también puede ser patrimonial.
Surgió toda una discusión en cuanto a la admisibilidad de este proyecto, que irroga, ya sea directa o indirectamente, gasto fiscal, pero la cuestión es que eso ya se resolvió al declararse admisible la iniciativa en la Cámara de Diputados y lo mismo en el Senado.
Por lo tanto, nosotros estamos llamados a pronunciarnos sobre el fondo, y hay que legislar sobre la materia porque, en mi opinión, el Estado tiene este deber especial de cuidado y, por lo tanto, es responsable moralmente, así como patrimonialmente.
Voto a favor, Presidente .";1
"91";"21565";207;2023;4;"LAGOS";NA;"El señor LAGOS.-
Muchas gracias, señor Presidente.
Aprovecho de saludar a la Ministra Orellana , a quien le damos la bienvenida. La tuvimos ayer en la Comisión de Hacienda. Alcanzó a llegar de manera rauda -siempre dentro del límite de velocidad-, lo que se le agradece, para poder despachar este proyecto, calificado con ""discusión inmediata"".
Aparte del informe que rendí en representación de la Comisión de Hacienda, quisiera agregar que la iniciativa ciertamente abre, no algunas disquisiciones en el mal sentido, pero sí un debate jurídico respecto del bien jurídico a proteger, etcétera, tal como señalaba la Senadora Ebensperger, en el sentido de qué hijo, qué padre es el que debe fallecer para aplicar el criterio. Lo entiendo desde el punto de vista de la discusión teórica, pero, en general, uno va avanzando gradualmente en la legislación en materia de reconocimiento de derechos o de reparaciones.
Nos ha ocurrido en otras legislaciones en el pasado respecto de distintos bienes jurídicos protegidos.
Es un tema que planteé ayer en la Comisión de Hacienda en cuanto a cuáles eran los criterios, aunque no quiero entrar a ese detalle.
Sí tomé la palabra para hacer presente -y lo digo con mucho respeto, porque el esfuerzo que se ha hecho es serio- que la reparación es de 160 mil pesos. Hablando con el Senador José García -quiero ser bien justo en esto- nos planteábamos que 160 mil estaba bien, aunque no es una gran suma, pero que tal vez habría que buscar una cifra que tuviera un valor simbólico que se asemejara a algo que le diera un referente y que pudiera ser actualizado en el tiempo, como, por ejemplo, pensar en la línea de pobreza, que en Chile está en alrededor de 217 mil pesos.
Mi intervención, señor Presidente y señora Ministra , es para que, junto con alegrarnos de este paso, tengamos
1
presente que muchas cosas comienzan de a poco y después se expanden. Ahí tienen ustedes el AUGE, que partió con dieciséis patologías y hoy ya tiene ochenta, de distinta naturaleza. De manera que tal vez a fin de año, cuando discutamos la Ley de Presupuestos, avanzar en el reconocimiento sea una prioridad.
Por último, quiero reiterar que este proyecto se aplica a un universo potencial, de acuerdo al informe financiero y lo que son las estadísticas, bien limitado en cuanto a su número, afortunadamente, ¡afortunadamente! Por lo mismo, creo que la reparación podría ser reconsiderada en función de esos guarismos, sin perjuicio de que, junto con preocuparnos correctamente de cómo apoyar y reparar a las víctimas de un femicidio, como son los hijos menores de edad, también veamos -me imagino- la forma de ir, de manera más horizontal, en ayuda y apoyo de otros niños y niñas chilenos menores de dieciocho años que por diversas consideraciones viven también situaciones traumáticas y difíciles de las cuales tienen que hacerse cargo terceras personas (abuelos, tutores, curadores, tíos, legalmente hablando), de modo que igualmente estas reciban un cierto apoyo para poder sacar adelante su labor.
Eso, señor Presidente.
Ciertamente, voy a votar con mucho entusiasmo a favor de este proyecto.
Muchas gracias.";1
"92";"21565";209;2023;4;"ORELLANA";"Ministra de la Mujer y la Equidad de Género";"La señora ORELLANA (Ministra de la Mujer y la Equidad de Género).-
Buenas tardes a todos y todas las Senadoras, por su intermedio, Presidente.
Quiero tomar la palabra, brevemente -lo prometo-, para agradecer el apoyo de los Senadores y Senadoras, así como el apoyo transversal recibido tanto en la Comisión de la Mujer y Equidad de Género como en la Comisión de Hacienda respecto de este proyecto, tal como ha ocurrido con otras iniciativas legislativas impulsadas desde nuestro Ministerio.
Creemos que es una buena noticia para la ciudadanía que nos podamos poner de acuerdo en forma transversal en aspectos tan sentidos como lo ya avanzado en materia de pensiones de alimentos, y hoy, en la reparación integral para las víctimas de femicidio y sus familiares.
Haciéndome cargo del deseo expresado por todos y todas en cuanto a que ojalá esta pensión no fuera necesaria y a que ojalá fuera cada vez menos otorgada -porque significaría que existen menos víctimas-, quiero recordar que nuestra principal prioridad legislativa -y vamos a seguir haciendo todos los esfuerzos, con nuestro equipo, en tal sentido- es la ley integral en contra de la violencia hacia las mujeres, que hemos actualizado. Gracias a la acción de las organizaciones femeninas y también gracias a las distintas generaciones de mujeres legisladoras y los activismos, hoy se pueden debatir otras cuestiones.
Hemos añadido algunas que son relevantes para lo que aquí se discute, como el mejoramiento en el cumplimiento de cautelares; la inclusión de niños y niñas como víctimas y no solo como testigos, y por cierto -a propósito de que cada mujer se sienta acompañada cuando deba denunciar-, un sistema de gestión integrado que esté a la altura de lo que las mujeres necesitan en Chile. Conocemos las cifras y ya sabemos que es un delito. Lo que necesitamos es tener expectativas de que vamos a obtener justicia -para eso estamos reformando la ley- y también garantías de que vamos a ser acompañadas. Para eso hemos aumentado en 18 por ciento el monto contenido en el informe financiero que acompaña esta ley, y también hemos trabajado, junto al Banco Mundial, en un sistema de gestión integrado que se pueda desarrollar en conjunto con los gobiernos locales para que sea posible llegar a todas las mujeres del país, en especial a las de zonas rurales.
Así que nada más que agradecer el apoyo que ha expresado esta Corporación al proyecto, y seguir comprometiendo todo nuestro esfuerzo para que pronto podamos tener una ley marco de prevención y erradicación de toda forma de violencia contra las mujeres.
1";1
"93";"21565";216;2023;4;"TELLO";"doña Carolina";"La señorita TELLO (doña Carolina) .-
Señor Presidente, hace algunas semanas intervine en la Sala sobre este proyecto que crea un régimen de protección y reparación integral a las víctimas de femicidio y sus familias.
Ese día, el 6 de marzo, lamentablemente, ya sabíamos que se registraban seis femicidios consumados y 36 femicidios frustrados en nuestro país. Hoy, transcurrido poco más de un mes, son 10 los femicidios consumados y 63 los frustrados.
Menciono estas cifras por una razón muy importante y es que nos demuestran la importancia de establecer medidas de protección, prevención y reparación que pueden salvar la vida de muchas mujeres en nuestro país.
Esas cifras nos demuestran que la urgencia es real y que debemos estar a la altura, rápidamente, para enfrentarla como Estado.
En la Región de Coquimbo, que represento, ya se registra un femicidio consumado durante este año. Se trata de Margarita, quien lamentablemente se suma a otras mujeres que perdieron su vida y a casi una treintena de mujeres que fueron víctimas en los últimos cuatro años de femicidios frustrados, quienes deben seguir adelante para reconstruir su vida, aunque sufren los efectos visibles e invisibles del largo círculo de la violencia que no solo ha hecho un daño enorme en sus vidas, sino también en las de sus familias.
Queremos cambiar esta realidad con urgencia y, por eso, celebro enormemente que estemos en este último paso legislativo para que el proyecto que establece un régimen de atención, protección y reparación integral para las víctimas de femicidio y sus familias por fin se convierta en ley.
Gracias a las autoras del proyecto y a la labor de la ministra de la Mujer y la Equidad de Género se brindará una pensión a las hijas e hijos sobrevivientes de un femicidio. Y no solo eso, sino que, principalmente, brindará una respuesta pública permanente de acompañamiento, protección y reparación tanto a las víctimas de un femicidio frustrado como también a quienes deben seguir adelante, aunque la vida de quien amaban les fue arrebatada por la violencia.
Hoy es un día de esperanza para muchas mujeres de nuestro país, porque les podemos decir que no estarán solas,
1
pues logramos que el Estado comience a saldar una deuda histórica con las mujeres y esperamos que este sea el comienzo de un desafío más grande: que nunca más debamos lamentar la muerte de ninguna mujer a manos de la violencia machista.
Además, quiero agradecer a la Comisión de Mujeres y Equidad de Género, que me correspondió presidir durante el año pasado, donde por unanimidad acordamos tratar este proyecto.
He dicho.
-Aplausos";1
"94";"21565";218;2023;4;"RAPHAEL";"doña Marcia";"La señora RAPHAEL (doña Marcia).-
Señor Presidente, este proyecto de ley contempla que por primera vez el Estado tenga una política integral de reparación y apoyo a cientos de niños y adolescentes que han perdido a su madre debido a que han sido víctimas de un cruel y cobarde femicidio por parte de su pareja o expareja.
Es relevante señalar que esta iniciativa es un avance importante, ya que, en la actualidad, lamentablemente, no existen lineamientos claros sobre cómo el Estado es capaz de apoyar a los hijos de mujeres víctimas de femicidio ni tampoco a las mujeres sobrevivientes de este horroroso acto.
El proyecto permite avanzar aún más en la consagración de derechos de las mujeres y también en los derechos de la niñez, que son fuertemente vulnerados en el contexto de violencia contra la mujer, la que como sociedad, lamentablemente, no hemos sido capaces de erradicar.
El hecho de encontrarnos discutiendo esta iniciativa en pleno siglo XXI, año 2023, nos demuestra que el Estado y la sociedad han fallado y que las políticas de prevención por parte del Ministerio de la Mujer y la Equidad de Género y el Sernameg no son suficientes.
Hoy, en la comuna de Estación Central, una mujer sobrevivió a un intento de femicidio, tras recibir cuatro disparos.
Este hecho demuestra lo lejos que estamos de erradicar la violencia contra la mujer en nuestro país.
Este proyecto no resuelve en nada el problema de fondo, pero es un avance importante. Una pensión de 160.000 pesos no borrará ni la más mínima herida de ese niño que quedará con un trauma para toda su vida. Tampoco le traerá a su madre de vuelta. Un niño, después de un femicidio, queda totalmente abandonado y desamparado en sus derechos esenciales.
Votaré a favor de esta iniciativa, que debe ser el inicio de una real política integral de apoyo a las familias de víctimas de femicidio. No obstante, la iniciativa posee fallas importantes, como, por ejemplo, que la pensión entregada a hijos de víctimas de femicidio sea hasta el término de sus estudios, en circunstancias de que la obligación legal vigente señala que se debe entregar pensión de alimentos hasta los 21 años y, en el caso de que mantengan estudios vigentes, hasta los 28 años, por lo que no se entiende esta discriminación.
He dicho.";1
"95";"21565";220;2023;4;"ACEVEDO";"doña María Candelaria";"La señora ACEVEDO (doña María Candelaria).-
Señor Presidente, el proyecto de ley que hoy discutimos trata sobre políticas y reparación respecto de uno de los crímenes más alevosos que afectan a la sociedad, tanto histórica como actualmente, como son los femicidios.
La ONU ha señalado que la muerte por femicidios no suele ser el resultado de actos azarosos o espontáneos, sino más bien la culminación de la violencia previa relacionada con el género, cuyos principales motivos para los
1
hombres son la posesión, los celos y el miedo al abandono, aunque no de forma exclusiva.
Se potencia en entornos caracterizados por la violencia estructural neoliberal, por el desempleo y por la falta de oportunidades económicas y sociales, siendo las mujeres las más afectadas.
El apoyo a las víctimas con medidas como la transferencia monetaria directa a niños y niñas que pierdan a su madre como consecuencia de un femicidio es clave para recomponer el tejido social afectado por estos crímenes, especialmente de las y los menores afectados.
El delito de femicidio, como también sucede con otros delitos, afecta fuertemente los territorios y a sus habitantes, especialmente a las mujeres. La Región del Biobío, donde se ubica el distrito N° 20, al que represento, ha sido particularmente afectada por este tipo de crímenes, registrándose femicidios tanto consumados como frustrados.
Según datos del Sernameg, del total de femicidios frustrados durante el 2022, 17 ocurrieron en dicha región. Es la cifra más alta de femicidios frustrados registrada en la zona durante los últimos diez años, ubicándose en el segundo lugar en el país, después de la Región Metropolitana. Todos esos delitos han sido investigados por la PDI.
Los femicidios consumados fueron tres, en tanto que este año hemos tenido que lamentar la muerte de dos mujeres, a las que se puede sumar Cindy Ortiz , quien fue encontrada muerta al borde de una carretera en Lebu.
La víctima tenía cuatro meses de embarazo.
Hemos presentado con anterioridad proyectos que ponen énfasis en este delito tan doloroso para nosotras las mujeres.
Por estas razones, llamo a aprobar este proyecto de ley que tiene por objeto la creación y el fortalecimiento de las acciones efectivas y necesarias para la atención, protección y reparación integral de las víctimas de femicidio y suicidios femicidas, incluyendo a las víctimas colaterales familiares en dichas medidas.
He dicho.";1
"96";"21565";222;2023;4;"LEAL";NA;"El señor LEAL.-
Señor Presidente, hay pocos delitos tan detestables como el femicidio. Asesinar a una persona con la que se tuvo un vínculo afectivo, con quien se convivió, con quien se formó familia y con quien se tuvo hijos es un delito tremendo que no merece ninguna piedad de parte del sistema jurídico chileno.
Por eso, voy a apoyar decididamente, con mucha fuerza y con agrado este proyecto, porque hace justicia con cientos de mujeres que han sido víctimas de violencia al interior de sus hogares o con sus exparejas y, además, porque se considera protección para las víctimas de este delito, porque no solo son los padres, sino también los hijos quienes muchas veces quedan en la más completa indefensión.
Por eso, anuncio mi voto favorable al proyecto. Espero que se convierta en ley, para que todos nos sintamos orgullosos y contentos de que estamos defendiendo a las mujeres de nuestro país.
He dicho.";1
"97";"21565";224;2023;4;"BELLO";"doña María Francisca";"La señorita BELLO (doña María Francisca) .-
Señor Presidente, quiero felicitar el tremendo trabajo realizado por las diputadas mocionantes, encabezadas por Karol Cariola , y al Ministerio de la Mujer y la Equidad de Género, que patrocinó y puso urgencia a este proyecto, para que viera la luz lo más rápidamente posible.
1
Este proyecto constituye uno de los avances más importantes para las mujeres en los últimos años, ya que el Estado reconoce la obligación de reparar el daño producido a las víctimas de violencia patriarcal por medio de una serie de obligaciones. Si este proyecto se hubiese convertido en ley hace algunos años, la prima de Nicole Saavedra , María Bahamondes , habría tenido acceso a la justicia de forma digna para enfrentar el juicio de femicido de su prima; no habría tenido que encadenarse a la fiscalía ni pasar, posteriormente, por un proceso penal en su contra.
Asimismo, Nabila Rifo no se habría visto expuesta a preguntas sobre su vida sexual en el juicio por femicidio frustrado, y el proceso de reparación para ella y su familia habría sido mucho más digno.
Las leyes no siempre van a evitar que sigamos muriendo a manos de femicidas; sin embargo, pueden establecer dignidad para las familias que deben vivir con esta dolorosa situación. Sí podemos establecer que los hijos de las madres víctimas de femicidio no queden en total desamparo y que reciban, por supuesto, una pensión del Estado.
Voy a votar a favor este proyecto, con toda la convicción de que es un cambio importante para las mujeres de Chile y un paso en la dirección correcta en la reparación de las familias víctimas de femicidio.
Quiero enviar un abrazo afectuoso a las mujeres madres de esas víctimas, porque gracias a ellas, a su empuje y valentía, y a los diputados y diputadas que voten a favor, tendremos una ley de reparación integral para las víctimas de femicidio.
He dicho.";1
"98";"21565";226;2023;4;"MORALES";"doña Carla";"La señora MORALES (doña Carla).-
Señor Presidente, hasta la fecha, según datos entregados por Sernameg, van 10 femicidios consumados; en 2022, fueron 43 los femicidios consumados, y en los últimos 10 años el número alcanza a 431. En esta lamentable lista encontramos a Marcela, de 32 años, con su hija de 4 años; a Ana, de 29 años, con un hijo de 8 años, quien presenció el trágico episodio; Cindy , de 36 años, con un hijo de 7 años; Michelle , de 21 años, con dos hijos, de 7 y 2 años, respectivamente. Me pregunto, qué ocurre con esos niños y niñas que quedan en situación de desamparo luego de la muerte de su madre, considerando que en muchas ocasiones el padre está privado de libertad por ser el homicida, o se suicida en forma posterior al acto criminal, por lo que los niños y niñas quedan desprovistos de cuidados y mecanismos de subsistencia.
Si bien nuestra legislación avanzó en relación con la tipificación del femicidio, hasta ahora no se había dispuesto de medidas de reparación directas para las víctimas y sus familias a nivel normativo. En la actualidad, los hijos e hijas de víctimas de femicidio no tienen ninguna asistencia del Estado y muchos de ellos y ellas carecen de medios mínimos para su manutención.
Es nuestro deber velar por la adopción de medidas para facilitar la atención y reparación de las víctimas de femicidio; el Estado debe otorgar garantías para que niños y niñas que han sido separados violentamente de sus madres puedan obtener las ayudas psicológicas y económicas que les permitan sobrellevar, de una manera u otra, el dolor y el desamparo. Este proyecto es una iniciativa valiosa para abordar una temática que hasta hoy solo había tenido consagración penal.
Estoy a favor de este proyecto, a favor de otorgar una pequeña luz dentro de tanta oscuridad a niños, niñas y sus familias, las que, de igual modo, son víctimas del delito.
He dicho.";1
"99";"21565";228;2023;4;"LILAYU";NA;"El señor LILAYU.-
1
Señor Presidente, estimados colegas, el presente proyecto fue iniciado en moción; gran parte de su articulado era inadmisible por irrogar gasto fiscal. No fue patrocinado por el Ejecutivo y contenía vicios de forma y de fondo por afectar elementos básicos, como la igualdad ante la ley, la presunción de inocencia y el debido proceso. Por lo anterior y por haberse presentado indicaciones en la Sala, el proyecto volvió a la comisión técnica, instancia en la que el Ejecutivo presentó indicaciones sustitutivas que lo modificaron, precisando algunas materias y enfocándose en la manutención de los hijos de mujeres víctimas de femicidios.
Si bien se saneó la inadmisibilidad por haberse aprobado las indicaciones presentadas por el Ejecutivo y se reemplazaron los artículos presentes en el texto inicial, el proyecto continúa presentando importantes deficiencias de fondo. Hay que dejar en claro que establecer un régimen de reparación en caso de un delito en particular podría constituir una discriminación arbitraria, pero es importante señalar que el delito de femicidio es muy grave, porque produce un daño enorme a la sociedad y a las familias que lo deben sobrellevar, por lo cual se deben aumentar los esfuerzos por prevenirlo. Los niños quedan huérfanos de madre, con su padre preso y, generalmente, al cuidado de un familiar. Como ocurre en mi distrito, generalmente son las abuelas quienes se hacen cargo de los niños, como ha ocurrido en el último tiempo en Río Negro, Fresia y Llanquihue . ¿Cómo no apoyar a esas personas para que cuiden de sus nietos? ¿Dónde podrán estar mejor o recibir más cariño si no es al lado de un familiar o un abuelo?
Por ello, siento que debemos apoyar económicamente a esas familias para que esos niños no terminen en otros lugares, donde, seguramente, tendrán un futuro más inhóspito.
Por una razón humanitaria, votaré a favor este proyecto. He dicho.";1
"100";"21565";230;2023;4;"MIX";"doña Claudia";"La señorita MIX (doña Claudia) .-
Señor Presidente, la violencia contra las mujeres es una realidad. Es simbólica, política, económica, psicológica y, por supuesto, física; es decir, lamentablemente, se expresa de distintas formas. La misoginia sí existe, aunque la nieguen algunos, sobre todo los sectores más conservadores.
A pesar de que los medios de comunicación masivos no le presten relevancia, todos los años en Chile son asesinadas más de 40 mujeres y ocurren en promedio más de 150 femicidios frustrados, los cuales han avanzado en alza sostenida en los últimos años. Mujeres apuñaladas, baleadas, pateadas, apaleadas, violadas. Así mueren las mujeres víctimas de femicidio en Chile, solo por razón de su género.
Proteger la vida de las mujeres y de sus familias también merece urgencia. Démonos la oportunidad de actuar desde el Estado, porque el Congreso no siempre ha estado a la altura de las necesidades de las mujeres. No olvidemos que fuimos el penúltimo país del mundo en legislar sobre el divorcio, el que contemplaba causas como la violencia en el matrimonio. Su tramitación fue fuertemente trabada por los sectores conservadores, incluido Servando Jordán , expresidente de la Corte Suprema.
Esto es muestra de que en estas materias hemos avanzado muy distantes de la realidad. Si bien desde 2010 tenemos leyes que tipifican el femicidio, no fue hasta 2020 que ampliamos el concepto, señalando que el femicidio no solo ocurre en ámbitos familiares. Por eso tuvo que morir Gabriela , y su madre, Carolina .
Quiero valorar enormemente este proyecto de ley, porque es un avance para las mujeres violentadas y sus familias, especialmente para niñas, niños y adolescentes que cargan toda su vida con la muerte de su madre o con situaciones de violencia machista que presencian. Debemos entender que este tipo de violencia también atenta contra los derechos humanos. EL Estado, hasta ahora, ha sido incapaz de ofrecer solución y protección integral a esas víctimas.
Con esta iniciativa se entregará un monto directo a los niños y niñas que sufran la pérdida de su madre a causa de un femicidio. Esperamos que cuando las condiciones económicas del país mejoren, estemos todos disponibles para aumentarlo en forma significativa.
Por su intermedio, Presidente, les digo a mis colegas que nos hagamos cargo de todos los tipos de violencia e inseguridades. Votemos a favor este proyecto, porque es un tremendo avance en la defensa y protección de los
1
derechos humanos no solo de las mujeres, sino, también, de los niños, niñas y adolescentes.
He dicho.";1
"101";"21565";232;2023;4;"DELGADO";"doña Viviana";"La señora DELGADO (doña Viviana).-
Señor Presidente, según datos de Sernameg, y solo considerando los últimos cuatro años a la fecha, hay 140 mujeres que han sido víctimas de femicidios. Una cifra alarmante que se incrementa si contabilizamos los femicidios frustrados.
Es realmente doloroso que tengamos que discutir una política de reparación, porque eso significa que el femicidio ya está consumado y que estamos actuando tarde. Si bien nuestro país ha avanzado en políticas de prevención y sanción, estamos muy lejos de erradicar estos condenables crímenes, porque, aunque exista la justicia, para la muerte no hay remedio. Tampoco hay consuelo que alivie el dolor de la pérdida de una madre, una abuela, una hermana, una tía o una cuñada.
Víctimas de los femicidios también son el círculo cercano: la familia, sobre todo las niñas y los niños que pierden un pilar fundamental, a la persona que muchas veces cría, cuida y lleva adelante el sustento económico. Este proyecto de acompañamiento y reparación de las víctimas directas y colaterales debe tener un apoyo transversal, porque la violencia de género no discrimina colores políticos ni clases sociales.
Debemos unirnos, apoyarnos entre todas y todos, tomar medidas y generar políticas fundamentalmente para prevenir, pero también debemos estar preparados para defender y acompañar a las víctimas, e intentar reparar el daño ocasionado. Las víctimas de femicidio, de intento de femicidio o de suicidio femicida son mujeres cuyos sueños y proyectos de vida se vieron truncados por la violencia machista, que no solo afecta a nuestro país, sino a todo el mundo; son mujeres a las que se les arrebató la vida, pero jamás se les podrá arrebatar la dignidad.
He dicho.";1
"102";"21565";234;2023;4;"URRUTICOECHEA";NA;"El señor URRUTICOECHEA.-
Señor Presidente, muy buenos días.
Ministra, en este proyecto no hay ni una palabra respecto de cómo solucionar verdaderamente la amenaza, para la seguridad de las mujeres. ¡Ni una sola palabra! Se habla de femicidio, por lo que imagino que usted sabe lo que significa femicidio. Según lo que dice la Real Academia Española , femicidio es el concepto que define que esa mujer fue asesinada por el simple hecho de ser mujer. ¿Cuántos femicidios existen en Chile, ministra, por intermedio del señor Presidente? ¿Cuántos son femicidios comprobados, en que un hombre mató a una mujer por el solo hecho de ser mujer?
¿Por qué este proyecto no incluye a los hombres que se sienten mujeres y que se perciben como tales? ¿Por qué los llaman transhomicidios? ¿Por qué no los llaman femicidios si también son mujeres? Generalmente, las cifras que se exponen en este caso y en muchos otros están abultadas y reconocidas solamente por usted; por nadie más. Está comprobado que en forma bastante ilógica, en este caso y en otros, los números se aumentan hasta el infinito con tal de confundir. Se habla de neoliberalismo y de patriarcado, pero ¿qué tienen que ver? No tienen absolutamente nada que ver.
En Chile, desde el año 2018, se invierten 109.000 millones de pesos para combatir justamente esto. ¿Y cuál es el resultado? Que existen más ataques contra las mujeres. ¿De qué sirve invertir tanta plata? ¿Cuál es el proyecto? ¿Cuál es el plan? No tiene ninguno, ministra, por intermedio del señor Presidente.
1
Dicho esto, es evidente que una vez más la perversa, malvada y destructiva ideología de género rompe un buen proyecto que debiese apoyar a las mujeres. Por lo tanto, es evidente que lo voy a rechazar.
He dicho.";1
"103";"21565";236;2023;4;"OLIVERA";"doña Érika";"La señora OLIVERA (doña Érika).-
Señor Presidente, por su intermedio saludo a la ministra que hoy nos acompaña.
Ya hemos hablado sobre este proyecto. Esperamos que hoy se despache a ley, porque sabemos que el Senado también hizo sus modificaciones, que siempre son bienvenidas.
En Chile, en el año 2010, la ley N° 20.480 reconoció la existencia del femicidio como un delito distinto del homicidio común, aunque lo consagró como una forma de parricidio, restringiendo su aplicación a las hipótesis de femicidio familiar. Posteriormente, en 2020, se publicó la ley N° 21.212, que reparó e individualizó definitivamente el tipo penal de femicidio familiar, el femicidio íntimo sin vínculo formal y el femicidio por causa de género, extendiendo además el reconocimiento a la identidad de género de las víctimas.
Se sostiene que la mirada hoy debe enfocarse en otros aspectos de la violencia contra las mujeres, ya que esta no solo se encuentra anclada en las construcciones de poder que ordenan las relaciones sociales entre mujeres y hombres, sino que se extiende para afectar a todas aquellas personas que pueden ser calificadas como víctimas colaterales del femicidio y que tienen relación directa, familiar o afectiva con las mujeres que han sido objeto de la más brutal de las agresiones por causa del género. Hablamos de los niños, niñas y adolescentes que son hijos o hijas, o que están al cuidado de las víctimas, y de todas aquellas personas cuya dependencia económica se ve afectada o cuya integridad física y psíquica sufre las consecuencias de la muerte o del intento de asesinato de una mujer por el solo hecho de serlo.
Esta situación de vulnerabilidad se agrava por cuanto la pérdida sufrida es tanto la víctima como el victimario, pues la primera ve sesgada su vida y el segundo necesariamente debe cumplir con la condena asociada al grave delito que cometió, exponiendo a un número significativo de víctimas colaterales al abandono.
Por eso, valoro las modificaciones que ha realizado el Senado, puesto que ha incorporado, en el artículo 2, “a la madre o al padre de las hijas o hijos de ofendida por el delito, a quienes tengan el cuidado personal de éstos y a la actual pareja de la ofendida que tenga una relación de carácter sentimental sin convivencia.”. Así como esta hay otras modificaciones que ha realizado el Senado, lo cual valoro muchísimo.
Por supuesto, llamo a votar a favor este proyecto y a que entendamos de una vez por todas que la violencia hacia la mujer y la violencia de género son una realidad. No podemos seguir colocándonos una venda en los ojos y negar esta realidad.
He dicho.";1
"104";"21565";238;2023;4;"MOLINA";"doña Helia";"La señora MOLINA (doña Helia).-
Señor Presidente, según los datos entregados por el Servicio Nacional de la Mujer y la Equidad de Género, enero de 2023 ha sido el principio de año con más víctimas por femicidios consumados en más de una década, con seis víctimas de violencia femicida, además de dieciocho femicidios frustrados. Hoy, nuevamente, tuvimos un nuevo femicidio frustrado, porque en Estación Central una mujer recibió cuatro tiros en su cuerpo, disparados por su expareja.
Chile necesita mayores instrumentos legales que faciliten la labor estatal, para prevenir, erradicar, sancionar y
1
reparar la violencia machista que viven las mujeres. Estamos al debe, ya que nuestro país ha firmado y ratificado tratados internacionales que obligan al Estado a hacerse cargo de estas materias, como la Convención de Belém do Pará, que exige al Estado a través de una ley marco la incorporación de medidas para la erradicación de la violencia. Aun así, no contamos con una ley integral para una vida libre, sin violencia, toda vez que el proyecto que la establece lleva cuatro años de tramitación en el Senado. Esperamos que pueda ser despachado prontamente.
En este sentido, este proyecto de ley se hace cargo del abandono del Estado a las víctimas de femicidio y suicidio femicida, entregando atención, protección y reparación por parte del Estado. Por consiguiente, da responsabilidad al Estado respecto de las víctimas del delito de femicidio consumado o del delito de suicidio femicida. Asimismo, en caso de femicidio frustrado o tentado, establece para las víctimas el derecho a la protección de su trabajo, buscando mitigar así el sufrimiento y las secuelas que vive una mujer con sus hijos e hijas, y su entorno.
Se requiere con urgencia una ley que proteja de la violencia de género y una mayor inyección de recursos fiscales en los programas que dependen del Servicio Nacional de la Mujer y la Equidad de Género (Sernameg), como los centros de la mujer, así como también programas de prevención de la violencia, porque sin prevención ni sanciones no vamos a erradicar la violencia hacia las mujeres, que tiene como causa un gran machismo todavía imperante en nuestro país.
Por estas razones, votaré a favor de este proyecto. He dicho.";1
"105";"21565";240;2023;4;"CARIOLA";"doña Karol";"La señorita CARIOLA (doña Karol) .-
Señor Presidente, primero, quiero saludar a la ministra Orellana , que se encuentra presente. Tenemos ministra y podemos hacernos cargo de estos problemas que nos afectan tan gravemente.
También quiero saludar a las autoras y protagonistas de este proyecto de ley, quienes nos inspiraron, en enero de 2021, para presentarlo como iniciativa legal. Me refiero a la Agrupación de Familiares de Víctimas de Femicidio y a la agrupación Ni Una Menos Chile, que se encuentran en las tribunas. A ellas les doy las gracias por su lucha incansable, por poner sus vidas a disposición de trabajar por hacer justicia y por visibilizar lo que hoy hemos llamado con toda la fuerza “los crímenes más brutales del machismo y del patriarcado en nuestra sociedad”.
Tal como sabemos, el femicidio es la expresión más brutal y dolorosa de la violencia machista, que, como han dicho quienes me antecedieron en el uso de la palabra, no tiene solo una expresión, no es solo violencia física, sino también la violencia psicológica, simbólica, política, institucional, además de otras formas de violencia que las mujeres enfrentamos permanentemente, producto de una sociedad machista que incluye a autoridades que se atreven a seguir incentivando distintas formas de violencia.
Hace algunas semanas, durante la discusión de este proyecto en su primer trámite constitucional, un diputado decía que los niños que van a ser beneficiados con esta iniciativa eran unos privilegiados. Ese mismo diputado, hace algunos años, grabó un video en el que decía que las mujeres feas debían ser violadas y agradecerlo, y que quienes las violaban tenían que recibir una medalla por ello.
Señor Presidente, esas son las cosas que motivan la violencia machista; esas son las cosas que incentivan que personas decidan quitarle la vida a una mujer.
Por eso, cuando hablamos de femicidio, no solo hablamos de las consecuencias de una mujer asesinada, sino de sus hijos, de sus hijas, de sus madres, como Nancy, que sigue buscando el cuerpo de su hija que aún está desaparecido. De esa realidad hablamos.
Este proyecto se hace cargo de las familias, de las víctimas colaterales del femicidio y también de las mujeres que son víctimas de un femicidio frustrado. Debemos hacernos cargo de todo, de manera integral, y por eso este es un proyecto de ley de reparación integral.
Agradezco al gobierno del Presidente Boric y a la ministra Orellana por haber patrocinado nuestro proyecto, por ayudar a que una moción se transforme en una ley de la república, porque espero que eso se logre hoy en el
1
Congreso Nacional.
He dicho.";1
"106";"21565";242;2023;4;"ARAYA";"don Cristián";"El señor ARAYA (don Cristián).-
Señor Presidente, probablemente no hay acto más cobarde y deleznable que el que protagoniza un hombre cuando le levanta la mano a una mujer. Al menos, así me enseñaron, aunque muchos digan que esa era una educación machista. A mí me enseñaron que levantarle la mano a una mujer era un acto de cobardía que no tiene nombre.
Por respeto a las mujeres presentes, no voy a decir el término con el que calificábamos esa conducta.
Pero la violencia no tiene género ni color político. Lo digo, porque comprenderán que no estoy acá para recordarles a quienes tengo enfrente de todos los casos de violencia y de abusos que tienen entre sus filas. Y no lo voy a hacer. ¿Y saben por qué? Porque mata el asesino, viola el violador y abusa el abusador.
Esto no es cuestión género. El cobarde que le levanta la mano a una mujer, no lo hace porque sea una mujer, lo hace porque es un cobarde y merece las penas del infierno. Pero después llegan los “progres”, llegan los zurdos y dicen que subir las penas no sirve para nada. Bueno, nosotros pensamos distinto: queremos endurecer la mano; ustedes, lamentablemente, buscan explicaciones sociológicas.
Este pudo haber sido un buen proyecto, se pudieron haber hecho bien las cosas, pero privilegiaron la ideología.
Pudo haber sido, como dicen ustedes, una iniciativa inclusiva, democrática, sin discriminación; pero no, hicieron todo lo contrario y la ensuciaron.
No entiendo por qué los hijos de una pareja, en la que la mujer asesina al padre, no van a poder acceder a estos beneficios. Qué absurdo.
Señor Presidente, votaremos en contra, en la esperanza de que en una comisión mixta se corrija esa injusticia, y hagamos un buen proyecto. Estamos dejando a las víctimas, a niños, fuera de esta ley.
Como dije, votaremos en contra, al mismo tiempo que condenamos con mucha fuerza al cobarde que es capaz de levantarle la mano a una mujer.
Esperamos que se hagan bien las cosas y que todos los hijos e hijas puedan ser beneficiados con esta futura ley y no se les discrimine.
He dicho.";1
"107";"21565";244;2023;4;"CICARDINI";"doña Daniella";"La señorita CICARDINI (doña Daniella) .-
Señor Presidente, hace solo pocas horas, en la madrugada de hoy martes, se informaba de un nuevo femicidio frustrado, de una mujer que habría sido baleada por su expareja en la comuna de Estación Central, sumándose a los 63 femicidios frustrados y 10 femicidios consumados en lo que llevamos del 2023. A eso se agrega el debate por las agresiones y violencia de un jugador de fútbol de uno de los clubes más populares de nuestro país en contra de su expareja.
Retomar este proyecto es retomar una herida abierta y viva en nuestra sociedad, de la que debemos hacernos cargo con todas sus aristas y consecuencias y en todas las formas de discriminación y violencia de género que aún existen en nuestra sociedad.
Este proyecto establece medidas de apoyo para los casos de femicidio frustrado, como el derecho a la protección del trabajo y el fuero laboral de las víctimas desde la perpetración del hecho hasta un año después.
1
También se hace cargo de algo muy doloroso, como es la desprotección de las otras víctimas de un femicidio, como son los hijos e hijas, al establecer un sistema de atención y reparación por parte del Estado, con una pensión mensual para los hijos e hijas menores de 18 años de las mujeres víctimas de estos delitos.
Debemos tener siempre presente y no olvidar nunca que este proyecto aborda una problemática que nace a partir de un horroroso crimen de género, pero que apunta, en uno de los principales objetivos, a velar por el interés superior de los niños y niñas, que debiese ser la meta de todos y todas en el Congreso Nacional.
Por eso, no entiendo a algunos de la vereda del frente, por lo impresentable que resultan la misoginia y la mezquindad con que cuestionan esta medida. Algunos han dicho que van a rechazar este proyecto de ley, acusándonos de querer crear grupos privilegiados, como recodaba la autora de esta moción.
Imagínense llamar grupo privilegiado a niños y niñas que, a la tragedia de perder a su madre, incluso también a la pérdida del padre agresor, que termina suicidándose, deben sumarle el drama de quedar en total desprotección e indefensión en la vida.
Señor Presidente, espero que aprobemos esta iniciativa para que hoy mismo se despache a ley de la república.
Agradezco a la diputada Karol Cariola , a las organizaciones que nos acompañan desde las tribunas, a la ministra Orellana y, a través de usted, ministra, al Presidente de la República, al gobierno, por poner énfasis en esta discusión al patrocinar esta moción, en la plena convicción de que esta era la forma de dar señales claras contra la violencia brutal que a diario viven las mujeres en nuestro país.
He dicho.";1
"108";"21565";246;2023;4;"SANTIBÁÑEZ";"doña Marisela";"La señorita SANTIBÁÑEZ (doña Marisela) .-
Señor Presidente, además de sumarme a las palabras de la diputada Cicardini , valoro el esfuerzo que realizaron durante dos años las diputadas mocionantes. Especial mención merecen las diputadas Karol Cariola , mi querida compañera, y Carolina Tello , que le dio importancia a la discusión en la comisión respectiva.
Con todo, por su intermedio, Presidente, quiero decirle a la ministra que, si queremos avanzar en esto, tenemos que hacerlo con todas las fuerzas de nuestra historia, con todas las fuerzas que nos transmiten las familias están en las tribunas, mujeres que han luchado muchísimo, al igual que las familias que buscan a sus desaparecidos o extraviados. Lo digo a propósito de la ley sobre extraviados -proyecto del cual fui autora, que ya es ley publicada en el Diario Oficial-, pues muchos de los casos de femicidio que se mencionan en la Sala partieron con un extravío.
Voy a mencionar a Fernanda Maciel , porque quizás el de ella sea uno de los casos que más repercute y que más sensible nos vuelve a todas las chilenas y chilenos.
Por eso, la invito a avanzar, ministra, ojalá con todo el Ejecutivo en un bloque máximo, en medidas de protección ante aquellos casos de mujeres que se extravían y que en las primeras 24 horas no son encontradas, pues su situación puede terminar en un femicidio. Por todas ellas, ministra, la invito a tomar esa conciencia, esa que nos indica que no podemos equivocarnos y que no podemos confundir las cosas. Las familias en esa situación son en su totalidad las que sufren.
Se han logrado cosas importantes en el Chile de hoy, y debemos legislar al respecto. Después de dos años, hoy el Congreso podría despachar, para que sea ley, este régimen de protección. Valoro que el Ejecutivo se sume para contener económicamente a las familias de víctimas de femicidio. Cómo no valorarlo, cómo no ser parte de esta lucha y cómo no decir sí a este proyecto.
Pero también es necesario que digamos sí a otros proyectos por los que se lleva luchando muchísimo tiempo. Sé que usted, ministra, también tiene la fuerza para empujar aquello. Por eso le digo, a través del señor Presidente y mirándola a los ojos: es necesaria una ley de extraviadas -sin perjuicio de la ley de extraviados-, ya que muchos casos de mujeres que desaparecen terminan en femicidio, lo que cambia el titular a esa noticia.
1
Por eso, por las familias que están en las tribunas y también por las familias de los extraviados que hicieron una ley, ojalá podamos tomar en serio el avanzar en la lucha por la protección de las mujeres.
He dicho.";1
"109";"21565";248;2023;4;"SÁNCHEZ";NA;"El señor SÁNCHEZ.-
Señor Presidente, tal como ha dicho la mayoría de quienes me han antecedido en el uso de la palabra, no hay nada más despreciable, no hay nada más condenable que un asesinato. Obviamente, tiene especial gravedad el asesinato de una mujer; pero quiero partir señalando que todos los asesinatos son despreciables.
Independientemente de las circunstancias, independientemente de si es hombre o mujer quien mata o de si es hombre o mujer la persona asesinada, todos son condenables.
En nuestra bancada tenemos una convicción muy profunda, que es la de la igualdad ante la ley. Creemos que todas las personas, todos los seres humanos, independientemente de nuestro sexo, independientemente de si hemos nacido aún o no, independientemente de cualquier consideración, somos todos iguales, y todos merecemos protección por el Estado, especialmente en lo relativo a nuestra seguridad.
Sin embargo, respecto de todos nosotros, respecto de todos los chilenos, esa protección ha sido incumplida por este gobierno, que no es capaz de hacerse cargo de la crisis de inseguridad que estamos viviendo en Chile, una de cuyas consecuencias es el asesinato de las mujeres, sea por razones románticas o por otras razones. En realidad, ese también es parte del problema del concepto de femicidio, que encapsula todo simplemente en las dinámicas de pareja, en circunstancias de que el problema del asesinato de mujeres y de cualquier persona es una cuestión de inseguridad y es mucho más profundo que los problemas que puedan existir dentro de una dinámica de pareja, lo cual es demasiado estrecho.
El camino para abordar esta crisis es endurecer las penas -bien lo decía mi colega el diputado Cristián Araya -, un camino que este gobierno y la izquierda en general no quieren seguir. Para qué hablar del proyecto sobre nuevo Código Penal que estamos analizando en la Comisión de Constitución, que lo que hace es bajar las penas. Es una idea que al parecer considera muy buena el Ministerio de Justicia. A mí me parece francamente criminal.
Yendo al fondo de este proyecto de ley en particular, que otorga reparaciones, si el Estado va a hacerse responsable de entregar reparaciones a familiares o cercanos de quienes fueran asesinadas, tiene que hacerse responsable de otorgar esa reparación a las familias de todos los asesinados, no solo a las de algunos. Este no es un tema solo de las mujeres que sean asesinadas dentro del contexto de crisis de pareja o de violencia de pareja, sino de todas las personas que son asesinadas todos los días por el descontrol criminal, por el descontrol migratorio -hay que decirlo también y por el descontrol que existe en las calles, del cual el gobierno no se hace cargo.
El llamado que hago al gobierno es que, si va a asumir su culpa respecto de estas conductas porque la reparación que quiere entregar es porque asume una culpa-, que asuma su culpa respecto de todos los asesinados y de toda la violencia.
He dicho.";1
"110";"21565";250;2023;4;"GONZÁLEZ";"doña Marta";"La señora GONZÁLEZ (doña Marta).-
Señor Presidente, por su intermedio, saludo a las diputadas autoras de este proyecto; saludo a la Comisión de Mujeres y Equidad de Género, a su expresidenta, con quien pusimos en primera prioridad este tema, y a las agrupaciones que trabajaron por años evidenciando este problema y dando a conocer el drama terrible que viven las familias de quienes han sido víctimas de femicidio o suicidio femicida.
1
Es importante entender cuál es la dinámica y por qué hablamos de equidad de género, por qué hablamos de víctimas de femicidio y entenderlo desde un contexto estadístico, pero también en la profundidad que esto conlleva. Es lamentable que los señores diputados republicanos hagan su intervención y salgan de la Sala, sin querer escuchar qué es realmente la equidad de género, qué es lo que realmente se vive en un drama de violencia de género, por qué las mujeres demoran siete años en denunciar una violencia de género y por qué hay frases como “la maté porque era mía”.
La indolencia que hoy hemos visto en las intervenciones de los colegas del Partido Republicanos es inaceptable. Es absolutamente inaceptable, porque la violencia viene de muchos aspectos. Cuando propiciamos una cultura y cuando decimos que hay una cultura patriarcal, tiene que ver con cosas como esta.
Agradezco profundamente la discusión que se ha dado en la Comisión de Mujeres y Equidad de Género, instancia que desde que se instauró en el Congreso Nacional ha podido sacar los nudos desde un Poder judicial y desde una legislación con mirada patriarcal. Esa es una evidencia efectiva y contundente. No es una apreciación ni es un sentimiento que tengamos las mujeres. Es así. Cualquier persona con un mínimo criterio formado en derechos humanos, en equidad de género, en estudiar efectivamente por qué se produce esta violencia y por qué hablamos de femicidio lo tendría medianamente claro.
Por eso, invito a los diputados a que cuando intervengan, lo hagan con los estudios mínimos en la mano y no basados en lo que ellos creen o piensan que es una ideología de género o la equidad de género o por qué se producen los femicidios.
Por respeto a las familias que están presentes, pido disculpas por las intervenciones indolentes que se han efectuado hoy en este hemiciclo.
He dicho.";1
"111";"21565";252;2023;4;"MULET";NA;"El señor MULET.-
Señor Presidente, por su intermedio, saludo a la ministra.
Quiero abordar particularmente un punto en este proyecto tan relevante, que ha abierto una discusión muy profunda y que no deja de llamar la atención.
Algunos colegas preguntan por qué beneficiar con este proyecto de protección y reparación integral a hijos y familiares de víctimas de femicidio y no a todos los hijos y familiares de víctimas de un homicidio; es decir por qué establecer estos beneficios de reparación en el caso del femicidio y no en el de todos los homicidios. Alegan que hay un problema de igualdad ante la ley, y dicen: “vamos a votar en contra, porque aquí hay un desequilibrio, una inequidad”. Creo que se equivocan profundamente, porque no ven la profundidad de este proyecto de ley; no entienden el fondo de este proyecto de ley, que no solamente consiste en otorgar una simple y necesaria compensación económica a hijos y familiares de las víctimas de femicidio. Esta iniciativa tiene que ver con el contexto en que se produce el femicidio. El femicidio y la violencia se dan en un contexto. Cuando la violencia termina en femicidio o en femicidio frustrado, ello se da en un contexto no solo de disgregación entre la pareja, sino también de ruptura de la familia y del entorno. El hijo o la hija de una víctima de femicidio no solo pierde a la madre, sino también, de alguna manera, en ese contexto, al padre o a la pareja de su madre. Asimismo, normalmente hay una ruptura de la familia, por las consecuencias de lo que se produce.
Entonces, es deber del Estado ir en ayuda de ese niño, de esa niña y de sus familiares.
Por eso, este proyecto no viola el principio de igualdad ante la ley, porque hace responsable al Estado en una situación no solo de abandono o pérdida por el femicidio, sino también de pérdida de la familia o su disgregación, o de afectación de una familia completa.
Por lo anterior este proyecto tiene sentido. Por eso, creo que el punto de la desigualdad ante la ley no tiene nada que ver, porque es obligación del Estado estar tanto detrás de los casos que he señalado como de las causas de un
1
femicidio y de los problemas que este origina.
Por lo tanto, es también una legislación con perspectiva de género, que busca corregir, enmendar y provocar los cambios culturales que se requieren para que los casos de femicidio y de femicidio frustrado vayan desapareciendo, como corresponde a una sociedad más moderna.
Por las razones señaladas, votaremos a favor. He dicho.
-Aplausos.";1
"112";"21565";254;2023;4;"VELOSO";"doña Consuelo";"La señora VELOSO (doña Consuelo).-
Señor Presidente, por su intermedio saludo a la ministra de la Mujer y la Equidad de Género, señora Antonia Orellana , y a las autoras de este proyecto.
Creo que nuestro Estado, al igual que muchos otros, está en deuda con las mujeres víctimas de violencia, y aún más con sus familias.
En 2010, por primera vez se reconoció en el Código Penal el delito de femicidio. Si antes solo era reconocido en el contexto familiar, la lucha constante de las mujeres ha permitido que el concepto se vaya ampliando.
Con la “ley Gabriela” , desde 2020 se considera femicidio el asesinato de una mujer a causa de su género, sin importar el tipo de relación que exista con el agresor.
La “ley Antonia” , por su parte, publicada a fines del año pasado, mejora las garantías procesales, protege los derechos de las víctimas de delitos sexuales y busca evitar su revictimización.
¿Por qué nos alegra lo que propone este proyecto de ley? Porque tiene por objeto el establecimiento de una legislación que reconozca también a las familias como víctimas del delito de femicidio, así como de sus consecuencias emocionales y económicas, mediante garantizar medidas de reparación directas. Agradecemos el apoyo del gobierno en ese sentido.
Muchas veces los hijos e hijas de las víctimas quedan a su suerte. Desde ahora podrán acceder, de forma preferente, a prestaciones sociales y a recibir una transferencia monetaria mensual hasta los 18 años de edad.
Es cierto: ningún monto será suficiente y nada traerá de vuelta a las nuestras ni a aquellas madres, pero un Estado presente viene a saldar esa deuda con un mínimo de solidaridad y empatía.
Por eso es lamentable escuchar a parlamentarios y, tristemente, a parlamentarias que han señalado que votarán en contra las modificaciones del Senado; eso han dicho parlamentarios y parlamentarias del Partido Republicano.
Pero no nos sorprende, porque tampoco estuvieron en contra de que se prohibiera el matrimonio con un menor de edad, y tampoco estuvieron a favor de las 40 horas, para mejorar la vida de trabajadores y trabajadoras.
Tampoco van a estar ahora con los hijos e hijas de mujeres asesinadas en manos de sus parejas por razones de género. Alguna vez, por lo menos, debieran buscar el significado de ese concepto en el diccionario, porque siguen repitiendo sandeces desde hace un año, y no han cambiado en nada su relato. Veo que algunos no vinieron a aprender ni siquiera un poco de este tipo de discusiones. Quizás eso se debe, como lo dijo muy bien una diputada, a que luego de que intervienen se paran y salen de la Sala. De hecho, la bancada Republicana está vacía.
Es lamentable que no estén con las mujeres, así como en ningún caso están con la mayoría de los chilenos y chilenas. Ojalá que la gente sepa juzgar en su casa.
Afortunadamente, algunas y algunos seguimos resistiendo y vamos a estar con las víctimas siempre que sea necesario, no solo cuando las víctimas sean de nuestro agrado.
Por Marcela del Pilar Pérez, de Parral; por Andrea Salazar , de Yerbas Buenas; por María Angélica Vallejos y Carmen
1
Troncoso , de Retiro; por María de Jesús Bermúdez, de Curanipe; por Uberlinda del Carmen Leiva , de Parral; por Norma Vásquez, de Linares, y por Claudia Villegas , de Cauquenes, vamos a seguir luchando hasta el último día.
He dicho.
-Aplausos.";1
"113";"21565";256;2023;4;"WEISSE";"doña Flor";"La señora WEISSE (doña Flor).-
Señor Presidente, saludo a las agrupaciones y familiares de víctimas de femicidio que se encuentran en las tribunas.
Nuestra sociedad debiera estar a la altura que se requiere para no tener que legislar sobre compensaciones o beneficios para las víctimas de femicidio y sus familias, así como de cualquier otro tipo de asesinato, delitos que son deleznables y repudiables. Sin embargo, estamos legislando sobre las víctimas de femicidio y sus familias, un hecho de los más graves, o el último en gravedad, cuando se trata de violencia contra las mujeres, respecto del que no podemos hacernos los lesos, porque existe y está vigente. Lamentablemente, todavía estamos lejos de lograr su erradicación.
Entonces, si bien el debate sobre igualdad ante la ley es legítimo, quiero insistir en que estamos legislando sobre el femicidio, que es abordado por esta iniciativa que debatimos en la comisión con mucha seriedad.
En particular, mi duda dice relación con la calificación de víctima o la calificación según la resolución fundada que emite el Sernameg, a través del Ministerio de la Mujer y la Equidad de Género, porque tengo la convicción de que quienes se deben pronunciar sobre la culpabilidad de quienes cometen delito son los tribunales.
Lo anterior se ha resuelto en el Senado, donde se dispuso que esta calificación administrativa no tendrá efecto alguno en la determinación de las responsabilidades que deriven de los hechos. Se consagró, además, que las responsabilidades deben ser establecidas por los tribunales competentes, de conformidad con la ley. Son estos los que deben pronunciarse sobre la culpabilidad y la sanción final.
Ahora, ¿qué se hace mientras se esperan los resultados del Sernameg y del ministerio? Un acto de compensación durante un proceso que puede ser extremadamente largo, de tres años o incluso más. En ese sentido, me preocupé muy bien de ver cuáles eran los resultados cuando los hechos se calificaban, y resultó que el ciento por ciento, según el sernameg, fueron femicidios.
Entonces, lo que hizo el Senado me da relativa tranquilidad, en términos de que no exista una contradicción entre lo que determine un tribunal y lo que se dictamine administrativamente, donde se le otorga al ministerio la facultad para determinar y calificar.
Por lo tanto, en este caso se está proponiendo otorgar algo muy específico. Se ha hablado mucho y se hacen muchas declaraciones. La ley en proyecto establece una compensación económica para las víctimas hasta que
1
cumplan 18 años de edad. No obstante, en caso de que los tribunales determinen que no hubo femicidio, se pone término al beneficio.
No puedo negarme a eso. No porque a otros no se les dé, se lo vamos a negar a las víctimas…
-Aplausos.";1
"114";"21565";258;2023;4;"BÓRQUEZ";NA;"El señor BÓRQUEZ.-
Señor Presidente, un estudio llevado a cabo durante 2022 por investigadores de la Universidad de Valparaíso y de la Universidad Andrés Bello indica que los intentos de femicidio aumentaron en 22 por ciento durante la pandemia.
Asimismo, se detectó un aumento de estos casos en localidades pequeñas y donde había denuncias previas.
Esa lamentable situación afecta especialmente a las mujeres de sectores rurales, como ocurre en el archipiélago de Chiloé, en la provincia de Palena y en la comuna de Cochamó, pues, tristemente, no cuentan con las redes de apoyo disponibles en los sectores urbanos del país.
Pensemos, señores colegas, en mi querido archipiélago de Chiloé, que tiene cientos de localidades, cuarenta islas habitadas, donde las mujeres sufren diariamente por la falta de apoyo, no saben dónde buscar auxilio para escapar de situaciones de abuso.
Durante el mes de septiembre de 2022 la isla de Cahuach, en Quinchao, sufrió un gran impacto a causa del femicidio de Faumelisa del Carmen Chiguay Millaquién , quien fue asesinada por su marido. Este brutal asesino golpeó a su mujer reiteradamente, persiguiéndola mientras ella salió de su domicilio para buscar ayuda, pero no alcanzó: al igual que muchas otras mujeres, su asesino la persiguió hasta matarla.
Es urgente que se establezca un régimen de protección en favor de las mujeres víctimas de violencia de género y de sus familias orientado especialmente a reforzar la actuación del Estado en los sectores más aislados y vulnerables. Pese a lo anterior, considero de extrema necesidad que exista un enfoque orientado a evitar que se produzcan este tipo de situaciones, pues la vida es lo más preciado y no existe forma alguna de recuperarla.
Además, creo necesario que este proyecto pase a una comisión mixta, porque, a mi juicio, debiese proteger tanto a hombres como a mujeres víctimas de un homicidio.
Igualmente, no me parece certero que la calificación de víctima le corresponda al órgano ejecutivo, pues ello debe ser determinado por la justicia.
Por eso, estimada ministra, le pido con mucho respeto que también se apoye al Sernameg en Chiloé, especialmente en la capital provincial, Castro , porque con esto podemos proteger a las mujeres…";1
"115";"21565";260;2023;4;"PÉREZ";"doña Joanna";"La señora PÉREZ (doña Joanna).-
Señor Presidente, por su intermedio saludo a la ministra y también a muchas organizaciones que han luchado por esta iniciativa de ley, pero sobre todo a las familias que han perdido a un ser querido por femicidio.
Este es un muy buen proyecto. Creo que hay que celebrar cuando se trabaja de buena manera.
Cuando formé parte de la Comisión de Mujeres y Equidad de Género, también me tocó trabajar, aportar y escuchar en esta línea.
Al respecto, las modificaciones propuestas por el Senado incorporan dentro de las víctimas al padre o a la madre de las hijas o hijos de las víctimas de femicidio y a la actual pareja de la víctima que tenga una relación sin
1
convivencia, incluso un pololeo, permitiéndose que dentro de las acciones de reparación y atención de las víctimas que originalmente establecía el proyecto de ley se encuentren tales personas. Es decir, todas aquellas personas del círculo más íntimo de la mujer víctima, sus seres más cercanos.
Las enmiendas incorporadas en el proyecto tienen por finalidad limitar la figura del suicidio femicida, puesto que este tipo especial de delitos siempre se manifiesta en grado de consumado y no puede, en ningún caso, ocupar otro grado.
Estas modificaciones van en la línea de lo que se espera para la reparación, manteniendo una pensión, que será concedida a los hijos e hijas de víctimas de delitos de femicidio consumado o suicidio femicida, así como también aclarando el tiempo en que se mantendrá el fuero laboral de la mujer víctima de femicidio frustrado, estableciendo un período para generar esa reparación: desde la perpetración del hecho hasta un año.
Aquí me gustaría pedir a la ministra y a sus equipos que también avancemos en el proyecto que busca eliminar todo tipo de violencia para la mujer. Al respecto, tenemos que hacer un mea culpa desde este Congreso, porque llevamos más de seis años sin poder sacar esa iniciativa presentada en 2017.
Pido a las diputadas y a la ministra que nos escuchemos, porque el respeto entre mujeres también es escucharnos y avanzar en estos temas.
Quiero decir a la ministra que hoy tenemos un caso muy complejo: el de Cindy Ortiz , en Lebú, que todavía no es calificado como femicidio, pero se está analizando. Y cuando ocurre este tipo de violencia, pero los padres de las víctimas son además personas vulnerables que muchas veces carecen de redes de apoyo, ellos se sienten aún más solos y violentados. Lo señalo, porque Cindy llevaba un hijo en su vientre, el cual -aprovecho de anunciarlo a la señora ministra: presentaremos un proyecto sobre la materia-, si se tratara de un caso de femicidio, quedaría fuera de lo establecido en la ley Nº 21.171. Esto, porque uno puede dar sepultura, e incluso el nombre a una persona que no nació por distintos motivos, pero no por femicidio. No podemos soslayar eso.
Por eso, apoyaremos con mucha fuerza este y los otros proyectos que vengan sobre este tema.
He dicho.";1
"116";"21565";262;2023;4;"MARZÁN";"doña Carolina";"La señora MARZÁN (doña Carolina).-
Señor Presidente, por su intermedio saludo a la ministra.
Quiero partir esta intervención señalando que la educación es fundamental para avanzar en ambientes y espacios libres de violencia.
En esta materia se requiere poner el acento en la primera infancia y, continuamente, a lo largo de toda la vida a través de campañas y formas de concientización que releven el respeto, en la tolerancia y la igualdad dentro de nuestras comunidades.
Ahora bien, en 2022, la Red Chilena contra la Violencia hacia las Mujeres denunció ocho femicidios ocurridos en la Región de Valparaíso, cifra en la que no se consideró a aquellos casos que no fueron tipificados como femicidios por la Fiscalía, pero que dicha red evidenció conforme a la ley Nº 21.212.
Frente a esto no podemos quedarnos como espectadores. Es nuestro deber legislar para permitir que en nuestra sociedad se materialice una educación y una cultura contrarias a la violencia, respetuosas con la diversidad de género, respetuosas con las mujeres. Debemos legislar para instalar la prevención, la reparación y la erradicación de la violencia contra las mujeres, facilitando justamente la creación de políticas públicas que permitan la protección de víctimas de violencia de género y sus familias, facultando al Estado para que les dé garantías procesales y la consagración de derechos sociales desde una mirada de reparación integral por aquellas mujeres que ya no están con nosotros, pero cuya alma es incandescente.
1
Sin duda, este proyecto va en esa dirección, ya que establece un régimen de detección, protección y reparación integral en favor de las mujeres que son víctimas de violencia de género. Asimismo, las enmiendas del Senado amplían el concepto de víctima, incluyendo a la pareja que tiene una relación de carácter sentimental sin convivencia.
El Estado debe asegurar el debido acceso a la justicia en los casos de delitos que atentan contra la vida de las mujeres, en concordancia con las obligaciones estatales contraídas por Chile en virtud de la ratificación de tratados internacionales.
Por esto y por todo lo que hemos escuchado en esta Sala, nuestra bancada apoyará este proyecto.
Muchas gracias, ministra; muchas gracias, Presidenta. He dicho.";1
"117";"21565";264;2023;4;"MORALES";"doña Javiera";"La señora MORALES (doña Javiera).-
Señorita Presidenta, desde que somos niñas a las mujeres nos enseñan que la calle en la noche es peligrosa, y que es aún más peligrosa cuando está oscuro o cuando no hay nadie en ella. Porque este miedo no es una realidad que las mujeres empezamos a sentir hace unos pocos años, sino que nacemos con él.
Por eso, en medio del debate nacional por seguridad, lamento profundamente que en la priorización de los 31 proyectos de ley no esté el proyecto de ley integral sobre el derecho de las mujeres a una vida libre de violencia, porque lo que pasa en el espacio privado también es un problema de seguridad.
Las abrumadoras cifras de violencia intrafamiliar nos demuestran que las mujeres no vivimos seguras. En Magallanes, por ejemplo, aumentaron en un 24 por ciento las denuncias de VIF entre 2019 y 2022. Se trata de uno de los tres delitos más denunciados en la región. Aun teniendo campañas de prevención, aun teniendo el Ministerio de la Mujer -ojo, que los republicanos quieren eliminar esa cartera-, aun habiendo aumentado el presupuesto -los republicanos lo votaron en contra-, aun teniendo todos esos sistemas, la violencia intrafamiliar sigue siendo en Magallanes uno de los delitos más denunciados.
Quiero aprovechar este espacio para hablar de Glenda Delgado Cárdenas, madre, mujer e hija asesinada el año 2019 en Punta Arenas.
Su historia no es fácil de contar, pero, a petición de su madre, Ida Cárdenas , lo haré para que, como esta lo exige, siempre recordemos cuánto nos falta todavía.
Glenda fue asesinada en diciembre de 2019 y, a pesar de que había denunciado en reiteradas ocasiones la violencia de su pareja, las medidas cautelares nunca se respetaron. Un calvario que viven día a día cientos de mujeres.
Glenda fue encontrada en un sitio eriazo después de tener un encuentro con su expareja, quien tenía una orden de alejamiento. Tras su muerte, todas las negligencias que se cometieron durante la investigación impidieron recolectar las pruebas necesarias para encarcelar a su femicida. Aquí no hubo perspectiva de género y, por ello, en sus dos juicios, la impunidad ganó y el femicida solo fue condenado por infringir las medidas cautelares y por romper el celular de Glenda. Por ello, Glenda y su familia no solo son víctimas de femicidio, sino también víctimas de un Estado y de un sistema de justicia que no supieron atender sus gritos de ayuda.
Por eso, hoy su madre y sus hijas no pueden ser beneficiadas con esta ley que, si bien celebro, también nos recuerda que necesitamos despachar prontamente el proyecto de ley integral sobre el derecho de las mujeres a vivir una vida libre de violencia, que sigue en el Senado. Ese proyecto lo esperamos ansiosamente, porque las mujeres de Magallanes y de todo Chile llevamos años esperando que nuestra seguridad también se tome la agenda. Requerimos una legislación robusta y con perspectiva de género que nos entregue resguardo para vivir tranquilas dentro y fuera de nuestros hogares.
He dicho.
1";1
"118";"21565";266;2023;4;"ROMERO";"doña Natalia";"La señorita ROMERO (doña Natalia) .-
Señorita Presidenta, saludo a la ministra y a las agrupaciones que están con nosotros.
¡Qué duda cabe de que no hay dolor más grande para una familia que una de sus integrantes sea víctima de violencia de género! Y lo digo así, violencia de género, porque esa es la realidad cuando agreden a una madre, a una hija, a una hermana, a una abuela o a una amiga. Pero me imagino que el dolor es aún más grande si a una de ellas le quitan la vida solo por el hecho de ser mujer. Y eso es algo que, al parecer, algunos en este hemiciclo no lo han entendido.
La violencia, el femicidio, el suicidio femicida son una realidad en cada rincón de nuestro país, en sectores rurales y en sectores urbanos, en sectores altos y en sectores vulnerables. Cuando se mata a la madre, cuando se mata a la hija, cuando se mata a la hermana o a la abuela, se mata a quien es el corazón más importante del núcleo de la sociedad: se mata a la familia. Eso ocurre cuando se mata una mujer en nuestro país.
Invito a aprobar este proyecto que va en directo beneficio de ese Chile profundo, de ese Chile que sufre y que día a día vive la pobreza, de ese Chile que está construido por mujeres, que muchas veces son madres y padres al mismo tiempo, donde las abuelas son las jefas del hogar, a esas abuelas que cada cierto tiempo van a violentar los agresores.
Por eso, mi voto es a favor. He dicho.
-Aplausos.";1
"119";"21565";268;2023;4;"OSSANDÓN";"doña Ximena";"La señora OSSANDÓN (doña Ximena).-
Señorita Presidenta, valoro el objeto de este proyecto de ley, cual es la creación y fortalecimiento de las acciones efectivas y necesarias por parte del Estado para la atención y reparación integral de las víctimas de femicidios y suicidios femicidas.
Hay que agradecer a la ministra y a las autoras del proyecto. Se trata de iniciativas que van en la línea correcta, si bien hay cosas que me parece que se deben perfeccionar. Tal como dijo la diputada Joanna Pérez , debemos avanzar en muchos otros proyectos que están en camino que nos permitan vivir libres de violencia. Y espero que no solo en el caso de las mujeres, sino también de los adultos mayores, de los niños; el país completo tiene derecho a vivir libre de violencia.
Hoy estamos en un punto de inflexión en esa materia y nos estamos haciendo cargo de alguna forma, en la medida de lo posible, al menos desde el mundo legislativo.
Siento que este proyecto es un avance, pero no es el final. Y, en ese sentido, me encantaría referirme a un tema que ya se mencionó.
El sujeto beneficiado con este proyecto es el niño al cual le han matado a su madre. El padre, en el mejor de los casos, estará preso de por vida, por lo que ese niño pierde a sus dos progenitores. Ese niño o niña recibe este beneficio hasta los 18 años. El proyecto no aborda el caso del parricidio, esto es, la muerte del padre, donde también debiese aplicarse el mismo beneficio. Si bien parece que las cifras son bastante menores, me encantaría sellar un compromiso con el Ejecutivo para que en otro proyecto -el actual está bastante avanzadose ponga en la misma línea a esos niños que están sufriendo exactamente la misma situación, porque perdieron al padre y la madre está presa. Al final, el efecto es el mismo para los niños.
Entonces, desde ese punto de vista, me gustaría que la discusión continuara, ojalá con un proyecto de ley de
1
características similares, que protegiera a esos niños que pierden al padre producto de un parricidio. Insisto en que el sujeto de beneficio de este proyecto de ley son los niños, las niñas y los adolescentes, por lo que da lo mismo quién haya matado a quién, porque al final esos niños quedan sin su padre y sin su madre.
Tendríamos una mirada bastante más humana, más completa, si efectivamente pudiésemos solucionar ambas situaciones.
He dicho.";1
"120";"21565";270;2023;4;"SCHUBERT";NA;"El señor SCHUBERT.-
Señorita Presidenta, este es un proyecto de ley difícil de discutir, por lo que invito a que no nos perdamos en esta discusión y tampoco engañemos a la opinión pública. ¿Por qué digo que no engañemos a la opinión pública? Porque este proyecto de ley no va a aumentar las penas ni va a impedir que sigan ocurriendo este tipo de delitos, que son terribles. Van a seguir ocurriendo igual, porque la ley no apunta a impedirlos.
No nos perdamos tampoco en una discusión equivocada. Este es un delito terrible y el hecho de que nos parezca un mal proyecto no quiere decir que nos parezca que el delito no es terrible o que las víctimas no sean víctimas, o que no haya que hacer nada respecto de ellas. El problema es otro.
La discusión aquí radica en la inconstitucionalidad del proyecto de ley. ¿Por qué? Porque no respeta la igualdad ante la ley. El artículo 19, número 2°, de la Constitución es claro: “En Chile no hay persona ni grupos privilegiados.
En Chile no hay esclavos y el que pise su territorio queda libre. Hombres y mujeres son iguales ante la ley.
Ni la ley ni autoridad alguna podrán establecer diferencias arbitrarias.”. Ese es el foco de la discusión, y no las víctimas ni lo terrible del delito.
Entonces, definamos: ¿respetamos la constitucionalidad siempre o solo cuando el proyecto no me agrada? ¿O estoy dispuesto a vulnerarla cuando el proyecto me agrada? ¿Nos importa entonces que este proyecto de ley, aun cuando me agrade, vulnere la Constitución? Este proyecto me agrada, pero vulnera la Constitución.
El diputado Jaime Mulet , quien lamentablemente se retiró de la Sala -expresa su opinión, pero luego no quiere escuchar ni aprender de otros-, dijo que el proyecto no era discriminatorio por el contexto, porque hablaba de una ruptura. Entonces, ¿la constitucionalidad está radicada en el contexto, no en si se ajusta o no al texto constitucional? Si es así y la ruptura hace que sea constitucional, entonces la pregunta es: si el que fallece es el padre y se produce la misma ruptura familiar, ¿se aplica esta norma? La respuesta es no, como acaba de decir la diputada Ximena Ossandón .
Si el contexto es exactamente el mismo, pero el que fallece es el padre, no se aplica esta norma. ¿Es un trato igualitario? ¿Se ajusta a la igualdad ante la ley que señala la Constitución? Esa es la discusión que debemos tener.
Ese es el problema.
Otro problema es el artículo 3, que establece que será el gobierno de turno el que va a otorgar las indemnizaciones calificando quiénes son y quiénes no son víctimas. Eso a mí no me gusta. Además, no se ajusta a derecho.
Asimismo, me acuerdo de las indemnizaciones de los octubristas y de los favores políticos. Creo que no es lo apropiado.
El Senado intercala una indicación que intenta mejorarlo, porque dice que esta calificación administrativa no tendrá lugar en la determinación de las responsabilidades que deriven de los hechos, y que deben ser establecidas por los tribunales. Es decir, siempre. Rara y difícil la redacción.
Acepten, estimados vecinos, que la constitucionalidad es un tema que tenemos en discusión. Así es en democracia.
No vemos la constitucionalidad de la misma forma. No por ser un lindo o popular proyecto va a ser un proyecto que deja de ser discriminatorio. Es lindo, pero es inconstitucional.
1
He dicho.";1
"121";"21565";272;2023;4;"BRAVO";"doña Ana María";"La señora BRAVO (doña Ana María).-
Señorita Presidenta, hoy esperamos que definitivamente se apruebe con una amplia mayoría este proyecto, para despacharlo a ley. Es urgente avanzar en la concreción del actuar del Estado en estas dolorosas materias.
Quiero destacar en este proyecto las medidas que vienen a relevar la obligación de los órganos del Estado de velar por la adopción de acciones para facilitar la atención y reparación de las víctimas de femicidio, las que serán consideradas permanentemente en el acceso a las prestaciones de protección social. Es importante que las víctimas de femicidio sean consideradas como población prioritaria en las políticas gubernamentales.
Con todo, la principal innovación fue establecer una transferencia monetaria directamente a niños, niñas y adolescentes que pierden a su madre como consecuencia de un femicidio, estableciéndose una pensión mensual hasta que cumplan 18 años.
Además, es importante considerar la aprobación unánime por parte del Senado de las enmiendas que está proponiendo a esta Cámara de Diputados, como, por ejemplo, la incorporación de mejoras en el artículo 3 del proyecto, referente a la calificación administrativa de las víctimas por parte del Servicio Nacional de la Mujer y la Equidad de Género, y la incorporación de diversas normas relacionadas con el suicidio femicida.
También es importante destacar que se incorporaron como víctimas de femicidio a la madre o al padre de las hijas o hijos de la ofendida por el delito, a quienes tengan el cuidado personal de estos y a la actual pareja de la ofendida que tenga una relación de carácter sentimental sin convivencia.
Con este proyecto de ley avanzamos en la reparación de las víctimas de femicidio. Seguiremos apoyando de manera comprometida este tipo de iniciativas.
Por el derecho de las mujeres a vivir en un país libre de violencia, el Partido Socialista votará a favor esta futura ley.
He dicho.";1
"122";"21565";274;2023;4;"BELTRÁN";NA;"El señor BELTRÁN.-
Señorita Presidenta, por su intermedio, saludo a la señora ministra y a la agrupación de víctimas de femicidio que nos acompaña.
Concuerdo plenamente con que, en nuestro país, es muy necesario establecer acciones efectivas por parte del Estado para la atención y reparación integral de las víctimas de femicidio.
Felicito al Presidente de la Corporación, quien hace unos minutos tuvo un gesto de caballerosidad al pedir disculpas a un diputado por haberlo interrumpido. Creo que esos son los gestos que debemos hacer en el Congreso Nacional. En ese mismo sentido, hago un llamado a todos los parlamentarios a realizar nuestro trabajo con respeto.
Este tipo de iniciativas no debe politizarse; no es un proyecto de derecha o de izquierda. Este proyecto beneficia a las mujeres y, lamentablemente, a quienes han sufrido las consecuencias del femicidio. No tiene color político.
Debemos pensar en los niños que podrán percibir prestaciones sociales y apoyo económico hasta los 18 años, pero no nos olvidemos que esos niños están desprovistos del amor y cariño de sus padres.
Señorita Presidenta, por su intermedio, solicito a la señora ministra que tenga especial preocupación por la Región de La Araucanía y la provincia de Malleco, que represento, porque tenemos índices preocupantes en la materia.
1
Votaré a favor el proyecto, porque beneficia a las mujeres, las que cumplen roles importantes en la sociedad y en el país.
He dicho.";1
"123";"21565";276;2023;4;"SANTIBÁÑEZ";"doña Marisela";"La señora SANTIBÁÑEZ (doña Marisela).-
Señorita Presidenta, artículos 77, 78, 79 del Reglamento, respecto del quorum en la Sala.
Hice una reunión apuradísima para dar quorum. ¿Se acuerda cuando sonaban los timbres y se cerraban las puertas de la Sala si los parlamentarios no llegaban? Parece que es la única manera que tenemos de entender que somos legisladores.";1
"124";"21565";278;2023;4;"ÑANCO";"doña Ericka";"La señorita ÑANCO (doña Ericka) .-
Señorita Presidenta, por su intermedio saludo a la ministra de la Mujer y Equidad de Género, señorita Orellana , y también a quienes de manera incansable nos han acompañado: a nuestras compañeras, a nuestras madres, a las familias víctimas de femicidio; a la señora Nancy , a Julieta y a todas quienes han estado, día a día, en las tribunas, acompañándonos en el proceso de aprobación de este proyecto de ley.
Hoy tenemos la oportunidad de seguir adelante con este largo proceso. En anteriores ocasiones este proyecto de ley ha sido aprobado de manera casi transversal, y digo “casi” porque todavía hay un sector político que se opone a que la violencia hacia las mujeres deba ser combatida. Los parlamentarios del Partido Republicano han dicho de manera incansable que votarán en contra del único proyecto que protege a los familiares de víctimas de femicidio.
El Partido Republicano se ha opuesto muchas veces a combatir la violencia contra las mujeres. En este hemiciclo han minimizado esa violencia con frases tan sórdidas como que una mujer que ha sido violada no se “desviola”, o que una mujer, por ser fea, debe ser violada. Ese tipo de cuestiones, en una sociedad del siglo XXI, me parecen totalmente inaceptables y condenables.
Por ende, me gustaría invitar a quienes han señalado esas frases a que recapaciten, porque en Chile, día a día, se están violando y matando mujeres. Eso no es algo que esté inventando, sino algo que dicen las cifras. Varias veces ello ha sido mencionado en este hemiciclo.
Estoy de acuerdo con mi colega Juan Carlos Beltrán , que representa a la misma región que quien habla. Este proyecto no es de izquierda ni de derecha; este es un proyecto de todo Chile, un proyecto de Estado, en el que debe primar la salud de las personas y la vida de las familias víctimas de femicidio.
En este sentido, hago un llamado al Partido Republicano a que recapacite. Si dice estar a favor de cuidar la vida de las mujeres, debiese aprobar este proyecto de ley y todos aquellos que pretenden mejorar la situación de las mujeres que hemos sido víctimas de violencia durante toda nuestra vida.
He dicho.";1
"125";"21565";280;2023;4;"BARCHIESI";"doña Chiara";"La señorita BARCHIESI (doña Chiara) .-
1
Señorita Presidenta, las mujeres vivimos con miedo a una encerrona, a que nos asalten, a que nos maten. Mujeres mueren asesinadas por criminales a diario, como también mueren hombres, niños y ancianos. Los asesinos no discriminan.
En la Comisión de Mujeres y Equidad de Género, durante la tramitación de este proyecto, fui levantando una y otra vez la voz y la alerta sobre el contenido ideológico de este proyecto, que lo desvirtúa y que buscaba llenar de contenido político una de las realidades más crudas de nuestro presente: la muerte, el asesinato y los homicidios, que son pan de cada día.
Pero a los problemas reales hay que darles soluciones concretas y no ideológicas. La realidad es que las principales causas de violencia intrafamiliar contra la mujer es la drogadicción y el alcoholismo. En Chile, las mujeres que mueren asesinadas lo hacen en su gran mayoría fruto del narcotráfico, por la liviandad que ha tenido esta misma clase política de no hacer frente a las drogas, a su consumo y a sus efectos. En vez de preferir abordar aquello, prefirieron dotar de contenido ideológico este proyecto, porque para ellos lo importante no son las víctimas; lo importante es hablar de sus ideas de división y de odio.
Si queremos detener la violencia contra la mujer, hagámoslo en serio y en forma coherente, porque de nada sirven los discursos eternos y emotivos contra la violencia contra la mujer si en sus propios ministerios el acoso laboral contra la mujer es cosa cotidiana.
De nada sirve hablar de violencia contra la mujer si ustedes mismas, que se dicen feministas, producto de su arrebato octubrista, decían: “Puta, maraca, pero nunca paca”.
De nada sirve que hablen de violencia contra la mujer si no tuvieron ni un respeto por las mujeres creyentes cuando quemaban iglesias o profanaban a la virgen en la Alameda.
De nada sirve que hablen de violencia contra la mujer si están dispuestas a asesinarlas en el vientre.
Los asesinos matan sin discriminar. La violencia se debe condenar sin discusiones. Las mujeres mueren por las drogas, por los asesinos, por una clase política que no quiere endurecer las penas, no por el género y su ideología.
Condenemos la violencia y reparemos a las víctimas, pero, por sobre todo, trabajemos por que haya menos víctimas. Hagámoslo de verdad, sin ideologías y sin mentiras.
Aprovecho que está presente la ministra de la Mujer para pedir -por su intermedio, señora Presidenta que pueda aclarar las denuncias de acoso laboral a su jefa de gabinete.
He dicho.";1
"126";"21565";282;2023;4;"SOTO";"don Leonardo";"El señor SOTO (don Leonardo).-
Señorita Presidenta, por supuesto que la bancada del Partido Socialista va a apoyar este proyecto de ley, respaldado por este gobierno, que fija un régimen de protección y reparación integral en favor de las víctimas de femicidio.
Lo que hace este proyecto es establecer una contribución para indemnizar o reparar de alguna manera a todas las víctimas colaterales del femicidio.
Como sabemos, el femicidio es la manifestación más brutal de la lacra que es la violencia de género. Es un drama de interés público que ocurre en nuestra sociedad y en la mayoría de los países del mundo, donde las mujeres -es una particularidad de la violencia de género son las víctimas de una violencia machista.
La violencia de género es la base de la diferenciación, a propósito de todo el debate que ha ocurrido aquí en esta Sala. Aquí se ha dicho: “¿Por qué se va a proteger integralmente con una pensión a los hijos o hijas menores de dieciocho años de las mujeres víctimas de femicidio?”. Se trata de comparar y de hacer sinónimos el homicidio en
1
general, por ejemplo, la muerte de un hombre a manos de su mujer, y el femicidio, que es todo lo contrario. La verdad es que no son iguales. El femicidio tiene una particularidad que es muy clara: en primer lugar, en el femicidio, así como en la violencia de género, las víctimas son siempre las mismas: las mujeres. En el homicidio, en el parricidio o en otros tipos de muertes de personas a manos de otras son distintas las personas.
Lo otro tiene que ver con que el único factor de riesgo de los femicidios es ser mujer. Esa es una condición de género que la hace víctima permanente de toda clase de violencia de género.
En Chile, en el mes de abril -ahora mismo ha habido diez mujeres fallecidas por femicidio, asesinadas por sus parejas. Hay sesenta y tres femicidios frustrados. El año pasado también hubo una cifra similar, y algunos lo quieren negar.
Algunos quieren decir que el femicidio y la violencia de género se producen por consumo de drogas. Se producen por una desigualdad estructural en la sociedad que ha colocado a las mujeres como víctimas permanentes de esta clase de delitos.
Por eso, si uno considera que el femicidio debe tener un tratamiento especial, tiene que aprobar este proyecto de ley, que hace una reparación integral de las víctimas colaterales.
No creo que los republicanos tengan una confusión, sino que ellos, simplemente, niegan la situación de violencia de género. A ellos les parece que todos los homicidios son idénticos, en circunstancias de que no lo son, y han dicho que van a ir al Tribunal Constitucional para oponerse a este proyecto. Son negacionistas de las formas más brutales de muertes de mujeres, que no son comparables con ninguna otra.
Anuncio que vamos a aprobar este proyecto de ley. He dicho.";1
"127";"21565";284;2023;4;"PLACENCIA";"doña Alejandra";"La señorita PLACENCIA (doña Alejandra) .-
Señor Presidente, por su intermedio saludo a la ministra de la Mujer y la Equidad de Género, Antonia Orellana .
Quiero contarles que el sábado asistí a la Cumbre Regional de Género en la Región Metropolitana. Ahí conocimos los resultados preliminares de la encuesta que realiza el gobierno regional, que muestran que el problema más importante para las mujeres en nuestra región es la inseguridad en la calle, seguido por la violencia intrafamiliar.
Otro dato: según la Encuesta Nacional de Violencia Intrafamiliar, de 2022, se concluye que una de cada cuatro mujeres fue víctima de este tipo de agresiones.
El año pasado, el Ministerio del Interior dio a conocer el Plan Nacional de Seguridad Pública, en que se presentó una estadística de los principales delitos que enfrentamos como país. Ahí, catorce de las dieciséis regiones de Chile priorizaron la violencia intrafamiliar y la violencia contra la mujer como uno de los temas principales que hay que enfrentar en materia de seguridad.
Podríamos estar toda esta sesión citando cifras y estudios que den cuenta de esta realidad. Por lo tanto, ¿qué más necesitamos saber como sociedad para considerar la violencia contra las mujeres como uno de los principales problemas de seguridad pública?
Hoy esta moción debe convertirse en ley, porque aborda la fase más extrema de la violencia machista: el femicidio. Es una ley necesaria, ya que obliga al Estado a reconocer que los niños y niñas también son víctimas, y establece una reparación integral. No es en ningún caso un privilegio como inhumanamente dijo un diputado de ultraderecha hace unas semanas. Es comenzar a hacerse cargo de una realidad terrible que en nuestro país se vuelve invisible hasta que una mujer es asesinada. Sin embargo, esa mujer ha vivido antes un calvario con medidas que en muchos casos han sido insuficientes por parte del Estado.
Esta futura ley es un paso importante hacia la justicia, pero todas y todos sabemos que queda mucho camino por andar.
1
No podemos seguir abordando este tipo de violencia como un tema de mujeres ayudando a mujeres. Hoy, cuando la seguridad pública se toma la agenda con titulares facilistas y cuñas para la galería, reconozcamos de una vez que la violencia intrafamiliar debe ser enfrentada como un tema de Estado y que este debe garantizar el derecho humano de las mujeres a la seguridad.
He dicho.";1
"128";"21565";286;2023;4;"MOREIRA";NA;"El señor MOREIRA.-
Señor Presidente, voy a referirme a las modificaciones que se hicieron en la Comisión de la Mujer y Equidad de Género del Senado y que fueron aprobadas por unanimidad.
En el artículo 2 del proyecto, en que se establece el concepto de víctimas, se precisó que serán consideradas como víctimas las enumeradas en relación con la ley específica y sus efectos.
Se homologa la denominación relativa a la pareja sentimental a la contenida en el Código Penal; por consiguiente, se reemplaza la frase “pareja sentimental” por “pareja de carácter sentimental”.
Se elimina la referencia al grado consumado del delito de suicidio femicida en el artículo 2 y en los demás artículos donde se consigne, por ejemplo, los artículos 5 y 7.
Se establece que la calificación administrativa de víctimas, que realizará el Servicio Nacional de la Mujer y la Equidad de Género, no tendrá ningún efecto en la determinación de la responsabilidad penal.
Se agrega la mención a las víctimas de suicidio femicida.
El fuero laboral que se establece en el proyecto tendrá vigencia desde la perpetración del hecho hasta un año después.
Se establece un deber de información; es decir, en marzo de cada año se deberá enviar un informe detallado del avance de la implementación de la ley en proyecto a la Comisión de Mujeres y Equidad de Género de la Cámara de Diputados y a la Comisión de la Mujer y Equidad de Género del Senado, y se rebajó el plazo para dictar los reglamentos, de doce a seis meses.
Obviamente, en un principio, este era un proyecto que erogaba gasto y que era inconstitucional, pero se hizo parte el Ejecutivo. Eso es importante, porque los niños no pueden quedar solos, no pueden quedar desamparados, y es deber del Estado protegerlos.
A mí lo único que me hace ruido es que no se consideró el caso del hombre que es asesinado por su pareja. En fin, ahora los postergados somos nosotros.
He dicho.";1
"129";"21565";288;2023;4;"ROSAS";NA;"El señor ROSAS.-
Señor Presidente, por su intermedio saludo a la ministra Antonia Orellana , que está presente en la Sala.
Este proyecto de ley establece un régimen de protección y reparación integral a las víctimas de femicidio y sus familias. Su importancia ha sido latamente comentada, en forma muy extensa y detallada, por muchos colegas.
Con todo, quiero llamar la atención de la ministra respecto de quién se va a hacer cargo de administrar la pensión, cuestión en la debemos tener cuidado. Lo advierto, porque la tutoría podría recaer en la familia del femicida. En tal
1
virtud, deberían tomarse ciertas precauciones en el reglamento de aplicación de la ley, a efectos de establecer ciertas exclusiones.
Por otro lado, como país también tenemos que hacernos cargo del acompañamiento psicosocial de los niños y las niñas que han perdido a su madre producto de un femicidio. Lo señalo, porque muchas veces no se piensa en ellos.
Un ejemplo de acompañamiento podría ser el programa Abriendo Caminos, que está en el Ministerio de Desarrollo Social y Familia, el cual tiene un presupuesto y que acompaña a los niños de familias que tienen a uno de sus integrantes privado de libertad. En suma, se debe tener una mirada integral.
También debiésemos tener una mirada preventiva y precisar dónde poner los recursos para la prevención y el tratamiento de la violencia intrafamiliar. Al respecto, dentro del programa de gobierno hemos conversado mucho sobre el acceso a salud mental, toda vez que en los consultorios de atención primaria y en los hospitales de menor complejidad todavía no tenemos un acceso adecuado a salud mental, acceso a psicólogos, a terapeutas ocupacionales, a psiquiatras, a profesionales que den cuenta de la necesidad de prevención y de tratamiento de la violencia intrafamiliar, porque esto va en escalada.
Si se previene, si se trata antes a la persona que ejerce violencia, al agresor, muchas veces es posible detectar cuadros de alcoholismo, de drogadicción, de dependencia de medicamentos, de trastornos, de psicopatías. Por eso, la prevención también es importante en el enfoque que vaya a tener el proyecto para el futuro.
Por último, ojalá que el ministerio se enfoque en las víctimas y en la prevención de los femicidios.
He dicho.";1
"130";"21565";290;2023;4;"JOUANNET";NA;"El señor JOUANNET.-
Señor Presidente, ya se ha dicho en esta Sala: ciento veinticuatro mujeres en los últimos tres años; este año van diez, y cuatrocientos setenta y nueve estuvieron en riesgo de muerte.
Este es un tema que no podemos ideologizar; estas querellas entre la izquierda y la derecha no corresponden, porque pasamos a la demagogia: quién está más con las mujeres, quién está menos. Creo que meter otros temas tampoco corresponde, porque estamos discutiendo una cuestión muy concreta.
La indemnización se da porque el Estado no estuvo; simplemente, el Estado no estuvo. Cuando el Estado tenía que estar, no estuvo. Mujeres mueren porque el Estado no estuvo; por eso, el Estado tiene que hacerse cargo de su irresponsabilidad. Hoy, en el siglo XXI, el Estado tiene que tener un alto estándar. En el siglo XIX y principios del siglo XX era otra cosa, pero en el siglo XXI, en una democracia de alta intensidad como la chilena, no podemos tener excusas. Por tanto, cuando el Estado no está, tiene que indemnizar, siempre tiene que indemnizar. Así son los Estados responsables y serios.
Este es un tema más de seguridad ciudadana; este es parte de la agenda, porque tiene que ver con la falta del Estado.
Me sumo a las palabras del diputado Cristhian Moreira , cuando se preguntaba: ¿por qué los niños? Porque es deber del Estado protegerlos, nos decía. Efectivamente, si no protegemos a esos niños, los estaremos dejando expuestos a situaciones de vulnerabilidad, con la posibilidad cierta de que transiten por malos caminos. Por lo tanto, es deber del Estado estar ahí.
Con todo, señor Presidente, por su intermedio, quiero llamar nuevamente la atención de la ministra, con quien conversé hace una semana, sobre la mujer rural, la mujer que no se escucha. Y digo “la mujer que no se escucha”, porque cuando hay gritos en el campo nadie las escucha; en cambio, cuando hay gritos en la ciudad sí se la escucha: la escucha la vecina y llama a los carabineros. En el campo no se la escucha. Por eso, ahí debemos tener una política.
Por su intermedio, señor Presidente, le pido a la ministra, de manera muy fraternal, que pronto tengamos una
1
política pública para la mujer rural en materia de violencia rural. La mujer rural sufre de mucha violencia, a veces enquistada culturalmente. En consecuencia, la mujer rural merece un tratamiento distinto respecto de la mujer urbana, porque son distintas; además, porque culturalmente son distintas, tienen una formación diferente.
Por eso, y considerando que en las zonas rurales el femicidio es altísimo, espero que en las próximas semanas o meses tengamos una política en materia de violencia enfocada en la mujer rural, enfocada en una mujer cuyo grito no se escucha.
He dicho.";1
"131";"21565";292;2023;4;"SCHALPER";NA;"El señor SCHALPER.-
Señor Presidente, el proyecto que nos convoca dice relación con algo muy preciso: cómo nos hacemos cargo de aquellos niños que quedan huérfanos por femicidio, porque la madre muere y, en muchos casos, siempre que funcione bien la justicia, sin su padre, quien queda privado de libertad en caso de ser autor material del delito.
Recuerdo -con la ministra lo hemos conversado que hace un par de años este humilde diputado presentó una indicación a un proyecto de ley de presupuestos que buscaba ese objetivo. Debo confesar que el Senado, aunque en esta Sala lo aprobamos, no estuvo disponible para avanzar en esa dirección, como tampoco lo estuvo mi gobierno, para ser más transparente.
Por lo tanto, esto me genera ciertos sentimientos encontrados, porque valoro mucho que este gobierno lo haya hecho, pero debo reconocer que la centroderecha democrática tiene pleno compromiso con este tipo de cosas. Uno podrá tener matices con algunos pasajes del proyecto, pero a mí, por lo menos, no me cabe ninguna duda de que hay que aprobarlo, porque no se puede ser provida solo hasta la fecha del parto. Hay algunos que son provida, pero solo hasta la fecha del parto. De ahí en adelante se les olvida que hay que hacerse cargo de esa vida después.
(Aplausos)
Y hacerse cargo de esa vida después es hacerse cargo de lo que sigue en caso de que la mujer fallezca por no haber contado con apoyo suficiente de parte del Estado. No se puede ser profamilia y no hacerse cargo de aquellas familias que están sufriendo situaciones como esta. No se puede hablar del complemento hombre y mujer, cuando no se hacen cargo de las situaciones de daño que viven muchas mujeres en Chile.
Señor Presidente, lo digo de manera muy clara: Chile Vamos nunca apoyará la eliminación del Ministerio de la Mujer y la Equidad de Género. Nunca será parte de nuestro itinerario.
(Aplausos)
Por lo tanto, cuando en esta Sala se habla de discriminación arbitraria, quiero decirles que lo arbitrario es aquello que no tiene fundamento en la razón.
Señor Presidente, ¿alguien podrá decir que aquí no hay fundamento en la razón? Aquí, el elemento esencial vinculante -si queremos hablar de temas constitucionales, hablemos del elemento esencial vinculante- es el ser hijo de una mujer que fallece. Habría discriminación arbitraria si se favoreciera a ciertas mujeres y no a otras, o a ciertos niños de algunas mujeres y no a otros, pero aquí no hay ningún tipo de discriminación arbitraria. Más bien, lo que hay es la búsqueda de resarcir o de indemnizar a ciertos niños que están sufriendo una situación tremendamente compleja.
Sí le pido al gobierno que evalúe extender otro proyecto para los casos de parricidio, y estoy seguro de que el gobierno así lo va a entender.
Señor Presidente, porque creemos en las mujeres y porque en Chile Vamos no tenemos ninguna duda de que hay que apoyar a las mujeres, especialmente en esta situación de dificultad, vamos a aprobar este proyecto con total
1
convicción.
He dicho.";1
"132";"21565";294;2023;4;"SCHNEIDER";"doña Emilia";"La señorita SCHNEIDER (doña Emilia) .-
Señor Presidente, por su intermedio saludo a la ministra de la Mujer y la Equidad de Género, quien nos acompañó en la tramitación de este proyecto y se la jugó por que tuviera recursos.
Quiero partir diciendo que es un agrado, y esto es, quizá, sorpresivo de mi parte, escuchar las palabras del diputado Diego Schalper . Hace diez o veinte años, quizá no nos hubiéramos podido poner de acuerdo para avanzar decididamente en eliminar la violencia de género. Pero lamento profundamente que en esta Cámara haya una derecha cavernaria, “ultrona”, que niega la violencia de género. Me refiero particularmente a la exposición de la diputada Barchiesi , a quien no vimos mucho en la comisión. Quizá no la vimos porque solo se conectó por Zoom y se dedicó a cuestionar el testimonio de madres que habían perdido a sus hijas, solo porque no piensan como ella; o quizá no la vimos porque no conocía el proyecto. Lo digo, porque no propuso ninguna indicación que generara consenso, ni siquiera en la derecha.
¿Será que el problema viene de Republicanos y no del resto? Porque en la comisión, desde Apruebo Dignidad hasta la UDI, tuvimos consenso para eliminar la violencia de género y avanzar en reparar a esas familias y a sus hijos e hijas.
Quizá no conoció el proyecto de ley, porque se dedicó a […] de todos los chilenos y chilenas que le pasa este Congreso o quizás porque andaba paseando con Bolsonaro, faltando a su trabajo en el Congreso.";1
"133";"21565";296;2023;4;"SCHNEIDER";"doña Emilia";"La señorita SCHNEIDER (doña Emilia) .-
Los argumentos que se exponen aquí son falacias y mentiras. En varias regiones de nuestro país uno de los delitos más comunes es la violencia intrafamiliar.
Las mujeres tienen derecho a una vida libre de violencia, y sus hijos, hijas y familias tienen derecho a recibir reparación desde las políticas sociales, como la pensión de reparación a quienes perdieron a su madre como consecuencia de un femicidio, y también desde la justicia, porque no podemos tolerar la impunidad.
Votaré a favor este proyecto porque estoy comprometida con una sociedad más segura para todas y todos.
Quienes votarán en contra lo harán porque niegan la realidad de la violencia de género, porque validan la impunidad de los agresores y la inseguridad de las mujeres y porque no les importan las familias de Chile, a menos que piensen como ellos, y ese es el caso del Partido Republicano.
He dicho.
-Los puntos suspensivos entre corchetes corresponden a expresiones eliminadas de acuerdo con el artículo 10 del Reglamento.
-Habla un señor diputado.";1
"134";"21565";299;2023;4;"TAPIA";NA;"El señor TAPIA.-
Señor Presidente, por su intermedio, saludo a la ministra Antonia Orellana .
Es lamentable que en la discusión de un proyecto tan lindo, de una iniciativa que va a la profundidad de lo que significa la protección de nuestras mujeres y de la familia, se hagan afirmaciones como las de la diputada Barchiesi , que cree que las mujeres de izquierda quieren la muerte y quieren lo peor para las mujeres de Chile. Creo que está muy equivocada. Espero que también tenga más respeto con la historia y más respeto con las mujeres, porque aquí, cuando se tratan estos proyectos, no se están politizando estos temas. Nosotros no queremos que se politicen, porque el hecho de que haya mujeres maltratadas, violentadas y asesinadas es una preocupación de todos los sectores. En ese sentido, tenemos que trabajar esta materia con mucha altura de miras, con mucha madurez e ir a lo profundo de este proyecto.
Cuando uno ha vivido la realidad en las comunas y en las regiones, cuando la ha visto in situ y ha estado al lado de las personas, la verdad es que la situación se percibe de manera muy diferente a cuando se ve solo desde una teoría. En lo personal, cuando fui alcalde , me tocó aprobar un lindo proyecto: abrir una casa de acogida en la comuna de Vallenar, a la que llegaban mujeres de Arica, de Iquique, de Santiago, de Valparaíso y, lógicamente, de la Región de Atacama, porque necesitaban un espacio que las acogiera, un espacio porque no tenían nada, porque eran amenazadas. Muchas mujeres que no lograron llegar a esa casa, lamentablemente, murieron, fueron asesinadas. ¿Y dónde quedaron sus familias? ¿Dónde quedaron sus hijos? ¿Dónde quedó el fruto de lo que ellas pudieron traer a este mundo? Quedaron totalmente desprotegidos y desprotegidas.
Por eso, un proyecto para proteger a las víctimas y a su familia, lógicamente, lo tenemos que aprobar. No me cabría en la cabeza que alguien en este Congreso Nacional no aprobara este proyecto, porque es un proyecto de humanidad, es un proyecto con el que decimos hacia dónde queremos ir con esta sociedad. Este no es un proyecto antojadizo; es un proyecto con el que nos ponemos la mano en el corazón no solo por las mujeres que ya han partido, y también por las mujeres que hoy son violentadas, a las que tenemos que ayudar y proteger, sino también para dar una enseñanza hacia el futuro, en el sentido de que nunca más queremos mujeres violentadas, de que nunca más queremos femicidios.
Para nosotros este tema es la base de lo que tenemos que hacer hacia el futuro, con mucha responsabilidad, porque este es el papel que nos mandaron a cumplir aquí. No nos mandaron a decir quiénes quieren matar o quiénes no quieren matar.
Nuestra bancada votará a favor este proyecto. He dicho.";1
"135";"21565";301;2023;4;"SCHNEIDER";"doña Emilia";"La señorita SCHNEIDER (doña Emilia) .-
Señor Presidente, al igual que se pidió que se sacaran del acta las palabras que dije en mi intervención, algo que, de acuerdo con la normativa, no discutiré, solicito que también se retiren del acta las palabras de la diputada Barchiesi , quien nos imputó a algunas diputadas el estar relacionadas con la quema de una iglesia y con otras cosas que no tienen nada que ver.
He dicho.";1
"136";"21565";303;2023;4;"MUSANTE";"doña Camila";"La señorita MUSANTE (doña Camila) .-
Señor Presidente, me sumo a la petición de la diputada Schneider de retirar del acta las palabras de la diputada Barchiesi , porque las feministas que estamos en este hemiciclo, las que están arriba en las tribunas, a las que saludo, y las que están afuera no estamos quemando iglesias ni estamos destruyendo nuestro país.
¿Qué es lo que estamos haciendo? Estamos legislando y luchando porque no queremos que haya más mujeres muertas, no queremos más mujeres víctimas de la violencia de género, lo que es una realidad. Por mucho que al Partido Republicano le guste decir que a las mujeres no se las maltrata por ser tales, que a las mujeres no se las asesina por ser tales, es una realidad que debemos dejar de seguir negando, porque mientras la sigamos negando, nos violenta y más mujeres muertas tendremos en nuestro país.
¿Cómo nos haremos cargo de eso? Tenemos que hablar de frente y sin mentiras sobre estos temas. Lamento que la diputada en cuestión se haya retirado de la Sala después de decir lo que dijo, pues muchas de nosotras lo que hemos hecho es levantar esta bandera para decir que no queremos más violencia contra la mujer.
Proyectos como este precisamente se hacen cargo de todas las consecuencias que tiene la violencia hacia la mujer, y de la reparación a las víctimas. Cuando hablamos de seguridad, cuestión que se ha puesto muy en tela de juicio y de la cual en la vereda de enfrente les gusta decir que no nos hacemos cargo, debo señalar que con este proyecto precisamente estamos legislando en materia de seguridad, previniendo y reparando. Pero dejemos de negar una realidad que afecta a muchas mujeres en nuestro país.
He dicho.";1
"137";"21565";305;2023;4;"SCHUBERT";NA;"El señor SCHUBERT.-
Señor Presidente, siguiendo la línea de lo solicitado, me parece perfecto que se elimine lo señalado en el discurso de la diputada Barchiesi si es que ella profirió algún insulto o señaló que se cometió algún delito por parte de alguna diputada.
Pero lo que recuerdo que ella señaló -pido que lo escuchen con atención fue: “¿Dónde están las feministas cuando había mujeres vulneradas?”, lo cual es otro asunto. Además, dijo: “¿Dónde está un gobierno donde tenemos varias denuncias de violencia en contra de la mujer?”. Eso fue lo que dijo.
Hago esa salvedad. Si no es así, encantado de que se elimine lo señalado. He dicho.";1
"138";"21565";307;2023;4;"ORELLANA";"ministra de la Mujer y la Equidad de Género";"La señora ORELLANA, doña Antonia (ministra de la Mujer y la Equidad de Género).-
Señor Presidente, por su intermedio, saludo a los diputados y diputadas presentes, a sus equipos, que nos han apoyado durante la tramitación de este proyecto, a las mujeres que nos acompañan en las tribunas y a las que siguen la transmisión de esta sesión.
Quiero recordar que, como bien señaló insistentemente el señor Secretario, hoy se votarán las enmiendas del Senado, aprobadas sin votos en contra en la Comisión de Hacienda de la Cámara Alta y en su Sala. Creo que eso es
1
relevante porque, tal como fue señalado por distintos parlamentarios y parlamentarias, este es un proyecto que, como otros, nació desde la organización social, fue recogido por una moción y, luego, fue tomado por el Ejecutivo y dialogado con todos los sectores.
Agradezco a las diputadas de la Comisión de Mujeres y Equidad de Género, quienes en forma transversal, de todos los sectores políticos, contribuyeron a fortalecer este proyecto.
También, como señaló el diputado Schalper , esta materia fue abordada previamente en esta Corporación a propósito de la discusión de la ley de presupuestos en años previos. Es decir, no es una preocupación solo de un sector.
Por su intermedio, señor Presidente, me permitiré responder a algunas de las dudas y, sobre todo, a las injustas acusaciones que se han formulado en la acalorada discusión que ha tenido lugar en la Cámara de Diputados.
En primer lugar, este proyecto no toma la prevención, la atención, la persecución y la sanción de la violencia contra las mujeres, porque su idea matriz tiene que ver con la reparación, que es una de todas las obligaciones.
Todo lo que tiene que ver con atención, prevención, sanción y persecución de la violencia contra las mujeres y niñas lo estamos tomando en el proyecto de ley integral contra la violencia, que actualmente se encuentra en su segundo trámite constitucional en el Senado y al que el Ejecutivo ha puesto urgencia después de seis años.
En aquella ley hemos incluido disposiciones que recogen varias de las preocupaciones que se han señalado aquí, como la mejora de las medidas cautelares, a través de una disposición de control de su cumplimiento. Muchas veces estas se decretan, pero no necesariamente se cumplen, lo que no se debe solo a la legislación.
Quiero aprovechar de comentar a los diputados y diputadas que como gobierno hemos ingresado a la Contraloría, a través del Ministerio del Interior, un reglamento, en el que se incorpora la violencia intrafamiliar y la violencia contra las mujeres entre los delitos de mayor connotación social. Eso permitirá que se prioricen en los procedimientos, porque, cuando no están considerados como delitos de mayor connotación social o de mayor relevancia, quedan a la cola de muchos de los procedimientos que deben hacer las policías cada día. Estamos abordando aquello a través del cambio legislativo, pero también de la gestión.
Por otra parte, se han cuestionado las cifras. Al respecto, quiero señalar -puedo remitir los antecedentes a toda la Corporación, si así se requiere que anualmente realizamos un informe del Circuito Intersectorial de Femicidios, que no son cifras que validamos tan solo como Ministerio de la Mujer y la Equidad de Género, a través de nuestros servicios, sino también en todos los intersectores, incluyendo, por cierto, las cifras que emanan de tribunales, del Servicio Médico Legal y, a partir de enero de este año, gracias al avance que hemos conseguido, también de la Fiscalía Nacional, que se ha incorporado, mediante convenio, al Circuito Intersectorial de Femicidios.
Es muy distinto que el Servicio Nacional de la Mujer y la Equidad de Género califique quién debe recibir la pensión a que califique la responsabilidad penal. Quiero recordar a los diputados y diputadas que en diez años de existencia del Circuito Intersectorial de Femicidios nunca una calificación del hecho, del suceso, efectuada por el Servicio Nacional de la Mujer y la Equidad de Género ha sido revertida.
Por el contrario, casos que olían a femicidio, que se veían como femicidio, pero que hubo porfía en la investigación de no calificar como femicidio, como ocurrió, lamentablemente, con el caso de Nayara Vit, luego se formalizaron, al igual que el de Fernanda Maciel. No obstante, aún así acogimos la preocupación que nos manifestaron algunas parlamentarias, como la diputada Flor Weisse .
En el segundo trámite constitucional de este proyecto especificamos, si cabía alguna duda, que la calificación administrativa no tiene que ver, en parte alguna, con la calificación del delito o con la responsabilidad penal, sino con el derecho del causante de la pensión de reparación, es decir, del niño o niña.
Es muy distinto el gobierno de turno al Estado, a la función pública y a las trabajadoras del servicio público, cuya función estamos fortaleciendo, que a diario combaten la violencia hacia las mujeres.
La diputada Ossandón señaló que esta es una discusión que debe continuar. Estoy de acuerdo con ella. Por eso, el gobierno, dentro de la agenda priorizada de seguridad, ha incluido el servicio de atención a víctimas, que atiende todos los delitos, y no solo el delito de femicidio, que es la idea matriz de este proyecto de ley.
1
Cuentan con el compromiso de que, como ministerio, vamos a instar a que ese servicio de atención a víctimas tome cuerpo y sea una realidad, porque precisamente en la violencia que se vive durante la infancia está muchas veces el origen de la trayectoria que lleva a alguien a convertirse en un agresor.
Cada vez que se ha avanzado en igualdad de derechos de las mujeres se nos dice que se va a acabar el Estado de derecho. Se nos dijo eso en los años 20, cuando a las pioneras sufragistas se las calificaba con los mismos epítetos: de malvadas, de perversas, de histéricas. A pesar de eso, buscaron el voto de las mujeres.
Se nos dijo también que se acababa el Estado de derecho -pueden revisarlo en la historia de la leycuando se creó la ley de violencia intrafamiliar. Se dijo que se acababa el Estado de derecho cuando se tipificó el delito de femicidio. Nada de eso ha ocurrido; por el contrario, el enfoque de género y la erradicación de la violencia contra las mujeres fortalece el Estado democrático de derecho, porque toma en cuenta a la mitad de la población.
Un diputado, que no tuvo la gentileza de escuchar la respuesta, nos acusó de que no tenemos un plan. No es cierto. Tenemos una avanzada tramitación de la ley integral en el Senado, tenemos un plan nacional contra la violencia, tenemos acciones administrativas y tenemos la agenda de violencia contra las mujeres, que está incluida en el plan nacional de seguridad pública, en el plan contra el crimen organizado, que también se encuentra priorizado en la agenda de seguridad que ha desplegado el Ministerio del Interior.
La última de las acusaciones me parece especialmente cruel, atendido quienes nos acompañan, a quienes califican de malvadas y perversas, a esas mujeres en las graderías con las que nos conocimos, no yo, como ministra, sino muchas veces acompañando durante juicios a quienes no tenían atención del Estado.
Ellas son las que están cuando no hay políticas de reparación, como la que hoy esta Cámara de Diputadas y Diputados se dispone a legislar. Ellas son las que hacen cuchas para poder ayudar a los familiares a llegar a las cortes de apelaciones regionales o a la Corte Suprema, cuando deben llegar a última instancia; las que se apoyan con datos para saber cómo quitarle la tuición a la familia del agresor, que es una de las preocupaciones señaladas por el diputado Rosas , y que hemos recogido íntegramente en la ley integral, a través de la indignidad del agresor para heredar y disponer de los bienes de la víctima en caso de que haya un régimen compartido, y en la protección de los niños y niñas como víctimas, y no solo como testigos, en nuestro proyecto de ley integral.
De esas mujeres se señalaba que dividen y que odian, pero que son las que ponen el hombro para que otras madres puedan soportar el proceso de exhibición de prueba de los femicidios de sus hijos cuando no hay políticas de reparación en los juicios. Esas son las mujeres a las que se acusa de ser perversas y malvadas, pero sin ellas no estaríamos discutiendo hoy este proyecto de ley.
Quiero agradecer a la agrupación Ni Una Menos Chile y a la Agrupación de Familiares Víctimas de Femicidio, a las diputadas mocionantes y a quienes se han ido integrando para discutir este proyecto de ley, las que lo han fortalecido, lo que ha resultado en su aprobación unánime en el Senado.
¿Qué más concreto ante un hecho ya cometido -porque, insisto, la prevención la estamos abordando en el proyecto de ley integral-, qué más concreto ante el femicidio ya cometido o frustrado que una pensión? ¿Qué más concreto que apoyar para que sus padres puedan asistir a las audiencias de control de detención, de cautelares, o de todo el juicio? ¿Qué más concreto que introducirlos en el régimen de protección social?
Eso, señores diputados y diputadas, no es un gusto, no es una disquisición ideológica; es una necesidad, que probablemente a muchos de ustedes se les ha hecho patente en su trabajo distrital.
Por eso, volvemos a solicitar el apoyo a esta iniciativa de ley y que se replique el apoyo mayoritario y transversal que se ha ido construyendo.
Muchas gracias.
-Aplausos.";1
