"";"ley";"id";"año";"mes";"apellido";"rol";"texto";"discurso"
"1";"21730";9;2022;1;"INSULZA";NA;"El señor INSULZA.-
Muchas gracias, Presidente.
Este tema ya lleva muchos años con nosotros, y cada vez se ha ido haciendo más agudo y problemático, fundamentalmente en torno a las realidades subjetivas y objetivas que...
(Rumores).
Si me permiten los Senadores y el Ministro , por favor.";1
"2";"21730";11;2022;1;"INSULZA";NA;"El señor INSULZA.-
Gracias, señor Presidente.
Decía ""realidades subjetivas"", porque no cabe duda de que ha aumentado sustantivamente el temor ciudadano con relación a los problemas de violencia, de delitos y de transgresiones que vivimos en el país. Y digo ""objetivas"", porque también debemos reconocer que se han incrementado los delitos.
Más allá de las cifras que generalmente se dan y que son distorsionadas, por ejemplo, por la existencia de una discusión al respecto, se considera que los delitos de mayor connotación social son el homicidio y el hurto. Y la verdad es que, desde el punto de vista del daño que causan en la población, con todo respeto por las personas que han sufrido algún hurto, resulta indudable que el homicidio es mucho más grave.
Entonces, muchas veces las cifras agregadas de la delincuencia no cuentan la real historia.
Los homicidios sí nos cuentan una trágica historia.
Hace poco más de una década, nuestro país tenía una tasa de 2,5 homicidios por cada 100 mil habitantes, que era una de las menores de América, compitiendo con Canadá. Ningún otro país en toda la región americana tenía una cifra menor de homicidios. Hoy tenemos 5,7 homicidios por cada 100 mil habitantes, según ha informado hace poco a nuestra Comisión el Presidente de la Asociación de Fiscales .
Algunos dicen que esto se debe a las pandillas y los narcos, lo cual es cierto. Las guerras entre pandillas, en torno a los narcos y las armas, son muchas veces las causantes de este aumento.
Pero la realidad de las muertes también incluye a muchos inocentes que han muerto por balaceras, por balas perdidas y homicidios en los barrios de nuestras ciudades.
53
Ha aumentado, entonces, la violencia tanto en los delitos de particular visibilidad, que antes no existían como los portonazos o los saqueos, como en aquellos donde resultan agraviadas nuestras mujeres, es decir, los femicidios, que se incrementan sustantivamente todos los años.
Por su parte, el tráfico de armas y el narcotráfico han crecido de manera exponencial en los últimos años.
En consecuencia, tenemos un fenómeno real, una realidad subjetiva, pero también una realidad objetiva. La gente tiene temor, pero no solo por lo que muestra la televisión, sino por lo que ocurre cuando sale a la calle.
Desde un punto de vista doctrinario, no cabe duda de que la seguridad es un deber de Estado. No olvidemos que entre los grandes teóricos se afirma que los Estados nacionales nacen fundamentalmente por la necesidad de protección que tienen las personas, necesidad que sigue existiendo. La gente quiere ser protegida y exige que el Estado la proteja: que proteja su integridad, su seguridad y su propiedad.
Sin embargo, debemos reconocer que como autoridades civiles y electas del Estado no hemos ejercido esas funciones desde hace bastante tiempo, entregándoselas solamente a las fuerzas policiales, a las cuales hemos hecho cargo muchas veces de este problema.
Cuando dije alguna vez, en una frase que pronuncié, que las fuerzas policiales se mandan solas, no era una crítica a las policías, ni a Carabineros ni a la PDI, sino al hecho de que carecían de mando civil y de que nadie se encargaba de formular una política de seguridad pública efectiva.
Por lo tanto, hay en el país un aumento de los riesgos crecientes de la delincuencia, pero también una incapacidad en la dirección y una incapacidad creciente de nuestros servicios de hacerse cargo de ellos.
Pregunten ustedes nuevamente a la Asociación de Fiscales cuántos casos de hurto y de robo, cuántos homicidios se resolvieron en los últimos años. Las cifras son alarmantemente exiguas.
Ahora bien, en función de la idea de contar con un Ministerio de Seguridad Pública, que se ventiló por primera vez hace veinte años, a lo mejor era comprensible, considerando el nacimiento del Estado que fundamentalmente se hace cargo de la seguridad de la gente, que este organismo estuviera ligada con el Ministerio de Gobierno y no con el Ministerio del Interior -yo nunca estaría de acuerdo con cambiarle el nombre a este último, porque existe desde 1811-, toda vez que es la Cartera del gobierno, por excelencia, la que le da su orientación, la que sigue los temas en el Congreso, la que prepara los proyectos de ley, la que da el seguimiento a la acción cotidiana de la administración, etcétera.
Por lo tanto, parecía razonable que ese Ministerio se hiciera cargo de la principal preocupación: la existencia de las policías.
Pero hoy día las tareas de las policías y las exigencias de seguridad pública han llegado a tal volumen que es imposible que en un mismo Ministerio se gestionen las acciones del Gobierno en general y la función social que supone la seguridad pública.
La seguridad pública es un bien social tan importante como los otros. Así lo demuestra la misma gente cuando le preguntan cuáles son sus prioridades. Las personas están tan preocupadas de su salud, de su educación, de su previsión, de su empleo, así como también de su seguridad personal y de no ser objeto de la delincuencia.
Por lo tanto, ese servicio público debe existir, y debe hacerlo de manera autónoma.
Por estas razones, algunos parlamentarios y el señor Ministro , en conjunto con la ex Presidenta del Senado , decidieron crear una Comisión Bicameral para esto, de la cual salió la mayor parte de las ideas fuerza que están en este proyecto, reconociendo, como diré más adelante, que hay algunos problemas algo más graves que discutir.
¿Cuáles son las ideas fuerza? Y las tomo de esa discusión.
La primera es separar las funciones políticas de gestión del Gobierno -lo que tiene que hacer el Ministerio del Interior- de la responsabilidad de mantener la seguridad y el orden público en el país, porque esto ha pasado a ser una política social de primer orden y de dedicación exclusiva.
53
Eso lo conversamos hace mucho tiempo; se decía cuando yo era Ministro del Interior , y todos estábamos de acuerdo en esto. Pero por algún motivo le pusimos apellido al Ministerio del Interior, y le llamamos ""Ministerio del Interior y Seguridad Pública"", en lugar de separarlo en ese momento de manera definitiva, como parecía ser el consenso, cuando dejé esa Cartera.
La segunda idea fuerza es la subordinación de las policías al poder civil. Y aquí, ¡ojo a los tamaños y no solamente a las palabras! Porque uno puede decir que le entrega al Ministerio la gestión de todo este tema, y tener una oficina de diez personas para dirigir entidades públicas con varias decenas de miles de funcionarios. Pero necesitamos un Ministerio de Seguridad Pública con peso específico, con especialistas, con capacidad de fijar y evaluar políticas. De lo contrario, como lo dijo algún Subsecretario recientemente -y no fue de este Gobierno, sino de alguno anterior-, uno termina haciendo exactamente lo que ellos dicen porque no saben ni siquiera cómo responder.
Por lo tanto, la subordinación de las policías no pasa simplemente por decir: ""Le damos estas facultades"", sino con crear una masa crítica capaz de dirigir efectivamente desde un punto de vista civil la política de seguridad pública.
La tercera idea fuerza es reunir en un solo Ministerio las instituciones públicas que tienen que ver con la seguridad.
Aquí tenemos algunas controversias. Y no voy a entrar todavía al debate entre seguridad pública y seguridad ciudadana, pues respecto de eso no me importa con cuál de los nombres asume: la Comisión de la Cámara se llama de ""Seguridad Ciudadana"", la de este Senado se llama de ""Seguridad Pública"". ¡No! ¡El concepto de seguridad humana es mucho más vasto, pues! El concepto de seguridad humana incluye la salud, la vejez, la vivienda.
Por lo tanto, este Ministerio es de algún tipo de seguridad.
Por eso, porque el ciudadano hoy día se encuentra crecientemente, como lo diría un famoso columnista mexicano, León García Soler , con que el fuego que la gente enfrenta no es necesariamente el de las balas, ni el de los automóviles, de la violencia callejera, ¡es el fuego del desamparo! ¡Y el Estado lo está amparando, Presidente ! ¡Y eso lo tiene que hacer el Estado en su conjunto!
El Ministerio de Seguridad Pública es para una función específica, que tiene que ver fundamentalmente con la conducción de las Fuerzas de Orden y Seguridad creadas por el Estado.
Ese criterio se discutió mucho en la Comisión bicameral, sobre todo algunos temas...
(falla de audio)...
Y naturalmente esto sigue, a mi juicio; continúa en el Ministerio del Interior. Nosotros no pensamos que fuera bueno. No pensábamos en ese momento en que el tema de las catástrofes fuera materia puramente de la policía, o de este Ministerio. Ahí también llegan las Fuerzas Armadas, la salud, los de vivienda, los de orden público. Eso debe coordinarlo el Ministerio del Interior, y no el de Seguridad Pública.
En seguida, está el tema de Gendarmería, que en algunas partes integra el Ministerio del Seguridad Pública. No olvidemos que en algunos países de nuestra región existen Ministerios de Justicia y Seguridad Pública.
No estamos planteando eso aún.
Por lo tanto, no estamos por hacer transformaciones ahí.
Además, está el tema de la inteligencia.
Y aquí sí: la ANI, la Agencia Nacional de Inteligencia, debe depender del Ministerio de Seguridad Pública, porque su función es la investigación y la inteligencia sobre el crimen organizado, llámese ""narcotráfico"", ""terrorismo"", ""tráfico de armas"" o ""piratería"", o lo que se quiera, es un tema propiamente delictual que debe estar dentro del sistema de seguridad pública y, por lo tanto, de la Agencia Nacional de Inteligencia, si la incluimos. Y lo mismo vale para la ciberseguridad.
Será un tema nuevo, pero no cabe duda de que debe estar dentro de este Ministerio.
53
En cambio, hay discusión respecto del sistema del Servicio Nacional de Drogas, porque es rehabilitador. Tal vez, debería considerarse que estuviera en otro Ministerio.
Todas estas discusiones, señor Presidente, hacen que nosotros estemos planteando aquí la aprobación de la idea de legislar sobre este Ministerio.
Los señores Senadores y señoras Senadoras podrán leer bien después, con detalle, el articulado, y formarse sus propias opiniones. E iniciaremos una discusión que no será breve, pero que ha llegado el momento de iniciar.
Ese es el sentido de la discusión que estamos teniendo hoy día, y de la propuesta unánime de la Comisión de Seguridad Pública.
Y, además, yo pediría, interpretando la opinión de la Comisión bicameral, que este Ministerio fuera aprobado en el día de hoy.
Muchas gracias, Presidente .";1
"3";"21730";19;2022;1;"DELGADO";"Ministro del Interior y Seguridad Pública";"El señor DELGADO ( Ministro del Interior y Seguridad Pública ).-
¡Quedó muy clara la venia de la bancada, Presidente ...! Agradezco la oportunidad.
Tomándome tal vez de las palabras finales del Senador Insulza -a quien aprovecho de agradecer-, pudimos compartir en la Comisión Bicameral. Fue una instancia prelegislativa que convocamos hace algunos meses para desarrollar puntualmente este tema; algunos relacionados también con la reforma de Carabineros, en la cual pudimos debatir: tener las distintas miradas, aproximaciones, a algo tremendamente necesario y que
53
transversalmente se ha manifestado. Obviamente vamos a estar muy atentos a la opinión de los Senadores y las Senadoras.
Pero creemos que transversalmente hay una opinión mayoritaria con respecto a que en Chile se requiere tener, tal como ocurre en el resto del mundo, en muchos países, un Ministerio propio para la seguridad pública.
Ahora, con respecto a cuál es el enfoque de esa seguridad, efectivamente es la seguridad humana, poniendo a la persona en el centro, respecto de las amenazas que puede tener cualquier ser humano; también es algo con lo cual concordamos.
Por lo tanto, lo primero es transmitir, Presidente , el beneplácito del Gobierno para estar discutiendo este proyecto, que tiene muchos meses de maduración, en distintas instancias de conversación. Efectivamente, data también de algunas reformas que se contemplaron en el pasado. Por ejemplo, en el 2005, en la reforma relativa a la dependencia de las Fuerzas de Orden y Seguridad Pública, en la cual se dispuso que dependerían del Ministerio encargado de seguridad pública para estos efectos.
A partir de ahí, el año 2006, la entonces Presidenta Michelle Bachelet presentó a este Congreso Nacional un proyecto de ley cuyo objeto fue crear el Ministerio de Seguridad Pública y el Servicio Nacional para la Prevención y Rehabilitación del Consumo de Drogas y Alcohol y modificar, además, diversos cuerpos legales para tal efecto.
Así quedó graficado en ese momento.
Pero también en los años posteriores, el 2008, se alcanzó el acuerdo político legislativo en materia de seguridad ciudadana, suscrito entre el Gobierno de la época y la entonces Alianza por Chile, por lo cual se acordó que el Ministerio del Interior sería el encargado de la seguridad pública, y que concentraría y coordinaría los programas gubernamentales relacionados con esta materia.
De igual forma, como consecuencia de dicho acuerdo, se convino que dicha Cartera sería la responsable política de la seguridad pública del país, y que las Fuerzas de Orden y Seguridad Pública dependerían de ella, dando cumplimiento así con el mandato de la reforma constitucional del año 2005, al tenor del actual inciso segundo del artículo 101 de la Carta Fundamental.
La modernización de las policías, Presidente, ha sido uno de los ejes de este Gobierno, y así lo hemos manifestado en distintas etapas.
Por ejemplo, el Acuerdo Nacional por la Seguridad Pública determinó la necesidad de avanzar en 150 propuestas en diversos ámbitos, los cuales se han traducido en numerosas iniciativas, muchas de las cuales han sido aprobadas por este Honorable Senado.
Sin embargo, los déficits exhibidos por las policías en materia de control de orden público, con ocasión de la violencia del 18 de octubre, y las semanas siguientes, dejaron en evidencia la necesidad de mirar profundamente a nuestras policías, para poder modernizarlas y darles la solidez y la legitimidad que el actuar policial requiere frente, por supuesto, a una sociedad que es cada vez más exigente en la materia.
El desafío de profundizar la legitimidad policial fue advertido tempranamente como algo necesario. Así, tanto el Programa de Gobierno, el Acuerdo Nacional de Seguridad Pública como las acciones emprendidas desde el inicio de esta Administración para profundizar el enfoque de Derechos Humanos en las policías, desde antes como después del 18 de octubre de 2019, han permitido consensuar la necesidad de avanzar en estructuras políticas que otorguen mayor legitimidad a los cuerpos policiales para que estos puedan cumplir de manera efectiva su rol de garantizar la seguridad pública y el orden público.
En ese contexto, Presidente , con el apoyo de la sociedad civil y de las organizaciones internacionales, y con la activa participación de Carabineros de Chile y de la Policía de Investigaciones se inició un proceso que tiene como objetivo reformar nuestras instituciones policiales, buscando poner el foco en la defensa y en la protección de las personas, guiado por los principios democráticos, el enfoque de género y el irrestricto respeto por los derechos humanos.
En este trabajo de reforma de Carabineros de Chile, con la participación triestamental (vale decir, del Gobierno, de la sociedad civil y de los mismos Carabineros de Chile), se han consensuado numerosos cambios a la estructura de
53
seguridad del país.
Entre otros, justamente se acordó la necesidad de crear un nuevo Ministerio de Seguridad Pública. ¿Y por qué hago todo este relato? Porque efectivamente es importante recordar, sobre todo a la gente que nos pueda estar escuchando, que esta propuesta surge de la reforma de Carabineros y no al revés, como muchos pueden pensar.
El proceso se funda en cuatro ejes esenciales, que son: las reformas a la institucionalidad y gobernanza, a la modernización de la gestión, al control de orden público y a la carrera y formación. Precisamente este proyecto logra abarcar la totalidad de estas áreas, por cuanto permitirá mejorar la sujeción a la autoridad civil de las policías, con una dirección civil que sea capaz de evaluar su gestión financiera, administrativa, operativa e incluso educacional, con el objeto de orientar su accionar hacia las personas.
Sin embargo, que estemos sosteniendo hoy esta discusión es también gracias al trabajo de diversas instancias de participación, reflexión y proposición, tales como el Consejo Asesor para la reforma de Carabineros y la Comisión para la reforma de Carabineros.
Esta última instancia es liderada por el ex Senador Felipe Harboe .
No obstante, resulta particularmente importante el rol que tuvo la Comisión Bicameral de Seguridad Pública, a la cual comencé otorgando algunas palabras que efectivamente nos permitieron discutir, debatir y ver las distintas miradas, y lo más importante: llegar a un consenso transversal de la necesidad de discutir este proyecto.
Quizás también, Presidente , el principal fundamento del proyecto radica en que la seguridad pública debe estar orientada hacia la persona, buscando prevenir peligros que, si no son debidamente abordados, se convierten en situaciones dañosas, como pueden ser los delitos. No se trata, por tanto, de prevenirlos simplemente, sino que también se busca una mirada mucho más integral. De esta manera, la seguridad no tiene por oposición el delito, sino que es una tarea del Estado cuyo resultado es permitir que las personas vivan en sociedad lo más libres de todos los riesgos que las puedan aquejar.
Para alcanzar este fin el proyecto, en lo esencial, aborda las siguientes materias:
-En cuanto a su función, será la Secretaría de Estado la encargada de colaborar directamente con el Presidente de la República en asuntos relativos a la seguridad multidimensional y al resguardo de la seguridad pública.
-Las Fuerzas de Orden y Seguridad Pública dependerán de este Ministerio, así como la Agencia Nacional de Inteligencia. Es algo que el Senador Insulza ya relató.
-Le corresponderá la gestión de los asuntos y procesos administrativos que las Fuerzas de Orden y Seguridad Pública requieran para la implementación de sus funciones y que sean de su competencia.
-El Ministro de Seguridad Pública deberá efectuar la coordinación sectorial e intersectorial para el logro de los objetivos que se hayan fijado en materia de seguridad pública interior, orden público, prevención del delito, rehabilitación de infractores de ley y la reinserción social, por supuesto.
-Finalmente, en cuanto a los ámbitos de competencia, le corresponderá todo lo relativo a la seguridad y el orden público; la dirección, control y gestión de las policías, la prevención del delito, el resguardo de las fronteras, la ciberseguridad, la inteligencia y la seguridad privada.
-En cuanto a la orgánica, se contemplan dos subsecretarías: una, la de seguridad pública, que colaborará con la coordinación de las acciones de los ministerios y también los servicios públicos que se relacionen con la seguridad pública. Y realizará un análisis multidimensional sobre los desafíos y los riesgos en materia de seguridad pública.
Tendrá la dirección, el control y gestión de las policías y el control y la evaluación de los sistemas de seguridad privada.
Asimismo, se contempla una Subsecretaría de Prevención del Delito, la cual colaborará en la elaboración, coordinación, ejecución y evaluación de políticas públicas destinadas a prevenir los delitos, rehabilitar y reinsertar socialmente a los infractores de ley. También evaluará las políticas públicas en materia de prevención del delito y apoyo a las víctimas diseñando o formulando proyectos a través del Ministerio o por otros servicios públicos, según las directrices metodológicas que esta imparta. Y sistematizará y disponibilizará la información para el diseño y
53
evaluación de las políticas públicas.
Por último, Presidente , el proyecto contempla la reformulación de instancias de coordinación y de instrumentos, como son el Consejo de Seguridad Pública y la Estrategia Nacional de Seguridad Pública, a partir de la experiencia que se ha tenido en su funcionamiento a través de estos años.
No puedo, finalmente, Presidente , dejar de agradecer a todos los miembros de la Comisión de Seguridad Pública el trabajo que han realizado en esta materia. Después de varias sesiones, donde se escuchó transversalmente a diversos actores, el proyecto que hoy discutimos viene a continuar la necesaria reforma y modernización de nuestras instituciones de seguridad, profesionalizando y tecnificando su gestión y dirección, pero sobre todo permitiendo avanzar en la consolidación de un nuevo paradigma de seguridad, cuyo centro es la persona, profundizando, además, el enfoque de derechos humanos en la acción del Estado y, particularmente, del Gobierno, en materia de seguridad pública.
Por ello, señor Presidente , quisiera pedirle a este Honorable Senado que apruebe el proyecto, pues resulta indispensable para continuar avanzando en la modernización y en la reforma de la seguridad pública y, especialmente, de nuestras policías.
Muchas gracias.";1
"4";"21730";22;2022;1;"MOREIRA";NA;"El señor MOREIRA.-
Gracias, Presidente.
Mire, la verdad es que la seguridad de los habitantes de una república debe ser claramente una de las responsabilidades más esenciales de cualquier Estado. Y es una responsabilidad que cada vez se hace más difícil de cumplir en Chile y en el mundo. Sin seguridad apropiada de parte del Estado no hay confianza; y sin confianza no hay inversión, no hay paz, ni puede existir el Estado de derecho.
No nos engañemos. En estas últimas décadas se ha ido desgastando el Estado de derecho y ha habido demasiadas debilidades en este aspecto.
Por eso es que los desafíos en materia de seguridad son enormes y desde ya abarcan mucho más de lo que ordinariamente denominamos ""la seguridad pública"".
A medida que las sociedades se desarrollan, las relaciones entre los actores se complejizan y las soluciones van más allá de la simple represión.
Obviamente la seguridad de un país abarca aspectos técnicos y políticos.
53
La experiencia internacional ha demostrado que los ministerios encargados de la seguridad pueden ser usados de manera poco apropiada. No solo para crear más burocracia y contratar asesores de muchos trajes y pocas ideas, sino también para perseguir rivales políticos o hacer la vista gorda ante ciertas situaciones conflictivas que afecten al gobierno de turno.
Sin embargo, nunca había sido tan necesario ordenar el trabajo del Estado y de sus brazos operativos.
Los escándalos de platas que ocurrieron en Carabineros, así como la falta de preparación para enfrentar los masivos hechos violentos a partir del 19 de octubre del 2019 o los actos de terrorismo en la macrozona sur, que desbordaron el accionar de nuestra policía, son antecedentes claros de que la orgánica actual no da el ancho. Y tampoco lo da para perseguir el narcotráfico, aunque aquí hemos hecho demasiados esfuerzos en materia legislativa.
La función de jefe de gabinete y la de actor político del Ministerio del Interior implican una dedicación que le impide entregarse con el ahínco necesario a las funciones de seguridad, especialmente cuando la actual definición de seguridad va mucho más allá de la seguridad pública y el terrorismo.
Los expertos que invitamos a nuestra Comisión de Seguridad Pública han sido claros en su mayoría en cuanto a la necesidad de este proyecto, como también en algunos aspectos a mejorar, aun cuando las ideas principales vienen ya desde el diagnóstico del año 2005 y las intervenciones en la Comisión Bicameral de Seguridad Pública, que aportó insumos relevantes para él.
Obviamente, no se puede esperar que haya resultado inmediato al aprobar esta iniciativa. Si alguien piensa que con el Ministerio de Seguridad vamos a solucionar los problemas de terrorismo, de delincuencia, de narcotráfico, están equivocados. Pero sí es un paso importante para que tengamos un Ministro con dedicación exclusiva, que debe contar con recursos; y también resulta relevante que existan las leyes necesarias para que las policías puedan actuar con algunas medidas intrusivas.
La verdadera función del Ministerio y sus dos Subsecretarías tiene que ver con la planificación, supervisión y análisis de escenarios de peligro y conflictos. Y eso requiere tiempo.
Mi gran preocupación tiene que ver con la medición de resultados; cómo determinamos que lo creado es un aporte y no otro elefante blanco que solo sirva para entregar gráficos y presentaciones en PowerPoint para justificar su inoperancia.
Con todo, creo que este proyecto tiene la mayor relevancia y es de aquellos que pueden cambiar positivamente la vida de las personas; y, por lo mismo, estimo que lo debemos aprobar en esta instancia.
Nadie sabe lo que ha de pasar; pero es un avance ante una preocupación del Estado, con un cargo ministerial, un subsecretario, un ministro que tendrá atribuciones; y, tal como ha ocurrido en otros países del resto del mundo, creo que será de gran ayuda. Pero lo relativo al terrorismo, la delincuencia y el narcotráfico no se logra paralizar, neutralizar con un ministerio. También son importantes las leyes adjuntas para que las policías puedan actuar operativamente a fin de descubrir, arrestar para que vayan a juicio y sean sancionadas todas estas organizaciones criminales.
Señor Presidente , este proyecto se ha trabajado en la Comisión de Seguridad Pública, donde ha habido un esfuerzo permanente del Gobierno; del Ministro del Interior , Rodrigo Delgado ; del Subsecretario Galli , quien debiera estar acá presente, pero lamentablemente no lo dejan entrar por razones políticas, o personales -no sé el motivo para esto-, porque fue quien estuvo con nosotros invariablemente junto al Ministro viendo los detalles, escuchando las ponencias de los miembros de la referida instancia para llevar adelante esta iniciativa.
Voto a favor.";1
"5";"21730";28;2022;1;"QUINTANA";NA;"El señor QUINTANA.-
Concuerdo también, Presidente , con los colegas que me precedieron en el uso de la palabra, en el sentido de que pensar que un ministerio por sí solo va a resolver los problemas de seguridad que se han venido arrastrando por décadas, en donde las amenazas hoy en día son muy diversas, muy disímiles, es bastante iluso. Pero de que ayuda, por lo menos la evidencia que hay va en esa dirección; de hecho, los países -y no vamos a decir exitosos, porque no hay ningún país en el resto del mundo que lo sea en materia de control del crimen organizado- que han tenido algunos logros son justamente aquellos que han sido capaces de separar en materia de ministerios lo que tiene que ver con la coordinación política de los asuntos propiamente de seguridad. Y hay varias naciones en distintos continentes que han ido en esa dirección, por lo que a mi juicio este es un paso que va en la línea correcta.
Por eso este proyecto, como han señalado los colegas y el propio Ministro , fue aprobado por unanimidad en la Comisión de Seguridad, y además teniendo a la vista mucha documentación y evidencia. En tal sentido, creo que se está haciendo un trabajo bastante concienzudo en esto. Y digo que se está haciendo, porque todo indica que la discusión en particular no va a ser sencilla.
Si bien el trabajo de la Comisión Bicameral allanó los esfuerzos, y de ahí el resultado (5 por 0), creo que los aspectos que van a ir en la bajada serán no menores.
Antes de entrar a los aspectos más precisos, quiero decir también, aprovechando la presencia del Ministro , algo que he señalado muchas veces, pues he sido majadero en ello: pienso que este debió haber sido el proyecto número uno, el primer proyecto que el Gobierno del Presidente Piñera, probablemente con menos expectativas que las que generó su primer mandato, debió haber puesto en discusión; este proyecto debió haber sido el buque insignia que guiara la disposición de las demás piezas en esta materia. Pero finalmente se optó por dejarlo casi como un barquito a la deriva al final. Esperemos que no vaya a la deriva, lo cual va a depender mucho de este Senado y de cuáles serán las otras discusiones que se abrirán sobre el particular.
Esto también -y hay que consignarlo- va de la mano con un tema en que se ha avanzado muy poco en Chile en muchos años; en particular, en estos últimos cuatro no se ha avanzado nada. Y me refiero a la inteligencia, entendiéndola como la capacidad de producir bienes, elementos, información. No cualquier información de un analista es de inteligencia, que permite anticiparse y eventualmente poder desactivar una amenaza o neutralizarla, o cambiar su curso. ¡No!
Aquí se ha de realizar un trabajo muy profundo.
Efectivamente, existe un proyecto del año 2018 que el Senado ya aprobó, que a esta altura creo que está obsoleto; se encuentra en la Cámara de Diputados. A veces se dice que los proyectos duermen acá; ¡pero a veces el sueño reparador en la Cámara también es intenso...!
53
Como sea, a mi juicio le va a corresponder al próximo Gobierno presentar indicaciones al proyecto sobre inteligencia, porque las amenazas hoy día son distintas a las que teníamos antes de la pandemia: esa es una iniciativa prepandemia.
Ahora bien, existen acá cuestiones relevantes, y por eso digo que la discusión en particular no va a ser algo tan sencillo, pues hoy día tenemos distintos paradigmas en materia de seguridad pública. El que estamos creando es el Ministerio de Seguridad Pública, y esto viene de los tiempos de la Guerra Fría. Claramente es un concepto del siglo XX, y da cuenta de lo que son las luchas, las relaciones internacionales entre los Estados y de cómo los distintos bloques significaban amenazas también para países alineados o no en determinado frente.
Claro, lamentablemente, si uno se queda con lo que fue la campaña presidencial reciente, vemos que todavía hay algunos sectores pegados un poco en la lógica de la seguridad nacional, que es una de las variantes. Uno de los paradigmas de la seguridad pública, quizás el más antiguo, muy pegado en la Guerra Fría, es el de la seguridad nacional, en la lógica del enemigo interno.
A mi juicio, el mejor ejemplo de esto lo tenemos con el Presidente Piñera , el actual Primer Mandatario, cuando en 2019, dos días después del estallido social, les declaraba la guerra a los chilenos. Eso es propio de un concepto de seguridad pasado de moda en el mundo, completamente arcaico, como es la seguridad nacional. Creo que el candidato Kast claramente representa eso también, la seguridad nacional, en la lógica del enemigo interno: la zanja y todo lo que hemos visto.
Bueno, todavía en Chile probablemente haya gente que cree que esa es la solución a los problemas de seguridad: la famosa ""mano dura"". Yo creo que mano dura se requiere siempre, Estado de derecho siempre; pero, ante todo, mano inteligente. Y eso -insisto- nos ha faltado.
Dentro de las otras concepciones, uno podría situar aquello muy bien dentro de lo que fueron los gobiernos de la Concertación, que es el concepto de seguridad ciudadana.
Cuando uno mira el mensaje del Ejecutivo que da lugar al proyecto que crea el Ministerio de Seguridad Pública, constata que hay algunos conceptos muy interesantes también, igual que lo planteado por el Presidente electo, Boric, acerca de la seguridad nacional.
Pienso que ese es el concepto más completo para abordar estos temas, la seguridad nacional...
Perdón , me refiero a la seguridad humana -algunos colegas me corrigen-, porque se hace cargo de un conjunto de amenazas: por supuesto, la ciberseguridad; las cuestiones ambientales; los temas económicos, en fin, que hoy representan peligros.
La necesidad de separar -y para nadie es un misterio- el Ministerio del Interior, como coordinador de las tareas políticas del Presidente , de las cuestiones vinculadas con seguridad es fundamental, porque además tiene muchas tareas, y lo sabe el Ministro del Interior acá presente. De él dependen la ciberseguridad, donde se ha avanzado poco también: fronteras, migrantes, territorio.
Me imagino que la pega de la coordinación con las regiones, con los gobernadores, pero también con los delegados, debe consumir buena parte del tiempo del Ministro del Interior hoy en día; y, por supuesto lo relacionado con la seguridad privada, la prevención del delito y el control.
Creo que esas son cuestiones centrales.
Hay algunas cosas que, a mi juicio, van a ser parte de la discusión igualmente y que no son menores. En la última sesión de la Comisión, precisamente cuando aprobamos en general el proyecto, escuchamos al Presidente de la Asociación Nacional de Fiscales ; a la Jefa de la División de Anticorrupción del Ministerio Público; al Jefe Nacional Antinarcóticos del Ministerio Público , y, por supuesto, al Subsecretario Galli . No voy a hablar de un conflicto de competencias, pero ahí hubo tensiones, las cuales se van a expresar en el debate en particular. ¿Por qué? Porque el tema del control civil, al cual se refería el Senador Insulza, no se resuelve solo con que tengamos un Subsecretario o Subsecretaria del Interior y que respondan a él o a ella.
En la misma lógica del paradigma nuevo de la seguridad humana, hoy día se requiere además que haya otras organizaciones que opinen, que tengan algo que decir en materia de seguridad. Y eso no está contemplado acá.
53
Pero a mí me preocupa fundamentalmente la tensión que se va a dar entre la dependencia orgánica del Ministerio del Interior y el Ministerio de Seguridad Pública en el futuro, léase Subsecretario de Seguridad Pública . De él dependen orgánicamente. Le van a decir ""el jefe"". ¿Pero cómo le van a decir al fiscal que está a cargo de la investigación y que los tiene también como subordinados?
Entonces, es una institución que sigue teniendo una estructura militar. Estas cosas las hemos reflexionado muchas veces, pero lamentablemente no logramos tener mínimos comunes en esta discusión sobre seguridad pública.
¿A quién le van a responder? O sea, si alguien cree que esa policía va a responder funcionalmente al fiscal, como debe ser, porque es el responsable de la investigación de manera exclusiva, y orgánicamente al Ministerio de Seguridad Pública, e incluso algunos creen que también había que transferir atribuciones en materia de seguridad a los gobernadores regionales, bueno, es cosa de mirar lo que pasa en algunos países latinoamericanos con realidades federales.
Les aseguro que no es la solución.
Para finalizar, quiero decir que existe un asunto no menor que surge también de escuchar a los invitados en esta Comisión: la corrupción. No hay ninguna posibilidad de que tengamos este nivel de avance del narcotráfico en Chile, en distintas comunas del sur de Santiago, en el norte del país; que hoy día Chile sea un país ya no de tránsito, no de paso, sino de exportación, de procesamiento, de alto consumo, sin que exista cierta responsabilidad de algunos agentes públicos. Y digo algunos agentes, porque seguramente son muy pocos. Pero yo no veo un plan preventivo en ninguna institución para detectar esos focos de corrupción, que son reales y que están permitiendo que la droga siga su avance.
Por último, creo que la discusión de este proyecto va a dejar en evidencia la necesidad de una coordinación, que no hay. Los comités de seguridad y de inteligencia -ya lo decía- no existen. La posibilidad de juntar órganos autónomos y no autónomos para establecer cuáles son esas nuevas amenazas, qué debemos enfrentar, de qué debemos preocuparnos es una cuestión que francamente no está hoy día presente.
Con todas esas aprensiones, por supuesto yo voto a favor de este proyecto. Pero todo augura que la discusión en particular va a tener también estos ribetes de complejidad, y debemos escuchar a todos los actores. Me parece que esta es la oportunidad para hacer una transformación en serio en las policías. Creo que el gran problema del Presidente Piñera , quien la intentó llevar a cabo, es que una reforma no se hace solo con los mandos en una institución como Carabineros, que es escalafonal o biescalafonal: también ha de realizarse con la tropa, lo cual es un proceso. Bueno, también hubo algunos especialistas que en el marco del Senado le hicieron recomendaciones al Ejecutivo , que claramente desoyó.
Entonces, simplemente he querido plantear esas materias, porque creo que son las discusiones que vendrán. Pero, con todo, pienso que hay que respaldar esta iniciativa.
Gracias, Presidente .";1
"6";"21730";30;2022;1;"DURANA";NA;"El señor DURANA.-
Gracias, Presidente.
La seguridad pública es un tema transversal; todo Gobierno debe considerarla como una preocupación primordial en su gestión. Obviamente, sus principales objetivos son la modernización de las policías, el combate al narcotráfico, reformas legales que apunten en esta dirección y que deben ser parte de una política integral del Estado que contemple un enfoque técnico respetuoso de los derechos humanos y eficaz en sus objetivos.
El alcanzar hoy día los objetivos fijados en el Acuerdo Nacional por la Seguridad Pública va repercutir favorablemente en nuestro país, en nuestra sociedad. Por eso en la mesa de trabajo transversal que se ha
53
constituido quedó de manifiesto la necesidad imperiosa de modernizar el sistema de seguridad pública del país, lo que ha significado una serie de iniciativas, como el proyecto de ley que fortalece y moderniza el sistema de inteligencia del Estado, el proyecto de ley que moderniza la gestión institucional y fortalece la probidad y la transparencia en las Fuerzas de Orden y Seguridad Pública.
Una de las primeras conclusiones de este trabajo consiste en la ineludible división de funciones entre la gestión política y la gestión de seguridad ciudadana. De esta forma, el enfoque de la función de un futuro Ministerio de Seguridad Pública será técnica, conservando los aspectos políticos en el Ministerio del Interior.
La creación de un Ministerio de Seguridad Pública fue recomendada por el Consejo para la Reforma de Carabineros de Chile, por la Comisión de Seguridad Ciudadana del Senado, así como por la Comisión Bicameral de Seguridad, que reunió a parlamentarios de distintas tiendas políticas.
Es importante avanzar en el fortalecimiento institucional de los órganos estatales destinados a garantizar la seguridad de la ciudadanía, sobre todo en estos últimos años, en que tanto la delincuencia como la sensación y percepción de inseguridad que tienen los chilenos ha ido en aumento exponencial. Ojalá también se pueda considerar a Gendarmería dentro de las instituciones que debiesen estar en coordinación con la Subsecretaría de Seguridad Pública, o, incluso, ser parte del propio Ministerio, toda vez que esta entidad juega un rol fundamental en la materia al verificar la existencia de delitos tanto en recintos carcelarios o bajo supervisión de personas cumpliendo condenas en los mismos recintos penitenciarios.
El enfoque en materia de derechos humanos en el actuar policial evidentemente debe tener los resguardos necesarios propios de la democracia. Solo así se cumplirán los objetivos del nuevo Ministerio que se propone y se podrán respetar los nuevos paradigmas de seguridad pública.
Para tener una política de seguridad eficaz el Estado debe ser capaz de enfrentar las nuevas formas en la comisión de delitos con todos los medios que estén a su alcance, lo cual excede obviamente el ámbito meramente policial, e involucra a diversos sectores públicos y privados. Por eso se tiene que fortalecer la labor de coordinación e interacción, y ciertamente la prevención del delito.
Nada de esto podría realizarse sin un adecuado fortalecimiento de la capacidad profesional, estratégica, operativa, presupuestaria y administrativa de las entidades involucradas; y para ello debemos contar con el compromiso de todos los sectores políticos y autoridades involucradas para su adecuado cumplimiento.
Este proyecto es el inicio de un proceso de modernización del Estado en materia de seguridad pública, el que, si bien debe afinarse en ciertos detalles, constituye el fiel reflejo de un esfuerzo y trabajo transversal por mejorar la calidad de vida de todos los chilenos.
Voto a favor, Presidente .";1
"7";"21730";32;2022;1;"PUGH";NA;"El señor PUGH.-
Muchas gracias, señor Presidente.
También solicito el tiempo normal para los efectos de poder intervenir.
¿Por qué Chile necesita un Ministerio de Seguridad Pública? Esto obviamente obedece a una reflexión, a un estudio que permite comprobar con data concreta que es mucho más eficaz tener una institución especializada con un ministro a cargo para poder dirigir un sistema multiagencial con interoperabilidad. Esa, quizás, es la característica principal de este nuevo Ministerio. Es una Cartera que no solo posee las características propias del resto de las subsecretarías: también tiene capacidades para poder generar diferentes operaciones tanto en el territorio nacional como en el extranjero; tiene capacidades para operar tanto en el mundo físico como en el mundo digital.
53
Estamos hablando, señor Presidente, de un nuevo sistema que va a proteger a Chile de las amenazas multidimensionales que lo están afectando.
Este Ministerio, entonces, tiene esa responsabilidad: resolver un problema gigantesco, de riesgos y amenazas que, una vez conocidas, se puedan mitigar, pero, para hacerlo, se requieren agencias especializadas.
Tomemos la primera de ellas, la Agencia Nacional de Inteligencia. Ya se encuentra en proceso de discusión la reforma al Sistema Nacional de Inteligencia para permitir que este organismo tenga una dotación de personal adecuada. Chile tiene intereses en todo el mundo, y esta agencia con lo primero que debe contar es con agentes que operen no solo en lugares conocidos, sino en cualquiera donde nuestro país tenga intereses, y con esto me refiero al extranjero. Chile debe tener la capacidad de adelantarse y anticiparse a los efectos que puedan ocurrir en nuestro territorio. De hecho, situaciones como el narcotráfico, que vemos aquí, se gestan y originan en otras partes.
Hoy, nuestra agencia no cuenta con esa capacidad. Debe ser capaz de formar agentes, de reclutarlos y mantenerlos en el tiempo. Y es por eso que esperamos y aspiramos a que en el nuevo Gobierno se tome esto como una medida de Estado, se avance en la nueva Ley de Inteligencia y se dote a dicho organismo de los elementos necesarios, especialmente agentes.
También hay que operar en el mundo digital. El Presidente anunció, en su mensaje a la nación del 1 de junio, la creación de la nueva Agencia Nacional de Ciberseguridad, la que, como es nacional, tiene que ser capaz de coordinar el trabajo de los diferentes CSIRT (centros de respuesta), de gobierno, de defensa y de toda la infraestructura crítica, porque aquí, señor Presidente , está nuestra gran vulnerabilidad. Hoy dependemos de toda esta infraestructura crítica, que en gran parte está en manos de privados y que nos debe proveer de servicios básicos.
Es por eso que se requiere una respuesta integral, con sistemas propios de las empresas, con sistemas contratados externos, con toda la protección física, pero también con toda la protección digital.
También es necesario tener policías especializadas en la prevención del delito, con sistemas asociados; por ejemplo el programa Barrio Seguro, que fue capaz de licitar un sistema de disponibilidad: se compra disponibilidad, cámaras (en inglés, un service-level agreement), para que quienes tienen que prevenir el delito, quienes tienen que tomar acciones concretas, cuenten con elementos para poder coordinarse. Me refiero a las comunas, que son las que enfrentan esta situación, y a Carabineros, que debe realizar una labor preventiva, tratando de evitar que se cometan delitos. Y si estos ocurren, esas mismas cámaras permitirán entregar la evidencia necesaria para perseguirlos y ponerla a disposición de la fiscalía. Pues bien, hay mil cámaras que no están conectadas; no existe una central unificada, y ahí es donde cobran relevancia los términos ""multiagencial"" e ""interoperabilidad"".
Yo espero, señor Presidente, que seamos capaces de darle gobernanza a este nuevo Ministerio, que probablemente quedará radicado en el mismo edificio Bicentenario -es cosa de cambiarle la placa-, para que pueda resolver los problemas en forma efectiva y eficaz.
Pero no basta con la creación del Ministerio: requerimos dotarlo de las agencias que ya he mencionado y hacer todas las reformas que sean necesarias para que nuestras policías cuenten con el mejor personal, con el mejor equipamiento, con el mejor presupuesto y con el mejor mantenimiento.
No olvidemos, señor Presidente, que la inteligencia se lleva a cabo con recursos especiales. No podemos limitar... .
(se desactiva el micrófono por haberse agotado el tiempo y se vuelve a activar por indicación de la Mesa)
Muchas gracias, señor Presidente.
No podemos limitar los recursos que se ocupen para desarrollar tal capacidad porque algunas personas crean que ellos no tendrán control. Todos los recursos están controlados. Y esperamos que este año, cuando se tramite la Ley de Presupuestos, tengamos los recursos para que este Ministerio pueda funcionar en plenitud.
Por lo expuesto anteriormente, señor Presidente, quiero felicitar a todas las Comisiones, tanto a aquellas convocadas por el Gobierno como a as autoconvocadas por el Senado, en las cuales pude participar, que trabajaron para que esto se hiciera realidad.
53
Entiendo que haya Senadores y Senadoras a los que no les guste la idea, pero, si se hace de la forma que he explicado, puede marcar una diferencia, un antes y un después.
Todos queremos un Chile más seguro, pero para eso necesitamos un sistema más seguro.
Muchas gracias, señor Presidente.
Voto a favor.
He dicho.";1
"8";"21730";34;2022;1;"COLOMA";NA;"El señor COLOMA.-
Gracias, Presidente.
La verdad es que esta -y tiene razón quien informó el proyecto- ha sido una discusión muy larga en nuestro país, donde hemos pasado por distintas alternativas, visiones, opciones, y donde creo que el tema ha ido madurando en la lógica de comprender que la seguridad pública requiere un principio de especialización que de alguna manera hay que desvincular, en lo que tiene que ver con la orgánica, del Ministerio del Interior, que a esta altura ya tiene misiones de otro tipo, muy definidas.
Reconozco que este es un asunto en el que siempre he tenido dudas y que hemos discutido en distintos gobiernos, más allá de cualquier visión partidista: cómo enfrentar el tema de la seguridad, que ya en ese tiempo se veía que poseía una identidad propia y que no estaba necesariamente vinculado a los vaivenes lógicos de la política; que tenía secuencias, tácticas, procedimientos y estrategias bien diferentes. Y eso es lo que de alguna manera valoro que la Comisión de Seguridad haya ido madurando hasta entregarnos el día de hoy un proyecto que creo que está bien pensado.
Considero que el Ministro del Interior ha hecho un gran esfuerzo en la lógica de mantener lo que en su momento fueron los acuerdos nacionales por la seguridad pública y para entender que la prevención de peligro es un nuevo paradigma en materia de seguridad. Esto, obviamente, requiere una función especial del Estado para evitar que las personas resulten dañadas en cualquier aspecto. Y tiene que haber, por tanto, un sistema de seguridad pública, con funciones y atribuciones propias, para enfrentar los nuevos desafíos, ante la enorme multiplicidad de peligros existentes en la sociedad.
No puedo dejar de recordar a un Subsecretario del Interior que no era de mi coalición que, cuando iba saliendo del cargo, dijo reflexivamente que lo único que tenía claro era que el próximo subsecretario iba a tener más problemas que él, y así sucesivamente, porque era parte de las lógicas de seguridad que se van produciendo y de los nuevos enfoques que se van planteando.
Creo que poner a las personas en el centro de la seguridad es el elemento fundamental de una estrategia nacional de seguridad pública. El Estado debe cumplir un rol anticipativo, para evitar peligros, pero también uno reactivo, para tratar las consecuencias. Y ese sistema de seguridad, que tiene distintas funciones (preventivas, ejercicios de control, de reinserción para los infractores, entre otras), debe ser parte de una estructura especial dentro de nuestra orgánica pública.
Esta coordinación de los sistemas de seguridad pública es el objetivo del nuevo Ministerio. En el fondo, se trata de lo siguiente.
Se ha llegado al tema de la inseguridad. Lo voy a plantear en esa lógica. Creo que llegó el minuto, la hora en la que en el Estado la gestión política debe estar separada de esta otra función. Así lo ha dicho el Ministro del Interior , con buenos argumentos, y así también lo han señalado los Senadores miembros de la Comisión de Seguridad, que han llegado a la convicción de que este es un paso necesario.
53
Yo comparto la inquietud de algunos en cuanto a que la proliferación de ministerios no necesariamente constituye la solución a los problemas que existen, y que a veces, en vez de ir reduciendo instancias, algunas de las cuales serían necesarias, vamos aumentándolas. Me parece correcto el análisis en general, pero si hay algo que la práctica, en las décadas pasadas, ha sido muy consistente en demostrar es que el sistema de seguridad pública debe estar separado de la orgánica política, propia del Ministerio del Interior.
Así que creo que apunta en una buena dirección y al fortalecimiento institucional el tener una visión integral en materia de seguridad, con atribuciones precisas para las Fuerzas de Orden y Seguridad Pública, con relaciones internas que también tienen una especificidad particular, con deber de información al Congreso, lo que siempre es importante en la lógica democrática, y con una estrategia que, espero, sea transversal, rápida y nos dé más serenidad respecto de lo que viene.
Por eso, como creo en el principio de especialización a esta altura del desarrollo, porque entiendo que es la mejor forma de enfrentar tiempos complejos como los que hemos vivido y seguiremos viviendo en este ámbito, me parece que este proyecto apunta en la lógica correcta y que muchas de las inquietudes que se han planteado podrán ser resueltas en las instancias pertinentes.
Por lo tanto, voto a favor.";1
"9";"21730";36;2022;1;"GARCÍA";NA;"El señor GARCÍA .-
Muchas gracias, señora Presidenta .
La última semana del mes de diciembre recién pasado, la prensa publicó un sondeo realizado por Espacio Público, junto a Ipsos, sobre las principales preocupaciones ciudadanas. En este estudio -muy reciente, repito- el 56 por ciento de los encuestados indica como principal preocupación la delincuencia y la inseguridad. ¡56 por ciento! Lo más grave, quizás, es que cuando a las personas consultadas se les pide que se transporten diez años más adelante y señalen cuál sería su principal preocupación, el 38 por ciento responde que la seguridad ciudadana, la delincuencia.
Este estudio revela, como todos sabemos, lo que muchos otros han venido reflejando, a través de varios años, como la principal preocupación de nuestra ciudadanía. Nosotros lo escuchamos en las conversaciones con nuestros vecinos, con nuestras amistades, con nuestros familiares: ¡la seguridad ciudadana es la principal preocupación de las personas en nuestro país!
Por lo tanto, siento que este proyecto de ley, que crea el Ministerio de Seguridad Pública, es una respuesta concreta, contundente, a esa legítima preocupación ciudadana. Y por eso me alegro de que lo estemos votando hoy en su idea de legislar, cuestión que, en mi opinión, debimos haber hecho mucho antes, pero bueno, nunca es tarde. Lo importante es hacernos cargo de una situación que cada día es más compleja, más grave y afecta a más personas, a barrios enteros, a territorios completos donde no es posible encontrar seguridad, no es posible encontrar tranquilidad, no es posible encontrar paz.
Todos los días las noticias nos sorprenden con hechos extremadamente violentos: muertes, narcotráfico, crimen organizado, terrorismo. Para qué decir las situaciones que hemos vivido en la Región de La Araucanía, de violencia extrema, de personas que han sido no solo asesinadas, sino también mutiladas.
Esto revela claramente que estamos en presencia de una violencia muy muy extrema, y que necesitamos, en este caso, un ministerio especializado, un ministerio técnico, dedicado única y exclusivamente a las tareas de orden y seguridad. Naturalmente, había que separarlo del Ministerio del Interior -ya lo dijeron varios de quienes me antecedieron en el uso de la palabra-, que tiene tantas funciones, tantas tareas, tantas complejidades, tantos problemas que abordar, que le resulta imposible hacerse cargo de los temas de seguridad de manera intensa, casi de manera exclusiva, porque, como digo, tiene responsabilidad en muchas otras materias.
53
Por lo tanto, creo que el paso que estamos dando es una respuesta concreta, una respuesta contundente, y esperamos que cuanto antes el proyecto sea ley de la república, para tener un Ministerio de Seguridad Pública que la ciudadanía está exigiendo, porque necesitamos un organismo técnico que ponga su mirada, que ponga toda su atención en lo que está ocurriendo, en lo complejo que son todas las organizaciones criminales, en los apoyos internacionales que puedan tener, de tal manera que seamos eficaces en el control de la violencia, en el control de la delincuencia, en el control del narcotráfico, en el control del terrorismo, y le entreguemos a nuestra ciudadanía orden, paz y tranquilidad, elementos sin los cuales es imposible alcanzar un verdadero desarrollo.
Gracias, señora Presidenta.
Voto a favor.";1
"10";"21730";38;2022;1;"MONTES";NA;"El señor MONTES.-
Muchas gracias, señora Presidenta.
Bueno, en primer lugar, quiero plantear que, si la discusión fuera si la seguridad debe seguir unida con los asuntos de gobierno interior, tendría que decir que estamos ante un proyecto muy necesario, donde resulta muy importante que se desarrolle una perspectiva de ministerio de seguridad, con su propia especificidad y desarrollo, y eso, sin lugar a duda, lo voto a favor.
Sí quiero plantear algunos temas que me preocupan para el debate en particular.
Hoy día, en un seminario que tuvimos en la mañana, Innerarity, que participó en él, dijo que el mayor riesgo de nuestras sociedades, el mayor riesgo de la democracia es la simplicidad, o sea, la dificultad para asumir los procesos como complejos, para entender esos procesos como complejos, y tener capacidad de enfrentarlos de acuerdo a lo que los problemas son.
Creo que la seguridad es un tema de mucho dinamismo. Uno no podría decir que la situación de seguridad de hoy tiene algo que ver con la del año 90, por ejemplo. Yo podría relatar una experiencia de esa época, donde en una comuna llegamos a armar setenta comités de seguridad ciudadana. Conseguimos que hubiera Ministerio Público, que hubiera nuevas comisarías, más dotación. Pero cada día los temas de seguridad son más complejos, más difíciles y se alejan de las capacidades de control.
Entonces, uno se pregunta qué ha cambiado. ¿Ha cambiado el tejido social? En gran medida ha cambiado el tejido social. ¿Ha cambiado la capacidad de las policías para actuar? Yo creo que se han ido dotando de más equipamiento, de más condiciones. El año 90 en Chile había 23 mil policías o algo así. Hoy día, los cupos, o las vacantes -no sé cómo las llaman-, son 57 mil. Claro, 48 mil están ocupados; el resto, no.
Las realidades son bastante distintas desde aquella época hasta ahora.
Yo les diría a los colegas que existe una dimensión del problema que resulta fundamental asumir. Hay que tratar de comprender lo que está ocurriendo en la realidad y que provoca los problemas de convivencia, de inseguridad.
¿Qué está sucediendo? ¡Si no es solo el delito y cómo lo perseguimos! ¡Hay algo que está en la base del delito!
Por ahí me contaban que esto es muy parecido a lo que ocurrió en otra época, en la historia del siglo XVIII, cuando se provocó una desarticulación del sistema anterior sin crear otro, etcétera. Pero aquí hay que tratar de entender.
O sea, uno mira el perfil de este Ministerio y observa que está muy ligado a hacer planes y programas, a coordinar, en fin. Yo creo que también se necesita una capacidad de entender la realidad y de hacer convenios con las universidades, con organismos internacionales, para comprender lo que está ocurriendo, porque lo que está ocurriendo es muy volátil, va cambiando mucho.
Innerarity también señaló hoy día que una cuestión que está muy débil en la democracia y en la política es la
53
disposición y capacidad de comprender, de aprender, de ir aprendiendo.
Nosotros creamos la Subsecretaría de Prevención del Delito con el mejor de los ánimos, pero, después de todos estos años, uno se pregunta qué ha pasado con esta instancia que se creó. Yo he visto a los subsecretarios y la verdad es que a casi todos me ha tocado evaluarlos en la discusión del Presupuesto. Los veo con hartas ganas, ¡pedaleando, pedaleando!, pero bastante en banda. ¿Qué pasa, entonces? ¿Qué es lo que no estamos tomando bien? Porque al frente tenemos una delincuencia que sabe actuar, que va aprendiendo, que va cambiando, con gran dinamismo. Entonces, tenemos que aprender.
Por lo tanto, lo primero que les diría a los colegas que están en este tema es que tratemos de que este Ministerio tenga la humildad de decir: tenemos que comprender mejor la realidad y tenemos que dedicarle distintos espacios.
No basta con planificar, no basta con coordinar, no basta con supervigilar, no basta con las técnicas propias de la planificación, sino que es muy importante comprender los problemas de base para ver cómo poder actuar mejor frente a ello.
La segunda cosa que quiero señalar se refiere a la relación de este Ministerio con el alto mando de las policías, de las Fuerzas de Orden y Seguridad. Creo que aquí también hay que darle un par de vueltas al diagnóstico.
Hay un francés, Roché , cuyo enfoque y análisis me parecen muy importantes. Y la verdad es que aquí hay un tema de doctrina: qué es la seguridad, para qué se orientan los dispositivos de seguridad, si solo es para perseguir delincuentes o si también es para construir condiciones de convivencia distintas. Esto tiene que ver con el rol del sistema de seguridad para construir convivencia, que es la discusión que se ha dado en Francia, en Inglaterra y en otros lados donde se han logrado resultados variables, pero están buscando otros caminos ... (se desactiva el micrófono por haberse agotado el tiempo y se vuelve a activar por indicación de la Mesa).
Además, el tema de la doctrina, el replantear el tipo de rol a desempeñar, creo que es importante incluirlo en este proyecto.
Una tercera cosa que llama mucho la atención es la seguridad privada. La seguridad privada cuenta con tres veces la dotación que tiene la seguridad pública, ¡tres veces, y más! ¿Cuánta plata mueve al año la industria de la seguridad privada en Chile? Más de dos mil millones de dólares.
Entonces, no se trata de solo un punto más, sino que hay que replantear el sistema.
Y el Subsecretario Galli , que es de los que más sabe del asunto porque él trabajó el tema en el Gobierno de Piñera 1, y nos tocó analizarlo juntos, dice hay que tomar muy en serio esto, porque es algo muy grande. Y no alcanzo a explicar todos sus componentes.
Y para terminar, para no alargarme -perdón, Presidenta -, a mí me parece importante insistir en una cosa que recién mencionaba el Senador García: aquí es clara la relación con el narcotráfico. Pero el narcotráfico no se encuentra articulado, sobre todo el tema de la droga. A mí me gustaría ver de qué manera se articula un Ministerio de Seguridad con el servicio que está dedicado a la droga, porque es fundamental, ya que hoy día un factor central de inseguridad es el narcotráfico, que ha ido consumiendo y corrompiendo el tejido social del país.
Pero no solo el narcotráfico, sino también la relación con el control de las armas, para que las armas no terminen copando todos los espacios, que es una situación que en sí misma genera desprotección, distancia.
Lo decía también algún colega: el problema de la inteligencia. A lo mejor aquí está considerado el punto en alguna parte que no la veo, porque esto lo estudié ahora diagonalmente y rápido, pero creo que la inteligencia es clave, que es distinto que entender la realidad, ya que implican ver cuáles son los operativos y cómo operan, cómo se mueven.
Bueno, considero importante aprobar este proyecto. Sin embargo, creo que... ...
(se desactiva el micrófono por haberse agotado el tiempo y se vuelve a activar por indicación de la Mesa)
Decía que hay que asumir la realidad actual y estar permanentemente trabajando. En tal sentido, sugiero que tengamos un convenio permanente, al menos con las universidades estatales, de tal forma de que haya mucho más pensamiento y desarrollo sobre en qué realidad estamos situados y cómo recomponerla.
53
Además, es algo que abarca diez años, por lo menos; o sea, cuando un presidente dice ""yo pongo como primera prioridad es la seguridad"", creo que se equivoca. Son procesos largos y hay que enfocarlos desde el comienzo de dicha manera, tomando todas las medidas de corto plazo, conteniendo; pero estos son procesos largos y no solo nacionales, porque tienen muchos ribetes internacionales.
Muchas gracias, señora Presidenta .";1
"11";"21730";40;2022;1;"NAVARRO";NA;"El señor NAVARRO.-
Gracias, Presidenta .
Esta es la primera discusión que hacemos sobre la creación de un Ministerio de Seguridad Pública.
Está claro que la delincuencia no es un problema de Chile, sino que un problema mundial. Algo hay en el modelo neoliberal que genera una externalidad tremendamente negativa, donde un sector de la sociedad decide participar de ese proceso de desarrollo desde la marginalidad, pero una marginalidad ligada al poderoso señor dinero.
La delincuencia que hoy día encontramos no es el monrero, no es el cogotero; no es solo la acción contra un auto que es vulnerado y robado.
¿Qué ejemplo reciben los jóvenes respecto de los delitos menores? Hoy día los delitos menores no se investigan en Chile: 70 por ciento de las carpetas de Fiscalía no reciben mención alguna y solo un 30 por ciento de las denuncias de la ciudadanía se pesquisan. Entonces, si permitimos lo menos, es claro que permitimos lo más.
Y aquí yo quiero señalar que la creciente inseguridad y ola delictual que incorpora el sicariato en Chile debe recibir una evaluación política, que no solo está focalizada en el Ministerio del Interior o en la Fiscalía Nacional, sino que hay un componente ligado a la nueva realidad de Chile. Y a mí me extraña que el Ministerio propuesto no considere expresamente facultades para poder coordinarse con los países desde los cuales tenemos una franca acción migratoria.
¿Puede el Ministerio de Seguridad Pública pensar que la seguridad radica solo dentro de Chile; es decir, que solo los factores que operan al interior del territorio nacional son los que producen la delincuencia? Claramente no.
Y espero que mejoremos el proyecto, porque la coordinación no solo es necesaria entre las policías, la PDI, la Interpol, sino que también entre los países que están combatiendo de verdad la delincuencia y el terrorismo. Y dentro de las facultades del nuevo Ministerio no veo que siquiera se haya discutido el asunto. Leí detenidamente el informe.
Además, quiero señalar que falta debate sobre la descentralización: ¡muy bien!, policía unitaria.
Puede haber un riesgo en la descentralización de la facultad, pero ¿la prevención del delito, la rehabilitación y la reinserción van a ser dirigidas y diseñadas en Santiago? ¿Vamos a seguir con el fracasado sistema de adoptar políticas desde las cuatro cuadras del poder de La Moneda? ¿Los canales de televisión seguirán transmitiendo en los matinales noticias solo sobre Santiago , ignorando las regiones; es decir, los fenómenos que provoca la delincuencia en Aysén, en Magallanes, son los mismos que en la Región Metropolitana? ¡Por supuesto que no! Se requiere una política descentralizada de este Ministerio y no veo allí una instancia adecuada de coordinación con los gobernadores. Los gobernadores regionales no son títeres, no pueden ser entes sin poder, sino que se requiere analizar qué tipo de facultades tendrán para poder colaborar en la tarea preventiva.
¡Saquemos a los jóvenes tempranamente de la delincuencia! Eso están haciendo países modernos como Alemania, donde de raíz ingresan a la tarea de la prevención, no esperando que el delito se consume, sino que advirtiendo las señales mediante las cuales se prevé que va a ocurrir una acción delictual cometida por jóvenes.
53
Quiero además señalar que la ANI, cuyo proyecto de ley está en tramitación desde el 2018, nos revela claramente que sin Ley ANI no hay inteligencia. Aquí hay una falta de inteligencia policial absoluta.
¿Cuál es el rol que va a cumplir Gendarmería? Se toca tangencialmente su rol dentro del Ministerio de Seguridad Pública, pero no existen en Gendarmería condiciones reales para hacer reinserción y rehabilitación. ¿Quién se encarga de aquello? Porque si tenemos a un joven de catorce años delinquiendo, porque hoy día son susceptibles de proceso penal los jóvenes de aquella edad, y no abordamos el problema habrá un cliente frecuente de las cárceles por décadas, hasta que ese chico se muera. No existe una política dirigida a aquello, y Gendarmería no posee las condiciones. Podrá contar con el mandato, pero no lo aplica.
El Fiscal Nacional Jorge Abbott señalaba que la expansión del derecho penal sancionatorio o punitivo bordea el populismo penal. Si seguimos insistiendo solo en castigar penalmente y combatir la delincuencia de dicha manera vamos a cometer un gran error.
El Ministerio Público versus el Ministerio de Seguridad Pública. Entre la PDI y Carabineros hay un largo historial de desavenencias que han ido siendo superadas, pero lo que visualizo es que si entre el Ministerio Público y el Ministerio de Seguridad Pública no hay un corte efectivo de condiciones...
(se desactiva el micrófono por haberse agotado el tiempo y se vuelve a activar por indicación de la Mesa).
Si el Ministerio Público y el Ministerio de Seguridad Pública no tienen las facultades claramente determinadas o una coordinación, se producirán encontrones. El control civil de Carabineros se hace necesario; aquí estamos ordenando arriba, pero no abajo.
El otro día aprobamos un proyecto de ley que, según el Ministro de Justicia , permitirá que cuando haya un teniente, cuando haya un cabo que denuncie a un general, eso va a ser presentado ante la Contraloría General de la República, pero si no pueden casarse sin autorización del alto mando y si no pueden ni siquiera ir a su casa sin permiso del capitán, del coronel, ¡menos van a poder denunciar ante la Contraloría cuando haya corrupción o cuando haya desviación!
Entonces, tenemos un desafío muy global. Creo que el proyecto de ley constituye un primer paso importante, pero le faltan muchos de los aspectos que aquí se han señalado, y espero que haya tiempo y voluntad para poder incorporar algunos asuntos y mejorarlo.
Voto a favor, señora Presidenta .";1
"12";"21730";42;2022;1;"PROVOSTE";NA;"La señora PROVOSTE.-
Muchas gracias, Presidenta.
La intervención del Senador Alejandro Navarro nos ahorra bastantes argumentos sobre nuestras preocupaciones.
Si revisamos cualquier estudio de opinión a lo largo del tiempo, desde hace ya varios años la seguridad pública se repite entre las primeras preocupaciones y urgencias de la ciudadanía. Hay quienes buscan hacer de la seguridad pública un tema de política pequeña, de trincheras, simplificando una realidad compleja.
La lógica de la consigna de terminar con la puerta giratoria; de creer que solo la represión resuelve los problemas de delincuencia; del populismo penal, han demostrado una y otra vez su fracaso.
Por eso que saludamos el presente proyecto, que recoge una propuesta que varias de nosotras y nosotros venimos haciendo de manera reiterada: la creación de un Ministerio de Seguridad Pública, cuyo establecimiento tiene, en mi opinión, un conjunto de beneficios para el país.
Junto con relevar políticamente la importancia de esta temática y la profundidad del fenómeno, un Ministerio de
53
Seguridad Pública debiera permitir coordinar bajo una misma institucionalidad el conjunto de herramientas de política pública en su reflexión, en su diseño, en la implementación, resguardando, por cierto, el rol que en particular compete a las instituciones policiales y de justicia.
Este debate legislativo se encuentra en su primera etapa y existen ciertos aspectos que deberán ser revisados en su discusión en particular, para aclararlos o darles una mejor solución institucional. Y otros probablemente deberán ser adecuados a los resultados del proceso constituyente que se lleva a cabo en el país.
Voy a votar a favor de esta iniciativa.
Sin embargo, en mi fundamento de voto quiero dejar expuestos algunos de los puntos que espero sean recogidos mediante las indicaciones necesarias.
El proyecto establece niveles de coordinación territorial de acuerdo con la actual estructura regional. No obstante, varios sectores, incluyendo al Presidente electo, hemos planteado la necesidad de fortalecer la figura de los gobernadores regionales y terminar con los delegados regionales y provinciales. Esperamos que esto se haga realidad, por lo que el nuevo Ministerio, así como el resto del Ejecutivo en el país, deberá ser redefinido, con relación al territorio, respecto de esa eliminación y de las nuevas funciones que sean traspasadas a los gobernadores y gobernadoras regionales.
En segundo lugar, el proyecto no deja claro ni el rol ni la relación de la nueva institucionalidad con la Agencia Nacional de Inteligencia, como lo decía el Senador Navarro . Esto nos parece que es un tema central, pues aquellos aspectos vinculados con la inteligencia han sido transversalmente reconocidos por todos los sectores como los más débiles en nuestra institucionalidad.
En tercer lugar, nos parece relevante incluir una perspectiva de transversalidad de las políticas públicas en materia de seguridad al interior del Estado, en consideración a la multidimensionalidad de los fenómenos de seguridad.
Esta cuestión, que fue planteada por alguno de los invitados en la Comisión, pareciera del todo pertinente pensando, por ejemplo, en sectores como Obras Públicas , Vivienda, Educación y muchos otros.
Igualmente, en la perspectiva de género, desde el punto de vista de la iluminación, de la discriminación, de la vulnerabilidad en la que viven importantes sectores de nuestro país, pareciera pertinente incorporar junto a la idea de la transversalidad, la idea de la interseccionalidad de las políticas públicas.
En cuarto lugar, y lo planteó el Fiscal Nacional, el proyecto no aborda la relación con el Ministerio Público, tampoco con la Defensoría Nacional. Al establecer en la presente iniciativa el diseño de una política nacional de seguridad pública, pareciera indispensable ordenar adecuadamente esta materia. Y ordenar también la relación con el Poder Judicial , más allá de lo que señala con respecto al Ministerio de Justicia.
En quinto lugar, el proyecto no establece claramente el destino del Servicio Nacional para la Prevención y Rehabilitación del Consumo de Drogas y Alcohol, el Senda. No nos parece que esta definición quede pendiente, menos aún cuando existe un debate público relativo al enfoque que la mencionada institución debiese tener.
En el caso de la nueva institucionalidad para la infancia, tampoco se señalan con claridad los mecanismos de coordinación en aquellas materias relativas a la reinserción y a la prevención.
Le pido, Presidenta, para que no se corte mi intervención, que me pueda conceder más tiempo.
Finalmente, creo necesario que el proyecto de ley sea más explícito en lo relativo al compromiso respecto a los derechos humanos en materia de seguridad.
Por lo mismo, me parece relevante la propuesta y los planteamientos realizados por el Director del Instituto de Asuntos Públicos de la Universidad de Chile, con el propósito de relevar la mirada en cuanto al respeto, reconocimiento y no repetición en materia de derechos humanos en la nueva institucionalidad.
Para concluir, creo indispensable alertar que esta nueva institucionalidad abre un futuro para el Ministerio del Interior, que será despojado de un conjunto de funciones y facultades que hoy se radican en él.
53
Por cierto, no creo posible que la creación de la nueva institucionalidad destinada a la seguridad deba esperar por dichas definiciones, pero como Senado pronto deberemos abordarlas a la luz de lo que, espero, sean las proposiciones sobre el régimen político que la nueva Constitución precise para nuestro país.
Voto a favor del proyecto, y anuncio que presentaremos varias indicaciones en esta línea.";1
"13";"21730";44;2022;1;"ALLENDE";NA;"La señora ALLENDE.-
Presidenta, creo que inevitablemente una de las tareas que va a dejar en deuda el presente Gobierno es -y hay que decirlo- el combate contra la delincuencia.
Según el índice de Paz Ciudadana de 2021, en tres de cada diez hogares al menos una persona ha sido víctima de robo o intento de robo en los últimos seis meses, con lo cual hay un aumento de 4,2 puntos porcentuales en relación con el año 2020.
La semana pasada, en el informe del Observatorio del Narcotráfico, escuchamos cómo aumentó el uso de armas y los delitos violentos en el país producto del crimen organizado.
En la Región de Valparaíso las balaceras parecen estar descontroladas. Desde el 8 de diciembre del año pasado se han producido once episodios, siete de ellos en pleno centro de Viña del Mar y Valparaíso, con cuatro muertos y once heridos. Este último fin de semana ocurrieron tres de esos hechos, resultando un ciudadano muerto en el mercado de Viña y tres heridos en una discoteca del barrio puerto.
Obviamente que nos preocupa la seguridad de los vecinos y las vecinas de la región, y hemos oficiado a diversas instituciones para ver qué planes se están ejecutando para prevenir y perseguir este tipo de delitos.
Me he acercado a conversar con el Ministro del Interior para manifestarle que me parece preocupante la situación.
Y estuvimos de acuerdo en que el exceso de armas circulando, hechizas o reales, es algo que no puede continuar.
En el país está dando vuelta gran cantidad de armas internadas de manera irregular o adquiridas en un mercado negro que es extremadamente preocupante.
Se acerca el verano, época que proveerá una de las pocas opciones para levantar la alicaída economía de nuestra región, pero claramente hay una exigencia en términos de seguridad pública. No podemos fomentar, potenciar ese turismo si estamos viendo espectáculos como los que han ocurrido exactamente el fin de semana pasado, que es más que lamentable.
Y por eso es tan importante un avance real en materia de seguridad.
En la Comisión de Seguridad, la Asociación de Fiscales expuso la preocupante tasa de homicidios en el país, la cual todavía resulta baja si nos comparamos con el subcontinente. Sin embargo, ha ido en aumento, donde el año 2020 pasó de 4,8 a 5,7 homicidios por cada 100 mil habitantes, duplicándose en una década. Y alertaron que de mantenerse dicha alza podríamos llegar a una tasa similar a la de México.
El Presidente ha intentado desde el inicio de su gobierno hacerse cargo del tema. Y en tal sentido, creó un acuerdo en torno a la materia con más de ciento cincuenta propuestas, entre las cuales se considera modernizar el sistema de seguridad pública.
El presente proyecto de ley me parece que va en un sentido correcto ya que todos los expertos han planteado la necesidad de separar el asunto y que haya una autoridad específica preocupada de la seguridad pública dentro de las labores tradicionales del Ministerio del Interior.
Entonces, existe coincidencia en que hay un problema de atribuciones dentro del Ministerio del Interior, ya que la autoridad que lo encabeza mantiene funciones de control del orden público y de seguridad, pero además tiene
53
responsabilidades en materia de gobierno interior y de desarrollo regional, y cumple obviamente una labor política al ser el jefe del gabinete. Y dicha dualidad, por cierto, siempre ha significado un problema para enfrentar de forma más adecuada, más acertada el combate a la delincuencia.
Como dijo el profesor Luis Cordero , dicha institución ha mantenido su estructura desde 1871 hasta 2011.
Ya en el 2006, cuando en el primer Gobierno de Bachelet se ingresó la reforma que derivó en la subordinación de las policías al Ministerio del Interior, se trató de separar sus funciones en dos ministerios, cosa que no se concretó.
Por eso, creemos que es muy importante que más adelante queden explícitas las funciones políticas que va a desarrollar el Ministerio del Interior, porque, de otro modo, no podemos dejar de pensar en cómo se va a coordinar con el Ministerio de Seguridad Pública. En verdad, tengo algunas dudas. Considero absolutamente necesario separar las funciones del Ministerio del Interior y las del Ministerio Seguridad Pública.
No sé si será conveniente seguir creando ministerios. A estas alturas creo que ya suman veinticuatro y no sé si es una buena política seguir y seguir creándolos.
Pero debemos avanzar en los aspectos que aquí se han mencionado, por ejemplo, en que haya una mejor coordinación y en que hace falta una inteligencia -y lo hemos dicho muchas veces-, más allá de las reformas profundas a las policías.
Claramente, hacen falta más estudios para comprender -como lo dijo muy bien el Senador Montes- esta realidad de hoy día. Y necesitamos, por supuesto, saber cómo se va a coordinar con otras áreas que tienen que ver con el narcotráfico y, también, con el tema que ocurre actualmente en nuestras cárceles, donde desgraciadamente el hacinamiento impide toda política de buena rehabilitación.
Es claro y sabido que mucha de la delincuencia se gesta en torno a las mismas cárceles, y, por lo tanto, necesitamos avanzar en aquello que hoy día es seguramente un tema aún pendiente: cómo impedimos que siga este hacinamiento y cómo podemos mejorar la rehabilitación. Y para qué decir si pudiésemos hacer una mejor prevención.
Le dije al Ministro del Interior que lamentablemente en la actualidad ya hay muy poca confianza en el delegado y respecto de cualquier declaración más que haga en la Región de Valparaíso.
Hoy día la gente quiere acciones concretas y sentir que de verdad hay planes, estrategia, apoyo, avance, inteligencia, prevención y más eficacia.
Lo cierto es que la sensación de abandono que pueden tener... (se desactiva el micrófono por haberse agotado el tiempo y se vuelve a activar por indicación de la Mesa) ...
Decía que la sensación de abandono que pueden tener los vecinos y las organizaciones no deben ser ignoradas, Presidente , porque esa es la realidad. La gente siente que efectivamente semana a semana están ocurriendo hechos violentos y delictuales importantes, y no logramos avanzar en aquello que le importa a la ciudadanía.
Yo entiendo que esta es una tarea colaborativa, que es de todos, que tiene que partir justamente de la expresión territorial, desde las propias juntas de vecinos y otras organizaciones, y de ahí ir avanzando de manera efectiva en mejores coordinaciones.
Por supuesto, vamos a votar a favor del proyecto, porque creemos que va en la línea correcta, pero pensamos claramente que más adelante habrá que ver con mucho más detalle lo que puede ser justamente esa discusión en particular : cómo avanzamos para una mejor coordinación, dónde van a quedar radicadas las coordinaciones -como dije- con inteligencia, con Gendarmería, en materia de narcotráfico... (se desactiva el micrófono por haberse agotado el tiempo).";1
"14";"21730";46;2022;1;"SANDOVAL";NA;"El señor SANDOVAL.-
Muchas gracias, Presidente.
Sin duda que las informaciones de delitos de violencia y otros se han hecho parte en nuestro colectivo, en la conciencia de toda nuestra comunidad, como también el enorme efecto e impacto que esto tiene en la seguridad, en el desarrollo y en las comunidades en general.
De acuerdo con los últimos sondeos -así se dice-, hay un aumento en la proporción de delitos violentos, pasando de 24 por ciento el 2020, a un 28 por ciento el 2021.
En este contexto, en Santiago se concentran los delitos más violentos, el 31,4 por ciento, mientras que en las regiones es el 19,3 por ciento.
La delincuencia en homicidios alcanzó su peak el año 2020 y crece un 46 por ciento en cinco años.
El Departamento de Análisis Criminal de Carabineros detectó que el 60 por ciento de los casos tienen como escenario la vía pública. El espacio público es donde la inmensa mayoría de los delitos se cometen.
El proyecto invoca una serie de fundamentos para justificar su presentación y eventual materialización. Pero, en realidad -uno también lo ha pensado varias veces-, ¿se resuelve el problema con la creación de una institucionalidad? ¿Será que eso puede lograrse con la creación de este Ministerio?, que evidentemente generará expectativas y hará pensar a la comunidad que probablemente entraremos a dar pasos significativos para ese objetivo.
Si se parte de la premisa de que cada problema lo vamos a resolver con una institucionalidad, bueno, uno se pregunta ¿por qué hoy día el Ministerio de Salud no ha resuelto los problemas de salud?; ¿por qué el Ministerio de Vivienda no ha solucionado los problemas de vivienda, de campamentos, de marginalidad y otros tantos más?
Sin embargo, entendemos que esta es una realidad que está superándose día a día por la complejidad también que va adquiriendo el fenómeno de la delincuencia y el narcotráfico. Los últimos casos -a propósito, comentaba recién con la Senadora Ebensperger lo del secuestro con homicidio ocurrido en el norte- son delitos que hasta hace poco eran absolutamente desconocidos. La delincuencia cada vez entra en niveles de especialización más significativos.
Por eso, la prevención de los peligros, como un nuevo paradigma en materia de seguridad, sin duda que constituye una tarea que tenemos que enfrentar dada la complejidad que el fenómeno hoy día está adquiriendo.
Asimismo, las personas deben estar en el centro de la seguridad pública; la protección de ellas es un elemento fundamental en toda la estrategia que debe impulsar el Estado.
Y, además, obviamente, tiene que existir coordinación en el sistema público. Porque aquí a veces se han señalado los encuentros y las descoordinaciones que han ocurrido en ese contexto. Por tanto, le corresponderá a este nuevo Ministerio ser el organismo superior de un sistema de seguridad pública.
¡Ojalá que así sea así y se concreten los objetivos!
También es necesario dividir las funciones de gestión política de la gestión de seguridad pública, que evidentemente ha sido una discusión permanente desde hace mucho tiempo.
Espero sinceramente que esta iniciativa, respecto de la cual les confieso que he tenido ciertos niveles de aprensiones, pueda dar con las soluciones que nuestra población, nuestra comunidad plantea.
El constituyente Felipe Harboe formuló en su presentación, con motivo de la tramitación de este primer informe, varias observaciones y aludió al rol y los cambios que eventualmente a través de la Constituyente se van a plantear en este sentido. Y me parece legítimo considerar ese contexto.
Ha habido una fuerte discusión sobre el rol de los delegados regionales y provinciales presidenciales; el rol de los gobiernos regionales, y el rol de los propios municipios, que, cuáles más o cuáles menos, hacen algunos esfuerzos
53
por procurar mantener a raya algunos niveles mínimos de seguridad pública.
Creo que evidentemente este proyecto impone un enorme desafío -este es su primer trámite-, y espero sinceramente que los miembros de la Comisión hagan un profundo análisis acerca de la complejidad del tema.
Siendo yo en realidad un poquito pesimista respecto del rol de la institucionalidad, de lo que significa la creación de una institucionalidad para resolver un problema, espero que se logren los objetivos. Ojalá sea así, en bien de nuestra sociedad, en bien de la seguridad que hoy día está agobiando evidentemente a toda nuestra comunidad.
Voto a favor, Presidenta .
Muchas gracias.";1
"15";"21730";48;2022;1;"GUILLIER";NA;"El señor GUILLIER.-
Presidenta, quiero destacar que voy a apoyar este proyecto porque la verdad es que hace mucho tiempo que lo necesitábamos. Porque hay que separar la conducción política de un Gobierno del tema de la seguridad, en el más amplio sentido.
Todos nosotros, particularmente en la zona norte de Chile, pero no somos los únicos, estamos observando cómo crecientemente la capacidad de producir drogas en territorio chileno y el involucramiento de organizaciones criminales extranjeras empiezan a asociarse. De hecho, la propia Fiscalía Nacional ha dado cuenta de cómo organizaciones criminales mexicanas poderosas y complejas -por ejemplo, el cartel de Sinaloa y también el cartel Jalisco Nueva Generación ; en otro lado, el cartel del Golfo, de Colombia- han ido incursionando en nuestro país tanto en el tráfico de drogas desde nuestros puertos, sobre todo a Europa, pero también en la construcción en Chile de infraestructura para generar esa droga.
Esta es una de las dimensiones más graves de lo que estamos viviendo, y no hemos apuntado a eso porque nunca hemos pasado de la represión del tráfico a investigar de verdad el crimen organizado y, sobre todo, el lavado de dinero, que es lo que mueve la industria de la droga. Mientras no lo abordemos con servicios policiales altamente especializados y con facultades legales excepcionales, no vamos a poder penetrar el círculo poderoso del lavado de dinero, que se mezcla con actividades lícitas para poder justificar ingresos que son de altas dimensiones.
Pero además hay otros hechos: están apareciendo distintas formas de crimen organizado, por ejemplo, el cibercrimen.
Hoy, en la Comisión de Defensa, se presentó por parte del Senador Pugh una interesante observación en orden a crear en Chile el mes de la seguridad, en el amplio espectro, porque nos damos cuenta de que la seguridad actualmente no dice relación simplemente con los delitos de asalto, de secuestro -que se empieza a instalar en nuestro país como un gran negocio lucrativo-, de portonazos y otros, sino con delitos más sutiles, con gente muy preparada, que maneja negocios internacionales y que nos van a introducir hacia formas criminales para las que nuestras policías no están preparadas, nuestras fiscalías tampoco y nuestra legislación aún menos.
Se trata de amenazas no convencionales. No es solo el crimen organizado, es el cambio climático; el ciberespacio; las crisis financieras; las capacidades de desmontar sistemas financieros, servicios básicos; la seguridad humana que queda expuesta a todas estas mafias y organizaciones, que también se globalizan a alta velocidad.
Nosotros necesitamos efectivamente un Ministerio de Seguridad, aunque debo decir que tiene un aspecto excesivamente burocrático eso de crear organismos. Pero aquí lo clave, lo fundamental es el talento humano, la capacitación, la formación de personal especializado y, además, protegido, porque pueden ser víctimas también de represalias del crimen organizado. De igual modo, necesitamos descentralizarlo a lo largo del territorio.
53
Estamos hablando de cambios constitucionales, en que obviamente habrá distribución de poderes también en los territorios. Ahí tenemos que generar capacidades y, finalmente, coordinación.
La creación del Ministerio Público debe ser una labor asociada para que aquel se transforme realmente en el organismo que coordine la seguridad de las personas en el más amplio espectro, incorporando estas nuevas formas criminales de que estamos siendo víctimas. Y, además, tiene que ser capaz de anticiparse en políticas sociales preventivas y de rehabilitación.
Espero que este paso no termine en un mero acto burocrático, simplemente por cumplir algo, y que de verdad haya detrás la voluntad política de combatir el crimen organizado, porque cuando se combate caen intereses muy poderosos, muchas veces aparentemente legítimos. Y eso, desde hace mucho tiempo, por lo menos en Chile, no hemos sabido que se esté investigando.
Muchas gracias, Presidenta .
Voto a favor.";1
"16";"21730";50;2022;1;"EBENSPERGER";NA;"La señora EBENSPERGER.-
Gracias, Presidenta .
Yo no sé si la creación de este Ministerio va a ser o no un avance. Espero que ayude.
Hoy día, y desde hace mucho tiempo, el tema de la seguridad, en cualquier encuesta que se haga, es siempre la primera preocupación de la ciudadanía.
En la actualidad, mi Región al menos está absolutamente secuestrada por el crimen organizado: todos los días hay homicidios; ¡narcotráfico, para qué decir! Lamentablemente, estamos en una situación grave grave, diría yo.
La migración es otro tema que está descontrolado, porque nadie sabe quién entra al país, lo que también es un descontrol.
No tengo dudas de que dentro de las personas que ingresan debe haber gente que viene huyendo de un país donde le privaron todas sus libertades, en que no tenían qué comer y buscan una mejor calidad de vida. Pero, claramente, también viene bastante delincuente. No puede un país, por mucho que quiera ayudar a esas personas, dejarlas entrar sin saber quiénes son.
Hoy día la PDI las llama a autodenunciarse, pero cualquier persona va y dice: ""Me llamo Juanito Pérez "". No basta con eso, porque lo más probable es que ese no sea su nombre.
No puede un país no saber quién entra a su territorio. Lo que corresponde es hacer un catastro y que este sea biométrico, con huellas, con fotos, e investigar si los que han ingresado son efectivamente quienes dicen ser.
Se hablaba acá hace un rato que existe en algunos gobiernos -haciendo alusión, probablemente, al Gobierno del Presidente Piñera- un populismo penal. Pero resulta paradójico echarle la culpa a otro cuando muchas veces este Congreso, que exige o critica a un gobierno determinado por el poco éxito en materia de seguridad, les niega los recursos a las policías, les quita y les rebaja los gastos reservados. ¿Cómo quiere que Carabineros, la PDI o cualquier otra institución hagan inteligencia? ¿Cómo se les paga a los informantes? ¿Querrá que vayan al Servicio de Impuestos Internos e inicien actividades, saquen boletas y estas les sean pagadas como informantes?
¡Eso no tiene ni pies ni cabeza!
Cuando se habla de ""acabar con la puerta giratoria"", se juzga y critica al Poder Judicial ; pero los tribunales aplican las leyes. Por lo tanto, ¡hagamos buenas leyes!
53
El viernes pasado me junté con el General Telchi, Jefe de Zona de mi Región , quien me mostraba al responsable del último homicidio -no el último, porque desde que yo hablé con él a esta fecha ya han ocurrido como tres homicidios más-, a la persona que habían detenido por el crimen que se cometió allá y me decía: ""Mire, Senadora , este caballero ha sido detenido treinta y nueve veces por Carabineros, es responsable de tres homicidios ¡y está libre!"".
¡Si esa persona se encuentra libre es porque el Poder Judicial está aplicando leyes que hemos aprobado nosotros y que le permiten dejarla en libertad!
Entonces, ¡no rasguemos vestiduras en contra del Poder Judicial o del Ejecutivo y miremos también nosotros las leyes que estamos aprobando!
Tenemos un sistema excesivamente garantista porque nosotros lo hemos aprobado así: nos preocupamos de darles todas las garantías a los delincuentes, pero no de las víctimas. ¡Por lo tanto, no nos quejemos luego de la falta de seguridad!
Si creemos que hoy día se ha llegado a un punto sin retorno, preocupémonos entonces de modificar esas leyes y hagamos otras mejores para que no pueda existir esa puerta giratoria, para que los delincuentes tengan asegurados sus derechos y para que todas las buenas personas puedan también vivir en paz sabiendo que hay buenas leyes y que los tribunales las podrán aplicar correctamente. Así, ¡los que tienen que estar en las cárceles van a estar en las cárceles!
Mientras eso no ocurra, podemos continuar dando grandes discursos, pero las malas personas y los delincuentes van a seguir... . (se desactiva el micrófono por haberse agotado el tiempo)
Presidenta, un minuto y termino.
(Se vuelve a activar el micrófono por indicación de la Mesa).
Como decía, los delincuentes van a seguir en las calles y las buenas personas -que es lo que ocurre en la Región de Tarapacá- continuarán viviendo cada día más encerradas, porque a partir de las seis de la tarde no pueden salir de sus casas debido a que la calle es un verdadero infierno.
En consecuencia, nosotros, este Congreso, este Poder Legislativo, somos tan responsables como el Poder Judicial y el Poder Ejecutivo de la delincuencia que hoy día existe en nuestro país y de la falta de buenas leyes que hagan que quienes deban estar tras las rejas sean los delincuentes y no las buenas personas encerradas en sus casas.
Voy a votar favorablemente, Presidenta , aunque no sé si este es el camino correcto.";1
"17";"21730";52;2022;1;"HUENCHUMILLA";NA;"El señor HUENCHUMILLA.-
Muchas gracias, Presidenta .
Estimo que esta es una buena iniciativa porque pretende establecer una nueva institucionalidad para el Estado, orientada a una materia específica, respecto de la cual todos estamos de acuerdo en que requiere de un tratamiento diferente, distinto, moderno. Porque sabemos que la delincuencia hoy día, en el siglo XXI, ha tomado características de profunda gravedad. Lo vemos en nuestro país con nuevas fórmulas para delinquir y con hechos de narcotráfico, de crimen organizado, de ciberseguridad en un mundo globalizado.
Por cierto, una nueva institucionalidad y una nueva ley no hacen milagros, pero dotan al Estado de facultades para combatir este flagelo que azota a la sociedad, a toda la gente en Chile y en el mundo. Por eso, reitero, esta es una buena iniciativa.
En seguida, quisiera precisar un par de cosas.
53
Lo primero: el proyecto habla de ""seguridad multidimensional"". Y yo debo entender que se está refiriendo a la seguridad en las relaciones de los seres humanos. Porque nosotros, los seres humanos, tenemos otras fragilidades; por ejemplo, la fragilidad de nuestro propio cuerpo, y, por lo tanto, la seguridad en la salud y en lo sanitario no queda incluida dentro de este concepto multidimensional; tampoco quedan incluidos los avatares de la naturaleza que nos golpean y nos crean inseguridad. Es decir, todos los fenómenos que tenemos en relación con eso, a mi juicio, no entrarían dentro del concepto multidimensional a que se refiere el presente proyecto de ley.
Lo segundo: creo que aquí hay un cambio también, porque normalmente los partidos conservadores y de Derecha en el mundo colocan gran parte del acento de la seguridad en el sistema penal. Entonces, tradicionalmente se piensa que el combate contra el delito y el resguardo de la seguridad le corresponden al derecho penal. Y eso significa policía, significa Poder Judicial y significa cárcel.
Esto es así desde hace trecientos años: desde que se inventan las cárceles como una manera de represión.
Creo que eso hoy día requiere un tratamiento y una visión diversa, porque así es el nuevo procedimiento en los países más avanzados, fundamentalmente en Europa, donde lo esencial, aparte del sistema penal, dice relación con las políticas de prevención, dentro de las cuales un lugar importante lo juega el sistema de inteligencia que permite anticiparse y prevenir, de tal manera que la autoridad pueda obtener buena información para tomar las medidas que correspondan.
Eso demanda, por lo tanto, que tengamos una policía reformada, con sistemas de inteligencia al más alto nivel que permitan dotar a la autoridad de este Ministerio y al Jefe del Estado de la información necesaria para adoptar las medidas correspondientes.
Además, requiere la prevención de la criminología, que es el estudio del delito y de la reacción social frente al delito.
Entonces, yo espero que este Ministerio tenga un departamento que se dedique a estudiar a fondo los fenómenos criminógenos que hoy día azotan a Chile y al mundo.
Por último, también hay una nueva política, llamada ""la prevención situacional del delito"", para la cual este Ministerio deberá tener facultades normativas con el fin de inundar al resto de la Administración del Estado, que tiene que ver con cuestiones situacionales como, por ejemplo, el desarrollo territorial, el urbanismo, la construcción de calles o carreteras, para impedir que, por determinadas circunstancias, el delito simplemente se multiplique.
Termino diciendo que tengo muchas esperanzas en que podamos contar con una buena institucionalidad a raíz de este proyecto de ley.
Por lo tanto, vamos a votar a favor y espero que en la discusión particular podamos avanzar notablemente en esta iniciativa.
Voto a favor.
Muchas gracias, Presidenta .";1
"18";"21730";60;2023;6;"KAST";NA;"El señor KAST.-
Gracias, Presidente.
Primero, deseo saludar a la Ministra y al Subsecretario .
Hemos llegado finalmente a la votación de este proyecto después de una larga discusión, donde en definitiva se impusieron los acuerdos, lo que, a mi juicio, siempre es positivo en este tipo de cambios institucionales tan relevantes.
Como Presidente de la Comisión de Seguridad , vengo a informar el proyecto, en primer trámite constitucional, que crea el Ministerio de Seguridad Pública, iniciado en mensaje presidencial y que tiene urgencia calificada de ""discusión inmediata"".
Su idea matriz consiste en crear un Ministerio de Seguridad Pública como la Secretaría de Estado encargada de colaborar directamente con el Presidente de la República en asuntos relativos a la seguridad y al resguardo de la seguridad pública, con la finalidad de permitir a la sociedad, a los grupos intermedios y a las personas encontrar resguardo y protección del Estado ante peligros, riesgos, amenazas e interferencias, externas e internas, antrópicas y naturales.
Antecedentes de la propuesta
El debate en torno a la creación del Ministerio tiene casi dos décadas. El primero en impulsarlo fue el ex Presidente Ricardo Lagos , el año 2005; también lo hizo la ex Presidenta Bachelet , cuando en junio del 2006 presentó un mensaje presidencial que buscaba crear el Ministerio de Seguridad Pública. Lo mismo hace el proyecto de hoy sometido a discusión y que fue ingresado por el Gobierno del ex Presidente Sebastián Piñera .
Esto da cuenta de una inquietud de política pública transversal de larga data sobre la necesidad de crear un ministerio especializado en esta materia.
Quiero además agregar que la creación de este Ministerio y este debate obedecen, producto de que la seguridad se ha transformado cada vez en un elemento más complejo, por la existencia de un crimen organizado más sofisticado y con más recursos, a la necesidad de contar con un ministerio más técnico, con más capacidad investigativa, con más capacidad de prevención, con más capacidad de tener recursos para seguir la ruta del dinero.
Por lo tanto, aquellos que creen -dentro de los que me incluyo- que tenemos un exceso de ministerios, en este caso consideramos que su creación se justifica plenamente, por la naturaleza que actualmente tiene el Ministerio del Interior, que es carácter político. Y, por lo tanto, el tener un ministerio especializado en materia de seguridad nos parece que es un positivo avance.
En cuanto a los fundamentos del proyecto, el mensaje subraya que garantizar la seguridad es una función primordial del Estado y debe preceder a cualquier otra, lo que se logra con estándares de seguridad, para poder
53
vivir en libertad e incluso cuidar nuestra democracia.
En este contexto, la idea central de la iniciativa es separar la seguridad pública de la gestión política del Ministro del Interior , en su rol de jefe de gabinete, creando un nuevo Ministerio, cuyo Ministro será el colaborador directo del Presidente de la República en todo aquello que diga relación con la seguridad.
Por otra parte, el proyecto considera competencias para supervigilar estratégica, operativa, presupuestaria y administrativamente las tareas de las Fuerzas de Orden y Seguridad Pública, con la idea de reforzar el necesario control civil sobre las Policías.
Además, esta iniciativa de ley instituye un sistema de seguridad pública, dotando al nuevo Ministerio de una estructura orgánica adecuada para el ejercicio de tales funciones, con especial énfasis en la necesidad de que los numerosos órganos públicos con competencias relacionadas a los ámbitos de la seguridad y el orden público actúen de manera coordinada y responsable en todo el territorio nacional.
En este sentido, respecto al fortalecimiento del rol del nuevo Ministerio en regiones, se busca lograr un adecuado balance entre la desconcentración, la especialización y la responsabilidad política. Así, se crea la figura del Comisionado de Seguridad, que estará a cargo de desplegar las principales funciones de este nuevo Ministerio en regiones, manteniendo la figura del Delegado Presidencial como el representante natural del Presidente , quien debe coordinar, supervigilar y fiscalizar el trabajo de todas las autoridades de gobierno en la región, incluyendo, por cierto, a las de los comisionados.
Esta es la bajada regional a que se hizo mucha referencia, donde se buscaba tener un equilibrio del rol del Delegado Presidencial con una bajada territorial suficientemente fuerte para el nuevo Ministerio.
En definitiva, se propone un nuevo diseño institucional, que creemos apuntará a mejorar el cumplimiento de la función primordial del Estado en lo que dice relación con la protección de las personas y sus bienes, lo cual es una de las bases fundamentales del goce y ejercicio libre de los derechos básicos de los ciudadanos.
Contenido de la propuesta
En concreto, en el artículo 1° se crea el Ministerio de Seguridad Pública, que será la Secretaría de Estado encargada de colaborar con el Presidente o Presidenta de la República en materias relativas a la seguridad.
En el artículo 2° se entrega al Ministerio el rol de coordinar y articular el sistema de seguridad pública y se define su integración.
El artículo 3º se refiere a la subordinación de las Fuerzas de Orden y Seguridad Pública, integradas por Carabineros y la Policía de Investigaciones.
En los artículos 4° a 8° se detallan las funciones y atribuciones del nuevo Ministerio de Seguridad.
El artículo 9° regula los consejos de seguridad.
Los artículos 10, 11 y 12 contienen normas especiales relacionadas con la participación de la sociedad civil y los deberes de informar.
El artículo 13 regula los consejos regionales, que serán presididos por el Delegado Presidencial Regional, y el Comisionado de Seguridad Pública actuará como secretario ejecutivo.
El artículo 14 alude a los consejos comunales.
Entre los artículos 15 y 17 se incorporan las normas relativas a la organización interna del Ministerio.
(Diálogos en un sector de la Sala).
Colegas, ¿les puedo pedir un poco de silencio para poder leer el informe?
Muchas gracias.
53";1
"19";"21730";67;2023;6;"KAST";NA;"El señor KAST.-
Además, Senador, usted ha reclamado varias veces por lo mismo. Así que está bien.
El título II se refiere a la Subsecretaría de Seguridad Pública y a las Fuerzas de Orden y Seguridad Pública.
El artículo 18 crea la mentada Subsecretaría como el órgano de colaboración inmediata del Ministro o la Ministra en la elaboración, coordinación, ejecución y evaluación de las políticas públicas.
Luego, los artículos 20 y 21 se refieren a la Subsecretaría de Prevención del Delito -aquí nos acompaña el Subsecretario-. El primero la define como ""el órgano de colaboración inmediata del Ministro o Ministra en todas aquellas materias relacionadas con la elaboración, coordinación, ejecución y evaluación de políticas públicas destinadas a la prevención del delito"".
A continuación, el artículo 22 detalla las funciones de los comisionados de seguridad pública, que son -recuerden- los representantes a nivel regional.
El artículo 23 regula los requisitos de elegibilidad para dicho cargo, incorporando, entre otros, el de ""tener experiencia previa en materias de seguridad y prevención que demuestren la idoneidad para el cargo"".
Y el 24 regula las causales de remoción. Ojo, una de las fórmulas que se analizó para poder darles mayor empoderamiento a los delegados presidenciales fue que puedan pedir la remoción de un comisionado.
Por último, los artículos 25 y 26 contienen disposiciones finales sobre la Política Nacional de Seguridad Pública, Protección de las Personas y Convivencia Ciudadana, y respecto del personal del Ministerio.
Como adelantaba, el artículo segundo del proyecto contiene normas adecuatorias para asegurar la coherencia normativa ante esta nueva ley y la legislación vigente.
En mérito de los acuerdos precedentemente expuestos, la Comisión de Seguridad Pública tiene el honor de proponer a la Honorable Sala la aprobación en particular de este proyecto de ley.
Es todo, Presidente .
53";1
"20";"21730";72;2023;6;"LAGOS";NA;"El señor LAGOS.-
Muchas gracias, señor Presidente.
A la Comisión de Hacienda le toca informar acerca del proyecto en referencia, que se encuentra en primer trámite constitucional.
Como se señaló, esta iniciativa fue considerada previamente por la Comisión de Seguridad Pública en su segundo informe, en los términos que hemos conocido por lo expuesto por el Senador Kast , Presidente de dicha instancia.
A la Comisión de Hacienda le correspondió pronunciarse solo sobre los asuntos de su competencia.
Asistieron a la sesión de hoy, además de sus miembros, los Honorables Senadores Edwards y Sandoval; este último terminó votando en reemplazo del Senador Coloma .
Concurrieron, por parte del Ministerio del Interior, la Ministra , señora Carolina Tohá , y el coordinador jurídico legislativo, señor Rafael Collado ; y de la Subsecretaría de Prevención del Delito, el Subsecretario , señor Eduardo Vergara , y el asesor señor Rodrigo Muñoz .
La Comisión de Hacienda no introdujo enmiendas al texto despachado por la Comisión de Seguridad Pública, aprobando por la unanimidad de sus miembros, los Honorables Senadores García , Insulza , Lagos , Núñez y Sandoval , las normas propias de su competencia, exceptuando el artículo primero transitorio, que fue aprobado con la abstención del Honorable Senador señor Sandoval .
Ahora bien, el informe financiero de este proyecto se compone, básicamente, de tres elementos, que son principalmente gastos financieros.
Primero, se estima que el Ministerio de Seguridad Pública va a estar conformado por 21 nuevos funcionarios, lo que incluye al Ministro de Seguridad Pública ; a 13 funcionarios de su gabinete, además de un traspaso desde el Ministerio del Interior, y a 6 funcionarios de la unidad de auditoría ministerial. Para el gabinete ministerial también se consideran 8 asesores en calidad de honorarios, de los cuales 3 se contemplan como traspasos del Ministerio del Interior.
Este mayor gasto para el primer año asciende ligeramente sobre los 1.000 millones de pesos, y en régimen, a 1.044 millones de pesos.
El segundo ítem de gastos del proyecto es la creación de la Subsecretaría de Seguridad Pública, que implica la contratación de 53 nuevos funcionarios, lo cual incluye al Subsecretario ; a 12 funcionarios de su gabinete, además de un traspaso desde el Ministerio del Interior, y 40 contrataciones asociadas a las divisiones jurídicas, de auditoría interna y a la división de administración y finanzas. Para el gabinete del Subsecretario o Subsecretaria se consideran 8 asesores en calidad de honorarios, de los cuales 3 se contemplan como traspasos desde el Ministerio del Interior.
53
Esto tiene un gasto por sobre los 2.500 millones de pesos, tanto en el primer año de implementación como en régimen.
Y, en tercer lugar, para la conformación de lo que se denominó en su minuto las ""seremías"", que hoy día son los comisionados regionales, se genera un diferencial que implica un mayor gasto de 76.800.000 pesos.
A su vez, el gabinete de cada uno de los dieciséis comisionados regionales está compuesto por 4 funcionarios, de los cuales 2 corresponden a nuevas contrataciones.
Los montos cambiaron con todas las modificaciones que se le hicieron a este proyecto. Inicialmente, esto iba a tener un costo en régimen de 1.600 millones; pero, como señaló el Senador Kast , acá hubo una modificación, ya que, respecto a la implementación, que iba a ser gradual a lo largo de cuatro años y diferenciada por regiones, se adoptó el criterio -a mi juicio, bueno; pero esa es una opinión personal, no es parte del informe- de implementar todos los comisionados regionales al unísono a lo largo del país. Eso aumentó el gasto inicial de 5.200 millones en régimen a 5.576 millones en total, como se muestra en el nuevo informe financiero.
En resumen, señor Presidente , en el informe financiero estamos hablando de 5.576 millones de pesos para el nuevo Ministerio de Seguridad Pública, bajo los tres ítems mencionados: el Ministerio propiamente tal, la Subsecretaría y los comisionados regionales.
Es cuanto puedo informar, señor Presidente.";1
"21";"21730";74;2023;6;"TOHÁ";"Ministra del Interior y Seguridad Pública";"La señora TOHÁ ( Ministra del Interior y Seguridad Pública ).-
Muchas gracias, Presidente .
Quisiera pedir que se ponga en grande la presentación. Hoy día estuvimos en la Comisión de Hacienda, Presidente , y nos pidieron que trajéramos algo para entender el ""mono"" -como se dice- de una manera más clara. Para eso, necesito que se agrande la presentación en la pantalla.
Gracias.
No voy a repetir las cosas que ya se dijeron y la historia de este proyecto. Solo quiero señalar que desde el 2006, cuando inició su discusión, ha habido cambios en esta materia; porque lo que partió como una propuesta de Ministerio de Seguridad se transformó después en la constitución del Ministerio del Interior y Seguridad Pública.
En ese cambio, se traspasó al Ministerio la gestión administrativa de las Policías; se eliminó la Subsecretaría de Carabineros en el Ministerio de Defensa, y se creó la Subsecretaría de Prevención del Delito.
Con ello parecía darse corte al debate del Ministerio de Seguridad, pero no fue así, el debate se mantuvo.
En el segundo Gobierno del Presidente Piñera, en el año 2021 se presentó el proyecto, y durante el Gobierno del Presidente Boric, se ha insistido en esta agenda.
Esto fue parte del Programa de Gobierno del Presidente Boric, ratificado por él cuando dio la Cuenta Pública 2022 y cuando se presentó el Plan Nacional de Seguridad Pública y Prevención del Delito.
El Gobierno, a propósito de este proyecto, ha presentado dos grandes indicaciones.
53
La primera fue en agosto del año 2022, la cual contenía una serie de enmiendas al articulado y, muy importante, un cambio en el informe financiero, ya que modificaba la forma en que se iba a instalar el Ministerio. Esto originalmente implicaba un proceso gradual de cuatro años, que fue reducido a dos; o sea, la idea es que, desde que entre en vigor la ley, pasen solamente dos años hasta que esté plenamente instalada la nueva cartera en todo el territorio nacional.
La segunda indicación se presentó en el mes de mayo y tuvo por objeto resolver la versión regional del Ministerio de Seguridad. Ese tema había sido objeto de varias discusiones y dudas en la Comisión de Seguridad, que fue la instancia que originalmente examinó este proyecto. Se llegó a un acuerdo con la Comisión, y la fórmula que se trae aquí, a la Sala, es producto de ello.
En términos generales, ¿cuál es el concepto que está detrás de esto? Tener un Ministerio que colabore con el Presidente de la República en todas las materias que se refieren al resguardo de la seguridad y el orden público, a la prevención del delito, a la reinserción social y a la atención y asistencia a las víctimas.
Además, se busca la especialización de la gestión de la seguridad pública, que la diferencia de los roles de jefatura política del gabinete. Esto es muy importante, Presidente , tanto para la seguridad como para la jefatura política del gabinete.
La seguridad se ha vuelto una materia de política pública muy sofisticada, compleja, que tiene avances permanentes, que va diversificándose y que requiere un tratamiento sectorial distinto del propio de los ministerios políticos, que miran el global del Gobierno.
Esto es muy importante para la seguridad.
También es relevante para la jefatura de gabinete. Dado que estas dos actividades están juntas, tiende a fagocitar al Ministerio del Interior la prioridad por la seguridad, y las tareas de coordinación política propiamente quedan muy en cuestión, por lo absorbente que es el tema de seguridad.
Entonces, esto debiera apuntar a fortalecer ambas funciones y a permitir que cada una se despliegue plenamente.
En la definición de este Ministerio, lo fundamental es que este actúe como ente rector y que genere, a partir de esto, competencias ordenadoras y articuladoras con respecto a todos los organismos que intervienen en la seguridad.
Esto es muy importante, porque la seguridad cada vez más es una coproducción de muchas entidades y agencias, y, por lo tanto, no es solamente un trabajo que se hace puertas adentro, sino que, especialmente, puertas afuera con otras instituciones, incluso con otros poderes del Estado.
Además, en la propuesta que se trae se crea una figura que va a representar la versión regional del Ministerio de Seguridad, llamada ""comisionado o comisionada de seguridad"".
Sobre ello vamos a entrar un poco más en detalle en las próximas láminas.
En total el proyecto tiene treinta y seis artículos, de los cuales diez son transitorios y varios de ellos son normas adecuatorias.
¿Cuál es el diseño institucional? Esto es muy fome, así que solo lo voy a esbozar.
Hay cuatro títulos, que corresponden a normas permanentes; una serie de normas adecuatorias, y varias disposiciones transitorias, que se refieren a temas de personal, a reglas de sucesión desde Interior a Seguridad, a reglas para el presupuesto, a reglas de vigencia del nuevo Ministerio y a algo que también vamos a explicar después, el nuevo Sistema de Protección Ciudadana, que es una de las innovaciones que se hicieron en la última parte de la tramitación.
53
¿Cómo queda el Ministerio de Seguridad Pública? Aquí presentamos una estructura bien general para que se entienda la lógica. Es una cartera que tiene dos grandes Subsecretarías: la Subsecretaría de Seguridad Pública y Fuerzas de Orden y Seguridad y la Subsecretaría de Prevención del Delito.
La primera, fundamentalmente, cumple con las tareas de control de las Fuerzas de Orden y Seguridad Pública, las cuales crecieron muy fuertemente con motivo de la ley sobre modernización de las Policías y que van a seguir creciendo con las legislaciones que vendrán próximamente, que también son fruto de todo este proceso de modernización.
Asimismo, tiene a su cargo todas las estrategias contra el crimen organizado, las políticas de orden y seguridad pública, el resguardo fronterizo y, además, la coordinación del Sistema de Seguridad Pública y del Sistema Nacional de Protección Ciudadana.
Quiero explicar grosso modo qué son.
El Sistema de Seguridad Pública es la articulación del conjunto de entidades del gobierno, y externas a él, que colaboran en la producción de seguridad. Hay un Consejo Nacional de Seguridad, pero el sistema es algo más que eso, no es solo una reunión: son modalidades de política pública, de seguimiento presupuestario, de coordinación entre las distintas entidades.
El Sistema Nacional de Protección Ciudadana se agregó en la Comisión de Seguridad, y quedó mandatada la presentación de una iniciativa que deberá enviarse un año después de que entre en vigencia la ley que crea el Ministerio de Seguridad Pública, y dice relación con una nueva función que consistirá en articular y dar coherencia a los sistemas de televigilancia y de emergencia que hay en el país.
Tenemos sistemas de televigilancia que dependen de los municipios, de la Unidad Operativa de Control de Tránsito, del sector privado, todos desarticulados, poco inteligentes y que no contribuyen de manera integrada a perseguir y prevenir el delito. Entonces, a través de esta normativa, esto va a transformarse en un sistema.
Y el sistema de emergencias se basa en la misma lógica de los distintos sistemas de llamados de emergencia que tiene la población para comunicarse con Bomberos, con los servicios de ambulancias, con las Policías a fin de denunciar cualquier tipo de riesgo o peligro en materia de seguridad.
Será, como en muchos otros países, un sistema más amable, coordinado e integrado.
De otro lado, la Subsecretaría de Prevención del Delito coordina las distintas acciones y políticas en materia de prevención, de atención de víctimas, de reinserción. Y también tiene una parte relevante vinculada con políticas y estudios, incluyendo los que hacen referencia a temas propiamente de control. Ahí se elaboran las estadísticas; en la actualidad está el Observatorio de Homicidios. Desde allí se llevará todo el estudio y análisis de datos del Ministerio.
Tres servicios dependen del Ministerio de Seguridad: Carabineros, la Policía de Investigaciones y la ANI.
Con respecto al Ministerio del Interior, también queda con dos Subsecretarías: la Subsecretaría de Interior y la Subsecretaría de Desarrollo Regional y Administrativo. No figura el nombre completo, ¡porque no cabía en el monito...!
La Subsecretaría de Interior tiene a su cargo las tareas de gobierno interior, las de migración y extranjería, los desastres y emergencias y la coordinación interministerial, hoy día radicada en gran parte en Segprés.
Vamos a explicar esto después; pero la idea es que ello cambie en una fase posterior de tramitación del proyecto.
Gobierno interior es todo lo que se refiere a la coordinación de la presencia del gobierno en las regiones, fundamentalmente los delegados presidenciales, y al trabajo que se hace ahí de conducción y coordinación política del gobierno.
53
La Subsecretaría de Desarrollo Regional se encarga de la coordinación y el apoyo a los gobiernos regionales y también a los municipios; de la coordinación de las políticas de descentralización, y se dedica, asimismo, a las políticas de estudios de gobierno y administración en general, no solo del ámbito regional, sino también de lo que dice relación con la Administración Pública en un sentido más amplio.
Dependerán del Ministerio del Interior tres servicios: Senapred, el Servicio Nacional de Migraciones y Senda.
Ahora bien, quiero hacer mención del tema de la coordinación interministerial.
La jefatura de gabinete es una dimensión importante de fortalecer en esta nueva institucionalidad.
El Gobierno va a presentar una indicación significativa en esta materia en la próxima fase de tramitación de este proyecto, en la Cámara de Diputados, que tiene por objeto darle una expresión más concreta a fin de que esté graficado en la normativa este rol de jefatura de gabinete del Ministerio del Interior, que hoy más que nada...(se desactiva el micrófono por haberse agotado el tiempo y se vuelve a activar por indicación de la Mesa)... es una tradición basada en que es el Ministerio más antiguo, en una serie de elementos protocolares; pero, desde el punto de vista de las capacidades institucionales, no hay nada que lo garantice.
Entonces, se considera muy trascendente que el perder los roles de seguridad no debilite al Ministerio del Interior en sus tareas de coordinación. Y para eso se van a presentar una serie de indicaciones y modificaciones para, entre otras cosas, traspasar esta función, que hoy está radicada en Segprés, con el objeto de que esta se concentre en ser un Ministerio de tramitación legislativa y que la materia de coordinación interministerial quede radicada en Interior.
Lo último que vamos a presentar, Presidente, tiene que ver con expresar la estructura regional propuesta.
Está el Ministerio del Interior, que es la jefatura del gabinete ministerial del Presidente o Presidenta de turno . La expresión del Ministerio del Interior en la región son los delegados presidenciales: son delegados del Presidente , pero se relacionan con él a través del Ministerio del Interior y administrativamente dependen de esta Cartera. Ese delegado presidencial va a mantener la presidencia del Consejo Regional de Seguridad , entidad donde se concentran muchas organizaciones e instituciones -no solo gubernamentales- que contribuyen a la seguridad; va a tener la posibilidad de solicitar auxilio de la fuerza pública, cuando corresponda, a través del comisionado; y podrá solicitarle al Presidente o a la Presidenta la remoción del comisionado cuando no le parezca que está funcionando adecuadamente.
Es muy importante que el delegado o delegada mantenga este rol de jefatura, de responsabilidad en los temas de seguridad, que no se desentienda de ellos.
En el caso del Ministerio de Seguridad su expresión en la región, equivalente a un seremi, se va a llamar ""Comisionado de Seguridad"". ¿Por qué comisionado o comisionada y no seremi? Porque esta persona va a tener la tarea de ejercer todos los roles de seguridad en la región; entre otras cosas, la coordinación y el control de las Policías, incluyendo los generales jefes de zona.
Que esta labor la desarrolle un secretario regional ministerial parece insuficiente para cumplir un rol de esta naturaleza. Por eso se crea una nominación distinta.
El Comisionado de Seguridad Pública será el secretario ejecutivo del Consejo Regional de Seguridad: va a ser un profesional con experiencia en materia de seguridad, requisito que no tienen explicitado los seremi de los demás Ministerios para tecnificar su labor, y tendrá el mando de los policías en la región, con esta característica de que el delegado va a poder solicitar la intervención a través suyo y que podrá ser removido cuando este considere que no está cumpliendo adecuadamente su función.
Así, Presidente , logramos una presencia específica del Ministerio de Seguridad en el territorio; que quede claro que ahí está radicada la tarea de la seguridad, pero que el delegado o la delegada mantengan una primacía en el sentido de responsabilidad política... (se desactiva el micrófono por haberse agotado el tiempo).";1
"22";"21730";79;2023;6;"VAN RYSSELBERGHE";NA;"El señor VAN RYSSELBERGHE.-
Muchas gracias, Presidente .
Saludo a la Ministra del Interior y a los Subsecretarios que nos acompañan.
Como bien se mencionó en la introducción, el proyecto de ley que crea el Ministerio de Seguridad Pública es uno de los más relevantes que este Congreso Nacional se encuentra actualmente discutiendo, en el marco de la denominada ""Agenda de Seguridad Pública"", y que busca acelerar una serie de iniciativas necesarias para combatir de manera más efectiva la actual crisis de seguridad que se vive en las principales ciudades de nuestro país.
Durante el año 2022, me correspondió ser miembro de la Comisión de Seguridad Pública de esta Corporación, donde gran parte del trabajo legislativo giró en torno al estudio de este proyecto, pero lamentablemente en marzo pasado los acuerdos sobre la composición de las Comisiones del Senado hicieron que tuviera que integrar otras instancias legislativas, cuando solo quedaba pendiente la discusión de la bajada regional del Ministerio de Seguridad Pública.
Más allá de los detalles del proyecto que los miembros de la Comisión de Seguridad pueden dar a conocer extensamente en esta Sala, quiero hacer un punto sobre su tramitación legislativa en dicha instancia el año pasado.
En ese período, la mencionada Comisión logró despachar, en paralelo a la discusión de este proyecto, importantes iniciativas relacionadas con la seguridad pública: robo de madera, crimen organizado o mejoras a la persecución del narcotráfico.
Estos proyectos lograron ser despachados a ley, porque en la Comisión se trabajó de forma coordinada y seria junto al Ministerio del Interior y a la Subsecretaría respectiva, por medio de reuniones periódicas de una mesa técnica que permitió consensuar y destrabar los nudos o puntos de divergencia que se iban presentando en cada una de esas iniciativas.
Lamentablemente, en el caso de este proyecto, que crea el Ministerio de Seguridad Pública, esa forma de trabajo no se replicó con la Subsecretaría de Prevención del Delito, quien presentó una indicación sustitutiva que modificó completamente el proyecto original, sin consenso previo con los Senadores, incluso con los de gobierno, y que obligó a revisar y volver a redactar cada artículo e inciso sobre la mesa de la Comisión, sin que tampoco se generara una instancia de conversación y acuerdo a través de una mesa técnica, lo que ralentizó aún más su tramitación.
Se debe dejar en claro, en honor a la verdad, que esta indicación sustitutiva y la mala forma de tramitar este proyecto por parte del Ejecutivo se generaron, eso sí, durante la gestión anterior de la Cartera del Interior, no bajo
53
la de la actual Ministra Tohá .
Sin embargo, es necesario hacer el punto para que esta mala práctica legislativa no se repita en el futuro con otros proyectos de ley, que solo retrasa e impide avanzar de forma rápida y eficiente en iniciativas que son de urgencia para el país y los ciudadanos, como las relativas a seguridad pública.
Estoy convencido de que con una buena disposición para trabajar en forma conjunta y consensuada este importante proyecto su despacho por la Comisión de Seguridad del Senado se hubiera concretado en pocos meses de trabajo legislativo y no en casi el año y medio que finalmente demoró.
Con todo, votaré a favor, Presidente.
Muchas gracias.";1
"23";"21730";81;2023;6;"OSSANDÓN";NA;"El señor OSSANDÓN.-
Gracias, Presidente.
Señor Presidente, por su intermedio, quisiera afirmar que no tenemos dudas de que hay ministerios que sobran en nuestro país, pero que hay uno que falta, y ese es el Ministerio de Seguridad Pública.
La actual institucionalidad no da abasto.
Bajo la actual orgánica, tenemos que la Ministra del Interior es la Vicepresidenta de la República , coordinadora del gabinete ministerial, la encargada de la administración del presupuesto de las regiones, y en último término y prioridad está la seguridad.
La necesidad de un nuevo Ministerio no solo radica en separar a las Policías de la contingencia política, sino también en mejorar la respuesta al ciudadano y en articular bajo una dirección de mando y control los esfuerzos y las capacidades del trabajo interagencial e interoperable de los integrantes del sistema de seguridad.
Quiero agradecer especialmente a los Senadores Insulza , Quintana , Van Rysselberghe y Huenchumilla , con quienes nos tocó trabajar, debatir y modificar el contenido del nuevo Ministerio durante el 2022, pudiendo sobreponernos a nuestras legítimas diferencias políticas en aras de un proyecto común, de Estado, que creo es un orgullo y muestra que sí podemos ponernos de acuerdo para mejorar la oferta en materia de seguridad para todos los chilenos.
Asimismo, deseo agradecer a los Senadores Kast , Flores y Kusanovic y a la Senadora Vodanovic, con quienes pudimos realizar mejoras y desarrollar la bajada territorial del nuevo Ministerio de Seguridad Pública. También agradezco a nuestros asesores, que debieron trabajar muchas veces 24/7 para sacar adelante este proyecto, incluso los fines de semana.";1
"24";"21730";83;2023;6;"OSSANDÓN";NA;"El señor OSSANDÓN.-
¡Y también a mi líder Moreira ...!
¡Hoy lo tenemos en Chile, recién llegado de China...!
Presidente , no podemos desconocer el liderazgo y el compromiso de la Ministra Carolina Tohá , quien fue capaz de sacar este Ministerio adelante, acogiendo muchas de nuestras inquietudes y sugerencias, como los principios de
53
interoperabilidad e interagencialidad, la necesidad de combatir el terrorismo interno y externo y la planificación de una estrategia nacional para la prevención y el combate del crimen organizado y el terrorismo, así como nuestra idea sobre el sistema nacional de protección ciudadana, que empujamos fuertemente con los Senadores Pugh y Castro Prieto y las Senadoras Gatica y Aravena , y también con nuestros asesores, que nos apoyaron en su desarrollo y diseño funcional, para darle un brazo armado a este nuevo Ministerio, pues no sacamos nada con crear una institucionalidad si no somos capaces de mejorar la respuesta al ciudadano.
El sistema nacional de protección ciudadana consiste en un modelo de gestión integrado, bajo un centro de protección regional, el cual a través de un sistema único de respuesta y alerta es capaz de integrar las capacidades de todos los organismos relacionados para la gestión de un incidente. Cabe destacar que en la Región Metropolitana tenemos más de catorce números de emergencias, imposibles de retener por la ciudadanía, razón por la cual acá se está proponiendo un número único, pero que va mucho más allá, porque cambiará completamente la forma en que concebimos la seguridad, permitiendo el control de los recursos, la fiscalización y la gestión integrada de la misma; y también posibilitará obtener big data para la redistribución y planificación eficiente de los recursos, así como para tomar buenas decisiones.
Este es el primer paso para superar el problema de la inseguridad. La interagencialidad y la interoperabilidad, que impulsamos junto al Senador Pugh hace mucho tiempo en esta materia y que recibieron apoyo transversal, son conceptos que llegaron para quedarse.
Los desafíos futuros están en impulsar una ley de interoperabilidad y gobernanza digital, siguiendo el modelo de cuatro capas de la Unión Europea, en modernización del Sistema Nacional de Inteligencia, del Servicio Nacional de Aduanas y de Gendarmería, pues tenemos que ser capaces de entender que la seguridad va mucho más allá que una simple gestión de las Policías. Hoy debemos tener una mirada enfocada en la seguridad nacional, pero integral.
Este es el primer paso, pero nos queda mucho para avanzar. Espero que el Gobierno cumpla sus compromisos en la Cámara de Diputados, y defina que Dipreca, la ANI y Senda dependan también de esta nueva institucionalidad.
Muchas gracias, Presidente .";1
"25";"21730";85;2023;6;"NÚÑEZ";NA;"El señor NÚÑEZ.-
Gracias, Presidente.
Lo primero que hay que plantear es que a mi juicio existe consenso, por lo menos en el debate que informaron en la Comisión de Hacienda, acerca de la importancia que tiene la creación de este Ministerio, porque evidentemente las tareas de seguridad pública, de orden público o de combate al crimen organizado que hoy día agobian al Ministerio del Interior no le permiten ejercer a plenitud sus roles de coordinación y de conducción política, y obviamente también de una u otra manera limitan el despliegue de las máximas capacidades del Estado en esta materia.
Por lo tanto, tener un actor de Gobierno concentrado exclusivamente en todas las materias de orden público, de seguridad ciudadana, creo que es algo tremendamente significativo.
Pero me quiero adelantar a una cosa, Presidente .
Estoy seguro de que algunos actores políticos van a descalificar esta institucionalidad, y dirán que es más burocracia y que no ayudará a resolver ningún problema.
En tal sentido, quiero decir que la creación del Ministerio de Seguridad Pública por supuesto que no es una solución mágica que va a resolver en veinticuatro horas los graves problemas que tiene el país; pero sin lugar a dudas se trata de una ayuda muy relevante.
53
Entonces, me parece bueno ser coherentes en el apoyo a esta nueva institucionalidad.
Ahora bien, un tema que conversamos en la Comisión de Hacienda, y que yo quiero destacar, es cómo este Ministerio se va a expresar en regiones, es decir, cómo vamos a tener la bajada, el nivel desconcentrado de la acción del nuevo Ministerio de Seguridad Pública. Desde ese punto de vista, yo saludo la figura de lo que se llama el ""Comisionado"", que si bien equivale a un seremi, posee un rango mayor. Y creo que eso es relevante, porque hoy día existen coordinadores de seguridad, pero no tienen un estatus mayor, y este nuevo Ministerio les entrega un estatus superior, lo que en mi opinión va a facilitar, obviamente, la acción que se puede desarrollar en esa materia.
Sin embargo, hay que dejar en claro, para no crear confusiones, que sigue siendo el Delegado Presidencial la figura jerárquica sobre el Comisionado, no obstante este es quien tiene la relación directa con el futuro Ministerio de Seguridad.
Hay algo que sé que genera polémica, pero es bueno decirlo: el proyecto de ley también contempla que un representante del gobernador o de la gobernadora regional se va a integrar al Consejo Regional de Seguridad . Yo creo que esto es relevante porque, si bien no hay que confundir roles, y el de seguridad, de control del orden público tiene que estar en el Ministerio del Interior y ser centralizado, también es cierto que en las regiones debe existir un trabajo más coordinado. Hoy día los gobernadores regionales no están integrados en los consejos de seguridad regionales y, en ese sentido, me parece que ese es un déficit que este proyecto resuelve de buena manera.
También quiero valorar algo que -entiendo- surgió en el debate del proyecto en las Comisiones del Senado.
Originalmente, la instalación del Ministerio, en su bajada, estaba proyectada en tres años, y con las urgencias que hoy día tenemos, ese era un tiempo excesivamente largo. Esto quedó reducido a un año, es decir, en ese lapso se van a instalar los nuevos comisionados en todas las regiones. Se contemplan 2.181 millones de pesos para esa labor, y en dos años van a completar -cuando este proyecto se encuentre en régimen- 5.576 millones de pesos. O sea, también hay más personal, existen recursos asignados. Y, desde ese punto de vista, Presidente , lo que yo valoro es que, mientras hay más presencia del Estado, mientras hay más presencia de la institucionalidad, menos crímenes, menos problemas tenemos en materia de seguridad.
¿Cuándo se producen los problemas? Cuando en una zona del país, cuando en una comuna, cuando en un territorio el Estado se ausenta. Cuando el Estado no logra ejercer su soberanía, cuando no tiene actores relevantes que estén ahí presentes, ocurren -ya sea en lugares fronterizos, en comunas o regiones apartadas, en poblaciones populares en que no entran las Policías- los peores crímenes, las situaciones de descontrol.
Por lo tanto, es muy importante este paso que se está dando para que el Estado tenga más institucionalidad, más acción en materia de combate al crimen, de combate al narcotráfico.
Me parece que este es un gran paso adelante, Presidente, y por eso lo vamos a apoyar con mucha convicción.
Gracias.";1
"26";"21730";87;2023;6;"PUGH";NA;"El señor PUGH.-
Muchas gracias, señor Presidente.
Por su intermedio, saludo a la Ministra del Interior y Seguridad Pública, hoy presente; también, al Subsecretario de Prevención del Delito ; y, a la distancia, al Subsecretario del Interior , quienes han trabajado de forma decidida para que este Ministerio, que es política de Estado, pueda ver la luz.
Y es política de Estado porque viene del Gobierno anterior, el que finalmente llegó al convencimiento de la necesidad de separar los Ministerios para concentrar en un Ministerio político toda la agenda política nacional:
53
muchos de los problemas que vive el país se resuelven políticamente.
En cuanto al tema de la seguridad, hay que abocarse a enfrentar quizás el mayor riesgo de amenaza que tiene el país: el crimen organizado, trasnacional, que puede poseer incluso más recursos que todo el Estado chileno, y debemos darnos cuenta de eso. Hoy enfrentamos amenazas gigantescas que ya están presentes en Chile y que pueden destruir nuestro sistema.
Esa es la necesidad que existe para especializar un Ministerio.
En esta discusión quedaron pendientes aquellas otras carteras que sí pueden formar parte -y se lo señalo, por su intermedio, señor Presidente , a la Ministra del Interior - de este nuevo Ministerio político: la vocería, o sea, el Ministerio Secretaría General de Gobierno, y la vinculación entre el Ejecutivo y el Legislativo, vale decir, el Ministerio Secretaría General de la Presidencia.
Esta es una forma de hacer un nuevo rediseño de la respuesta del Estado ante las situaciones emergentes, situaciones sociales importantes, temas legislativos de acuerdo, que se pueden lograr políticamente. De esta forma, se deja a un lado el tema de la seguridad y, especialmente, la seguridad pública, que es una materia técnica, especializada, 24/7, que requiere centros, y por eso valoro mucho la iniciativa, que es parte de las indicaciones que ingresó el Ejecutivo , para reconocer la necesidad de la creación de estos centros integrados de respuesta, a nivel tanto nacional como regional.
Cuando se habla de interoperabilidad es para que el país funcione. Y si algo tiene que funcionar todos los días, es la seguridad. Eso es darles certeza jurídica a todos los actos digitales que estén ocurriendo: actos digitales de los órganos del Estado, de las personas naturales y jurídicas -las empresas- y, a la vez, de los dispositivos que estén conectados a la red. Por eso este Ministerio es clave para lograr algo que también está ocurriendo en paralelo: la ley de transformación digital, N° 21.180.
Entonces, señor Presidente , le pediría a la Ministra que aquel a quien designen como futuro Ministro de Seguridad tenga en vista esto, porque su Ministerio debe nacer digital, debe nacer interoperable.
Y va a contar con varias agencias.
Una, la nueva Agencia Nacional de Inteligencia, que debe tener capacidades, contar con agentes. Debe poseer capacidades para levantar información estratégica y advertir sobre situaciones que puedan afectar al país.
También va a contar con la nueva Agencia Nacional de Ciberseguridad, que ya se encuentra en segundo trámite constitucional en la Cámara de Diputados, una agencia que va a cuidarnos en el ciberespacio.
Este Ministerio cubre todo el rango: el de las amenazas físicas, que vemos, y también el de las amenazas digitales, que no vemos.
Valoro, entonces, que se haya llegado a este acuerdo.
Quiero felicitar, especialmente, al Senador Ossandón , por la persistencia, por el compromiso: él nunca se bajó de ninguna mesa de seguridad, siempre estuvo disponible para avanzar en estos temas, y nos representó, obviamente, en la Comisión de Seguridad con todas las indicaciones. Si ustedes revisan el comparado, son ciento veintisiete páginas, y todas las indicaciones que se hicieron buscaron mejorar este Ministerio.
Yo espero que seamos capaces ahora de avanzar a una velocidad que nos permita contar con un Ministerio especializado.
Sugeriría, sí, tratar de concentrar en ese Ministerio todas las agencias, y este es un tema no menor: hay que buscarle una nueva casa a la Agencia Nacional de Inteligencia, hay que buscarle una casa a la Agencia Nacional de Ciberseguridad. Y ojalá este Ministerio pueda interoperarse.
¿Por qué es interagencial? Porque debe ser capaz de trabajar de forma coordinada con las Policías. Esta últimas van a estar a disposición del Ministerio Público, que es el que persigue, el que tiene la fuerza.
Pido solo un minuto más para terminar mi intervención, señor Presidente .
53";1
"27";"21730";89;2023;6;"PUGH";NA;"El señor PUGH.-
Muchas gracias.
El Ministerio Público será, entonces, el que llevará la delantera. Y ahí están las iniciativas de fiscalías supraterritoriales para poder enfrentar, por ejemplo, el crimen organizado, que no tiene domicilio en una región en particular, pues está entrando por el norte, el centro, el sur y nos está desbordando. Y debe ser enfrentado de una manera asimétrica, no de la forma en que estamos respondiendo nosotros, a velocidades lentas. Ellos están funcionando mucho más rápido, están corrompiendo, están generando coerción, están efectuando acciones que, incluso, pueden derivar en ataques de falsa bandera. Por ejemplo, hoy no sabemos si las torres de alta tensión fueron voladas por el narcotráfico o por algún grupo que quiera reivindicar, porque no tenemos ni siquiera la capacidad de inteligencia para saberlo.
Señor Presidente , valoro la iniciativa. Creo que es una política de Estado que ha madurado, que considera un sistema de respuesta integrado, con un número único, en que las personas podrán hacer saber su necesidad. Se trata de un sistema que deberá responder con tiempos controlados, con todas las Policías y con toda la información que requiera.
Por eso, señor Presidente, voy a votar a favor.
Muchas gracias.
He dicho.";1
"28";"21730";91;2023;6;"WALKER";NA;"El señor WALKER.-
Gracias, Presidente.
Saludo a la Ministra del Interior y Seguridad Pública, al Subsecretario de Prevención del Delito y a la Subsecretaria de la Segprés.
Por fin estamos despachando en particular este proyecto de ley, que tiene por objeto crear el Ministerio de Seguridad Pública, parte de la agenda prioritaria de treinta y un proyectos en materia de seguridad que hemos concordado con el Ejecutivo.
Felicito al Presidente de la Comisión de Seguridad y le agradezco por su informe.
Esta reforma, como se ha dicho, responde a cambios progresivos que se han producido en el país.
En el año 2005, tras un acuerdo transversal de los actores políticos de la época, las Fuerzas de Orden y Seguridad, dependientes del Ministerio de Defensa en ese momento, pasaron a depender del Ministerio encargado de la seguridad pública.
En 2006, durante el mandato de la Presidenta Bachelet , ingresó un mensaje que buscaba crear el Ministerio de Seguridad Pública, y durante su tramitación y discusión se presentó una indicación sustitutiva que propuso la creación del Ministerio del Interior y Seguridad Pública, a raíz del Acuerdo Político Legislativo en materia de Seguridad Ciudadana, pasando el Ministerio del Interior a coordinar los programas gubernamentales con esos fines y a estar a cargo de las Fuerzas de Orden y Seguridad Pública. Además, se creó la Subsecretaría de Prevención del Delito y el Servicio Nacional para la Prevención y la Rehabilitación del Consumo de Drogas y Alcohol.
53
Después -ya se ha dicho-, durante el segundo mandato del Presidente Piñera , antecedido de un importante trabajo prelegislativo bicameral, se dio paso al mensaje que hoy conocemos en Sala, fruto de la labor de los integrantes de la Comisión de Seguridad Pública y, sin duda, de la gestión y compromisos asumidos por el actual Gobierno, en que, finalmente, estamos demostrando que es posible pensar que esta reforma, que da origen al Ministerio de Seguridad Pública, será una realidad para Chile.
Resulta urgente esta reforma, que da más gobernabilidad y fortalece la musculatura institucional a través de la creación de este Ministerio de Seguridad Pública como la cartera de Estado que se encargará de colaborar directamente con el Presidente de la República en los asuntos relativos a la seguridad multidimensional y al resguardo de la seguridad pública.
Este es un paso indiscutiblemente necesario ante la grave crisis de seguridad que nos afecta, en que el crimen organizado, el narcotráfico, el terrorismo y el tráfico de armas avanzan y buscan hacerse de diversos barrios y territorios, afectando a las personas y la tranquilidad de la vida al interior de los hogares.
Presidente, yo quiero destacar algunas características de este proyecto:
-Le corresponderá al nuevo órgano la gestión de los asuntos y procesos administrativos que las Fuerzas de Orden y Seguridad Pública requieran para la implementación de sus funciones y que sean de su competencia.
-Le tocará también efectuar la coordinación sectorial e intersectorial para la concreción de los objetivos en materia de seguridad pública interior, orden público, prevención del delito, rehabilitación de infractores de ley y reinserción social.
-Le corresponderá, a la vez, todo lo relativo a la seguridad y al orden público; la dirección, control y gestión de las Policías; la prevención del delito; el resguardo de las fronteras; la ciberseguridad; la inteligencia y la seguridad privada.
Conversábamos recién con el Presidente de la Comisión , Senador Kast, de la importancia de avanzar en el proyecto de seguridad privada, que tiene, además, una incidencia muy importante en un tema que nos ha obsesionado por años -el Subsecretario Vergara lo sabe-, que es la seguridad en los recintos deportivos.
-Asimismo, estará a cargo de evaluar las políticas públicas en materia de prevención del delito y apoyo a las víctimas, diseñando o formulando proyectos a través de él o de otros servicios públicos.
-Por otro lado, el proyecto considera comisionados de seguridad en cada región de Chile, de manera de descentralizar la gestión en materia de seguridad.
Estos son todos elementos del proyecto que crea el nuevo Ministerio de Seguridad Pública y que, por cierto, vamos a aprobar en el día de hoy.
Gracias, Presidente .";1
"29";"21730";93;2023;6;"MOREIRA";NA;"El señor MOREIRA.-
Gracias, Presidente.
La verdad es que de repente escucho a algún señor Senador que siempre en sus intervenciones señala que ""deja constancia de lo que pueda pasar en el futuro"", ""porque esto puede ser finalmente un problema"". ¡Siempre buscándole las cinco patas al gato pensando desde el prejuicio!, ¡del prejuicio!";1
"30";"21730";95;2023;6;"MOREIRA";NA;"El señor MOREIRA.-
¡No, para qué identificarlo!
Si digo el nombre de ese señor parlamentario, ¡va a salir con otra cosa! Y no quiero politizar este debate.
Quiero decir que debemos tener una perspectiva más esperanzada de hacer bien las cosas. No hacer nada significa no avanzar.
Y con respecto a este proyecto, yo tenía un discurso. Pero, al escuchar las distintas intervenciones, solo quiero decir dos cosas importantes.
A la delincuencia no le vamos a ganar siendo más violentos, sino con ¡inteligencia!, que es lo que nos falta. No hemos tenido como país la inteligencia de abordar este tema. ¡Y esto corre para todos!
El otro punto que quiero plantear es que aquí lo más importante es obtener la mayor cantidad de recursos y medios para perseguir a los proveedores, a los financistas.
En la lucha contra el narcotráfico se suele detener y condenar al operador, al transportista, al vendedor minorista de drogas y no al financista, que es el que está dispuesto a invertir millones de pesos y dólares en la internación y exportación de drogas y armas.
Por eso es importante la especialización, la preparación de cuadros especializados, no solo en perseguir el delito, sino también en el estudio del fenómeno delictual, con el fin de prevenir y no solo sancionar el crimen organizado, en especial a todas las bandas, con toda la historia que ustedes ya conocen, que yo no se las voy a repetir.
En su exposición la Ministra dio a conocer en qué consiste la creación de esta nueva cartera. Pero lo que yo le quiero pedir a este Gobierno y también al próximo, Ministra .
(La Ministra se encuentra rodeada de Senadores que no le permiten escuchar).
¡ Ministra ! Se lo quiero pedir de frente.
A mí lo que me interesa es que ni este ni el próximo Gobierno instalen en este Ministerio a gente que no cuente con la experiencia ni la capacitación y se termine transformando en una agencia de empleo, porque se va a necesitar una gran cantidad de funcionarios. Y eso se debe fiscalizar. Esa fiscalización debe hacerla el Gobierno y usted, Ministra . Porque me parece que tener Ministros del Interior que estén expuestos permanentemente, por todos los problemas políticos y más aún de la delincuencia, a acusaciones constitucionales, no los llevará a ningún lugar. ¡Al contrario! Entorpecerán todo este proceso.
Ahora, yo tengo clarísimo que estos problemas ¡no se van a solucionar de la noche a la mañana! ¡Y este es un Ministerio que recién está empezando, con transición, con gradualidad!
El punto es que ustedes van a tener la responsabilidad, en los dos años que le quedan al Gobierno del Presidente Boric, de establecer una estructura seria, responsable, donde no estemos expuestos a denuncias en el sentido de que este le dio más plata a una institución para la seguridad o para lo que sea, porque eso daña el objetivo principal, que es luchar contra la delincuencia.
Vimos hace algunos días la información de cinco personas muertas en Lampa. Resulta que venían de una fiesta; no se detuvo a nadie. En vez de detener personas, fueron asesinadas, se mataron entre ellos.
El Ministerio de Seguridad Pública, entonces, tendrá una función crítica: hacer el seguimiento de la tendencia delictual, elaborar planes y todo lo que la Ministra ha señalado.
El Ministerio de Seguridad, sus consejos asesores, tanto nacionales como regionales, tendrán una cara técnica y especializada, pero también una arista de mucha responsabilidad.
Y quisiera que me diera un minuto más ¡porque me quedan como cinco para hablar...! Voy a hablar dos minutos y no lo molesto más, Presidente . Con la autorización de la Sala.
53
Lo que quiero decirle, de verdad, es que yo soy partidario de que el Gobernador sí tenga presencia, pero que no sea deliberante. Es importante incorporarlo, porque es una autoridad, pero no deliberante en la toma de decisiones.
Y, además, soy de los que piensan -y qué bueno que el Presidente no haya cedido- que este famoso proyecto de ley que pretende eliminar o bajarles la importancia a los delegados presidenciales no corresponde.
Creo que Chile sigue siendo un país ¡unitario!, ¡sigue siendo un país unitario! Y se necesita un delegado presidencial fuerte y competente, que debe compatibilizar sus funciones con las labores del gobernador.
Démosle una oportunidad a este proyecto, toda vez que este Gobierno está escaso de iniciativas importantes, bajo nuestra mirada crítica. Esta nueva cartera es muy importante para los chilenos. Por tanto, no empecemos a criticarla antes de que comience a funcionar. Pero, sí, que haya un compromiso suyo, Ministra , y del Gobierno del Presidente Boric de fiscalizar en serio -repito- que no se transforme en una agencia de empleo, de trabajo político, porque en vez de avanzar, vamos a terminar retrocediendo.
Y me parece que esto va a mejorar la labor del titular de Interior, al haber un Ministro con autonomía, como será el caso del Ministro de Seguridad.
Voto a favor.";1
"31";"21730";97;2023;6;"EDWARDS";NA;"El señor EDWARDS.-
Gracias, Presidente.
Creo que estamos de acuerdo en que, si hay un Ministerio que falta, es el de Seguridad, que sea especializado, con personas que dediquen su vida a esto por la situación de crisis que tenemos.
En general, además, creo que se le ha dado un buen diseño a este Ministerio de Seguridad que se está proponiendo.
Ahora, quiero decir un par de cosas: primero, que crear un ministerio no necesariamente mejora la situación que se desea. Por ejemplo, la creación del Ministerio del Deporte, en 2013, según me acuerdo; del Ministerio de las Culturas, en 2003; del Ministerio de Ciencia, en 2018, no sé si fueron un aporte al deporte, a las culturas y a la ciencia.
En consecuencia, el hecho de crear un ministerio no significa necesariamente que las cosas van a estar mejor en materia de seguridad; debe hacerse bien para que efectivamente aquello ocurra.
Además, creo que la solución general que ha dado el Gobierno, y por mucho tiempo los gobiernos chilenos, de crear más impuestos y más Estado para cada una de las problemáticas de Chile, claramente ha demostrado no ser efectiva.
Desde el año 2014, especialmente después de la reforma tributaria, tenemos una década perdida en crecimiento; una década perdida en creación de empleo. Por supuesto que también ahí hay materias de automatización, pero no se ha creado un solo empleo en los últimos diez años; la desigualdad sigue rampante, no se ha mejorado, con los resultados del Simce nos dimos cuenta de que habíamos retrocedido diez años, y, en algunos casos, más de diez.
Por lo tanto, la fórmula ""Más impuesto y más Estado"" no es la solución en general a los problemas de Chile. De ser así, este Gobierno, que ha contratado 94 mil personas adicionales, tendría un mejor resultado con este ejército de nuevos funcionarios públicos, y la verdad es que eso no está ocurriendo.
Ahora, es efectivo lo que dice la Ministra del Interior -por su intermedio, Presidente -; es razonable que el Ministerio
53
del Interior va a tener que fortalecerse, porque se le está quitando la parte central o se le está tomando la mayoría del Ministerio y tiene que fortalecerse. Y, por eso, la propuesta que nos gustaría que se discutiera en la Cámara es que la Segprés y la Segegob se fusionaran dentro del Ministerio del Interior, reduciendo su tamaño y, si usted quiere, que sus encargados tuvieran rango de Ministro , para que cumplan sus labores como lo hacen el día de hoy.
Pero hay que reducir el tamaño general, porque acá se está ampliando la base del Estado, que va a llegar a cerca de un millón de personas y que ha tenido un crecimiento absolutamente elefantiásico durante los últimos diez años sin que los chilenos estemos mejor. Repito, ¡sin que los chilenos estemos mejor!
Ayer había un reportaje de televisión que mostraba cómo ha ido cada año empeorando el déficit de vivienda.
Bueno, para el 2014 estábamos prácticamente listos con el déficit de vivienda y desde el año 2015 en adelante, después de la reforma tributaria y a medida que ha ido creciendo el Estado, hemos llegado a tener hoy día 650 mil personas sin vivienda.
Así que, dado que la misma Ministra ha dicho que va a poner en discusión el fortalecimiento del Ministerio del Interior, tomando parte de la Segprés para incorporarla a aquel, para hacer valer en alguna votación el acuerdo con el Ministerio en cuanto al diseño, pero también la preocupación por el crecimiento del Estado, que no ha traído mejores soluciones para Chile, vamos a pedir una votación separada del artículo primero transitorio para que a través de ese artículo, dado que la votación general ya ocurrió, demostremos que Chile requiere un Estado fuerte, pero un mejor Estado. Y, en nuestro país, y en el mundo en general, se ha demostrado que para que un Estado lo sea tiene que ser más pequeño que el actual.
Ojalá que la próxima década no sea una década perdida, por lo menos en todas estas áreas en que años no nos hemos podido desarrollar en estos últimos.
Estoy a favor de la idea de un Ministerio, pero ojalá que se considere el fortalecimiento del Ministerio del Interior por la vía de su fusión con la Segegob y la Segprés.
He dicho, Presidente .";1
"32";"21730";99;2023;6;"SANHUEZA";NA;"El señor SANHUEZA.-
Gracias, Presidente.
La seguridad, sin duda, es tarea de todos. Estamos sobrepasados por el crimen organizado, el terrorismo, el narcotráfico. El temor de la ciudadanía es genuino y debemos fortalecer al Estado para hacer frente a este flagelo con todas las herramientas legales posibles.
Mi sector es partidario de un Estado pequeño, ágil y rápido para responder a los ciudadanos en sus necesidades.
Este Ministerio es una necesidad en los tiempos actuales y una urgencia, que no garantiza la solución al problema; sin embargo, debemos tener un órgano que se haga cargo de la seguridad del país, estableciendo coordinaciones, planificación y seguimiento de las políticas públicas en seguridad.
Es indispensable la coordinación, porque la seguridad no solamente tiene que ver con los hechos delictuales, sino también con cómo nuestra sociedad logra combatir, con otros instrumentos, estos flagelos de tomarse muchos sectores, principalmente poblaciones y barrios de nuestro país. Para eso es necesario fortalecer la educación; ver cómo la educación pública se hace parte en los territorios; mejorar la salud, para que no sea una angustia permanente en la familia chilena; mejorar los barrios, con viviendas y sectores que efectivamente tengan espacios de esparcimiento con la cantidad de áreas verdes necesarias para el buen desarrollo de las familias; tener políticas públicas que fortalezcan efectivamente la familia, para poder desde ahí combatir la delincuencia.
Hoy día tenemos muchos sectores, muchos barrios abandonados al crimen organizado y al narcotráfico. Y eso es porque el Estado ha dejado de estar presente en muchos de esos sectores. De ahí que para mí -aunque soy
53
contrario a la creación de más Estado- es indispensable crear este Ministerio de Seguridad Pública para que no solamente sea un ente coordinador de las Policías, en lo que tiene que ser preventivo y restrictivo, sino que también tenga capacidad para intervenir diferentes barrios, diferentes comunas y, de esa manera, poder ganarle en el territorio, ganarle en el terreno a este flagelo que tiene cada día más angustiado a nuestro país.
Es un hecho que hoy día las familias chilenas están diciéndonos constantemente, en cada uno de los sectores que nos toca recorrer como parlamentarios, que hay angustia porque en el fondo se ven indefensas ante este avance del crimen en el día a día.
Por eso, hay que reconocer cuando se están haciendo las cosas de buena manera: aquí efectivamente hay una gestión de la Ministra del Interior ; hay voluntad de diferentes Senadores con diferentes tendencias políticas, algunos no estamos de acuerdo con crear más Estado, pero en esta oportunidad vamos a dar nuestro voto a favor, porque esto, como decía al inicio, es tarea de todos.
Voto a favor, Presidente .";1
"33";"21730";101;2023;6;"INSULZA";NA;"El señor INSULZA.-
Bueno, en realidad, creo que hemos trabajado tantos años para tener este Ministerio que este es un día para festejar, por lo que he escuchado acá de las intenciones de voto de los señores Senadores.
Esta tendencia se lanzó el año 2005 con la reforma constitucional, cuando el Presidente Lagos separó definitivamente las funciones de las Fuerzas Armadas de las funciones de las Policías, lo cual hizo necesario inmediatamente después referirse a cuál era la institucionalidad que iba a gobernar desde un punto de vista democrático a esas Policías.
Sin embargo, por desgracia eso no ocurrió con la propuesta de la Presidenta Bachelet de crear un Ministerio de Seguridad Pública, y se transformó rápidamente en una inclusión dentro del Ministerio del Interior agregándole las palabras ""y de Seguridad Pública"", sin agrandar ni fortalecer las especialidades, la capacidad de gestión que suponía un Ministerio de Seguridad Pública.
Reconozcámoslo.
Carabineros e Investigaciones dependerán ahora del Ministerio de Seguridad Pública; pero depender significa en el caso de Carabineros que haya un teniente coronel que funcione en la oficina del Ministro del Interior y que las Policías sigan rigiéndose por su cuenta.
Ahora, esto no sería complicado si no fuera porque esta es la primera función del Estado. O sea, esto de que el Estado tiene que cuidar la seguridad pública no es que sea relativamente reciente; es lo primero, es la razón, es el fundamento de la creación del Estado moderno. ¡Recordémoslo!
O sea, los padres del Estado moderno, primus inter pares, Thomas Hobbes , decían que la primera ley fundamental es buscar la paz, entre ciudadanos que viven dentro de un mismo territorio, por cierto. Benito Juárez lo repitió cuando dijo: ""El respeto al derecho ajeno es la paz"". Y el mismo Hobbes , sin embargo, nos recordó, y tristemente, en una frase de su autoría que ""El hombre es el lobo del hombre"".
Por lo tanto, fue necesario buscar alguna forma de organización que protegiera a unos hombres de otros. El fundamento, el pacto social, ¡el pacto social! -del cual nos gusta mucho hablar- del Estado moderno es obediencia por seguridad.
Claro, ello se ha transformado con los años, pasó de obediencia a ser legitimidad, que es la otorgada por los ciudadanos en democracia a un gobierno a cambio de su protección, por cierto. Y la primera protección de la cual se habla es la física, el derecho a vivir en paz dentro de la sociedad.
53
Y en eso es en lo que estamos.
Por eso hemos trabajado varios años. En realidad, esto surgió ya bastante iniciado el Gobierno pasado; y hubo un acuerdo entre el Presidente de la Cámara , el Presidente del Senado y el Presidente de la República para formar una comisión bicameral, y a lo primero que se dedicó fue al tema de crear una comisión, que trabajó, funcionó de manera bastante adecuada.
El Gobierno del Presidente Piñera presentó un proyecto que se discutió largamente en la Comisión Bicameral de Seguridad, llegándose a acuerdos importantes y concesiones por ambos lados -lo que es fundamental en la negociación democrática, Presidente -, porque, originalmente, en el Ministerio que estamos creando hoy día se incluía el tema de las catástrofes, por ejemplo (eso queda ahora en Interior). En cambio, otras cosas que no se habían concebido originalmente, como la Agencia Nacional de Inteligencia, pasan al Ministerio de Seguridad Pública.
Todo eso fue discutido, conversado y consensuado.
Efectivamente pudo demorarse menos esta tramitación, estoy de acuerdo. Llevamos varios años en esto y el país lo necesita, pero quiero poner de relieve sobre todo la generosidad con que han trabajado todos los parlamentarios, por lo menos aquellos que me ha tocado ver. Presidí dos veces la Comisión de Seguridad Pública y discutimos este proyecto, y la verdad es que es un gran logro, sin duda.
Ahora, creo importante señalar, a pesar de lo que se ha dicho acá, que con la creación de un Ministerio... (se desactiva el micrófono por haberse agotado el tiempo).";1
"34";"21730";103;2023;6;"INSULZA";NA;"El señor INSULZA.-
... no se termina la delincuencia, pero, ¡por favor!, es importante que todas las fuerzas, las actividades de seguridad pública estén coordinadas entre sí.
El Sistema Nacional de Seguridad Pública, la existencia de un Ministro o Ministra civil de Seguridad Púbica , la inclusión dentro de la Subsecretaría de profesionales que realmente entiendan del tema de seguridad pública y no sea simplemente un traslado de funcionarios de un Ministerio a otro, son aspectos consagrados en el proyecto, Presidente .
Por lo tanto, debemos festejar esto, en el sentido de que el Estado de Chile toma consciencia de que la función de la seguridad pública es un servicio social tan importante como otros. O sea, la gente tiene derecho a vivir en paz, y este derecho a vivir en paz debe estar garantizado por una institucionalidad seria, que realmente le dé la posibilidad de... (se desactiva el micrófono por haberse agotado el tiempo).";1
"35";"21730";111;2023;6;"QUINTANA";NA;"El señor QUINTANA.-
Bien.
Dicho lo anterior, Presidente , a mí lo primero que me llama la atención es que tengamos poca presencia de la prensa siguiendo esta discusión. Me llama la atención, porque respecto a otros proyectos, en otro momento, cuando probablemente había un mayor grado de tensión, de crispación entre las distintas bancadas, o bien, cuando se producía alguna pugna política que posiblemente involucrara al Gobierno, teníamos a toda la prensa.
Lo digo, Presidente, porque se supone que este tema es de aquellos que más preocupan a los chilenos. Bueno, el rol de los medios de comunicación también puede ejercerse en un sentido o en otro.
Ahora bien, todos los gobiernos democráticos han hecho su esfuerzo en esta materia, con mayor o menor éxito, con mayor o menor abundancia. El Presidente Aylwin creó la Dirección Nacional de Seguridad Pública e Información; el Presidente Frei echó a andar la reforma procesal penal, entre otras cosas; al Presidente Lagos le correspondió la División de Seguridad Ciudadana del Ministerio del Interior. Y se establece a partir de ahí, por décadas, el paradigma de seguridad como intervención comunitaria. Se crea también el Plan Cuadrante.
Lo mismo pasa con la Presidenta Bachelet , cuyo Gobierno -como decía- fue el primero que presenta un proyecto de esta naturaleza, que crea el Ministerio de Seguridad Pública. En el Gobierno del Presidente Piñera, en su momento, se establece el retorno -esto no es menor- de las Policías a la dependencia del Ministerio del Interior y Seguridad Pública -lo que cambia ahora-, y salen de las Fuerzas Armadas.
Por eso me llamaba tanto la atención que durante parte de la discusión en el Senado algunos pensaran que podíamos volver atrás en eso. ¡No! Afortunadamente, el país tiene importantes consensos en dicha materia.
53
Qué decir en el segundo Gobierno de Bachelet, con la ley N° 20.965, que releva el rol de las municipalidades y se crean los Consejos y Planes Comunales de Seguridad Pública, cosa a la que después se le quitó financiamiento, y eso lo vimos en la Ley de Presupuestos en la Administración de Piñera II, que presenta este proyecto.
Y este Gobierno formula varias indicaciones, una que es sustitutiva, pero también están estas bajadas regionales, a través de una indicación propia. Como decía el Senador Lagos, también está el financiamiento, con un informe financiero que lo que hace es acelerar más los plazos de implementación de esta ley.
Entonces, Presidente, dicho lo anterior, con todos los esfuerzos que los gobiernos han hecho en el pasado, seguimos teniendo un problema serio de gobernanza hasta ahora, un problema de coordinación, un problema de falta de especialización, aspectos señalados por colegas de todas las bancadas. Y de eso tenemos que hacernos cargo.
Y no me cabe ninguna duda de que no solo la oposición, sino que muchos sectores van a mirar con lupa cuando este Gobierno, que le va a corresponder echar a andar el Ministerio de Seguridad Pública, también defina quiénes serán los comisionados en las regiones: personas con especialización, teniendo presente que actualmente no es fácil formarlas porque no hay universidades, no hay carreras en que se imparta esta materia. Por ello, muchas veces tenemos a muchos charlatanes dando cátedra sobre seguridad.
Por lo tanto, siendo un tema muy complejo, se requiere una fuerte especialización. Y yo espero que el Gobierno lo logré con este proyecto, por el bien del país.
El Senador Insulza lo decía: estamos frente a la teoría del Estado. Buscar soluciones para proteger a la ciudadanía completa es una materia muy antigua.
Me parece que dentro de los énfasis, sellos que puso este Gobierno en la discusión, hay que destacar el sistema de articulación de seguridad, por cuanto hay una sola instancia en donde se encuentran, por ejemplo, el Ministerio Público con el Ministerio del Interior para coordinar acciones al respecto. Entiendo que es la ley N° 20.502, y no hay más.
Me parece importante también establecer un sistema de protección ciudadana, que va a requerir de otra ley.
Asimismo, me parece relevante lo que, transversalmente, varios colegas han dicho: la necesidad de fortalecer el Ministerio del Interior. Si bien hoy día ya se han resuelto y se han despejado algunas dudas respecto a desastres, prevención, catástrofe, migración, por supuesto el Senda, en fin, que quedarían bajo la responsabilidad del Ministerio del Interior, a mi juicio también se requiere fortalecer el rol, las características de la jefatura de gabinete, ya sea a través de otro proyecto de ley o en este mismo cuando lo debata la Cámara, porque es fundamental la coordinación interministerial. Y ese es un rol que le cabe a Interior.
Por ello, Presidente , me parece que la iniciativa constituye un avance muy importante en términos de gobernanza, institucionalidad. Pero hay que pensar que esto no resuelve -como han dicho varios colegas- todos los problemas de seguridad. Aquí hay que avanzar, aquí todavía quedan en el aire muchos temas pendientes en materias formativas de los civiles que van a estar en este Ministerio y también de las Policías. ¡Eso está pendiente!
Por de pronto, quiero recordarles que el propio Presidente Piñera, meses antes de terminar su mandato, dejó presentado un proyecto sobre formación policial, en el que no hemos avanzado lo suficiente... (se desactiva el micrófono por haberse agotado el tiempo y vuelve activarse por indicación de la Mesa).
Un minuto adicional.
En los aspectos operativos, aquí también surge la interrogante de qué pasa con la reforma a las Policías. Han dicho que esta va a ser en varias piezas, en varias partes.
Está claro que el problema no era, y nunca fue, que aquí llegó un Gobierno que no prestó respaldo a las Policías.
Creo que el apoyo, no solo administrativo, presupuestario, de gestión, tecnológico, de asignaciones de riesgo especiales, con vehículos, qué decir, supera al de cualquier otro Gobierno en el pasado y, por lo tanto, tenemos que concentrarnos en los temas que requieren consenso. Este es uno de ellos.
Yo de verdad me alegro del estándar que se ha logrado en la Comisión de Seguridad para sacar un proyecto con
53
estas características, como lo fue el de robo de madera, como lo fue el de narcotráfico también, con un alto grado de consenso, y espero que lo mismo surja en proyectos como usurpación, en donde no tiene ningún sentido hablarle a cada uno desde su tribuna, sino que hay que pensar en el bien del país, y eso requiere acuerdos amplios, como el que se ha logrado en este proyecto, que crea el nuevo Ministerio de Seguridad Pública.
Por eso, voto a favor.";1
"36";"21730";113;2023;6;"HUENCHUMILLA";NA;"El señor HUENCHUMILLA.-
Señor Presidente , yo valoro el trabajo que se ha hecho en torno a este Ministerio, que es muy importante para los problemas de seguridad que tenemos en el país. También me tocó participar en algún momento en la Comisión de Seguridad. Y, por lo tanto, voy a votar a favor de este proyecto.
Sin embargo, no puedo dejar de manifestar algunas dudas que tengo, porque dónde las voy a decir si no es aquí, en la discusión del proyecto.
La duda que tengo es respecto del comisionado de seguridad; o sea, la duda que tengo es sobre cómo esto se va a implementar en las regiones.
Ya tuvimos una discusión política importante respecto de si hicimos bien en tener un gobernador y al lado a un delegado, y esa discusión todavía no termina, porque todos vemos en nuestras regiones los problemas que se presentan. Hoy día vamos a incorporar una tercera autoridad, con atribuciones que van mucho más allá de las de un seremi. Entonces, vamos a tener un gobernador, un delegado presidencial y un comisionado de seguridad.
Yo les pido a las Senadoras y los Senadores que lean las atribuciones que tiene este comisionado en el artículo 22 del proyecto.
Este comisionado va a coordinar a las Fuerzas de Orden y Seguridad, a Carabineros. Los Carabineros tienen una jerarquía en las regiones, que la encabeza un general. Yo digo, ¿el general, por su jerarquía, se va a coordinar con las primeras autoridades regionales, que son el delegado presidencial y el gobernador, o con una persona que está en el tercer nivel de jerarquía en la región?
Este comisionado tiene la facultad de decretar la operación de la fuerza pública. ¿Eso acaso no implica un tremendo problema político? Porque cuando el comisionado ordene el uso de la fuerza pública, ¿quién tiene la responsabilidad política de lo que pueda suceder con dicha orden? ¿El delegado, el gobernador o una persona que está en el tercer nivel? ¿Quién va a ser responsable cuando el delegado esté diciéndole a la fuerza pública ""actúe, disuelva esto, haga esto, lo de más allá, lo de más acá""? Él tiene que autorizar las reuniones públicas, los eventos, los espectáculos; tiene que autorizar las reuniones en plazas, en lugares públicos, todas cuestiones muy sensibles para la tranquilidad del país y en las materias de orden público.
Con los problemas que existen en el norte y con los problemas que existen en el sur, yo digo: ¿esto va a funcionar bien? No estoy hablando de las facultades jurídicas que tiene el comisionado en el artículo 22; estoy hablando de las consecuencias políticas que puede significar el que nosotros, en materia de seguridad y de orden público, tengamos a una persona que está en la tercera jerarquía adoptando decisiones tan importantes como decir ""yo autorizo el uso de la fuerza pública"". ¿Y si ocurre algo grave, quién responde o cómo se responde?
En consecuencia, a lo mejor vamos a tener un conflicto entre las tres autoridades, porque puede que el delegado presidencial diga que él estima que no hay que usar la fuerza pública, o que hay que usarla, y según la ley, la palabra la tiene el comisionado.
Entonces, yo no sé si estamos cometiendo un nuevo error. Hoy día ya tenemos una complejidad en la discusión entre el gobernador y el delegado. ¿No hubiera sido mejor entregarle todas estas facultades al delegado presidencial, que responde directamente al Presidente , y a quien las jerarquías de las Fuerzas de Orden le
53
reconocen la jerarquía necesaria como para entenderse?
Yo planteo esa duda simplemente, señor Subsecretario que esta aquí, y sin perjuicio de eso voy a apoyar este proyecto, porque creo que es necesario para el país, pero me parece que debemos darle una vuelta a esta discusión.
Gracias, Presidente .";1
"37";"21730";115;2023;6;"SANDOVAL";NA;"El señor SANDOVAL.-
Muchas gracias, Presidente.
Por su intermedio, saludamos al Subsecretario que nos acompaña en este minuto.
Comparto algunas de las aprensiones del Senador Huenchumilla respecto de que aún está el nivel de desarrollo de los gobiernos regionales, están empoderados los gobernadores regionales, y muchos de ellos ni siquiera han sido capaces de gastar el presupuesto que se les ha asignado. Se va a asumir una tarea relevante como esta, asociada al cuestionamiento que tiene el tema de los delegados presidenciales, que no sabemos todavía con qué nombre van a quedar: ""jefe de gabinete"", ""jefe regional"". Aún hay una duda respecto a ese tema.
Pero, más allá de los hechos, que evidentemente generan inquietud, aquí hay la constatación de una falencia respecto de cómo hemos sido capaces de enfrentar el problema de la delincuencia, de la seguridad en nuestro país.
Hoy en día, este es uno de los bienes más preciados por nuestra ciudadanía, más allá incluso que cualquiera de los otros anhelos que han sido históricamente sentidos, como la previsión, la salud, la educación, etcétera. Hoy día existe el anhelo de vivir en un país, en regiones, en comunas y en barrios seguros.
Por eso, de alguna manera esto no calza en esta institución. Yo creo que estamos tratando de impulsar un tema nuevo.
Por mi parte, me inscribo entre aquellos que piensan que hemos tratado de resolver muchos problemas creando instituciones nuevas y no hemos tenido el éxito que hubiésemos esperado. Pero estamos enfrentados a una realidad social de país, la seguridad, que evidentemente debe tener otro enfoque, distinto al Ministerio del Interior como tal. Necesariamente teníamos que pasar a otra realidad, y acabo de votar a favor en ese contexto.
Esta suerte de ""ministros de Seguridad Pública"", pero no seremis, sino que comisionados, son una figura extraña, rara que tenemos en nuestro colectivo. Incluso nos ha costado mucho ya acostumbrarnos, a pesar de los avances, a los delegados presidenciales, que están en cuestionamiento. Ahora tenemos esta nueva figura de los comisionados.
Creo que habrá que analizarlo, y esperamos sinceramente que les vaya muy bien en este proceso de instalación.
Dicho sea de paso, le envío un mensaje al Ministerio del Interior: también es fundamental modernizar urgentemente la Ley Orgánica Constitucional de Municipalidades, porque tenemos ahí una falencia en el proceso de descentralización.
Y, lo último, un aspecto esencial que señaló el Senador Moreira aquí: lo que dice relación con las calificaciones.
Esta va a ser una figura esencial en el contexto de cómo enfrentamos este tema, al igual que el rol, el papel y el cumplimento de las metas que están asignadas aquí en las funciones y en las atribuciones, tanto en los artículos 5°, 6° y otros, respecto de las tareas que va a tener este nuevo Ministerio.
Por eso, evidentemente va a ser superimportante ese proceso de designación y, dicho sea de paso, en la región ese comisionado va a ser de confianza del delegado regional. El delegado le puede pedir la renuncia a aquel
53
comisionado que no esté cumpliendo con su tarea.
Ahí hay un cruce de cosas que evidentemente van a requerir un proceso de instalación y de ensamblaje adecuado, pero creo que más allá de todo el tema, de la necesidad y la urgencia que hoy día tenemos en materia de responderle a la ciudadanía y sus demandas por mayor seguridad, con este Ministerio se reconoce que el día de hoy la actual institucionalidad no es suficiente para enfrentar la complejidad que está adquiriendo la delincuencia en nuestro país.
Sinceramente, más allá de las dudas, tenemos que actuar, tenemos que hacer algo. Esta es una propuesta que evidentemente va en esa dirección. Y esperamos, Subsecretario , que el proceso de instalación sea lo más abierto y transparente posible, en particular con mucho ojo en la selección de quienes cumplirán estas tareas en la estructura tanto del Ministerio como de las regiones.
Vamos a ver qué es lo que pasa.
Voto a favor en esta parte, pero probablemente me voy a abstener respecto del artículo primero transitorio.
De todos modos, creo necesario dar este paso, porque debemos responder a la demanda que la ciudadanía nos reclama hoy.
Muchas gracias, Presidente .";1
"38";"21730";117;2023;6;"FLORES";NA;"El señor FLORES.-
Muchas gracias, Presidente.
Estaba revisando algunos documentos. Y claramente lo que tenemos aquí es una apuesta país que debe avanzar, aplicarse con decisión, con los recursos adecuados y con el concurso político de todos los sectores. Porque el problema que se presenta va más allá de la coyuntura, de la delincuencia que nos acongoja, nos preocupa y nos duele: tiene que ver con cómo nos reorganizamos en Chile para separar las funciones de Gobierno interior de las de seguridad y orden público.
Y ese es el objetivo de crear el Ministerio de Seguridad Pública, cuyo debate en la Comisión de Seguridad no ha sido fácil. Porque lo que nosotros esperamos es que esta nueva institucionalidad tenga vida, que la eficiencia, la capacidad y la asertividad sean aquellos principios que pongan en marcha rápidamente esta nueva cartera.
Y podríamos seguir debatiendo, porque aquí hay una cuestión más de fondo, que nos tuvo un par de semanas discutiendo en la Comisión, que tiene que ver con cómo esta nueva institucionalidad sigue dejando fuera del debate la figura de la delegación presidencial en regiones. Y digo ""dejando fuera del debate"" en desmedro de la descentralización democrática, comprometida por el propio Presidente Boric cuando era candidato y luego en su primera Cuenta Pública, que termina con la figura del delegado presidencial y le da más poder a las regiones.
Porque ese fue el acuerdo en el segundo Gobierno de Bachelet, cuando aprobamos la elección democrática de los gobernadores regionales y el proceso sostenido y creciente de traspaso de competencias a los gobiernos regionales, en donde los servicios públicos iban a ir quedando bajo la tutela, la rectoría, los principios de un gobierno regional potente. Y este Ministerio lo que hace es consolidar lo que no queríamos.
Dicho aquello, creo que se verá en los próximos debates, ya que los compromisos hay que cumplirlos. Y no solamente porque se dijeron, sino porque de verdad queremos ir transitando hacia tener regiones más potentes, con autoridad y cada vez con más atribuciones. Pero no divididas como están hoy, donde no solo la ciudadanía, sino también las propias autoridades se confunden sobre cuál es su alcance, debido a que hay cosas que quedan en el limbo y supeditadas a la pura buena relación.
53
No obstante, debemos avanzar. Por esa razón, finalmente en la Comisión dimos los votos para que este proyecto pudiera ver la luz, independientemente de las dificultades que tenemos con la figura de la delegación presidencial y del compromiso con los gobiernos regionales de las dieciséis regiones de Chile.
En definitiva, yo quiero señalar que aquí hubo una sorpresa. Estaba revisando y me alegra mucho que se haya hecho justicia con la Dirección General de Aeronáutica Civil -que tiene funcionarios especializados para aquellas zonas estériles, como son los recintos aeroportuarios, donde no entran la Policía de Investigaciones ni Carabineros- , al establecer que tendrá participación en el Consejo de Seguridad, por cuestiones relacionadas a la seguridad aeroportuaria. Lo mismo con la policía marítima, que la pelean en el mar contra el narcotráfico y el crimen organizado en un litoral enorme como el que tenemos, y que representa a la autoridad marítima en las regiones.
Me voy a referir a las regiones particularmente, nada más.
Y aparece, en buena hora -porque insistimos en eso-, la presencia del gobernador regional y del consejero o consejera regional que se relacione con temas de seguridad, independiente de que no todas las regiones tienen comisión en este ámbito, pero si es un tema importante, la crearán o enviarán un miembro ad hoc.
Pero echo de menos a estos representantes en el nivel nacional. Yo estaba convencido de que también iban a estar los presidentes de los gobernadores regionales y de los consejeros regionales. Siempre se dijo que iban a ser considerados, pero estoy revisando el artículo 9°, y no aparecen.
Por lo tanto, ya que se encuentran aquí la Ministra del Interior -aprovecho de saludarla-, la Subsecretaria de la Segprés y el Subsecretario de Prevención del Delito, lo comento, porque eso fue parte del acuerdo y no sé qué pasó ahí... (Se desactiva el micrófono por haberse agotado el tiempo y se vuelve a activar por indicación de la Mesa).";1
"39";"21730";119;2023;6;"FLORES";NA;"El señor FLORES.-
Voy a cumplir con ese tiempo, Presidente.
Solamente quiero decir que si no quedó en el texto final...(El Subsecretario de Prevención del delito asiente). Me dice el Subsecretario Vergara que sí quedó, ¿es así?
Bueno, ese era el acuerdo. Y en justicia con las dieciséis regiones de Chile, en el Consejo Nacional de Seguridad deben estar los representantes de los gobernadores y de los consejeros regionales; lo mismo se debe replicar en el consejo regional de seguridad con los gobiernos regionales.
Voto a favor el proyecto, Presidente .
Y espero que en el siguiente trámite en la Cámara de Diputados se puedan hacer aquellas mejoras que todavía se requieren para tener un Ministerio de Seguridad y orden público como Chile necesita, no solamente por la coyuntura, sino para recuperar la credibilidad, el apoyo y el financiamiento a nuestras instituciones policiales: la PDI -que no se nos olvide- y Carabineros de Chile, junto con la DGAC y la policía marítima.
Gracias.";1
"40";"21730";121;2023;6;"PASCUAL";NA;"La señora PASCUAL.-
Gracias, Presidente.
53
Saludo a la Ministra y a los dos Subsecretarios presentes.
Muy brevemente, quiero plantear que este debate sin duda nos remite a la institucionalidad del Estado, a su relación con las regiones y, por supuesto, a la seguridad pública.
Poder contar con una nueva institucionalidad que nos permita abordar la separación de la seguridad pública versus la labor política de un gobierno, a propósito del Ministerio del Interior, es muy relevante.
Pareciera que existe consenso, entonces, en que la seguridad tenga una coordinación, un mando sobre las fuerzas policiales en el poder civil, pero también con una directriz de Estado central y nacional.
En mi opinión, eso es correcto debido a que se entiende pertinente desconcentrar, pero sin desnacionalizar la fijación de ciertas políticas públicas que combatan, por ejemplo, al crimen organizado y a la delincuencia, con una mirada de país integral en términos territoriales, sin negar las particularidades de cada una de las regiones o territorios locales que pudieran tener inclusive relación con la manifestación de algún tipo de delincuencia o banda en particular.
También quiero destacar que en este proyecto de Ministerio de Seguridad se distingue entre la facultad de la prevención del delito versus el abordaje del crimen organizado y la delincuencia, puesto que aquí quedan claramente como tuiciones distintas: la primera queda a cargo de las gobernaciones regionales mientras que la segunda es tarea del nuevo Ministerio.
Deseo plantearlo, a modo de aclaración, porque alguien con las minutas pudo pensar que la reinserción social que señala el proyecto está vinculada a la Subsecretaría de Prevención del Delito, a propósito del programa Lazos, y no a un traspaso de tuiciones, por ejemplo, más vinculadas al quehacer de Gendarmería. Para mí es pertinente aclararlo públicamente, porque, si no, efectivamente estamos hablando de otra cosa.
Si bien es cierto que uno puede seguir debatiendo en el futuro, precisamente a propósito de las valoraciones y evaluaciones que se realizan en nuestro país respecto de todo el proceso de descentralización, regionalización y desconcentración que hemos llevado a cabo en los últimos seis años, es necesario distinguir la propuesta de comisionado o comisionada que se hace en este proyecto.
Primero, porque le da mayor prestancia institucional que una dirección regional o seremía, como las conocemos en los demás Ministerios; segundo, porque genera una clara tuición, distinguida de un gobernador o gobernadora y de un delegado o una delegada presidencial. En la eventualidad de avanzar para no tener delegados presidenciales, queda claramente una figura centralizada vinculada al Ministerio de Seguridad.
Para terminar, me gustaría destacar tres cosas.
Una vinculada, insisto, a este punto en particular. Creo que el debate sobre el Ministerio de Seguridad Pública toca muchos otros temas en materia de descentralización y desconcentración del Estado. Yo insisto en que hay que evaluar lo obrado hasta hoy. Me imagino que este Gobierno, como cualquier otro a futuro, para mejorar puede seguir evaluando lo que hasta ahora está definido, de modo de cambiar lo necesario en materia de regionalización, desconcentración y descentralización, sumando o restando facultades que actualmente existen.
Creo que ningún proyecto sobre la construcción del Estado, como el que estamos discutiendo, está escrito en piedra y no puede ser reevaluado.
Estoy terminando. Si me puede dar treinta segundos más de inmediato, Presidente , se lo agradecería.
Yo estoy plenamente de acuerdo con que la instalación de una nueva institucionalidad en general en todo el Estado, pero muy en particular respecto del Ministerio de Seguridad Pública, debe considerar al personal más idóneo posible. El personal más idóneo en esta materia es el que cuente con experiencia en el abordaje de la seguridad pública, que, dicho sea de paso, no necesariamente tiene que estar relacionado con personas cuyas profesiones anteriores estén vinculadas a la seguridad; por ejemplo, ex funcionarios de las Policías o de las Fuerzas Armadas. Pueden ser de otros ámbitos, por supuesto.
Quiero decir que, al igual que en todo el aparato del Estado, tiene que haber personas idóneas. Ojalá en este Ministerio no estén vinculadas a la corrupción. Tenemos que velar, indudablemente, por que no sean personas
53
condenadas por tráfico de drogas ni porte de armas, como lo fue un ex funcionario de la Subsecretaría de Prevención del Delito de Antofagasta, el año 2022, quien estuvo contratado en el Gobierno del Presidente Piñera.
Lo digo porque creo que son materias importantes.
¡Claro que necesitamos personal idóneo!
Finalmente, termino señalando que, cuando se plantea el argumento de ""no más Estado"", me encantaría que el debate se pudiera dar con altura de miras, para pensar en qué políticas públicas necesitan los chilenos y las chilenas y cuántos recursos necesitamos para ello. ¿Esto requiere más institucionalidad o no requiere más institucionalidad? ¿Requiere más recursos económicos, más recursos humanos? ¿En las mismas instituciones que tenemos o en nuevas?
Si no tenemos ese debate, se genera solo un dogma. Si la Senadora comunista dijera ""no más mercado"", habría sendos titulares de ahora en adelante. Sin embargo, cuando otros Senadores lo plantean, en materia de no más mercado... (se desactiva el micrófono por haberse agotado el tiempo).
Presidente , para terminar, ¿me permite treinta segundos?";1
"41";"21730";123;2023;6;"PASCUAL";NA;"La señora PASCUAL.-
Solo quiero decir que demos el debate como corresponde; si no, efectivamente lo que estamos generando son dogmas.
Un dato para rebatir: del empleo vinculado al servicio público, Chile tiene solo el 11,9 por ciento, a diferencia del 21 por ciento que ello representa en promedio en los países de la OCDE. Estos datos son de la OIT, del Ilostat; no es un dato sobreideologizado.
Así que tampoco le digamos a la gente que tenemos un tremendo Estado, porque sabemos que, para lograr muchos más derechos sociales en nuestro país, precisamente no tenemos el mejor de los Estados.
Gracias.";1
"42";"21730";127;2023;6;"MOREIRA";NA;"El señor MOREIRA.-
Presidente , con el afán de avanzar en la discusión, porque los señores Senadores y las señoras Senadoras pueden seguir interviniendo, le pediría que pudiésemos cerrar esta votación e iniciar la otra.
Todos los inscritos pueden continuar haciendo uso de la palabra; se trata solo de economía procedimental. El Presidente de la Comisión de Seguridad está de acuerdo con ello.
53
(El Senador Kast asiente con el pulgar arriba).
Entonces, pediría que cerráramos la votación, porque ya votaron todos.";1
"43";"21730";129;2023;6;"MOREIRA";NA;"El señor MOREIRA.-
¡No me digas que no!
Procedamos a la otra votación.
Además, no se pierde el hilo del debate, porque todos los demás pueden seguir interviniendo.
Todavía faltan puntos por discutir. Son tres votaciones.";1
"44";"21730";136;2023;6;"EBENSPERGER";NA;"La señora EBENSPERGER .-
Yo no me voy a oponer, pero encuentro que no corresponde.
¿Cuál es la idea cuando uno interviene? Tratar de influir con sus argumentos en los colegas de enfrente. Si la votación ya está cerrada, el fundamento deja de tener significado.";1
"45";"21730";139;2023;6;"HUENCHUMILLA";NA;"El señor HUENCHUMILLA.-
Lo que sucede es que en realidad el debate se ha dado en general, no en forma particularizada respecto de lo que estamos votando.
Por lo tanto, pido de nuevo el acuerdo de la Sala para cerrar esta votación. Continuarán interviniendo los Senadores inscritos y después procederemos a abrir la votación que viene.
Acordado.
Terminada la votación.
--Se aprueban las normas que no fueron objeto de indicaciones ni modificaciones y las enmiendas unánimes propuestas por la Comisión de Seguridad Pública (38 votos favor y 5 abstenciones), dejándose constancia de que se cumplió el quorum constitucional exigido.
Votaron por la afirmativa las señoras Allende, Aravena, Campillai, Núñez, Órdenes, Pascual, Provoste, Rincón y Sepúlveda y los señores Araya, Bianchi, Castro González, Castro Prieto, Chahuán, Coloma, De Urresti, Edwards, Espinoza, Flores, Gahona, García, Huenchumilla, Insulza, Kast, Lagos, Latorre, Moreira, Núñez, Ossandón, Prohens, Pugh, Quintana, Saavedra, Sandoval, Sanhueza, Soria, Van Rysselberghe y Walker.
Se abstuvieron las señoras Ebensperger y Gatica y los señores Durana, Kusanovic y Kuschel.";1
"46";"21730";141;2023;6;"DURANA";NA;"El señor DURANA.-
Gracias, Presidente.
La seguridad pública, integralmente considerada, es una prioridad para este Congreso dentro de la agenda de seguridad que nos hemos comprometido a impulsar.
El proyecto buscar crear una cartera de Estado que tenga dedicación exclusiva al tema de la seguridad, diferenciándola de las labores de administración de Estado, que continuarán radicadas en el Ministerio del Interior.
En este sentido, uno de los elementos centrales de la iniciativa, que obedece también a su idea original, es potenciar el trabajo del Estado en las regiones, creando instancias de coordinación entre las autoridades a las cuales les corresponda el ejercicio de funciones relacionadas con la seguridad pública.
Es importante destacar la oportunidad que se genera a partir de esta norma, para coordinar las acciones tendientes a preservar la seguridad ciudadana en cada una de las regiones, a través de los comisionados de seguridad pública, a quienes les corresponderá el ejercicio de las funciones de coordinación a nivel regional en materia de seguridad.
Se suponía que este importante avance legislativo era una gran y urgente oportunidad para la protección de la seguridad ciudadana. Pero su real aplicación dependerá del compromiso del Gobierno. No se trata de crear una gran estructura burocrática, si esta no es eficiente; y sería una lástima que se terminara transformando en un organismo sin recursos o herramientas, lleno de nuevos funcionarios públicos y, para peor, dirigido por una autoridad de tercer nivel.
Atendidas las características propias del Ministerio que se crea, las atribuciones del comisionado de seguridad pública, designado por el Presidente , deberían ser otorgadas a través de la figura del delegado presidencial, como autoridad que actualmente preside los consejos regionales de seguridad pública y que, además, tiene responsabilidad política.
53
Una nueva autoridad de tercer nivel solo va a generar un desorden de autoridad -en muchas regiones ya existe- entre el gobernador regional, representante democrático en la región y que cuenta con recursos, y otras dos figuras: el delegado presidencial, que ya existe, y la que se va a designar como comisionado.
Ojalá Dios ayude en la coordinación que puedan tener. En caso contrario, ¿quiénes son los perjudicados? Simplemente los ciudadanos, quienes hoy se van temprano a sus casas, porque se encuentran asolados por el crimen organizado, el narcotráfico.
Lamentablemente, no tengo claridad de que con esta figura podamos ser capaces de controlar de manera efectiva el aumento en la gravedad de los delitos que se comenten, fundamentalmente en las macrozonas norte y sur.
Era un buen proyecto, uno muy esperado por la ciudadanía.
Yo creo que la gente no va a entender tantas autoridades. Lamentablemente vamos a tener que esperar que funcione la empatía entre las distintas autoridades, que muchas veces son designadas por cuoteos políticos. ¡Ojalá que finalmente sean capaces de atender las urgencias ciudadanas!
Este proyecto tuvo la gran oportunidad de ser mejor.
Yo escuchaba muchas felicitaciones, muchos saludos. Pero la verdad es que creo que estamos al debe.";1
"47";"21730";143;2023;6;"ARAVENA";NA;"La señora ARAVENA.-
Gracias, Presidente.
En primer lugar, quiero decir que estoy muy optimista con este proyecto, porque independiente de que no soy de la idea de incrementar en forma permanente los ministerios, creo que si hay alguno que merece absolutamente la existencia en la institucionalidad de este país es el Ministerio de Seguridad Pública.
En segundo término, muchas veces me pregunto por qué tuvimos que vivir una crisis de seguridad para hacernos cargo de que debía existir un ministerio para eso; esta siempre ha sido la reflexión para los que hemos trabajado en el sector público. Sabemos que el Ministerio del Interior tiene una enorme cantidad de misiones diferentes, como el tema de la regionalización, que muchos lo hemos impulsado con bastante fuerza; también requiere tiempo el tema de la Subdere, entre varios otros.
La verdad es que hoy día la seguridad está en crisis en el país y, por lo tanto, más que nunca se hace necesario este nuevo ministerio.
En ese contexto, quiero dar las gracias a todos quienes participaron en la discusión del proyecto, porque no fue fácil ponernos de acuerdo. Tengo la esperanza de que funcione, porque, de lo contrario, estaríamos en el peor de los mundos.
Me interesa mucho -y creo que a todos- que las personas que estén en el Ministerio de Seguridad Pública, no importa el rol que cumplan, sean las mejores. Eso no lo digo por este Gobierno en particular; lo he dicho siempre.
Creo que hay dos factores a considerar para que nosotros seamos desarrollados: uno es que las mujeres formemos parte más activa en los temas económicos, sociales y políticos; y otro, muy importante, es que el Estado sea eficiente.
La gestión pública está en deuda. Y eso no tiene que ver con que nosotros hoy día, por ser de oposición, creamos que el Estado no debe existir; todo lo contrario. Debe existir, es muy necesario el rol del Estado; pero tiene que ser eficiente. Porque sabemos que, no importando el Gobierno de turno, insisto en eso, ¡siempre está fallando!
Entonces, de alguna manera, tenemos que propender a lo que hacen los países desarrollados: buscar a las mejores
53
personas, más allá de la militancia que tengan. Porque creo que el Estado ha sido cooptado durante muchos años por personas que militaban en un partido y que por ello se consideraban aptos para el cargo.
Eso tiene que acabar.
Espero que algún día el Estado tenga las mejores personas al servicio de la ciudadanía. No me cabe duda de que, cuando eso ocurra, sí podremos pensar en ser un país desarrollado.
Respecto al Ministerio no solo se transforma en el nuevo organismo del cual dependen las Policías, sino también resultará ser una verdadera dirección de mando y control para la prevención del delito, del orden público y la gestión de incidentes ciudadanos. Todo ello bajo el principio de trabajo interagencial -algo muy relevante- entre los organismos relacionados, con capacidad de interoperar, de gestionar capacidades conjuntas y con un sistema de seguridad vinculado, a través de la ciberseguridad jurídica.
Lo anterior permitirá claramente coordinar los esfuerzos del nuevo Ministerio con otros ministerios y servicios relacionados.
Me alegra muchísimo que esté incorporado el Servicio Nacional de Aduanas. Desde la Comisión de Agricultura, el año pasado y a principios de este, vimos con mucha preocupación que la Aduana hoy día tiene una injerencia directa en la seguridad del país y presenta muchas debilidades no solo en recursos humanos, sino también en planificación y logística.
Gendarmería de Chile señaló que claramente se requiere un trabajo muy relevante; lo mismo en el Servicio de Impuestos Internos, el SAG, instituciones y organismos que, en mi opinión, también tienen una gran debilidad vinculada al tema de seguridad.
Al igual que otros colegas, quiero valorar el trabajo del Senador Manuel José Ossandón , básicamente en lo que dice relación con la obligación del nuevo Ministerio de elaborar una estrategia nacional contra el terrorismo.
Voy a votar a favor del proyecto.";1
"48";"21730";146;2023;6;"BUSTOS";"Prosecretario";"El señor BUSTOS (Prosecretario).-
Gracias, señor Presidente.
En este momento, han llegado a la Mesa los siguientes documentos:
Dos Mensajes de Su Excelencia el Presidente de la República
Con el primero, inicia un proyecto de ley que modifica diversos cuerpos legales, en materia de requisitos para ser llamado al servicio en Carabineros de Chile (Boletín N° 16.038-25).
--Pasa a la Comisión de Seguridad Pública, y a la Comisión de Hacienda, en su caso.
Con el segundo, hace presente la urgencia, calificándola de ""discusión inmediata"", respecto del proyecto indicado precedentemente.
--Se toma conocimiento de la calificación y se manda agregar el documento a sus antecedentes.
53";1
"49";"21730";149;2023;6;"ESPINOZA";NA;"El señor ESPINOZA.-
Muchas gracias.
Señor Presidente , creemos que hoy es un día especial, porque se crea el Ministerio de Seguridad Pública, que tuvo una lucha legislativa de más de diecisiete años en un país en donde el tema de la delincuencia y de la inseguridad copan la agenda pública desde hace largo tiempo.
Por lo tanto, quiero destacar, en primer lugar, la trascendencia de esta iniciativa que hoy día estamos votando y que es una buena noticia para el país.
Siempre he sostenido, antes en mi rol de Diputado y ahora como Senador, que este país requiere dos Ministerios: este en particular, el de Seguridad Pública, y, por cierto, el Ministerio del Mar, que ha sido utilizado siempre como eslogan de campaña; pero no se ha materializado, teniendo Chile una inmensa necesidad de contar con un ministerio que ayude en definitiva a todo el mundo de la pesca y la acuicultura del país, particularmente la pesca artesanal.
Señor Presidente, el crimen organizado, definido como ""Un conjunto de individuos que se asocian de manera estructural y disciplinada, con el fin de obtener ganancias o beneficios monetarios por medios ilícitos"", lamentablemente ha tenido una creciente alza en nuestro país.
Esta especial figura delictiva se encuentra asociada con el tráfico de droga y la acción criminal de bandas organizadas, las cuales antes tenían un foco más barrial ligado solamente a la aparición del tráfico de drogas; pero hoy día de una u otra manera se han diversificado y han ampliado su catálogo de delitos a otras ámbitos, que todos hemos conocido lamentablemente en los últimos dos o tres años, con particular énfasis en el sicariato y tantos otros.
En consecuencia, la creación de este Ministerio de Seguridad Pública es realmente relevante. Más aún, cuando existen cifras que dan cuenta de que todos los delitos del crimen organizado tienen el apoyo que le brindan las redes sociales, que les permiten delinquir, y que estos se realizan muchas veces desde el interior de las cárceles por asociaciones criminales, como el Tren de Aragua, el Cartel de Sinaloa, Jalisco Nueva Generación, entre otros. Y que, a pesar de todos los esfuerzos que se han realizado desde el Estado, siguen operando no solamente en Santiago, sino también en nuestras regiones.
Señor Presidente, este tema es de enorme relevancia.
Yo comparto la inquietud del Senador Huenchumilla sobre la figura del comisionado. Al parecer, lamentablemente la señora Ministra del Interior no estaba presente en la Sala cuando la planteó. Me parece que es relevante que se responda, porque, en definitiva, no puede ocurrir que la figura del comisionado posteriormente, ya con el ejercicio de la ley, colisione con las responsabilidades políticas que puedan suscitarse ante hechos puntuales respecto a la persecución de los delitos.
Tengo varios temas importantes que quiero destacar en estas palabras finales.
Señor Presidente , con la delincuencia jamás se debe jugar ni debe ser motivo para eslogan de campaña. Siempre lo he dicho y lo voy a sostener: hubo un Presidente que ganó una elección utilizando el tema, diciendo que se les acababa la fiesta a los delincuentes.
No pasó absolutamente nada en su Gobierno. Muy por el contrario, la delincuencia se intensificó.
53
También es el momento para decir que la creación del Ministerio de Seguridad no debe dar espacio alguno para la curva del aprendizaje. Al ministerio debe llegar gente que efectivamente tenga experiencia en la materia.
¡Ya basta de que nuestros gobiernos regionales sigan entregándoles dinero a fundaciones para cumplir con las ejecuciones presupuestarias, como lo hicieron este año con fondos millonarios de todos los chilenos!
¡Ya basta de situaciones como la que nos avergüenza en estos días, ocurrida en Antofagasta, donde se entregó plata mediante una fundación, Democracia Viva, a los mismos que nos dijeron que tenían superioridad moral, a los mismos que dijeron ""No más amiguismo"", a los mismos que dijeron ""No más nepotismo""!
La ciudadanía va a condenar siempre ese tipo de hechos, y con mayor fuerza aún.
Por eso, desde mi punto de vista, la creación de este Ministerio de Seguridad Pública tiene que venir de la mano -y lo digo con mucho respeto- con la eficiencia, con una buena gestión, con buenos profesionales, no con una caja pagadora de favores políticos. Tienen que llegar ahí los mejores y las mejores para poder ir de a poco eliminando este flagelo que hoy día tiene capturada a nuestra sociedad, que es el crimen organizado, la delincuencia y la inseguridad, que hacen... (se desactiva el micrófono por haberse agotado el tiempo y se vuelve activar por indicación de la Mesa)
Le pido treinta segundos, Presidente .";1
"50";"21730";151;2023;6;"ESPINOZA";NA;"El señor ESPINOZA.-
Decía que el crimen organizado y la delincuencia hacen que miles de nuestras familias vivan hoy día entre cuatro paredes, porque no pueden salir a disfrutar de un parque con sus hijos o porque les da miedo que les quiten su auto o les apunten con un revólver en la cabeza, como les ha ocurrido a miles de nuestros compatriotas.
Tenemos una oportunidad histórica, con la creación de este Ministerio de Seguridad Pública, para lograr desde el Estado y sin distinciones políticas, porque esto tiene que ser un combate transversal, avanzar en una materia que hoy día, repito, es de la más alta sensibilidad.
No nos farreemos esa oportunidad.
¡No más ""Democracias vivas"" ni fundaciones a las que se les entreguen platas millonarias que podrían estar destinadas a combatir los delitos, a comprar vehículos policiales, a tener más policías en las calles para combatir la delincuencia!
Voto a favor, Presidente .
Muchas gracias.";1
"51";"21730";153;2023;6;"ALLENDE";NA;"La señora ALLENDE.-
Gracias, Presidente.
En primer lugar, quiero saludar a la Ministra , a la Subsecretaria y al Subsecretario , aquí presentes.
Me parece extremadamente relevante el que hoy día por fin podamos decir que vamos a dar curso al Ministerio de
53
Seguridad Pública.
Recuerdo que esto partió el año 2006 con Michelle Bachelet , y han pasado muchísimos años antes de lograrlo.
Entonces, este es un hito importante, justamente en un momento en que la población vive muy angustiada, porque es evidente que ha habido un aumento en la comisión de delitos, sobre todo los de mayor connotación social, que son los más graves, o en delitos nuevos que no conocíamos.
La seguridad pública es un derecho, y tenemos que trabajar todas y todos por ella. Esto va más allá de cualquier mirada partidista.
Y ojalá este tema no sea mal utilizado, porque a veces da un poco de impotencia ver que, cuando se trata de sacar determinada iniciativa, todos los esfuerzos, ¡todos los esfuerzos!, se hacen pocos.
Como pocas veces hemos visto, en el actual Gobierno se ha hecho un esfuerzo muy relevante en términos monetarios, en acompañamiento, en dotar de todo lo que hacía falta y otras cosas más que no se habían hecho.
Yo sé que no gusta mucho a veces y siempre vemos una crítica permanente, pero de repente algunos deberían reconocer cosas que son importantes.
Yo represento a la Región de Valparaíso, donde han ocurrido situaciones bien conflictivas y difíciles -homicidios, asesinatos en plena vía-, a raíz de las cuales existe un sentimiento evidente de inseguridad muy marcado.
Se han hecho esfuerzos, sin embargo.
Por eso tenemos que reconocer que aquí se impulsó una política nacional contra el crimen organizado, un plan de infraestructura de seguridad que comprende una inversión superior a los 160 mil millones de pesos para casi noventa obras, que es muy importante, relacionadas con Carabineros, con la PDI -por cierto, hoy día dicha institución cumple su nonagésimo aniversario-, con complejos fronterizos, etcétera.
El mismo plan Calles sin Violencia también ha obtenido resultados que no puedo dejar de reconocer. O sea, se han decomisado más de 1.700 armas, se ha detenido a más de 1.300 personas, de las cuales el 40 por ciento eran prófugas de la justicia y otras cosas más.
Por eso creo que de repente tenemos que aprender a darnos cuenta de que estamos haciendo todos los esfuerzos, ¡todos los esfuerzos!
Ya decía que esto partió el 2006.
Siguió después la separación entre las Fuerzas Armadas y las Fuerzas de Orden y Seguridad, que a mi juicio fue un tremendo paso. Y ahora, además de lo logrado en las Administraciones de Bachelet y de Piñera, seguimos en este Gobierno dando el paso definitivo.
Yo comparto plenamente que ya era hora de especializar y separar las políticas sobre seguridad, orden público y prevención del delito, de la gestión política que le corresponde al Ministro o Ministra del Interior , en su calidad de jefe de gabinete. Es bastante grande la responsabilidad de coordinar una instancia de esa naturaleza y, además, ejercer la gestión política que significa acompañar a un Presidente .
Y por eso es tan importante y necesaria esta separación. No cabe la menor duda.
¡Enhorabuena el paso que estamos dando!
Ahora, reconozco que aquí vamos a tener -tengo la impresión de que la Ministra lo explicó, pero quizás no fue suficiente- un delegado regional, nominado por el Gobierno y que lo representará, que presidirá el Comité Regional de Seguridad y, por otro, un comisionado que -tengo la percepción; tal vez estoy equivocada- de alguna manera estará supeditado al delegado regional.
Entonces, si ese comisionado va a utilizar la fuerza pública, al menos tiene que hacerlo previa autorización del delegado. Creo que ahí se está marcando una jerarquía que no podemos desconocer.
53
Ahora, si eso va a generar algún tipo de ruido en nuestras regiones, habrá que verlo.
Por otro lado, los gobernadores van a tener la posibilidad, como se había acordado con ellos, de actuar preventivamente ante los delitos. Eso en relación con los gobernadores.
Pero yo me quedo, primero, con lo relevante -y es lo que a mí me gustaría destacar-, que es la separación, por fin, entre la gestión política y la seguridad pública.
Y, segundo, me parece tremendamente relevante que la creación de este nuevo Ministerio no solo apunte a aquello. Ya hemos señalado los apoyos que se han entregado, como nunca en cifras, a las Policías.
Pero eso no basta.
También estamos hablando de la reforma a las Policías, de su capacitación. Se ha recalcado una y otra vez -lo han reconocido los propios mandos policiales- la sofisticación de los crímenes...(se desactiva el micrófono por haberse agotado el tiempo y se vuelve a activar por indicación de la Mesa).";1
"52";"21730";157;2023;6;"ALLENDE";NA;"La señora ALLENDE.-
Bueno.
Cumpla nomás y sea ecuánime. Eso es lo que importa.
Decía que incluso los propios mandos han reconocido que las Policías se fueron quedando atrás en relación con la sofisticación, la forma como se ha organizado el crimen organizado -valga la redundancia-, los medios con que cuenta, las tecnologías que ha incorporado.
Nos fuimos quedando atrás, así que tenemos que dar el paso y enfrentar este desafío como país.
Llegó la hora de capacitar.
Hemos dicho muchas veces que fallamos en inteligencia; que lo preventivo muchas veces no logra bajar, disminuir o contener las cifras; que llegó el momento de poder avanzar en aquello. Y eso requiere la voluntad y el concurso de todas y de todos.
Por eso, voy a votar a favor con la convicción de que estamos dando un paso importante.
Con todo, creo que sí valía la pena detenernos un poco en las atribuciones del Ministerio de Seguridad con respecto a... (se desactiva el micrófono por haberse agotado el tiempo).";1
"53";"21730";159;2023;6;"ARAYA";NA;"El señor ARAYA.-
53
Gracias, Presidente.
En primer lugar, voy a votar a favor de esta iniciativa, porque frente a los problemas de criminalidad que está viviendo el país se hace necesario avanzar con soluciones distintas a las que tradicionalmente hemos utilizado para la prevención y el combate al delito.
Y en este sentido, en primer lugar, quiero destacar que la importancia de esta iniciativa radica en que separa las funciones del Ministerio del Interior, pues permanentemente la Ministra del Interior , en este caso, vive una tensión entre la conducción política del Gobierno y la gestión de la seguridad pública, lo que muchas veces lleva a que buena parte del esfuerzo de dicha Cartera esté destinado a los problemas de seguridad pública y se pierda la gestión política, que hoy día es tan necesaria para poder avanzar en el programa del Presidente Gabriel Boric .
Entonces, terminar con esta tensión me parece que va por el camino correcto y, a su vez, deja una suerte de especialización en el gabinete para abordar los distintos temas de seguridad.
Un segundo punto importante es que el proyecto clarifica adecuadamente la subordinación civil de las Policías en ese sentido. Con esto se acaba cualquier duda que pueda existir con relación a esta suerte de dicotomía en cuanto a quién están subordinadas las Policías, es decir, esa suerte de subordinación civil, por un lado, pero libertad operativa, por otro.
Entonces, el proyecto a mi juicio resuelve ese conflicto y da claridad con respecto a la subordinación de ambas Policías al nuevo Ministro o Ministra de Seguridad Pública .
También creo que el proyecto se hace cargo de un tema que hoy día es quizás uno de los principales problemas de los chilenos y chilenas: las incivilidades.
Al fijarse como objetivo del Ministerio de Seguridad Pública el poder hacerse cargo de las incivilidades y buscar formas de resolver los conflictos, creo que se avanza en la línea correcta para poder ir disminuyendo los delitos.
Muchos de los conflictos que hoy día tenemos en nuestro país, que derivan en delitos violentos como riñas, lesiones u homicidios, parten por incivilidades que no son controladas, dado que en la realidad este tipo de prácticas están en tierra de nadie y no hay quien las persiga o se haga cargo de buscar una solución.
De ahí que este proyecto plantea un claro objetivo para este nuevo Ministerio: hacerse cargo de buscar una fórmula para encontrar solución a este tipo de conflictos.
También me parece importante lo que plantea el proyecto en relación con la protección a las víctimas.
Creo que se hace un hincapié fundamental al señalar que una de las tareas del nuevo Ministerio será proteger a las víctimas, que siempre son, probablemente, las más abandonadas en el sistema de persecución penal.
Dicho eso, Presidente, no puedo dejar de hacer algunas reflexiones, porque me parece que el proyecto sigue teniendo algunos problemas estructurales que a mi juicio no están suficientemente resueltos y que, probablemente, van a ser fuente de conflicto. Sin embargo, puede existir todavía un margen para corregir algunas situaciones en la Cámara de Diputados.
Para enunciar algunos de los problemas que se han señalado, creo que en lo relativo a quiénes van a ser los representantes de las regiones, en este caso los comisionados regionales, es una mala fórmula la que se está creando, porque en la práctica se está poniendo a cargo de la seguridad pública a una persona que depende del Ministerio de Seguridad Pública, la cual puede mantener una tensión permanente con el gobernador regional y con el delegado presidencial.
Además, la posibilidad de que el delegado regional pueda pedir la remoción del comisionado me causa dudas. Yo hubiera preferido que derechamente parte de estas atribuciones quedaran en los delegados presidenciales y se mantuviera cierta estructura lógica al respecto.
Un segundo punto que tampoco queda suficientemente resuelto tiene que ver con el sistema de persecución penal. Porque si bien es cierto la creación de este Ministerio de Seguridad implica una suerte de coordinación institucional con distintos órganos ligados a la seguridad -Carabineros, la PDI, Poder Judicial , entre otros-, que incluye también al Ministerio Público, el nuevo Ministerio no deja de ser un simple ente coordinador que
53
obviamente, por razones constitucionales, no puede tocar la autonomía del órgano persecutor.
Me parece que buena parte de los problemas de seguridad en Chile tienen que ver con que no se ha fijado una política de persecución criminal en los últimos años.
Y ese problema, a mi juicio, el Consejo de Seguridad tampoco lo va a resolver, porque curiosamente se establece una norma de clausura respecto a las atribuciones del nuevo Ministerio que estamos creando, en la cual se señala expresamente que la nueva institución no podrá afectar la autonomía ni las decisiones del Ministerio Público.
Entonces, ahí en algún minuto se puede producir un grado de tensión entre lo que quiera hacer el nuevo Ministerio o el nuevo Consejo de Seguridad Nacional versus las decisiones que pueda tomar el o la Fiscal Nacional en materia de persecución penal.
Creo también que permanece una dualidad no resuelta respecto de lo que es Gendarmería de Chile. Es, a mi juicio, una institución de orden y seguridad pública. Lo correcto habría sido abordar qué pasa con ella, porque va a seguir dependiendo del Ministerio de Justicia. Y una de las labores que tiene dicha Cartera a través de Gendarmería, entre otras, es la reinserción social. Sin embargo, el proyecto contempla, como nueva función de este Ministerio, la reinserción social.
Entonces, aquí se va a producir una suerte de dualidad - Presidente , le pido un minuto para terminar- en quién va a fijar los criterios de reinserción social. ¿Van a ser los que fije el Consejo a través del nuevo Ministerio o los que defina el Ministerio de Justicia?
En ese sentido, pienso que debió haber existido una definición más concreta de qué va a ocurrir con Gendarmería de Chile y cómo se resolverían esos posibles conflictos.
Por último, sin duda, creo que queda pendiente una modernización institucional del Estado, en general. Varios colegas que me antecedieron en el uso de la palabra hicieron esa reflexión: que hoy día es necesaria su modernización.
Nosotros tenemos un Estado que probablemente responde a la realidad de los años ochenta, principios de los noventa, pero no se hace cargo de cuáles son hoy día las verdaderas deficiencias que enfrentamos como país en esta materia.
En ese sentido, me parece que sigue pendiente la gran reforma al sistema de Carabineros de Chile, donde hay que abordar de una vez por todas la discusión de qué tipo de policía queremos en el país.
Hecho esos comentarios, voto a favor, Presidente .";1
"54";"21730";161;2023;6;"EBENSPERGER";NA;"La señora EBENSPERGER.-
Gracias, Presidente.
Yo creo que nadie en esta Sala podría no estar de acuerdo con la necesidad de tener una institucionalidad fuerte en materia de seguridad.
Pero a mí me preocupan varias cosas de este proyecto, y por eso me abstuve.
Primero, comparto las aprensiones que señaló el Senador Huenchumilla y que, por el tiempo, no voy a repetir.
En primer lugar, Presidente , me preocupa el debilitamiento del Ministerio del Interior como encargado del área política o como jefe de gabinete de todos los Ministerios. Creo que esa función queda terriblemente disminuida acá.
53
Me inquietan los conflictos legales y políticos que se van a producir en las regiones, porque, en vez de que esta normativa venga a ayudar a resolver los problemas en materia de seguridad, estos podrían enredarse.
Me preocupa que en el artículo 2° de la ley 19.175, Orgánica Constitucional sobre Gobierno y Administración Regional, se elimine la facultad establecida en la letra b), que señalaba que a los delegados les corresponderá, hasta que esta ley se apruebe y ahí la dejan de tener, ""Velar porque en el territorio de su jurisdicción se respete la tranquilidad, orden público y resguardo de las personas y bienes"".
¿Cómo el representante del Presidente de la República en las regiones no va a estar preocupado ni va a tener la función, que ahora se elimina, de velar por la tranquilidad de las personas que tiene a cargo?
Está claramente la discusión de quién es la primera autoridad en la región, si el gobernador o el delegado, pero el delegado es el representante del Presidente de la República en la región.
Luego, se cambia la letra c) del artículo 2°, sobre las facultades del delegado, en el cual se dispone que dicha autoridad podrá ""Requerir el auxilio de la fuerza pública en los territorios de su jurisdicción, en conformidad a la ley"".
¿Qué se establece ahora? Que el delegado (representante del Presidente ) le tiene que solicitar al comisionado (funcionario sobre quien el delegado tiene la facultad, coordinación y fiscalización) ""el auxilio de la fuerza pública en el territorio de su competencia cuando, a juicio del delegado regional o provincial, sea necesario para el ejercicio de sus funciones"". O sea, el delegado, cuando requiera de la fuerza pública para cumplir sus funciones, le tiene que pedir autorización al comisionado. Y el comisionado le puede decir que no... (la Ministra Tohá mueve la cabeza en señal negativa).
Pero, Ministra , no me diga que no porque aquí está. Luego, el delegado sí puede pedir la renuncia.
Entonces, ¿qué va a producirse acá? Aunque haya una institucionalidad más fuerte para enfrentar el tema de seguridad en las regiones, se van a generar conflictos políticos. Porque, reitero, se mantiene la letra j), que dice que el delegado ejerce la coordinación, fiscalización o supervigilancia de los servicios públicos.
Se establece que el delegado preside el Consejo Regional de Seguridad y que el comisionado será el secretario de dicho consejo. Pero el secretario tiene sobre el presidente de ese consejo todas las atribuciones.
Se mantiene la facultad de que quien está a cargo de prevenir y enfrentar todos los desastres en las regiones es el delegado, pero no tiene la atribución de pedir ayuda a las Fuerzas de Orden y Seguridad, salvo que el comisionado se lo autorice.
Se dice además...(se desactiva el micrófono por haberse agotado el tiempo y se vuelve a activar por indicación de la Mesa)... que los seremis son personas de exclusiva confianza del Presidente de la República y que se nombran de una terna que manda el delegado. Pero al comisionado lo nombra el Presidente directamente de la propuesta que haga el Ministro de Seguridad . ¿Por qué? ¿Por qué se le están quitando atribuciones al delegado?
Entonces, vuelvo a decirlo. Es importante dar fuerza a la institucionalidad para enfrentar materias de seguridad, pero lo que no podemos hacer es crear conflictos regionales, legislativos y políticos que poco y nada van a ayudar a enfrentar los problemas de seguridad en la región.
Estos son algunos de los argumentos -no tengo más tiempo para seguir hablando- por los cuales me abstengo en esta votación.
Gracias, Presidente .";1
"55";"21730";163;2023;6;"CHAHUÁN";NA;"El señor CHAHUÁN.-
53
Presidente , Honorable Sala, en honor al tiempo, simplemente diré que esta es una larga aspiración. Creemos, sin lugar a dudas, que hay que avanzar en dar las herramientas necesarias para contar con un Ministerio que se preocupe de una de las principales urgencias de los chilenos: mayor seguridad.
Tenemos algunos reparos, por lo que pedimos una votación separada con relación a las facultades disciplinarias de las fuerzas policiales.
Pero, ciertamente, este es un proyecto en el que tenemos que avanzar. Desde el Gobierno del Presidente Lagos se viene impulsando, y creemos que va en la dirección correcta.
He dicho, señor Presidente.
Vamos a apoyar, por supuesto.";1
"56";"21730";165;2023;6;"SAAVEDRA";NA;"El señor SAAVEDRA .-
Muy amable, Presidente .
Trataré de seguir la senda del Senador Chahuán, quien hizo una corta intervención.
Quiero decir que efectivamente estamos dando cuenta de una necesidad que el país requiere: cómo organizarse como Estado para cumplir funciones que son de demanda urgente; cómo establecer en un solo ministerio la coordinación efectiva de todo lo que tiene que ver con las responsabilidades relacionadas con la seguridad, o sea, facilitar la coordinación entre los diferentes agentes del Estado para esto, como las Policías, los servicios de inteligencia, las Fuerzas Armadas, en fin.
Se puede mejorar en eficiencia; se puede dar una respuesta a tiempo; se puede satisfacer esta principal demanda de la población por seguridad.
El enfoque especializado es otro de los temas que resolvemos al tener un ministerio dedicado exclusivamente a la seguridad pública. Se puede contar con un equipo de expertos y profesionales con conocimiento especializado en la materia.
La pregunta que se hacía acá: ¿hay que destinar recursos públicos a esto? Claro que sí; se requieren más recursos.
Este es un severo llamado de atención a todos quienes se oponen a que el Estado recaude más. Veo y escucho la crítica de que no crezca el Estado, que siga siendo un Estado restringido, pero ¿cómo vamos a hacer las tareas? ¿O ustedes creen que un ministerio de la magnitud del que queremos organizar para responder a la ciudadanía y darle mayor seguridad no va a requerir mayor contratación de personas?
Se necesitan especialistas, personas que conozcan el tema y nos puedan ayudar en la aplicación de políticas públicas y de estrategias para prevenir y combatir el crimen organizado, como el que está operando, o la expresión de la violencia política que hoy día estamos viendo en el país: el terrorismo en toda su expresión a lo largo de Chile. No se concentra en un solo territorio.
Por supuesto, se mejoran los aspectos de la prevención del delito y también se establece la coordinación del nuevo Ministerio con los gobiernos locales para llevar a cabo tareas que permitan -ahora sí en serio- resolver estos problemas en los diferentes territorios donde se expresa la delincuencia, la que causa tanto daño a la convivencia en las distintas comunas del país, por lo que se requiere el espaldarazo del Estado en esta situación.
Al mismo tiempo, una mayor y mejor rendición de cuentas nos permitirá evaluar cómo actuar, qué hacer, cómo ocupar los recursos, cómo ir corrigiendo las diferentes situaciones que habrá que enfrentar. Por ser una nueva
53
experiencia, ello seguramente va a requerir mucha voluntad, mucha generosidad, para cambiar aspectos a los que tendremos que vernos enfrentados, con método de prueba y error, para garantizar la seguridad a todos los ciudadanos.
Lo anterior posibilitará que haya transparencia respecto de la forma de aplicación de esta política pública y, con ello, permitir que la participación, el encuentro en los territorios, ayude a resolver los problemas que hoy día se ven distantes desde el poder central.
Finalmente, damos un paso sustantivo en la construcción de un ministerio que es necesario para asumir un país que hoy siente y vive el síndrome del crecimiento de la llegada de otras culturas, lo que nos tiene complicados en cuanto a los aspectos delictuales, porque no tenemos respuesta ante ello. Hay una serie de situaciones insolutas, y este Ministerio va a permitir avanzar en ello.
Simplemente creo que hemos dado un paso histórico en el Congreso, y en el Senado, particularmente.
Votaré a favor de lo que hoy día se nos propone, para sacar adelante esta tarea y permitir dar una respuesta, ahora desde el Senado, a la ciudadanía, que nos pide más seguridad y protección.
He dicho, Presidente .
Votaremos a favor de este proyecto.";1
"57";"21730";167;2023;6;"CASTRO";"don Juan";"El señor CASTRO (don Juan).-
Gracias, Presidente.
La verdad es que yo quedo con un dolor en este hemiciclo, al momento de estar creando un nuevo ministerio.
La pregunta que hay que hacerse es ¿qué estamos evadiendo? Sabemos lo que está pasando en el país hoy día: no tenemos seguridad; la cabeza de una persona rueda por cualquier calle, y pareciera que a nadie le preocupa, como si no fuera un tema la seguridad del país.
Si bien voy a votar favorablemente este proyecto, tengo mis aprensiones, y estas se generan porque ningún cargo, ¡ningún cargo!, resulta si la persona que lo ejerce no tiene los pantalones para tomar las decisiones. Y lo que sucede hoy en día, Presidente , lamentablemente lo que estamos viviendo en el país por falta de seguridad, se debe también a que las autoridades no han tenido los pantalones para tomar las decisiones.
A mi juicio, al crear este nuevo organismo, si no les vamos a dar una protección jurídica al Ministro , a las autoridades o a las Policías que van a actuar para poder recuperar la seguridad pública, estamos perdiendo el tiempo.
Yo estoy muy de acuerdo en que, adicionalmente a crear este nuevo Ministerio, seamos capaces de entender la seguridad que el país necesita. Para mí, hoy día ello es, precisamente, entregar respaldos jurídicos a quienes tomen las decisiones. Si no somos capaces de entrar en esa materia, la verdad es que estamos haciendo solamente un saludo a la bandera y traspasando una responsabilidad a una autoridad que, no me cabe ninguna duda, tendrá todos los temores al momento de tomar las decisiones.
Por eso, Presidente , creo que nuestra discusión tiene que ser un poquito más profunda. Debemos demostrarle a la comunidad, al país entero, que en este Senado estamos preocupados de la seguridad, y para ello, hay que entender que la autoridad que se crea debe tener, como digo, los pantalones bien puestos para tomar las decisiones y, obviamente, contar con los respaldos jurídicos para no estar después visitando los tribunales de justicia, junto a las Policías.
Creo que esa es la única forma de poder garantizar, de una vez por todas, la seguridad que toda la ciudadanía
53
espera de nosotros.
He dicho, Presidente .";1
"58";"21730";195;2023;6;"TOHÁ";"Ministra del Interior y Seguridad Pública";"La señora TOHÁ ( Ministra del Interior y Seguridad Pública ).-
Una respuesta.
A ver, voy a elegir el tema central.
Nosotros estamos creando el Ministerio que estará a cargo de la seguridad. Ya no va a estar el Ministerio del Interior a cargo de ella, sino el Ministerio de Seguridad Pública.
Sobre el particular, cabe señalar que el delegado presidencial es el equivalente al Ministro del Interior y que la persona que representará al Ministerio de Seguridad será el comisionado. Por su parte, el Ministro o la Ministra del Interior tiene la jefatura del gabinete y, como tal, debe coordinar y encargarse de que todo funcione; no se desprende de la responsabilidad de los otros ministerios. Pero la responsabilidad sectorial estará en el Ministerio de Seguridad Pública.
A nivel regional esto se replica; por tanto, el comisionado será el encargado de la seguridad, y el delegado, como superior, va a poder instruir y solicitar cosas a través del comisionado. Pero el comisionado es el que llevará la seguridad, el que se entenderá con las Policías, el que hará las coordinaciones.
¿Por qué el delegado preside el Consejo? Porque el Consejo no es un órgano ejecutivo, sino un órgano político, de coordinación. Ahí nadie manda a nadie. Entonces, parece adecuado que la autoridad superior de la región sea la que lo encabece. Ahora, todo lo que ahí se acuerde, ¿quién lo va a ejecutar? El comisionado, porque es la autoridad ejecutiva.
Es verdad que esto convive con el momento de transición en que estamos con los gobernadores. Pero estas autoridades no tienen ninguna competencia en materia de control y persecución del delito, ni de mando sobre las Policías. Sin embargo, el Ejecutivo está dispuesto a discutir el tema y va a proponer que los gobernadores tengan, como en los municipios, facultades en lo que se refiere a prevención del delito, pero no al control ni a su persecución, porque doble mando sobre las Policías no es bueno.
En virtud de eso es que incorporamos también en el Consejo Regional de Seguridad a los consejeros regionales. Y puede ser buena idea, como señalaba el Senador Flores, que el día de mañana en la Cámara hiciéramos algo equivalente en el Consejo Nacional de Seguridad, sin perder de vista que el gobernador no tiene competencia en esta materia, sino que actúa como una figura que financia muchos proyectos, que mira el territorio y que, por cierto, puede aportar, pero aportar a un órgano, sin que tenga directamente facultades de mando, de coordinación, de ejecución de las políticas públicas.
Yo entiendo el hecho de que la novedad de la figura genere inquietudes. Pero eso queda resuelto dejándose en claro quién está a cargo de qué y que el comisionado pueda tener suficientes charreteras para cumplir los roles de
53
control de las Policías y de dirección de los temas de seguridad, para que el delegado o la delegada no se desentienda, sino que siempre tenga un ojo puesto en lo que está pasando en seguridad, siempre pueda responder las preguntas, siempre esté encima de la situación, porque es la primera autoridad del Gobierno central en la región.
Esa es la fórmula que se buscó en este proyecto y, ciertamente, en la Cámara podremos continuar mejorándolo.
Había varias preguntas más, Presidente . Pero como usted me tiene inhibida, no las voy a responder, aunque tenía muchas ganas de hacerlo. Porque lo del tema de que si vamos a contratar personas profesionales y no hacer favores políticos es bastante provocador como pregunta. Pero creo que basta ver cómo está compuesto hoy día el Ministerio del Interior. Es un órgano donde hay personas profesionales, funcionarios que conocen estos temas.
Incluso a quienes políticamente se ha cuestionado son personas expertas en seguridad, ¡expertas!, con doctorado en seguridad.
Entonces, con ese criterio, respecto de cómo se ha compuesto el actual Gobierno y los gobiernos anteriores, nunca ha pasado que el Ministerio del Interior se ocupe para hacer arreglines políticos. Y ahora con mayor razón; siendo un Ministerio especializado, tenemos que garantizar que estén ahí quienes más saben de estos asuntos. De hecho, al comisionado se le puso algo que los seremis no tienen: la obligación de contar con una especialización en esta materia. Los seremis, en general, carecen de ese requisito.
También hay otros temas que abordar, Presidente , y que los hemos hablado otras veces. Pero ya habrá espacio para seguir profundizándolos.
Para terminar, yo quisiera agradecer esta votación, especialmente a los dos Presidentes que estuvieron en la votación de este proyecto -primero, el Senador Insulza; después, el Senador Kast- y a los integrantes de la Comisión de Seguridad: el Senador Ossandón, el Senador Flores, el Senador Kusanovic, que fueron muy activos en el debate. Muchos temas los destrabamos en conjunto.
Y gratitud a toda la Sala, en particular a los integrantes de la Comisión de Seguridad, como también a la Comisión de Hacienda, que despachó rápidamente este proyecto para que pudiéramos votarlo hoy en la Sala.
Muchas gracias.";1
"59";"21730";199;2024;5;"ALESSANDRI";"de pie";"El señor ALESSANDRI (de pie).-
Señorita Presidenta, honorable Cámara, en nombre de la Comisión de Seguridad Ciudadana, paso a informar sobre el proyecto de ley, iniciado en un mensaje de su excelencia el Presidente de la República, que crea el Ministerio de Seguridad Pública, en segundo trámite constitucional y primero reglamentario, sin urgencia, correspondiente al boletín N° 14614-07 (S).
Por un asunto de tiempo y para abordar concretamente las materias más relevantes de esta iniciativa presidencial, me remitiré solo a los aspectos básicos que han servido de base durante este trámite legislativo.
Los antecedentes que sustentan este proyecto de ley y la mención de los argumentos expuestos por la ministradel Interior y Seguridad Pública, el subsecretario del Interior de Chile y sus asesores, así como las intervenciones de las señoras diputadas y de los señores diputados, de los invitados y de los especialistas que participaron e ilustraron el debate se encuentran a disposición tanto en el informe respectivo como en las actas.
Ideas matrices o fundamentales
Cabe mencionar que estas se basan en la creación del Ministerio de Seguridad Pública como una secretaría de Estado que esté encargada de colaborar directamente con el Presidente de la República en materias relativas a la seguridad y al resguardo de la seguridad pública, con el propósito de permitir a la sociedad, a los grupos intermedios y a las personas, alcanzar la condición de que se encuentren lo suficientemente resguardados de
53
peligros, riesgos, amenazas e interferencias externas e internas, antrópicas y naturales.
En el informe respectivo se deja constancia de las normas que tienen un quorum especial de aprobación y de las que requieren trámite en la Comisión de Hacienda por incidir en materias presupuestarias y financieras.
Aprobación del proyecto
En su sesión 70a, de 22 de agosto de 2023, el proyecto fue aprobado en general por mayoría de votos.
Acerca de los artículos e indicaciones rechazados, estos se consignan en el acápite correspondiente del informe.
Resumen del contenido del proyecto aprobado por el Senado
De conformidad con lo dispuesto en el número 2° del artículo 304 del Reglamento, el texto aprobado por el Senado pretende, mediante la creación de un nuevo texto jurídico y de diversas modificaciones legales, consagrar una nueva institucionalidad en materia de seguridad. Para cumplir dicha finalidad, se hizo nacer a la vida del derecho una nueva normativa que la sustente y se modificaron diversos textos legales.
La iniciativa en el Senado tuvo una pormenorizada y exhaustiva tramitación. Cabe consignar que el proyecto despachado por el Senado, en su primer trámite constitucional, consta de ocho artículos permanentes y diez transitorios.
El artículo primero contiene 23 artículos, los cuales, en síntesis, abordan la creación del Ministerio de Seguridad Pública y su organización; establecen que se coordinará y articulará un sistema de seguridad pública, integrado por las Fuerzas de Orden y Seguridad Pública, explicitando que las Fuerzas de Orden y Seguridad Pública, integradas por Carabineros de Chile y la Policía de Investigaciones de Chile, dependerán de este nuevo Ministerio.
Asimismo, se crea la Subsecretaría de Seguridad Pública, se establece que la Subsecretaría de Prevención del Delito será un órgano de colaboración inmediata del ministro o ministra en todas aquellas materias relacionadas con la elaboración, coordinación, ejecución y evaluación de políticas públicas destinadas a la prevención del delito, entre otras, y se establece que el Ministerio de Seguridad Pública se desconcentrará mediante secretarios regionales ministeriales de seguridad pública.
Con la finalidad de complementar y adecuar esta nueva institucionalidad a la legislación en vigor y así procurar una coherencia normativa, a través de los artículos segundo a décimo primero, se modifican diversos textos legales.
Finalmente, los artículos primero a décimo segundo transitorios, entre otras materias, facultan al Presidente de la República a que, en el plazo de un año de publicada esta ley en proyecto en el Diario Oficial, regule y fije la planta de personal de la Subsecretaría de Seguridad Pública y de la Subsecretaría de Prevención del Delito, y se refiera al financiamiento del mayor gasto fiscal que requerirá la implementación de este ministerio.
Hubo un extenso debate, producto del cual y de diversas indicaciones del Ejecutivo y de parlamentarios, se introdujeron modificaciones al texto aprobado por el Senado en su primer trámite constitucional, con el objeto de perfeccionarlo.
En relación con el Ministerio de Seguridad Pública, se establece, en su artículo primero, que el ministerio deberá formular estrategias de prevención y combate del delito, considerando el crimen organizado y los actos terroristas.
Respecto de las funciones del Ministerio de Seguridad Pública, se establece la función de velar por el resguardo, la mantención y la promoción de la seguridad pública; se incorpora la función de elaborar una estrategia nacional contra el crimen, y se incorpora la función de desarrollo y producción de estudios, evaluaciones y análisis estratégicos, que favorezcan el diseño e implementación de políticas públicas basadas en evidencia.
En cuanto a las atribuciones del Ministerio de Seguridad, se agrega la evaluación de políticas, planes y programas diseñados o formulados en materias de prevención del delito, y se incorpora la elaboración de un diagnóstico de indicadores de seguridad y prevención.
En lo referido a las Fuerzas de Orden y Seguridad Pública, se establece que las contrataciones en las Fuerzas de
53
Orden y Seguridad que excedan las mil unidades tributarias mensuales requerirán un certificado de pertinencia; se añade la atribución de definir y evaluar las medidas orientadas a la prevención, control de delitos, entre otras.
Por otra parte, el nuevo Párrafo III, sobre Sistema y Consejos de Seguridad Pública, consta de un artículo en el que se establece que dicho Sistema será el conjunto de instituciones o entidades que, mediante su acción coordinada y colaborativa, propendan a que el Estado asegure el orden público y la seguridad pública interior.
El ministerio contará con una Subsecretaría de Seguridad Pública, una Subsecretaría de Prevención del Delito, y se desconcentrará territorialmente mediante los secretarios regionales ministeriales de Seguridad Pública.
En relación con la Subsecretaría de Prevención del Delito, se establece que se encargará de la coordinación y fortalecimiento de las capacidades preventivas; se introduce que la definición de prevención del delito es la reducción de riesgo de hechos violentos o delictivos, la anticipación, el reconocimiento y la medición del surgimiento y desarrollo de violencia y factores de riesgo, y la disminución de los efectos dañinos de estos hechos.
Se establece que el ministerio se desconcentrará a través de secretarías regionales ministeriales, innovando en este punto respecto de lo aprobado por el Senado. En el desarrollo de las funciones de estas secretarías regionales ministeriales, se simplifica la redacción de sus funciones, entre las que se encuentra requerir el auxilio de la fuerza pública con el objeto de resguardar la seguridad y el orden público.
En este trámite constitucional se crean los departamentos provinciales de seguridad pública, los que serán organismos desconcentrados de las secretarías regionales ministeriales de Seguridad Pública, podrán requerir el auxilio de la fuerza pública y autorizar reuniones en lugares de uso público, además de las otras funciones que las secretarías les deleguen.
Se aprobaron diversas normas adecuatorias, las que también se consignaron en este informe.
Es todo cuanto puedo informar.
He dicho.";1
"60";"21730";201;2024;5;"SCHALPER";NA;"El señor SCHALPER.-
Señorita Presidenta, en vista de que estamos teniendo esta discusión desde hace bastante tiempo, solicito que recabe la unanimidad de la Sala para votar sin discusión este proyecto de ley.";1
"61";"21730";203;2024;5;"BARRERA";"de pie";"El señor BARRERA (de pie).-
Señorita Presidenta, honorable Sala, la Comisión de Hacienda pasa a informar, en lo relativo a su incidencia presupuestaria, sobre el proyecto de ley, iniciado en mensaje del entonces Presidente de la República señor Sebastián Piñera , que crea el Ministerio de Seguridad Pública.
53
En representación del Ejecutivo, concurrieron a presentar la iniciativa la ministradel Interior y Seguridad Pública, señora Carolina Tohá ; la subsecretaria general de la Presidencia, señora Macarena Lobos , y el jefe del Subdepartamento de Estudios de la Dirección de Presupuestos, señor Pablo Jorquera .
La idea fundamental de la iniciativa se orienta a crear el Ministerio de Seguridad Pública como una secretaría de Estado encargada de colaborar directamente con el Presidente de la República en las labores de resguardo de la seguridad y orden público, protección de las personas, prevención del delito, rehabilitación y reinserción social, atención y asistencia a víctimas, y convivencia ciudadana.
El proyecto propone separar la seguridad pública de la gestión política del jefe de gabinete, diferenciando el rol del nuevo Ministerio de Seguridad Pública del papel político del Ministerio del Interior.
En sus fundamentos, el proyecto declara sus prioridades de favorecer una especialización de la gestión en seguridad pública y establecer un sistema que coordine, controle y colabore con las diversas instituciones públicas y privadas que cuentan con atribuciones en aspectos de seguridad.
En particular, la iniciativa de ley desarrolla el diseño institucional de una nueva cartera destinada a planificar, monitorear, coordinar, supervisar y evaluar las políticas, planes y programas en los ámbitos del resguardo de la seguridad y orden público, protección de las personas, prevención del delito, rehabilitación y reinserción social, atención y asistencia a las víctimas, control de fronteras y convivencia ciudadana, así como coordinación sectorial e intersectorial para el logro de los objetivos en estas áreas.
Su estructura orgánica estará constituida por una Subsecretaría de Seguridad Pública y una Subsecretaría de Prevención del Delito, mientras que en el ámbito local se desconcentrará territorialmente en tres niveles: los secretarios regionales ministeriales del ramo, los delegados presidenciales y los departamentos provinciales de seguridad, cuyo director podrá requerir el auxilio de la fuerza pública y autorizar reuniones en lugares públicos.
El proyecto busca también instaurar una mayor supervisión civil sobre las instituciones policiales, puesto que la nueva cartera controlará sus actuaciones en los ámbitos administrativos, financieros y disciplinarios, además de supervigilar la gestión policial en las áreas estratégica y operativa.
Paralelamente, se ajustan las funciones del Ministerio del Interior, eliminando sus atribuciones en seguridad y orden público, y disponiendo su competencia en asuntos relativos a la coordinación política de ministros y subsecretarías, la coordinación intersectorial y el seguimiento programático de la gestión del gobierno y los órganos con que ejerce sus funciones. Se le adiciona también una labor permanente en materia de desastres, emergencias y reconstrucción. Internamente, mantiene su estructura con la Subsecretaría del Interior y la de Desarrollo Regional y Administrativo. Para efectos de gestión programática, se traspasan las divisiones de Coordinación Interministerial y de Estudios desde el Ministerio Secretaría General de la Presidencia al Ministerio del Interior.
En materia de incidencia presupuestaria, el informe financiero de la Dirección de Presupuestos señala que el proyecto significará gastos por tres conceptos: el gabinete del Ministerio de Seguridad Pública, la Subsecretaría de Seguridad Pública y las seremis del ramo.
Para la creación del Ministerio de Seguridad Pública se considera una planta de personal por 1.303 millones de pesos en régimen, a lo que se adicionan 33 millones en bienes y servicios de consumo.
Por su parte, la creación de la Subsecretaría de Seguridad Pública aumentará el gasto en 2.813 millones de pesos, a lo que sumará 407 millones en bienes y servicios.
Para el establecimiento de las seremías de Seguridad Pública, y considerando el traspaso de funcionarios desde la actual estructura, las nuevas contrataciones llegarán a 32 funcionarios, mientras que en los departamentos provinciales se agregarán 11 nuevos directores, todo lo cual totalizará en régimen un gasto de 2.510 millones de pesos en personal, más 353 millones en bienes y servicios.
El traspaso de las divisiones de Estudios y Coordinación Interministerial desde el Ministerio Secretaría General de la Presidencia al Ministerio del Interior implicará un traspaso de recursos entre ambas carteras, por lo que no significará un mayor gasto fiscal. El costo actual de estas funciones asciende a 1.470 millones de pesos.
53
En términos consolidados, el proyecto en tramitación significará un mayor gasto fiscal en régimen de 7.420 millones de pesos.
En materia de financiamiento, se dispone que el mayor gasto fiscal que signifique la aplicación de la ley en su primer ejercicio se financiará con el presupuesto del Ministerio del Interior y Seguridad Pública, y, en lo que faltare, con recursos del Tesoro Público. Para los años posteriores el gasto se financiará con cargo a los recursos contemplados en las leyes de presupuestos del sector público.
Los integrantes de la comisión cuestionaron la escasez de tiempo para debatir el proyecto y formularon varias observaciones y consultas a las autoridades presentes sobre la pertinencia de esta nueva institucionalidad, el papel específico de las nuevas autoridades y las cifras de gastos proyectadas para la implementación de esta nueva estructura.
Finalmente, puestos en votación los artículos de su competencia, resultaron todos aprobados por mayoría de votos, con excepción del artículo 9°, referido a la creación de las subsecretarías de Seguridad Pública y de Prevención del Delito, y de los secretarios regionales ministeriales de Seguridad Pública, disposición que fue rechazada por no alcanzar el quorum necesario para su aprobación.
En conclusión, la Comisión de Hacienda recomienda a esta honorable Sala aprobar esta iniciativa de ley en los mismos términos expuestos.
Es cuanto puedo informar a sus señorías.
He dicho.";1
"62";"21730";205;2024;5;"DONOSO";NA;"El señor DONOSO.-
Señor Presidente, honorable Sala, hoy legislamos, una vez más, sobre seguridad sobre la sangre de los carabineros caídos.
Esto ya pasó el año anterior, y hoy, para volver a hablar de seguridad y avanzar rápido en los proyectos, tienen que morir tres carabineros más. Lo preocupante de esto es: ¿cuándo va a terminar el proceso para tener estas leyes? ¿Debemos esperar la próxima muerte de carabineros? No creo que sea lo correcto.
Hoy, avanzar sobre un proyecto de Ministerio de Seguridad Pública puede ayudar, pero no soluciona la realidad que vive Chile en cuanto a la seguridad.
Podemos avanzar en unificar las distintas instituciones de seguridad, en tener un mando, en mejorar la administración, en que quizás haya menor responsabilidad política del ministro del Interior y este sea un jefe de gabinete político. No obstante, de lo que tenemos que tomar conciencia en esta Sala es de que no podemos negar al “perro Matapacos ”, que no era un perro, sino una consigna levantada por muchos miembros de esta Sala, quienes hace quince minutos la negaban, pero que aún se luce en sus oficinas, en sus computadores. Promover la violencia no ayuda a mejorar el clima que hoy existe con la violencia; promover el atacar a carabineros y luego votar para crear un Ministerio de Seguridad no ayuda a mejorar las condiciones de seguridad de la nación.
Tenemos que avanzar en serio, comprometernos con todos los chilenos y no hablar de derechos humanos cuando nos conviene como consigna, pero no hablar de derechos humanos cuando muere un carabinero, cuando muere un niño en una plaza, cuando la gente hoy día lo único que reclama es mayor seguridad para todos.
He dicho.";1
"63";"21730";207;2024;5;"MUÑOZ";"doña Francesca";"La señora MUÑOZ (doña Francesca).-
Señor Presidente, la crisis de seguridad es tan grave que se requiere hacerle frente con decisión y determinación.
Hay homicidios, secuestros, robos, tráfico de drogas y una larga lista de delitos violentos que, tristemente, forman parte de la cruda realidad que enfrentan a diario miles de chilenos. A esto debemos agregar el terrible y vil asesinato de tres de nuestros carabineros, crimen que ha conmocionado a todo el país, lo que ha puesto de manifiesto que estamos muy mal preparados para enfrentar esta dura realidad.
De acuerdo con la última edición del estudio Preocupaciones del Mundo, Chile se posicionó como el país más preocupado por el crimen y la violencia a nivel mundial, duplicando el promedio global y encontrándose por sobre países como México y Suecia. En este contexto, la respuesta del gobierno frente al aumento de la delincuencia ha sido errática y tardía.
En cuanto al proyecto en discusión, cabe recordar que actualmente nuestro Estado cuenta con 24 ministerios, cuya eficiencia y eficacia ha sido duramente cuestionada durante el último tiempo, producto de una serie de irregularidades detectadas, principalmente por la Contraloría General de la República.
La creación de este nuevo ministerio significará una inversión millonaria y el nombramiento de nuevos cargos políticos; sin embargo, atendiendo a que se trata de una entidad que viene a fortalecer la institucionalidad vigente en materia de seguridad, espero que en su conformación se considere el nombramiento de personal competente y calificado para enfrentar los grandes desafíos de seguridad de nuestro país. Asimismo, espero que el nuevo ministerio que se pretende crear tenga un mejor desempeño que el que ha tenido el actual Ministerio del Interior y Seguridad Pública y la Subsecretaría de Prevención del Delito.
Por las razones expuestas, votaré a favor del proyecto de ley.
He dicho.";1
"64";"21730";209;2024;5;"URRUTICOECHEA";NA;"El señor URRUTICOECHEA.-
Señor Presidente, fueron atacados, denostados, perseguidos y acusados de ser asesinos, torturadores y violadores.
Los dejaron solos, los escupieron. ¿Quiénes? Quienes hoy gobiernan y sus bancadas del oficialismo, por supuesto, sin hacerse responsables de nada, mintiendo descaradamente una y otra vez. ¡No les importa! Incluso, se dan el lujo de ir a dar un punto de prensa en la misma tierra donde el crimen se ha hecho costumbre. ¡Es una verdadera vergüenza!
Nunca habían existido tantos ministros de un gobierno que odiaran tanto a las Fuerzas de Orden y Seguridad Pública, al igual que ocurre con sus diputados del Partido Comunista y del Frente Amplio. Tal vez, eso se deba a que nuestras Fuerzas Armadas jamás han traicionado a los chilenos, a diferencia de los regímenes totalitarios que ellos apoyan y siguen, donde las Fuerzas Armadas han traicionado, una y otra vez, a sus propios ciudadanos.
No podemos estar en peores manos para enfrentar lo que ocurre en Chile, de lo cual el gobierno y sus diputados, por acción u omisión, son responsables.
Hay que arrancar el problema de raíz, pero eso no pasa por darle más poder al Estado o por crear nuevos ministerios o nuevas subsecretarías. Si le damos más poder a este gobierno, más duro nos va a golpear.
La solución pasa porque pidan perdón y se vayan. Tanto la ministra del Interior como el subsecretario de Prevención del Delito deben renunciar.
53
Quienes vivimos en la Región del Biobío no nacimos con carabineros calcinados en las calles. Por lo tanto, no tenemos por qué preguntarnos qué vamos a hacer.
Si creen que somos unos ignorantes y piensan que les vamos a creer todo, se equivocan.
¡Viva Chile libre de ustedes, gobierno de Chile!
He dicho.";1
"65";"21730";211;2024;5;"BRITO";NA;"El señor BRITO.-
Señor Presidente, no dejan de sorprendernos las palabras de los parlamentarios de oposición, que durante toda la semana intentaron impedir, con maniobras mañosas, lo que lograremos hoy: la aprobación de la creación del Ministerio de Seguridad Pública. Lamentablemente, parece que su accionar político se alimenta del dolor de las chilenas y los chilenos que piden más seguridad en sus barrios y territorios.
Chile será más seguro cuando dejemos la politiquería fuera de la discusión de la seguridad pública. Chile será más seguro cuando los partidos políticos y las autoridades dejen de lado sus ideologías y vean esto como una política de Estado, como una defensa nacional de largo plazo y con altura de miras, para no darle descanso al crimen organizado en lo que respecta a su persecución, para dar cuidado y abrigo a las víctimas de los delitos violentos, y recuperar el control territorial, apoyando a las comunidades en lugar de actuar en su contra.
El liderazgo y la conducción tanto de las policías como de los servicios de inteligencia económica y policial son claves para desbaratar las bandas de crimen internacional.
Los mismos que se oponen a levantar el secreto bancario y se asustan con un perro negro con una pañoleta en el cuello son los que han intentado dilatar la aprobación del Ministerio de Seguridad Pública que hoy esperamos conseguir. En 2005, el entonces Presidente Lagos fue el primero en proponerlo y, luego, tanto la Presidenta Bachelet como el Presidente Piñera insistieron en su creación, por lo que esperamos que sea el Presidente Boric quien logre sacarlo adelante y promulgar la ley que establezca su creación. De esta manera, podremos recuperar la tranquilidad en las áreas donde se ha perdido y apoyar irrestrictamente la persecución del delito.
La prevención y persecución, así como la inteligencia económica y financiera, son fundamentales para desbaratar a estas organizaciones y no solo capturar a uno o dos soldados.
Las chilenas y los chilenos sabemos que el único camino es recuperar la seguridad de nuestro país, el país que nos vio nacer, donde estamos creciendo y donde daremos nuestro último suspiro.
La creación del Ministerio de Seguridad Pública es una conquista después de años de trabajo, por lo que esperamos que hoy se materialice de una vez por todas.
Por las razones señaladas, anuncio que aprobaremos orgullosamente este proyecto de ley.
He dicho.";1
"66";"21730";213;2024;5;"PLACENCIA";"doña Alejandra";"La señorita PLACENCIA (doña Alejandra) .-
Señor Presidente, este es quizás uno de los proyectos más importantes de la agenda de seguridad que hemos estado discutiendo. Afortunadamente, logramos debatirlo sin estridencias y ponernos de acuerdo para sacar
53
adelante la creación de un ministerio especializado en el resguardo de la seguridad, el control del orden público y la prevención del delito.
En simple, ¿por qué es necesario un Ministerio de Seguridad Pública? Primero, porque en Chile se necesita un ministerio que se preocupe exclusivamente de la seguridad pública para responder a la exigencia ciudadana, que elabore políticas públicas basadas en la evidencia y avanzar así en que el Estado garantice un derecho fundamental, cual es que las familias de nuestro país puedan vivir tranquilas.
Segundo, porque al separar este nuevo órgano administrativo del Ministerio del Interior habrá una gestión más concreta en materia de seguridad, estableciendo un sistema de seguridad pública que coordine a todas las instituciones que juegan roles en este ámbito. Cabe destacar que este nuevo ministerio tendrá una autoridad regional que estará a cargo de las policías y responderá a las necesidades particulares de las regiones; es decir, un seremi de Seguridad Pública que contará con un equipo dedicado completa y exclusivamente a estas tareas.
Por último, y lo más importante, porque con su creación habrá más eficiencia policial, a través de un mayor control civil e institucional de las policías.
En estos dos últimos años hemos aprobado leyes muy importantes en este Congreso, que son parte de la agenda de seguridad del gobierno del Presidente Boric. En ese sentido, este ministerio, a través de su rol de coordinación, permitirá implementar esas leyes de manera efectiva. Y no me refiero solo al combate de los nuevos tipos de criminalidad, como el crimen organizado, que sin duda es uno de los principales desafíos que tenemos como país, sino también en materia de control fronterizo, delitos económicos y violencia contra las mujeres. En resumen, hablamos de un ministerio integral.
Aprobaremos este proyecto de ley porque fortalece al Estado en materia de seguridad y porque es uno de los avances que está esperando la ciudadanía, lo que se refleja en las recientes encuestas de opinión pública.
Ante grandes desafíos, necesitamos decisión y generosidad. Por eso, llamo al Parlamento a aprobar la creación del Ministerio de Seguridad Pública por unanimidad y a reconocer que las respuestas concretas a las exigencias de la gente se logran fortaleciendo la institucionalidad del Estado y no con populismos.
He dicho.";1
"67";"21730";215;2024;5;"ROMERO";"doña Natalia";"La señorita ROMERO (doña Natalia) .-
Señor Presidente, el 3 de septiembre de 2021, el entonces Presidente Piñera firmó el proyecto de ley que crea el Ministerio de Seguridad Pública. La cuña dice que este sistema debe poner a las personas, su libertad y sus derechos en el centro de sus prioridades.
Por la discusión que se ha desarrollado durante la semana y, por supuesto, hoy en la Sala, lo importante es crear herramientas que permitan solucionar, de manera efectiva, los problemas de seguridad que se viven actualmente en nuestro país.
La Región de O’Higgins no escapa de aquello. Hemos sido testigos de distintas situaciones, desde secuestros y asaltos hasta riñas en poblaciones. Sin duda, necesitamos una policía fuerte, que tenga más herramientas y no más trabas para ejercer sus atribuciones; una policía con más fuerza que los delincuentes, con más fuerza que el crimen organizado.
No podemos seguir hablando de seguridad si, primero, en las regiones, no hay un referente al que preguntarle qué se está haciendo respecto de la seguridad, y, segundo, buscar las responsabilidades políticas que se requieren.
Es cierto que la creación de un nuevo ministerio podría ser hoy una cuestión de discusión; sin embargo, este proyecto, que nace en la administración anterior, en la administración del Presidente Sebastián Piñera , está bien encaminado y redundará en mayor eficacia y eficiencia de las policías en nuestras regiones, comunas y provincias.
53
Por eso, vamos a aprobar este proyecto.
He dicho.";1
"68";"21730";217;2024;5;"BIANCHI";NA;"El señor BIANCHI.-
Señor Presidente, quiero agregar un punto del que no se ha hablado en toda esta discusión.
Votamos favorablemente la creación de este Ministerio de Seguridad Pública, pero dentro de ese ministerio, ni en ningún otro proyecto se habla del lugar donde se produce una de las mayores crisis: el interior de las cárceles. En esta discusión, no aparece la función de Gendarmería, uno de los principales actores junto a Carabineros e Investigaciones. Gendarmería, que trabaja en lugares donde se produce una alta cantidad de planificación en materia de delitos, no aparece ni está incorporado en la discusión de este ministerio.
Este tema lo hablamos con la ministra Carolina Tohá en el debate que tuvimos en la Comisión de Hacienda. Ella nos ha explicitado que, efectivamente, hay dos o tres medidas que van a fortalecer la situación no solo laboral, sino también los espacios físicos para la importante labor que cumple Gendarmería de Chile.
Tuve una experiencia esta semana en Punta Arenas. Observé el espacio limitado con el que cuentan los gendarmes para vigilar una cárcel. Es inaceptable.
Por tanto, aunque este tema no está directamente relacionado con el proyecto en debate, pido que se implementen medidas que apunten a mejorar las condiciones laborales, habitacionales y operativas de Gendarmería de Chile, una de las instituciones más importantes del país.
He dicho.";1
"69";"21730";219;2024;5;"TELLO";"doña Carolina";"La señorita TELLO (doña Carolina) .-
Señorita Presidenta, abordar la seguridad pública, contrario al debate que muchas veces se pretende establecer en este espacio y otros, requiere de respuestas integrales desde la institucionalidad pública, con trabajo especializado y destinado de manera exclusiva, entendiendo la serie de factores que influyen en el aumento de delitos violentos, el porte y uso de armas y el surgimiento del crimen organizado.
Por esto, este proyecto de ley que crea el Ministerio de Seguridad Pública es una necesidad que nuestro Estado ha evidenciado desde larga data.
Como diputada representante de la Región de Coquimbo, estoy consciente de la necesidad de contar con una institucionalidad y con autoridades que tengan dedicación exclusiva en materia de prevención del delito, coordinación con policías, gobiernos locales, comunidad, dirigentes y dirigentas sociales, además de contar con herramientas de inteligencia que permitan perseguir de manera eficiente y eficaz el crimen organizado.
Este ministerio que se crea es un piso para dotar de atribuciones a los gobiernos para ser eficaces, para diseñar políticas públicas y, sobre todo, para abordar la seguridad de la manera que el país necesita, merece y las y los vecinos esperan.
Me gustaría insistir en la necesidad de que este proyecto incluya enfoque de género. Hoy debemos contar con trabajos específicos para abordar realidades como la violencia intrafamiliar y la violencia de género, que requieren una respuesta integral del Estado de Chile.
53
He dicho.";1
"70";"21730";221;2024;5;"GUZMÁN";NA;"El señor GUZMÁN.-
Señorita Presidenta, el sábado recién pasado fallecieron tres carabineros, como consecuencia de un crimen horroroso, que genera terror y angustia. Esperaría que un crimen de esa magnitud remeciera la institucionalidad.
Dentro de esa institucionalidad, también esperaría que remeciera al Poder Legislativo y que la respuesta que le entregáramos a la ciudadanía fuera coherente, pensada y ordenada.
Esperaría que el Presidente de la República, Gabriel Boric , ejerciera su rol de liderazgo y convocara al presidente de la Corte Suprema, al Ministerio Público, a los poderes del Estado para construir una hoja de ruta clara con la cual enfrentar el crimen organizado, el terrorismo, el narcotráfico y la delincuencia que están hundiendo a este país.
Pero, ¿cuál es la respuesta del mundo político? Legislar de forma, a mi juicio, atolondrada. Pero lo más grave es que cuando la gente nos pide más seguridad, más carabineros y más presencia del Estado para entregarle paz y seguridad para emprender, crecer, soñar y proyectarse, la respuesta del mundo político es crear más cargos políticos. Este proyecto tiene un costo de 8.000 millones de pesos anuales. ¿Cuántos carabineros podríamos tener como aumento de dotación con 8.000 millones de pesos anuales?
Lo que estamos creando hoy es más burocracia; estamos creando más plazas para funcionarios públicos que, a mi juicio, no contribuirán a brindar más seguridad a las personas.
Si hubiéramos disminuido la grasa del Estado; si hubiéramos eliminado ministerios que no hacen la pega; si hubiéramos eliminado programas que no resuelven, que no ayudan, que no aportan, le hubiera creído a este Congreso Nacional que estamos legislando para crear un Ministerio de Seguridad Pública que se enfoque específicamente en la seguridad, pero hoy –repito- estamos creando más grasa, más burocracia y no estamos dando paz ni seguridad a las personas ni a este país.
Me llevo una profunda decepción de cómo estamos actuando como Poder Legislativo para entregarle más seguridad a Chile.
No me convence el proyecto. Lo votaré en contra.
He dicho.";1
"71";"21730";223;2024;5;"DE LA CARRERA";NA;"El señor DE LA CARRERA.-
Señorita Presidenta, no puedo creerlo: la izquierda, la extrema izquierda crea un Ministerio de Seguridad Pública. Si no fuera porque lo crean ustedes, podría creer que habría más seguridad.
¿Ustedes se olvidaron de que se complacen con un Presidente que le encantaría mear un casco militar? ¿Son ustedes los que van a crear un Ministerio de Seguridad Pública para protegernos a nosotros? ¿Ustedes, los que aplaudieron y elevaron a calidad de héroes a los de la primera línea, a los que destruyeron Chile y las estaciones del metro? ¿Ustedes, los gatos cuidando la carnicería? No puedo creerlo.
No van a generar un Ministerio de Seguridad Pública: lo que van a generar son 7.000 millones de pesos anuales para pagarles a sus amigos, para pervertir la tranquilidad que hay en Chile, para usar un Ministerio de Seguridad Pública con el puro titular, con el puro nombre, porque de seguridad no habrá nada, pero de totalitarismo, todo. En gasto, en pitutocracia, en amistades, va a haber de todo. Lo que le están prometiendo a Chile es más gasto, más
53
impuestos, más grasa, más inseguridad.
No se les olvide que ustedes adoran al gobierno de Maduro, adoran las dictaduras totalitarias, adoran los crímenes de lesa humanidad que se han producido durante la historia con gobiernos que ustedes han avalado. ¿Ahora nos piden crear un Ministerio de Seguridad Pública? Vayan a reírse de la cara de los chilenos a otro lugar. Ya no les cree nadie.
Voy a votar absolutamente en contra de esta nueva farsa de la extrema izquierda chilena.
He dicho.";1
"72";"21730";225;2024;5;"GONZÁLEZ";"doña Marta";"La señora GONZÁLEZ (doña Marta).-
Señorita Presidenta, sin duda, nuestro país vive tiempos difíciles. Valoro todo el trabajo que se ha hecho esta semana, pero no podemos solo legislar con la urgencia de hechos contingentes. Debemos tener la responsabilidad y la seriedad para abordar con la misma urgencia todos los temas que nuestro país necesita.
No podemos extender un proyecto a una legislación que está durmiendo por períodos de ocho, siete o diez años.
Eso tiene que cambiar.
Hoy, la creación del Ministerio de Seguridad Pública se viene a hacer cargo de estos tiempos vertiginosos. Por el crimen organizado, el sicariato, las bandas de narcotráfico, los ciberdelitos, etcétera, vamos a enfrentar tiempos más complejos. Por eso, la unidad y la respuesta de la clase política tienen que estar a la altura de estos tiempos.
Sin embargo, colegas, no vayamos creer que solo trabajando en el tema de la seguridad y creando superestructuras vamos a levantar a nuestro país, porque un país que no tiene salud, que no tiene seguridad, que no tiene educación y que tiene pensiones de miseria va a seguir siendo un país que estará en las garras y será presa del narcotráfico.
Cada vez vemos cómo los adultos mayores se meten en el microtráfico y mujeres con niños están presas por microtráfico. Esa estadística ha aumentado, así como también el nivel de adicción a las drogas de los jóvenes. Hoy el primer consumo es en promedio a los trece años de edad. Eso nos tiene que llamar la atención y remover fuertemente. No solo trabajando en materia de seguridad vamos a sacar adelante nuestro país.
¿Por qué Latinoamérica tiene el problema del narcotráfico? Porque es un continente que ha tenido precarizada a su gente. ¿Por qué Europa no tiene problemas de bandas de narcotráfico? Tenemos que hacernos esa pregunta.
He dicho.";1
"73";"21730";227;2024;5;"ÑANCO";"doña Ericka";"La señorita ÑANCO (doña Ericka) .-
Señor Presidente, por su intermedio saludo a la estimada ministra del Interior y Seguridad Pública, señora Carolina Tohá .
La derecha ha utilizado permanentemente el tema de la seguridad como una excusa para extorsionar al gobierno.
53
Por ejemplo, ¿se acuerdan de que a finales del año pasado la derecha se opuso y rechazó el presupuesto de seguridad, que era justamente para mejorar el equipamiento de Carabineros? Esta semana todo Chile fue consciente y vio cómo se opusieron a avanzar en la creación del Ministerio de Seguridad Pública que hoy vamos a votar. Ahora se oponen principalmente porque no quieren que el gobierno se anote “un triunfo”.
Ese patético show, que tiene a la derecha con una desaprobación del 67 por ciento, evidencia que en Chile la gente no es tonta, porque se da cuenta. La gente está cansada de que se manipulen los dolores de las personas para lograr objetivos políticos sin sentido, para que saquemos malas leyes con un frenesí que no entendemos de dónde sale.
En esta misma Sala, los parlamentarios de oposición han dicho que gracias al horrible crimen del sábado pasado estamos aquí. Sin mediar tribunales, parlamentarios en esta Sala pretenden ser al mismo tiempo jueces y fiscales.
Por ejemplo, ya saben que el horrible crimen cometido contra los tres carabineros en Cañete es un delito terrorista, ya saben que hubo una motivación política, ya saben todo. O sea, no necesitan investigar nada. ¿Cómo puede ser eso, señor Presidente?
Aquí debemos legislar para que la gente esté más segura. Este gobierno se ha encargado de entregar la mayor cantidad de leyes para la seguridad de Chile.
Si como bancada nos hemos opuesto a algunas indicaciones de la derecha es porque estas justamente son un retroceso para la seguridad y la protección de los ciudadanos, como, por ejemplo, oponerse a la prohibición de la tortura o estar a favor de reinstaurar los tribunales militares para Chile.
Nunca vamos a cambiar de opinión con respecto a los temas que significan proteger la vida de las personas. Por eso, como Frente Amplio, aprobaremos este Ministerio de Seguridad Pública con todas las fuerzas de la ley y de lo que nos corresponde.
He dicho.";1
"74";"21730";229;2024;5;"IRARRÁZAVAL";NA;"El señor IRARRÁZAVAL.-
Señor Presidente, cuánta razón tenían mis colegas Luis Sánchez y Cristián Araya al anunciarnos el sábado que no viajarían con la comitiva presidencial al lugar de la masacre de los carabineros Carlos Cisterna , Sergio Arévalo y Misael Vidal , porque ya desde entonces se veía que ni el Presidente ni su gobierno iban a responder a la sangre de esos mártires. Por el contrario, el gobierno aprovechó la oportunidad de avanzar en este mal proyecto, porque ya ha dejado claro que no le interesa la seguridad de los chilenos. En cambio, sí le interesa en particular el aumento de la burocracia y de las plazas dentro del Estado. Eso hace la creación del Ministerio de Seguridad Pública, que diluye aún más cualquier posibilidad de enfrentar de manera eficaz la delincuencia por parte del Estado. Eso es –vuelvo a decirlo porque no les interesa la seguridad de los chilenos.
El octubrismo, que los obnubila, es una religión fundamentalista. Su becerro de oro es el “perro Matapacos ”, que exhibieron con fervor. Aunque el Presidente de la República diga lo contrario, igual está registrado que su gobierno financió con más de veinte millones de pesos el llamado Museo del Estallido Social, en el que se le veneraba.
El gobierno de la inseguridad pretende crear un ministerio de seguridad. El mismo gobierno que está tan descolocado respecto de la urgencia de la seguridad de los chilenos pretende levantar como carta presidencial a la ministra encargada de la seguridad, cuya gestión ha sido […].
Sí, señor Presidente, porque este gobierno ha transformado la testera de invitados de esta Cámara de Diputados en un verdadero banquillo de los acusados de manera permanente, donde la ministra Carolina Tohá –por intermedio del señor Presidenteha tenido la condición de reincidente.
Señor Presidente, por respeto a nuestros carabineros y a los chilenos, votaremos en contra este proyecto que
53
pretende exculpar al Presidente Boric de las graves violaciones a los derechos humanos que padecen a diario nuestros compatriotas por su omisión deliberada, ideológica y […].
He dicho.
-Los puntos suspensivos entre corchetes corresponden a expresiones eliminadas de acuerdo con el artículo 10 del Reglamento.";1
"75";"21730";231;2024;5;"DE REMENTERÍA";NA;"El señor DE REMENTERÍA.-
Señor Presidente, nosotros tenemos inviolabilidad cuando hablamos. Hay que tener un respeto a eso. Sin embargo, aquí el diputado Juan Irarrázaval tildó de criminal a la ministra del Interior y Seguridad Pública. Pido que eso se borre del acta.
Me parece que hay que ser más responsable con lo que se dice. No tiene mucho sentido comunicarnos así y tratarnos de criminales cuando estamos discutiendo temas tan importantes como la creación del Ministerio de Seguridad Pública.
He dicho.";1
"76";"21730";233;2024;5;"MIROSEVIC";NA;"El señor MIROSEVIC.-
Señor Presidente, invoco el artículo 90 y siguientes del Reglamento.
Además de apoyar lo que dijo el diputado Tomás de Rementería y borrar la expresión del acta, creo que usted tiene que aplicar las sanciones y llamar al orden a los diputados que realmente le están bajando el nivel al debate de hoy y que además insultan a una ministra de Estado.
Por lo tanto, en virtud del artículo 90 y siguientes del Reglamento, pido que no solo se borre del acta la expresión, sino que se sancione. Aquí hay que sancionar. No nos podemos estar tratando de esa manera.
He dicho.";1
"77";"21730";235;2024;5;"IRARRÁZAVAL";NA;"El señor IRARRÁZAVAL.-
Señorita Presidenta, lo que yo dije fue que la gestión ha sido criminal.
53
También sostengo que la gestión, por ejemplo, del Ministerio de Salud, por las listas de espera, es criminal.
Entonces, no es que haya una acusación…";1
"78";"21730";237;2024;5;"BELTRÁN";NA;"El señor BELTRÁN.-
Señorita Presidenta, por su intermedio saludo a la señora ministra y a todos mis colegas.
En Chile, tenemos una serie de complejas situaciones que como Estado abordamos a través de diversas instituciones.
Hay ministerios de Salud, de Educación, de Energía y del Deporte, por nombrar algunos. Sin embargo, no existe una institucionalidad robusta que se haga cargo del principal flagelo que enfrenta hoy nuestro país: la inseguridad.
Por esta razón, es imperativo que tengamos un Ministerio de Seguridad Pública que vele por el resguardo de la seguridad de los chilenos, de las personas, del orden público, y que asuma la función de prevención del delito.
Cabe recordar que este proyecto fue presentado en su oportunidad por el entonces Presidente Sebastián Piñera .
Por eso, me alegro de que hoy lo estemos discutiendo y confío en que se aprobará.
Insisto en este punto -lo mencioné cuando asesinaron cobardemente a tres funcionarios de Carabineros de Chile en la madrugada del sábado-: hemos tocado fondo, de modo que tenemos la obligación de adoptar acciones concretas como parlamentarios, y creo que esta es una nueva posibilidad. Se podrá, entre otras cosas, elaborar una estrategia nacional contra el terrorismo, que aborde íntegramente el fenómeno delictual, e impulsar el diseño de políticas públicas para evitar que se cometan delitos, para darles una solución a millones de chilenos que no se sienten seguros ni dentro ni fuera de sus hogares.
Este proyecto que crea el Ministerio de Seguridad Pública contará con mi voto favorable, pero también con mi más absoluta fiscalización, para asegurarme de que las acciones y recursos que se destinen a su eventual implementación como ley lleguen donde realmente se necesitan, con prioridad en la Región de La Araucanía y su gente.
Mientras sea diputado representaré a quienes confiaron en mí, y haré todo lo posible para que este nuevo ministerio sea una herramienta efectiva contra los criminales que tanto daño han hecho a nuestra patria.
Tengo confianza y fe en que este ministerio realizará un trabajo serio, profesional, y con personas idóneas para combatir la delincuencia, lo que nos llevará a dar tranquilidad a las vecinas y a los vecinos de nuestro país.
Votaré a favor.
He dicho.";1
"79";"21730";239;2024;5;"LEIVA";NA;"El señor LEIVA.-
Señorita Presidenta, me permito recordar a la honorable Cámara que la tramitación de este proyecto de ley se inició en el período legislativo anterior, y fue producto del trabajo de una comisión bicameral de la Cámara de
53
Diputados y del Senado, en la que participaron las diputadas Marisela Santibáñez y Maite Orsini , y los diputados Cristhian Moreira , Jorge Alessandri , Andrés Longton .
Este Ministerio de Seguridad Pública fue visto siempre con sentido de Estado, de modo que lamento profundamente que en esta instancia haya algunos parlamentarios que sigan intentando provocar y profundizar diferencias.
Si algo nos debe unir es justamente el trabajo en materia de seguridad, porque es la prioridad número uno de la ciudadanía.
La tramitación de este proyecto no fue fácil; tuvimos disensos, pero siempre con respeto, sin descalificar, sin denostar y sin provocar, como algunos lo quieren hacer en este hemiciclo.
Por eso, hago un llamado a la sensatez a los parlamentarios de derecha y de izquierda que queremos de verdad tener un control adecuado de la seguridad, y a no caer en la provocación de algunos que lo único que hacen es denostar y descalificar con argumentos totalmente sin sentido.
Este es un proyecto de unidad que, en este período legislativo, ha liderado la ministra Carolina Tohá , y en el anterior, el entonces ministro Rodrigo Delgado .
Por eso, hago un llamado a aprobar este proyecto de ley, para que nos hagamos cargo de las prioridades de la ciudadanía y no nos dejemos provocar por aquellos que siempre quieren denostar, cancelar y descalificar, porque su actitud es una falta de respeto a la ministra que está encabezando este proyecto de ley.
Uno podrá tener disensos y diferencias de fondo que podrá discutir sobre la base de una comisión, pero no se puede permitir que este clima beligerante, que algunos pretenden prolongar, siga teniendo a nuestra sociedad sumida en este clima polarizado y atomizado.
Por eso, sin perjuicio de las legítimas diferencias que tenemos frente a este proyecto en materia de competencias del Ministerio del Interior, que las vamos a discutir, la creación de un Ministerio de Seguridad Pública, un ente que se dedique las 24 horas del día de manera exclusiva a implementar políticas públicas de mediano y de largo plazo en seguridad, es la respuesta que Chile y la ciudadanía demandan hoy.
Por eso, vamos a aprobar este proyecto de ley.
He dicho.";1
"80";"21730";241;2024;5;"TOHÁ";"ministra del Interior y Seguridad Pública";"La señora TOHÁ, doña Carolina (ministra del Interior y Seguridad Pública).-
Señorita Presidenta, me voy a referir solo a cuatro puntos de este proyecto, puesto que es largo y contiene muchos elementos, y algunos han generado más debate que otros. Trataré de concentrarme en ellos, porque de otra manera mi intervención sería muy extensa.
El primero se refiere al rol que cumplirá el Ministerio de Seguridad Pública y a la razón que justifica su creación. Se ha estado detrás de la idea de un Ministerio de Seguridad en todos los gobiernos desde 2000 a la fecha. La idea surgió durante el gobierno del entonces Presidente Ricardo Lagos , cuando su ministro del Interior era José Miguel Insulza . Se presentó el primer proyecto durante la primera administración de la entonces Presidenta Bachelet , pero su tramitación no derivó en la creación de un ministerio, sino solo de una Subsecretaría de Prevención del Delito.
Esa idea se retomó durante el segundo mandato del entonces Presidente Sebastián Piñera , y el proyecto que traemos aquí es precisamente ese, con las indicaciones que le ha ido incorporando el gobierno del Presidente Boric, quien tenía en su programa la creación de un Ministerio de Seguridad.
Entonces, al menos en ese espectro político ha habido acuerdo en crear un Ministerio de Seguridad, pero en todo
53
este tiempo no hemos logrado hacerlo. Ahora estamos cerca, ya que este proyecto está en su segundo trámite constitucional.
Me referiré a continuación a los temas que han sido objeto de debate, porque son los nudos donde nos podemos complicar en lo que queda de tramitación.
Primero, el rol del Ministerio de Seguridad Pública.
El ministerio se requiere, porque la seguridad es una tarea extremadamente demandante, que se ha vuelto sofisticada y compleja. Tenerla alojada en un ministerio político no resulta conveniente, porque este interviene y está presente en todos los debates. Es la línea políticamente más expuesta del gobierno, que está metida en la confrontación, en el epicentro de la contingencia.
Tener a cargo de la seguridad a un ministerio de esa naturaleza, como el Ministerio del Interior, no permite la dedicación que esta tarea requiere, ni tampoco que los cuerpos que componen ese ministerio sean especializados e idealmente permanentes, como corresponde a una tarea técnica y sofisticada como es la seguridad.
Los ministerios políticos tienen por definición una altísima rotación de un gobierno a otro, de modo que no existen muchas oportunidades para retener capacidades en ellos. Eso va a cambiar si tenemos un ministerio técnico sectorial de seguridad.
Sin embargo, no se trata solo de separar y de poner a la seguridad en un lugar especializado, ya que este proyecto también se hace cargo de la necesidad de un trabajo articulado de muchos organismos, no solo de las policías. Por ejemplo, intervienen también el Servicio Nacional de Aduanas, el Ministerio de Obras Públicas, con los estándares de seguridad que da a las autopistas; el Ministerio de Justicia, con Gendarmería, qué duda cabe, y ni hablemos de las tareas de prevención; es decir, interviene prácticamente toda la política pública.
Por eso, junto con la creación del Ministerio de Seguridad Pública, se le entrega la tarea de ser el punto focal del sistema de seguridad del Estado, que va más allá del ministerio. Ese sistema incluye a las policías, a los distintos ministerios que colaboran en la tarea de la seguridad, y a organismos autónomos que no son parte del gobierno, pero con los cuales hay que colaborar, y que son indispensables para las tareas de seguridad, como las fiscalías.
Por ello, este sistema de seguridad, cuya coordinación estará a cargo del ministerio, tiene tres verbos rectores: un verbo rector de control, que se ejerce respecto de las policías; un verbo rector de coordinación, que se ejerce respecto de los demás ministerios, como, por ejemplo, el de Hacienda, del que dependen el Servicio de Impuestos Internos y el Servicio Nacional de Aduanas, o el de Justicia, del que depende Gendarmería. Finalmente, hay un verbo rector de colaboración con los organismos autónomos, como las fiscalías, los municipios y los gobiernos regionales. Todo eso junto es el sistema de seguridad.
Desde ese punto de vista, este proyecto no solo crea un ministerio especializado, sino que asume que dicho ministerio tiene la tarea de articular un conjunto de instituciones, para mirar la seguridad como una tarea de Estado y no solamente de un ministerio. Entonces, al mismo tiempo que especializamos, expandimos la red de responsabilidad y de coordinación que debe trabajar en pos de la seguridad. Ese es el primer tema.
El segundo tema, que ha sido el más complejo de este proyecto, es la expresión territorial del Ministerio de Seguridad Pública. Un Ministerio de Seguridad que no ejerce la seguridad en el territorio es una ONG. La seguridad funciona en el territorio. Si uno dice “crimen organizado”, hay que coordinar a las policías, a la PDI, conversar con la fiscalía, ver el asunto con los municipios y dar seguimiento a la información en el territorio. Esto no se hace en el aire. Si uno dice “orden público”, este sucede en el territorio; si uno dice “prevención”, sucede en los barrios, en las escuelas, en las familias. Cualquier tarea de seguridad que uno se imagine sucede en el territorio. Por ello, dar con una expresión territorial no ha sido fácil, porque tenemos una tradición, cual es que el antiguo intendente y el actual delegado o delegada presidencial es el encargado de la seguridad, y esta figura depende del Ministerio del Interior, no del Ministerio de Seguridad Pública.
Por lo tanto, ¿qué hace el proyecto? Define una expresión territorial del ministerio a cargo de un seremi de Seguridad, que será quien tendrá el mando de las policías y estará a cargo de ejecutar la política de seguridad.
Cualquier cosa distinta de eso significa que, en la práctica, la seguridad estaría a cargo de otro organismo. Si se mantuviera en manos de los delegados presidenciales, seguiría el Ministerio del Interior, en la práctica, coordinando la seguridad.
53
¿Cómo resolver este problema? Hay una doble solución para el ruido que nos causa esto. La seguridad al mando de las policías radicará exclusivamente en Seguridad. Sin embargo, cuando llegue a suceder que los problemas de seguridad escalen y se transformen en temas de gobierno interior, el Ministerio del Interior no podrá mirar para el lado. En ese caso, la normativa tiene una propuesta: cuando la seguridad afecte el gobierno interior, el delegado o delegada podrá dar instrucciones directas al seremi de Seguridad para que actúe de tal manera respecto de las policías. No dará instrucciones directas a las policías; las policías tienen un mando único. Pero cuando la seguridad escale a nivel de gobierno interior, el delegado presidencial sí podrá dar instrucciones al seremi para que actúe de una determinada manera.
Pero existe un tercer tema que ha sido conflictivo en este proyecto: ¿cómo hacemos para que el delegado no se debilite, si le vamos a quitar la seguridad? Hoy, los delegados ya no manejan el FNDR como lo hacían los intendentes -sus equipos son mucho más pequeños que los que existían cuando había intendentes-, y ahora van a perder la seguridad. Por tanto, ¿qué van a hacer los delegados? Observen cómo define la ley al delegado, lo cual es mantenido en este proyecto. La ley define al delegado como el representante natural e inmediato del Presidente de la República. Y dice la ley: “El gobierno interior de cada región reside en el delegado…”. Al igual que el Presidente de la República, que no está a cargo directamente de la seguridad, sino que hoy tiene un Ministerio del Interior a cargo de la seguridad, el delegado no va a estar inmediatamente a cargo de la seguridad, sino que va a tener un seremi a cargo de la seguridad. No obstante, es importante que el delegado sí pueda ser la expresión natural y directa del Presidente de la República. Para eso tiene que recuperar autoridad frente a los seremis, no solo respecto del de Seguridad, sino de todos los seremis que existen en la región.
La propuesta que hace el proyecto, asumiendo los problemas que tiene el sistema actual, es que, en la composición del gabinete regional, integrado por los distintos seremis, tenga un rol mucho más protagónico el delegado. Hoy la ley dispone que el delegado mande una terna al Presidente de la República, quien decidirá quiénes serán los seremis. Pero, en la práctica, el Presidente nunca sabe quiénes son los seremis. Es imposible que conozca a todos esos personajes, por lo que, al final, esto termina en pasillos intermedios con responsabilidades poco claras.
La propuesta del proyecto es que los seremis sean nombrados por el delegado con acuerdo del ministro respectivo.
Con ello tendremos una autoridad en la región que se hará cargo del equipo que nombra, en acuerdo con el ministro, reconociendo lo que siempre ha sido, esto es, que los seremis tienen un doble mando: el delegado -antes era el intendente y el ministro respectivo. Para el nombramiento del seremi tienen que ponerse de acuerdo; para sacarlo, cualquiera de los dos puede hacerlo: el delegado o el ministro.
En síntesis, ¿cuál va a ser el poder del delegado? El delegado es el representante del Presidente de la República en la región, compondrá el gabinete regional con acuerdo de los ministros y tendrá autoridad respecto de ello. Con eso ganamos la figura de un verdadero coordinador del gobierno en la región.
Último tema conflictivo: lo que pasa con el Ministerio del Interior.
El Ministerio del Interior mantendrá todas sus tareas, que no serán las tareas de seguridad. Sin embargo, la principal tarea del ministro del Interior, histórica, desde que la República existe, desde O'Higgins en adelante, ha sido la de ser jefe del gabinete, de ser el coordinador político del gabinete, pero eso nunca ha estado en la ley.
¿Cuál es el problema de este cambio? Que al perder la seguridad el Ministerio del Interior, podemos tener un debilitamiento de este ministerio, que es el más antiguo que tiene el Estado de Chile, y todos sus roles se podrían intercambiar. Alguien podría pensar que el día de mañana el abordaje de las catástrofes estuviera radicado en otro ministerio, o que la seguridad entre o salga de este ministerio; pero que deje de ser el coordinador político sí que sería un cambio grande respecto de lo que el Ministerio del Interior ha sido en la historia republicana.
Por ello, la propuesta del proyecto es explicitar en el texto esas tareas que Interior ha tenido tradicionalmente. Ello venía así desde el Senado, y en la Cámara presentamos indicaciones para desarrollarlo con más detalle. Sin embargo, esa propuesta, que venía del Senado, no se aprobó en la Comisión de Seguridad Ciudadana, con lo cual el Ministerio del Interior quedó sin ningún rol político.
Por lo tanto, la invitación a esta Sala es a que se repongan esas indicaciones, para que no tengamos como triste resultado que por crear el Ministerio de Seguridad Pública debilitemos el ministerio más antiguo de la República de Chile, que es el Ministerio del Interior.
53
Por último, a propósito de los debates que se han armado, tenemos claro que estamos en un Parlamento, por lo que no nos vamos a espantar porque hay debates y porque hay distintas opiniones, pero sería una mezquindad con Chile el no transformar la creación del Ministerio de Seguridad Pública en un triunfo transversal de la sociedad chilena, que lo ha apoyado por décadas mayoritariamente. Se trata de un ministerio que políticamente ha tenido respaldo en todos los sectores, que salió de la Comisión de Seguridad Ciudadana con acuerdo transversal en casi todo, y que salió del Senado también con acuerdo transversal.
Por lo tanto, no transformemos en derrotas cosas que han sido logros que en conjunto hemos ido obteniendo, logros no de esta ministra, no de este gobierno, sino de este sistema político, al que tanto le cuesta ponerse de acuerdo, pero que, aparentemente, ha avanzado un poquito respecto de tantos años de espera que este proyecto ha tenido.
Muchas gracias.
He dicho.";1
"81";"21730";243;2024;5;"BARRERA";NA;"El señor BARRERA.-
Señorita Presidenta, me gustaría comenzar diciendo que se está dando un paso importante en reforzar el esquema institucional encargado de la seguridad pública. Para enfrentar los desafíos actuales y futuros en temas de seguridad con eficacia, es un imperativo separar las funciones de jefatura política y gobierno de las funciones de gestión de la seguridad pública. Por ello, la creación de un organismo especializado en la materia viene a responder a esa necesidad.
La creación de un Ministerio de Seguridad Pública permitirá centralizar y coordinar todos los esfuerzos destinados a combatir la criminalidad en sus diversas manifestaciones, es decir, el crimen organizado, el narcotráfico y otras formas de delincuencia que amenazan la tranquilidad de nuestra sociedad.
Debemos abordar el problema de la seguridad mirando todas las variables posibles, una de las cuales tiene que ver con fortalecer esta institución que se va a dedicar exclusivamente a perseguir el delito y a la seguridad. Esa será la tarea primordial del Ministerio de Seguridad Pública.
También debemos decir que esta nueva institucionalidad implica un costo económico para el país. Por ello, se requiere que esta medida sea complementada con la aprobación del proyecto de cumplimiento de obligaciones tributarias, que recaudará recursos necesarios para abordar esta y otras necesidades de la población.
Por último, este no es el único proyecto que puede fortalecer nuestra capacidad de perseguir, por ejemplo, el crimen organizado. Aún nos falta el proyecto sobre levantamiento del secreto bancario, el proyecto de inteligencia económica, y otros. No obstante, la creación del Ministerio de Seguridad Pública es un importante paso para prevenir y ocuparnos con más fuerza de la seguridad hoy y no mañana.
He dicho.";1
"82";"21730";245;2024;5;"ROMERO";"don Leonidas";"El señor ROMERO (don Leonidas).-
Señorita Presidenta, quiero partir diciendo que voy a votar en contra este proyecto, porque creo de verdad que el Ministerio de Seguridad Pública es un nuevo emprendimiento de la izquierda del gobierno que está de turno, emprendimiento para darle pega a sus compañeros, emprendimiento para justificar los gastos.
Señorita Presidenta, hay mucha gente que está sufriendo con los incendios ocurridos en la Región de Valparaíso, a
53
quienes todavía no les entregan una casa digna, así como la gente que sufrió los efectos de los temporales registrados en el sur, pero no hay plata para ir en su ayuda.
Sin embargo, contémosles a los vecinos de nuestro país que en el primer año se van a destinar 8.000 millones de pesos, si es que se aprueba esta iniciativa, y el segundo año 7.500 millones de pesos.
¿Será necesario contar con un nuevo ministerio? La delincuencia nos sobrepasó. Están asesinando no solamente a carabineros, sino a toda clase de chilenos, a hombres, mujeres y niños, pero el gobierno no hace nada.
Por lo tanto, no estoy dispuesto a dar mi voto para seguir creando puestos de trabajo, con sueldos millonarios a los compañeros del gobierno de turno.
He dicho.";1
"83";"21730";247;2024;5;"HERTZ";"doña Carmen";"La señora HERTZ (doña Carmen).-
Señorita Presidenta, artículo 90, numeral 6, del Reglamento.
Quiero señalar que el diputado Leonidas Romero , que me antecedió en el uso de la palabra, hace 41 minutos ha ofendido a la diputada Lorena Pizarro y a mí, creando la falsa noticia de que habíamos atravesado el Congreso Nacional para insultarlo, tratándonos de prepotentes y ordinarias. ¡Ese es el nivel de este diputado, a través suyo, señorita Presidenta!
He dicho.";1
"84";"21730";250;2024;5;"GIORDANO";NA;"El señor GIORDANO.-
Señorita Presidenta, sobre este punto.
Efectivamente, es una publicación de Twitter del diputado Leonidas Romero , donde además pone una foto de otro evento, donde la diputada Consuelo Veloso sale en ropa de color amarilla. Yo lo llamaría, por favor, a tener un poco de pudor, porque está reproduciendo noticias falsas, con fotos falsas, para tratar de hacer un punto político contra la diputada Carmen Hertz y quienes la acompañan.
He dicho.";1
"85";"21730";254;2024;5;"BUGUEÑO";NA;"El señor BUGUEÑO.-
Señorita Presidenta, hace unas horas me encontraba en Chimbarongo, en la Región de O'Higgins, que es parte del distrito N° 16, al cual represento. Ayer estuve en una misa con funcionarias y funcionarios de la subcomisaría de Carabineros de la comuna, por la misma razón que hoy nos convoca: el cruel ataque a tres carabineros que ejercían sus funciones en Cañete. Al respecto, quiero manifestar mi apoyo a la solicitud del gobierno y comprometo mi respaldo a que estos asesinos paguen con la pena máxima de cadena perpetua calificada, sin beneficios.
Como parlamentarios dimos pausa a nuestra semana distrital para dar celeridad a importantes temas de seguridad nacional. Sabemos que es justo y necesario frenar la violencia a través de acuerdos que nos unan. Sé que en esta sala hay voluntad de trabajar por un país más seguro y justo para todos y todas.
Entonces, urge poner manos a la obra a un proyecto que viene dando luces desde 2005, pero hoy es más necesario que antes. La creación del Ministerio de Seguridad Pública debe ser una realidad, proyecto que trata de una cartera en la que todas las policías deben estar coordinadas y conectadas, y que colaboren con información relevante para perseguir todo tipo de delitos. Debe contar con mecanismos de comunicación y tecnología que nos permita detener la expansión de redes criminales e ir un paso más adelante de asesinos y delincuentes. Sería un gran aporte también que este ministerio entregue apoyo y capacitación a dirigentes y municipios, además de implementar sistemas de protección y de recuperación de espacios comunes.
El Ministerio de Seguridad Pública busca abordar el combate y la prevención del delito, además de proteger a la ciudadanía y el orden público. Necesitamos concentrarnos en la lucha contra el crimen y eso depende de nosotros.
Yo apoyo este proyecto.
He dicho.";1
"86";"21730";256;2024;5;"MELO";NA;"El señor MELO.-
Señorita Presidenta, los socialistas entendemos que la seguridad es un derecho humano que debemos garantizar a las familias chilenas.
Por eso, votaremos a favor de la creación del Ministerio de Seguridad Pública. Sin duda, es una respuesta institucional a los problemas del crimen organizado, narcotráfico y la delincuencia que se vive, día a día, en nuestro país.
53
Los que hoy votan en contra de este proyecto de ley, como es el caso del Partido Republicano, lo hacen dando la espalda a la gente que dicen representar. Sus posiciones extremas y destempladas no ofrecen nada a cambio.
Como dice el dicho popular: palos porque bogas y palos porque no bogas.
Necesitamos más acuerdos y menos disputas estériles. Las comunas del sector sur de Santiago, que represento, requieren que pasemos de los discursos a las acciones concretas y efectivas.
Por eso es tan importante la creación de esta institucionalidad en la prevención y en el combate de los delitos. La seguridad de las personas y las familias chilenas así lo requieren.
Hacemos un llamado a dejar la pelea chica, a pensar en Chile, a entender que la seguridad no tiene color político y requiere la más amplia unidad de todos los chilenos, la acción efectiva del Estado, la articulación y la coordinación de las policías, el trabajo del Ministerio Público y, por cierto, de todos aquellos chilenos de buena voluntad.
Por todas estas razones, la bancada del Partido Socialista votará a favor de esta iniciativa.
He dicho.";1
"87";"21730";258;2024;5;"CIFUENTES";NA;"El señor CIFUENTES.-
Señorita Presidenta, estamos frente a un proyecto muy interesante e importante para Chile.
Sin duda, reformar el Estado y ponerlo a punto para combatir un flagelo que nos tiene agobiados es necesario. No es todo lo que hay que hacer, claramente; en paralelo a reformar la estructura del Estado con la creación de un nuevo ministerio especializado, hay que actuar también en lo práctico y en lo efectivo. Y para eso requerimos cuestiones urgentes que deben ir en paralelo con este proyecto.
Por ejemplo, ¿saben ustedes, colegas, que Carabineros no tiene PMG? No le pagan ni un incentivo por los programas de mejoramiento de la gestión, al que todos los funcionarios públicos prácticamente acceden cada tres meses.
Entonces, ¿cómo transmitimos este incentivo, esta fuerza para decirles a nuestras carabineras y a nuestros carabineros que tienen el apoyo del Estado?
No solo falta un Ministerio de Seguridad Pública, que es muy razonable, sino además políticas y programas para fortalecer la tarea de Carabineros. Esa es una cuestión fundamental.
El sistema de compras públicas que utilizan hoy día nuestras Fuerzas de Orden y Seguridad Pública. ¡Se demoran años en adquirir bienes materiales!
Hace cinco meses, en mi Región de Coquimbo el consejo regional aprobó recursos para la adquisición de un helicóptero. Conversé con funcionarios de Carabineros, y ellos me aseguran que ese helicóptero no va a estar antes de un año y medio en Chile, en la Región de Coquimbo. ¿Por qué? Por la burocracia que hoy existe en el sistema de compras públicas para atacar un problema tan importante y urgente como lo es el que nuestros carabineros y nuestras carabineras cuenten con equipos especializados.
Pero, además, este proyecto tiene un potencial conflicto en su interior: crea la figura del seremi de orden público, quitándole al delegado presidencial las facultades que hoy tiene.
El tema del orden público es, hoy por hoy, uno de los más fundamentales. Desgraciadamente, se me acaba el tiempo para decirles que…";1
"88";"21730";260;2024;5;"KAISER";NA;"El señor KAISER.-
Señorita Presidenta, en Chile, cuando hay un problema, creamos un ministerio. Si tenemos mala gestión, creamos un ministerio.
Evidentemente, el Ministerio del Interior no está suficientemente a cargo del problema de seguridad, así que creamos un nuevo ministerio. ¿Y qué vamos a hacer con ese nuevo ministerio? Bueno, supongo que los funcionarios de ese ministerio no van a salir a detener bandidos, narcotraficantes, inmigrantes ilegales. No, no lo van a hacer. ¿Qué van a hacer? Van a coordinar las fuerzas. “Coordinar”, esa palabra que les encanta; la aman.
Pero la verdad es que sin músculo del Estado no hay nada que coordinar.
No tenemos suficientes carabineros, no tenemos suficientes fiscales, no tenemos suficientes policías de investigaciones, no tenemos suficientes laboratorios clínicos. ¡No tenemos! Entonces, ¿qué quieren coordinar? Se van a coordinar entre ellos, se van a pasar papeles los unos a los otros con estadísticas de cómo aumenta la tasa de homicidios en nuestro país. Eso es lo que sucederá.
Tendremos veinticuatro ministerios, más que los que tuvo la Unión Soviética en su momento. ¿Eso, damas y caballeros, es un avance?
Y la plata que nos gastaremos en el ministerio, señora ministra, antes de que se vaya -lo señalo por intermedio de la señorita Presidenta-, no llega a Carabineros, no llega a los fiscales, no llega a más espacios carcelarios, porque el peso se puede gastar una sola vez. Y aquí estamos votando por gastarnos ese peso en burócratas y en una estructura de seguridad que lo que hace es fortalecer el poder político, pero no necesariamente la seguridad de los chilenos.
¿Para qué? ¿Para que se pueda, entonces, obviar el fracaso de gestión de seguridad de este gobierno?
Yo no quiero pasar plata a burócratas. Yo quiero que la plata termine en la calle en forma de hombres uniformados.
¡No a este ministerio de las excusas!
He dicho.
-Aplausos.";1
"89";"21730";262;2024;5;"TAPIA";NA;"El señor TAPIA.-
Señor Presidente, lo cierto es que la creación del Ministerio de Seguridad Pública es una iniciativa transversal; no es de este gobierno ni para este gobierno, sino para el país y para el Estado.
Entonces, cuando aquí se señala que esto ha pasado por tantos presidentes de la República que lo han querido impulsar y no se ha logrado, bueno, es el momento de hacerlo.
Escuchamos que algunos dicen: “¡van a gastar tantos miles de pesos!”. A ellos les respondo que esta es una inversión, porque tenemos que hacer buenas coordinaciones. Y el que no cree en las coordinaciones es porque no cree en el Estado, porque no ha trabajado en el mundo público. Así es refácil criticar.
El Ministerio del Interior claro que es un ministerio político.
Entonces, si tenemos, por un lado, a la Subsecretaría de Prevención del Delito haciendo su trabajo, y, por otro, a la Subsecretaría del Interior haciendo otro trabajo, es decir, a distintos ministerios con diferentes enfoques haciendo labores de seguridad, bueno, pongamos todo en un solo Ministerio de Seguridad. No le tengamos miedo a eso.
53
Ahora, ¿saben qué? Es una pena cuando se dice que el gobierno no ha hecho nada. Pongamos las cosas en su lugar. Con esas críticas no vamos a avanzar en seguridad.
El fin de semana en que murieron los carabineros, situación que todos lamentamos, estuve en la misa, en Copiapó.
¿Sabe qué dijo el obispo, señor Presidente? Que todos somos responsables. Así que, señores de la extrema derecha, no digan que nosotros, los de la izquierda, somos responsables, porque si nos echamos la culpa unos a otros y seguimos con estos planteamientos más ideológicos, los únicos que están ganando son los delincuentes, y ustedes serán cómplices de lo que está pasando el día de hoy.
He dicho.";1
"90";"21730";264;2024;5;"MEZA";NA;"El señor MEZA.-
Señor Presidente, la seguridad es un problema político antes que todo, en todas sus dimensiones. Por eso son importantes las señales que la autoridad entrega. Si la señal que ella entrega es de debilidad, la delincuencia aumentará, y si es de fortaleza, la delincuencia disminuirá, ya que los delincuentes la van a pensar dos veces.
Pero esas señales no son suficientes, sino que tienen que ir acompañadas de una correlación en acciones destinadas a hacer cumplir la ley por parte de todas las instituciones involucradas: el Ejecutivo, por supuesto; el Ministerio Público, Carabineros, PDI, Gendarmería, los jueces y también este Congreso.
Respecto del Ministerio Público, lo dijimos en la tramitación del proyecto de ley de presupuestos: hacen falta recursos para mejorar la gestión, para contratar más personal. Lo hemos dicho y lo hemos pedido
En cuanto a las policías, Carabineros y la Policía de Investigaciones, y también quiero agregar a Gendarmería, también lo hemos señalado: no cuentan con los recursos suficientes, con el respaldo y la garantía política; no cuentan con los efectivos necesarios.
Ya mucho se ha hablado de estos 8.000 millones de pesos que se van a gastar en un año.
¿Y si en vez de ocuparlos en un ministerio los utilizáramos en, no sé, mejorar las unidades policiales? En mi distrito, la 22a Comisaría Quinta Normal es una comisaría de lujo. Pero, por otro lado, tenemos la 6ª Comisaría de Recoleta, que se está cayendo a pedazos.
También, podríamos aumentar los incentivos para que los jóvenes quieran ingresar a las instituciones policiales y así, por ejemplo, no tengamos a carabineros con jornadas de doce o catorce horas, o no debamos trasladarlos de una punta a otra del país sin siquiera avisarles, con todo el drama familiar que muchas veces eso implica.
Quizás es una buena idea pensarlo. Pero, claro, no para el mundo político, porque es más fácil pensar en aumentar los cargos de la burocracia, los espacios para, finalmente, familiares y amigos. Para eso es.
Respecto de los jueces -también lo hemos dicho-, en algunos de ellos hay una actitud indulgente. Y no hacemos ningún atropello a la separación de poderes del Estado cuando criticamos a los jueces. ¡Tenemos todo el derecho a hacerlo! Porque acá, en este mismo Congreso, hoy día mismo hemos escuchado discursos que justifican una especie de culpa estructural de la delincuencia: “No, si los delincuentes son los responsables”.
Sobre la autoridad política, que es lo que estamos viendo con la creación de este ministerio, me quiero detener un poco más.
Primero, la autoridad política debería estar reforzando a la autoridad policial. En este sentido, lamentablemente, el gobierno tiene un problema intrínseco con la acción de las fuerzas de orden. La carrera política de muchos de los que están en el gobierno y de varios otros que se encuentran en este Congreso se hizo a punta de atacar a los carabineros, de generar una desconfianza que hoy, por desgracia, está muy arraigada en algunos sectores de la sociedad.
53
¡Háganse cargo!
En segundo término, la autoridad política tiene que fortalecer las instituciones antes de empezar a pensar en crear nuevas, porque, entonces, con toda esta discusión que se está dando, me pregunto: ¿el subsecretario Vergara no ha servido para nada? ¿El Ministerio del Interior no ha servido para nada, porque tenemos que crear un ministerio nuevo? Yo creo que ese no es el legado que le gustaría dejar a la ministra.
En tercer lugar, está claro que el problema de la seguridad no se mejora aumentando la burocracia, creando estas estructuras rígidas, sino mejorando la gestión.
Entonces, en estas condiciones, dado que hay tantas inquietudes por resolver, no nos parece sensato aprobar un nuevo ministerio que va a funcionar como chivo expiatorio de todas las culpas de quienes usaban aquella polera cuyo nombre no voy a repetir para que no pifien, para decir ahora: “¿Vieron? Sí, pues, queremos más seguridad”.
No, no estamos disponibles para este lavado de imagen. No nos vamos a prestar para esta farsa, que juega con la principal preocupación de los chilenos, que es su seguridad.
Que los chilenos lo sepan: el Ministerio de Seguridad Pública no va a mejorar en un solo indicador la seguridad de los chilenos, sino solo los bolsillos de los parientes y los amigos.
Por eso, vamos a votar en contra.
He dicho.";1
"91";"21730";266;2024;5;"GIORDANO";NA;"El señor GIORDANO.-
Señor Presidente, después de haber escuchado varias intervenciones, incluida la de quien me antecedió, es bastante lamentable comprobar que en la derecha haya gente que priorice el rédito político y el afán de protagonismo por sobre el bienestar de nuestra sociedad. Hemos visto dicha actitud en parlamentarios y parlamentarias, pero también en alcaldes y en diversas vocerías, quienes ponen en riesgo nuestra convivencia democrática con tal de salir en un matinal y de aparecer en una portada de un diario.
En la Cámara, algunos han condicionado los debates sobre seguridad a eventos contingentes, como la trágica y dolorosa muerte de tres carabineros en Cañete, mientras simultáneamente han guardado un doloroso silencio sobre los más de cincuenta conscriptos afectados y un fallecido de la Brigada Motorizada N° 24 “Huamachuco”.
La seguridad pública no puede ser esa pulsión protagonista; debe ser un compromiso firme y constante con la mejora en la calidad de vida de todas y todos, y no esta reacción afiebrada que hemos visto en busca de minutos en televisión y de puntos políticos.
Por eso, me parece que, a diferencia de esa conducta, el proyecto de ley que crea el Ministerio de Seguridad Pública, que ha estado durmiendo desde hace mucho tiempo, sí es una respuesta seria y necesaria frente a los problemas de seguridad que afectan actualmente a nuestro país. Se trata de una nueva estructura profesional, con un enfoque regional, que sí es capaz de enfrentar las nuevas formas de criminalidad.
Aunque en el Senado este proyecto fue aprobado y apoyado transversalmente, aquí se ha enfrentado a un sinnúmero de obstáculos presentados por una oposición, que está ahí enfrente, obstruccionista, a la que recién hace algunos días se le ocurrió legislar muy rápido para salir en los medios de comunicación con una cuña en lugar de con una solución.
Quiero destacar que la creación de este ministerio no solo aborda la seguridad de una manera integral y especializada, sino que también nos ofrece una oportunidad de debatir sobre las mejoras en las condiciones laborales de las policías que permitan aumentar la eficacia en la lucha contra la delincuencia y, más aún, contra el crimen organizado.
53
Así que, hablemos de condiciones salariales, de tiempos de descanso adecuados, de dotaciones, de formación continua, sin escalafones diferenciados, y de herramientas para realizar el trabajo policial de manera segura y eficiente. Pero esto, aunque les cueste reconocerlo enfrente, aunque la derecha lo rechace, significa más recursos y más Estado, lo cual requiere de un acuerdo tributario.
Hay que legislar con un sentido histórico; no podemos olvidar los hechos del pasado. Lo digo, porque en el proyecto que recién se discutió escuchamos varias intervenciones de diputados de la oposición en que obviaban excesos policiales que Chile bien conoce, con la intención de avanzar en cuestiones tan retrógradas como eliminar el principio de proporcionalidad en el uso de la fuerza.
Quiero recordar que justo un día como hoy, en 2007, Carabineros reprimió violentamente a trabajadores forestales de Celulosa Arauco, perteneciente al grupo Angelini , en la Región del Biobío, que se manifestaban por mejoras en sus condiciones laborales, acribillando y dando muerte a Rodrigo Cisterna Fernández , sin que existiera proporción ni justificación para ese hecho.
Eso, con las modificaciones que hoy la derecha está buscando implementar en las tan necesarias reglas de uso de la fuerza, arriesga ser una normalidad cubierta de impunidad, y, además, juzgada por tribunales militares. Eso no lo vamos a permitir.
A diferencia de lo expresado respecto del proyecto anterior, la creación del Ministerio de Seguridad Pública avanza en la dirección correcta.
Por ello, la bancada del Frente Amplio va a apoyar íntegramente la iniciativa.
He dicho.";1
"92";"21730";268;2024;5;"TOHÁ";"ministra del Interior y Seguridad Pública";"La señora TOHÁ, doña Carolina (ministra del Interior y Seguridad Pública).-
Señor Presidente, dado que en el debate ha estado muy presente el tema de crear burocracia, a la que algunos le llaman grasa, grasa que son personas, seres humanos que trabajan y que, particularmente en el caso de quienes se dedican a seguridad, se sacan la mugre trabajando, quiero entregar algunos datos para dar tranquilidad a la Sala.
El Ministerio del Interior y Seguridad Pública tiene 4.206 funcionarios. De ellos, con la creación del Ministerio de Seguridad Pública, se van a ir al nuevo ministerio 789, y se va a contratar adicionalmente, para complementar el equipo del Ministerio de Seguridad Pública, a 120 personas. Esos son los contratos adicionales.
Al mismo tiempo, el gobierno del Presidente Boric ya contrató, a través del Ministerio del Interior y Seguridad Pública, ese que se dedica a la pura grasa, a 235 profesionales para reforzar la Fiscalía, y presentó un proyecto, que está en el Congreso Nacional, que incorpora a 819 funcionarios adicionales a la Fiscalía, de los cuales 205 son fiscales, 337 son profesionales, y así sucesivamente. Además, tenemos un proyecto de inteligencia que implica llegar, en algunos años más, a mil agentes para la ANI, y también tenemos previsto presentar sendos proyectos de ley, uno relativo a la PDI y otro respecto de Carabineros, que van a implicar miles de funcionarios adicionales si el Congreso tiene a bien aprobar los recursos ligados al pacto fiscal.
Por lo tanto, el personal adicional previsto para seguridad está en la ANI, en la Fiscalía, en la PDI y en Carabineros.
En el caso del Ministerio de Seguridad Pública, sí habrá personal adicional: 120 personas.
He dicho.";1
"93";"21730";270;2024;5;"NARANJO";NA;"El señor NARANJO.-
Señor Presidente, lamento profundamente la superficialidad, la liviandad y la pequeñez con que algunos parlamentarios están abordando una cuestión tan trascendente e importante como son las materias de seguridad.
Hay que recordar -bien lo ha hecho la ministradel Interior y Seguridad Pública que desde el gobierno del Presidente Ricardo Lagos en adelante, pasando por los de la Presidenta Bachelet , del Presidente Piñera y del actual Presidente de la República, el tema de la seguridad y de la creación de un ministerio de esta naturaleza ya estaba presente en sus ideas. Todos esos presidentes tenían una visión de Estado y se estaban anticipando a lo que podría ocurrir en el país.
La pregunta que nos tenemos que hacer hoy es si la institucionalidad vigente en Chile ha sido capaz de enfrentar los desafíos y las tareas que implican el crimen organizado y la delincuencia en el país, así como los problemas de seguridad. La respuesta es no.
Por otro lado, tampoco llamemos a equivocaciones: la creación de este ministerio no va a resolver los problemas de seguridad de la noche a la mañana, ¡pero caramba que va a contribuir a enfrentarlos y desbaratarlos! Por eso, el paso que estamos dando es importante.
Además, este proyecto tiene efectos colaterales, porque con la creación del Ministerio de Seguridad Pública, el rol del ministro o ministra del Interior será totalmente distinto al que tiene hoy.
Lo mismo sucederá con los gobernadores regionales, que pasarán a cumplir un rol distinto, y podrán dedicarse a las tareas de desarrollo y crecimiento de las regiones.
Entonces, estamos frente a un proyecto que piensa en el interés superior del país. Por lo tanto, lo vamos a votar a favor.
He dicho.";1
"94";"21730";272;2024;5;"CARIOLA";"doña Karol";"La señorita CARIOLA (doña Karol) .-
Señor Presidente, saludo a los ministros presentes. Esta semana comenzó marcada tristemente por la muerte de tres compatriotas, tres carabineros que fueron asesinados cuando se encontraban cumpliendo funciones, trabajando para proteger y dar seguridad a los chilenos y chilenas. Vaya para sus familias mis más sinceras y profundas condolencias.
La Cámara de Diputadas y Diputados, entendiendo y haciéndose cargo del contexto y la sensibilidad de estos temas, así como de la urgencia de la agenda de seguridad pública, ha funcionado de manera extraordinaria esta semana distrital para discutir proyectos de mucha importancia, como los relacionados con las reglas de uso de la fuerza, con la creación del Ministerio de Seguridad Pública y con el sistema de inteligencia.
Todo lo anterior, sin lugar a dudas, no es suficiente y debemos seguir avanzando. En ese sentido, espero que el Senado avance con celeridad en el proyecto de ley de inteligencia financiera, para levantar el secreto bancario, con el fin de llevar a cabo una persecución real de la ruta del dinero, que es la que nos va a llevar realmente a los responsables y cómplices del crimen organizado.
La tramitación de todos estos proyectos es absolutamente impostergable y muy importante, por el momento que vivimos, por la crisis de seguridad y por la innegable situación de temor que sienten los chilenos y chilenas al salir a la calle.
Debemos hacernos cargo de las percepciones de la gente, pero también de la realidad. En esto, quienes creemos
53
en la vida, quienes somos progresistas, quienes somos de izquierda, quienes creemos que los derechos fundamentales deben ser garantizados por el Estado, debemos ponernos a disposición para llevar adelante todas las medidas que permitan a nuestros compatriotas vivir con tranquilidad y seguridad.
No hay nada más progresista, no hay nada más de mirada de desarrollo y crecimiento que avanzar en la seguridad de las personas, en lograr que los chilenos y chilenas puedan salir tranquilos a la calle, que puedan llegar vivos a sus casas y tranquilos a sus trabajos. Por eso es tan importante avanzar en estas medidas.
No es casualidad que la encuesta Cadem haya dado cuenta de que el Ministerio de Seguridad tiene un 85 por ciento de aprobación de los chilenos y chilenas y que estos quieren que se dé urgencia al proyecto que lo crea, porque es un ministerio que va a resguardar el orden y la seguridad pública, prevenir el delito y proteger a las personas en materia de seguridad, teniendo mejores herramientas técnicas para desarrollar su trabajo.
Hoy estamos frente a una emergencia y a una situación de la que tenemos que hacernos cargo. Hago un llamado para que este debate lo demos con altura de miras, que unifiquemos objetivos comunes, que seamos capaces de ponernos en el lugar del otro, que no caigamos en caricaturas ni en pequeñeces, para sacar pequeñas ventajas egoístas desde el punto de vista político.
Hoy, cada uno de nosotros tiene una posición, la que es válida. Cada uno de nosotros y nosotras tiene una opinión política, la que también es válida. Cada uno va a defender con su voto la posición que tiene respecto de este proyecto o de otros, lo que también es válido, porque ello es parte de la democracia. Sin embargo, si vamos a tomar alguna trinchera, llamo a que tomemos la trinchera contra la delincuencia, contra el crimen organizado, contra el narcotráfico y contra todas aquellas personas que han decidido, de manera deliberada, generar daño a nuestros compatriotas, generar daño a nuestro país y generarnos una situación de incivilidad que no da garantías de tranquilidad a la vida de los chilenos y chilenas. Esa es la trinchera común que tenemos que tomar ante la inseguridad y ante el crimen organizado. Esto no tiene posiciones de izquierdas o de derechas, sino que pasa por un objetivo común del pueblo de Chile y, particularmente, de su gobierno.
Hoy debemos darle todas las herramientas al gobierno del Presidente Gabriel Boric o al que venga, para combatir el crimen organizado, para perseguir el delito, para perseguir a los que están matando a nuestros compatriotas fuera de esta Sala, porque tenemos derecho a vivir una vida libre de delincuencia y vivir una vida libre y segura, como todos los chilenos y chilenas lo merecen.
He dicho.";1
"95";"21730";274;2024;5;"SCHALPER";NA;"El señor SCHALPER.-
Señor Presidente, este proyecto -no nos equivoquemos-, en parte, es legado del Presidente Sebastián Piñera , porque es parte de las cosas que quiso impulsar cuando se dio cuenta de que el fenómeno del delito había cambiado en Chile y se había complejizado.
Por lo tanto, siguiendo los ejemplos de democracias modernas, como Alemania, España y otros referentes a nivel mundial, el ex-Presidente se dio cuenta de que se necesitaba una entidad estatal que tuviera profesionalismo, capacidad de seguimiento, dedicación y experticia específica en el tema del delito. Ya no era suficiente contar con herramientas generales; se necesitaba análisis de datos, inteligencia, seguimiento de fenómenos criminales y experticia específica dedicada al tema. Entiendo los reparos que esto puede despertar en algunos, pero si uno mira la experiencia internacional exitosa, ello no es posible sin aumentar los niveles de experticia y de experiencia en la materia.
En la Comisión de Seguridad Ciudadana logramos que el proyecto que se presentó se acotara en sus atribuciones, para evitar, precisamente, lo que se pretendía por parte de este gobierno, cual es aumentar atribuciones que no guardaban una relación estricta con la seguridad. Eliminamos aquellos aspectos que no tenían que ver con el seguimiento y el control específico y, además, rechazamos la pretensión de introducir de contrabando una especie
53
de primer ministro de facto.
Por lo tanto, nos parece que el proyecto ha quedado en su justa medida, con un ministerio con los brazos necesarios para conducir la labor policial. Las policías nos dicen que necesitan contrapartes técnicas, contrapartes que, efectivamente, conozcan los fenómenos del delito, que sean capaces de hacer observación de datos y seguimiento de fenómenos. El fracaso del plan Calles sin Violencia tiene mucho que ver con la incapacidad de hacer esos seguimientos. Por lo mismo, creemos que la aprobación del proyecto que crea el Ministerio de Seguridad tiene que ver con consagrar, dentro de la estructura del Estado de Chile, una unidad profesionalmente dedicada al combate del crimen organizado y del crimen profesional que se ha ido instalando en el país.
No nos perdamos: este es un legado del Presidente Sebastián Piñera , impulsado en su minuto por el entonces ministro del Interior Gonzalo Blumel , de Evópoli, uno de sus artífices principales, y también por el ministro Rodrigo Delgado .
Nos parece que no debemos confundirnos. Es cierto que no se necesita Estado por Estado, pero, en este caso, sí se necesita un Estado profesional para hacerse cargo de la complejidad del fenómeno del delito.
He dicho.";1
"96";"21730";276;2024;5;"ARAYA";"don Cristián";"El señor ARAYA (don Cristián).-
Señorita Presidenta, este es un proyecto transversal, pero del consenso woke. A un problema real propone una solución artificial.
El Ministerio de Seguridad es una farsa. Votaremos en contra.
He dicho.";1
"97";"21730";278;2024;5;"VENEGAS";NA;"El señor VENEGAS.-
Señorita Presidenta, la razón de la existencia del Estado moderno, precisamente, es la seguridad. Para eso nació, para que el hombre no se transformara en el lobo de otros hombres. Entonces, ¿cómo no va a ser importante que exista una institucionalidad capaz de generar una estrategia que, precisamente y en términos directos, relacione y articule todas las políticas que tienen que ver con seguridad?
He escuchado durante toda mi vida a un sector político que habla de seguridad, de la puerta giratoria, etcétera, pero ahora que llegó el momento de generar una institucionalidad que se aboque esencial y específicamente a aquello, un sector de la derecha quiere rechazarla. Esperamos que la derecha más liberal y más democrática, la derecha del Presidente Piñera , no se deje llevar por aquella derecha que, precisamente, habla todo el día de seguridad, pero parece que no la quiere, porque al momento de pronunciarse sobre este tipo de proyectos de ley, los votan en contra.
En una de esas, no quieren seguridad, porque eso, en términos electorales, es lo que más les da rédito.
He dicho.";1
"98";"21730";280;2024;5;"COLOMA";NA;"El señor COLOMA.-
Señorita Presidenta, vamos a votar a favor el proyecto que crea el Ministerio de Seguridad, parte del legado del Presidente Piñera .
Este es un proyecto que impulsamos cuando ustedes atacaban a Carabineros; este es un proyecto que impulsamos mientras ustedes acusaban constitucionalmente a los ministros del Interior.
La creación de este ministerio busca profesionalizar la lucha contra el crimen organizado, el narcotráfico y la delincuencia. Lo que ha pasado hoy es que el exceso de operadores políticos ha impedido hacer bien la pega en materia de seguridad. Uno se pregunta qué hace Juan Andrés Lagos en el Ministerio del Interior. Eso no es otra cosa que operar en forma política. Uno se pregunta cuál es el rol del subsecretario de Prevención del Delito cuando ocurren delitos en sus narices y no hace nada al respecto.
Hay que cambiar la forma en la cual enfrentamos la delincuencia; necesitamos profesionalizarla, pero tenemos algunos temores, como, por ejemplo, que este ministerio termine siendo cuna de operadores políticos y se pretenda dividir y generar un primer ministro de facto. Lo que vamos a hacer es intentar rechazar todas las normas que desvirtúan el Ministerio de Seguridad tal como se diseñó.
Mientras ustedes acusaban constitucionalmente a ministros; mientras ustedes debilitaban las instituciones; mientras aprobaban todas las leyes posibles para que la primera línea siguiera en pie, nosotros estábamos trabajando en el proyecto que creaba el Ministerio de Seguridad. Ese es el motivo por el cual vamos a votar a favor la iniciativa, porque esto es parte fundamental del legado del Presidente Piñera.
Una parte de ese legado es avanzar en un Ministerio de Seguridad que no se confunda con los ministerios políticos, porque cuando se confunde la seguridad con la política, terminamos en la ineficiencia de la persecución criminal.
Ese es el motivo por el cual, desde la Unión Demócrata Independiente (UDI), vamos a votar a favor el proyecto, porque estamos convencidos de que se requiere una nueva institucionalidad para enfrentar el crimen organizado, el narcotráfico y la delincuencia.
A su vez, esperamos que el gobierno entienda que llegó el momento de hacer gestos claros, que llegó el momento de que pida perdón por los indultos, que llegó el momento de que pida perdón por las pensiones de gracia para los delincuentes, que llegó el momento de que pida perdón a Chile por haber apoyado a la primera línea. Cuando uno es oposición, lo más fácil es votar en contra para paralizar al gobierno. Sin embargo, nosotros vamos a votar a favor, porque la lucha contra la delincuencia y el crimen organizado tiene que ser de todos.
Al mismo tiempo -por intermedio de la Presidenta a la señora ministra-, necesitamos gestos concretos y que se entienda que hay resquemores de que se pretende utilizar este proyecto para generar el cargo de primer ministro y para instalar operadores políticos, como Juan Andrés Lagos en La Moneda, de quién nadie sabe qué hace. Ese es el legítimo temor y el motivo por el cual vamos a rechazar muchas de las normas que hoy nos proponen.
He dicho.";1
"99";"21730";282;2024;5;"OYARZO";NA;"El señor OYARZO.-
Señorita Presidenta, voy a votar a favor este proyecto de ley, porque creo que es necesario. La seguridad es la prioridad número uno y tenemos que darle la importancia que corresponde. Creo que hasta el minuto no se han tomado las cosas como se debería. El distrito N° 8 está sufriendo homicidios. Lamentablemente, aquí falta Estado y falta un ministerio de seguridad que se haga cargo y sea responsable de este tema.
También creo que falta que se entreguen competencias y capacidades para evaluar la gestión financiera, administrativa, operativa y educacional de las policías.
53
La idea es orientar y accionar hacia la protección de las personas, que hoy se sienten abandonadas y sin seguridad. Lamentablemente, en los barrios y en las poblaciones del distrito N° 8, la gente a las 19:00 o 19:30 horas no sale de su casa por miedo. La gente está protestando por temas de seguridad. Nosotros, como autoridades, tenemos que hacernos cargo de eso.
Creo que esta es una buena iniciativa. Obviamente, tenemos nuestros reparos. Sin embargo, vamos a votar a favor de la creación del Ministerio de Seguridad Pública, porque se necesitan las facultades que corresponderán al ministerio que se hará cargo de nuestras policías, de la capacitación de nuestras policías, de la Policía de Investigaciones (PDI) y de Carabineros, para que tengan más personal y más presupuesto.
Sé que también hay que velar por el desarrollo local y regional. Por eso, creo que establecer nuevos roles a la subsecretaría es necesario.
La gente quiere vernos trabajar en materia de seguridad y hacemos cargo de estos temas, pero debemos tomar medidas concretas, para que la gente vea que se está haciendo la pega. Eso ha faltado últimamente.
Por lo tanto, vamos a votar a favor del Ministerio de Seguridad Pública, pero tenemos reparos con algunas indicaciones que se van a presentar.
He dicho.";1
"100";"21730";284;2024;5;"CALISTO";NA;"El señor CALISTO.-
Señorita Presidenta, valoro esta iniciativa histórica.
Recuerdo perfectamente cuando, como Presidente de la Comisión de Seguridad Ciudadana durante el período pasado, el entonces Presidente Sebastián Piñera nos convocó a una comisión bicameral, que presidió el senador José Miguel Insulza y que logró establecer el primer borrador de esta propuesta del Ministerio de Seguridad Pública, con la finalidad particular de separar el rol de jefe de gabinete del ministro del Interior y Seguridad Pública, que es un rol político fundamental en el país, del rol técnico que debemos cumplir y tener en Chile, particularmente, para dar garantías al ministerio de seguridad, para que tenga competencias técnicas y pueda enfrentar una de las crisis más graves que hoy tiene nuestro país.
Tenemos la sensación de inseguridad más alta del último tiempo y los niveles más altos en materia de homicidios.
Lamentablemente, esta crisis se está extendiendo a todos los rincones del país.
En Chile, tenemos la puerta abierta. La situación en las regiones del norte y en la Región Metropolitana es tan crítica que, lamentablemente, se está repitiendo en todos los rincones del país.
Yo les cuento lo que ocurre en la Región de Aysén, una región que siempre ha tenido tranquilidad y paz, pero que hoy ha enfrentado situaciones difíciles, como las balaceras en Coyhaique. Esta es una situación grave. ¿Cuánto tiempo falta para que tengamos al crimen organizado operando en las regiones extremas de nuestro país?
Por lo tanto, Chile necesita enfrentar este tema con decisión, personalidad y profesionalismo. Es fundamental la creación del Ministerio de Seguridad Pública con una mirada técnica que incorpore la tecnología para identificar a los delincuentes y que colabore con el Ministerio Público en garantizar la verdad y la búsqueda de aquellos delincuentes que están operando en todo el territorio nacional.
Valoro esta iniciativa, porque creo que es fundamental para Chile. Desde el Ministerio de Seguridad Pública se pueden aplicar las iniciativas que se están tramitando en este Congreso, como, por ejemplo, las reglas de uso de la fuerza, el proyecto de infraestructura crítica y el proyecto de ley antiterrorista.
Creo que nos estamos poniendo a tono con la situación crítica que tiene el país. Espero que no estemos llegando tarde desde este Congreso Nacional.
53
He dicho.";1
"101";"21730";290;2024;5;"LEAL";NA;"El señor LEAL.-
Señorita Presidenta, pido que recabe el acuerdo para que ingrese a la Sala el asesor señor Rafael Collado , quien participó en todo este proyecto con nosotros.";1
"102";"21730";331;2024;5;"UNDURRAGA";"don Francisco";"El señor UNDURRAGA (don Francisco).-
Señorita Presidenta, con todo respeto, si no se aprobó la indicación respecto de los seremis, significa que estamos votando algo que debería haberse caído. Las disposiciones que siguen para votación en la minuta también son incompatibles, porque no existe la figura del seremi.";1
"103";"21730";338;2024;7;"FLORES";NA;"El señor FLORES.-
Muchas gracias, señor Presidente.
Saludo a la ministra del Interior, al ministro de Hacienda, al ministro y a la subsecretaria de la Segprés, como también a la directora de la Diprés, quienes se encuentran en la sala.
Señor Presidente , voy hacer un preámbulo, pues con este proyecto ha ocurrido algo que es poco frecuente, en el segundo trámite constitucional en la Cámara de Diputados.
La verdad es que ha habido una situación bastante curiosa respecto de los cambios que se introdujeron a la propuesta legislativa en el segundo trámite, que hace que buena parte de la iniciativa haya quedado en la práctica inservible.
Voy a leer un breve informe de apenas dos páginas, junto con una propuesta que ha surgido recién en la sala.
Señor Presidente , estimados colegas, corresponde que la Sala se pronuncie sobre el informe emitido por la Comisión de Seguridad Pública del Senado, con relación a las enmiendas que la Cámara de Diputadas y Diputados efectuó al proyecto de ley que crea el Ministerio de Seguridad Pública, que se encuentra en tercer trámite constitucional.
En primer lugar, quiero destacar la enorme importancia que reviste la pronta aprobación de esta iniciativa, que tiene por objeto crear un Ministerio de Seguridad Pública como la secretaría de Estado encargada de colaborar directamente con el Primer Mandatario en asuntos relativos a la seguridad pública, con la finalidad de permitir a la sociedad y a las personas encontrar resguardo y protección del Estado ante peligros, riesgos y amenazas.
Cabe señalar que el Senado realizó un extenso trabajo, al cabo del cual despachó, en primer trámite constitucional, un articulado que regulaba completamente la creación de esta nueva entidad, considerando definiciones fundamentales, funciones y atribuciones, una estructura nacional, una estructura regional, aspectos de gestión, cuestiones administrativas y las demás necesarias para una adecuada administración del nuevo ministerio.
Sin embargo, los cambios introducidos a este texto en la Cámara de Diputadas y Diputados presentan una propuesta institucional con distintos problemas, como aspectos que no son plenamente coherentes entre sí, algunos apartados que desaparecieron y otros que fueron sustituidos de manera poco armónica -para decirlo elegantemente- con el resto del articulado.
En efecto, se introdujo un conjunto amplio de enmiendas en materia de funciones de la nueva secretaría de Estado que se propone crear; se modificó la ubicación de diversas disposiciones del proyecto; no se aprobó el artículo que consagra la estructura interna del ministerio, de modo tal que no se contempla quién será la jefatura jerárquica de las nuevas autoridades regionales que la Cámara de Diputadas y Diputados propone crear.
En esta materia, estimo importante poner en relieve que estos cambios dan lugar a una situación anormal, en el sentido de que a nivel de organización provincial del Ministerio de Seguridad Pública se mantiene la propuesta del Senado, pero a nivel regional se suprime la figura del comisionado de seguridad.
Esta enmienda inorgánica genera la curiosa circunstancia de que el delegado provincial cuenta con una mejor organización y está dotado de más atribuciones que el seremi de seguridad pública que la Cámara de Diputados propone como nueva autoridad regional.
Desde otro punto de vista, cabe señalar que, como el actual Ministerio del Interior y Seguridad Pública...
(Rumores).
53
Si me escuchan los colegas, por favor. Creo que esta parte del informe es relevante sobre lo que queremos hacer.
Repito: desde otro punto de vista, cabe señalar que, como el actual Ministerio del Interior y Seguridad Pública cede sus funciones y atribuciones en el ámbito de la seguridad a la nueva Cartera de Estado que se crea, corresponde rediseñar el nuevo Ministerio del Interior.
En ese ejercicio, durante el segundo trámite constitucional también se plantearon diferencias importantes con la propuesta original del Senado, tanto para las atribuciones del Ministerio del Interior como para su organización.
La Comisión de Seguridad Pública entonces estima necesario revisar estas diferencias en una comisión mixta.
En estos supuestos, señor Presidente , estimados colegas, con la colaboración de la mesa técnica, que se ha reunido permanentemente desde hace varias semanas, los asesores de los integrantes de la Comisión de Seguridad Pública y los asesores legislativos del Ministerio del Interior y Seguridad Pública, estructuramos nuestro debate, organizando las enmiendas en dos grandes grupos que, como se explica detalladamente en el informe, fueron globalmente aprobados y rechazados respectivamente, trabajo colaborativo que da lugar a la proposición que la Comisión sugiere aprobar en su globalidad a esta honorable Sala.
¿Qué quiero decir con esto, estimados colegas? Que en el informe que traíamos, sus once artículos más algunas disposiciones transitorias, había algunos para aprobar y otros para rechazar.
Teniendo todos a la vista este informe era menester pronunciarse en una sola votación, respetando, por así decirlo, lo que había acordado la Comisión de Seguridad. Y ese escenario lo sugeríamos no solo como un voto de confianza hacia nuestra labor en la comisión, sino porque ha habido un trabajo transversal en el que hemos votado la totalidad del texto con algunos contenidos para aprobar lo bueno que se incorporó en el segundo trámite en la Cámara y rechazar lo que quedó desarticulado o que sencillamente no responde a un criterio institucional para este nuevo ministerio.
Esa era la propuesta original, respecto a la cual podríamos pronunciarnos en una sola votación.
Sin embargo, señor Presidente , debo decir que, en último minuto, ha habido algunas voces y propuestas nuevas en términos de darnos una semana más para tratar de alinear esto, porque hay normas que son de quorum especial que requieren ser votadas de manera separada del resto del proyecto.
La idea es que, entendiendo la voluntad de avanzar en esta iniciativa que ha costado harto esfuerzo, Presidente, pudiéramos sacarla adelante.
Ya tenemos bastante claro qué sirve y qué no, como también el hecho de que debiera ir a comisión mixta para darle una integralidad a la nueva propuesta, agregando cosas nuevas, quitando cosas malas, sustituyendo otras, porque esa es la atribución que tiene la comisión mixta, de acuerdo al reglamento del Senado. Y podríamos hacerlo.
Sin embargo, si el Ejecutivo está de acuerdo -y es lo que acabamos de conversar- en dar una semana más para buscar acuerdos con las distintas bancadas, a mí me parece pertinente, de tal manera que lo pudiésemos votar, incluso si no es la próxima semana, a la vuelta de la semana regional, habiendo tenido el plazo suficiente para poder llegar a este acuerdo.
En cuanto al resto, señor Presidente , estimados colegas, ministra, ministro , creo que podemos lograr una buena conducción de la comisión mixta, de modo que podamos tener en un breve plazo, como ya lo hemos logrado con otros proyectos, un resultado favorable, no para este Senado, ni siquiera tampoco para el Gobierno, sino para Chile. O sea, podemos tener un buen proyecto aprobado luego del trámite en la mixta.
Entonces, vamos a dar el tiempo necesario para que se pueda llegar a nuevos acuerdos, y ojalá sea antes de que finalice el mes de julio.
Inmediatamente convocaremos a la mixta, ¡inmediatamente!, una vez logrado el acuerdo.
Es todo, Presidente .
53";1
"104";"21730";350;2024;7;"TOHÁ";"ministra del Interior y Seguridad Pública";"La señora TOHÁ (ministra del Interior y Seguridad Pública).-
Gracias, Presidente.
En relación con el proyecto que hoy nos convoca, la Comisión de Seguridad hizo una propuesta de votación para que rechazáramos un conjunto de artículos que quedaron resueltos en la Cámara de Diputados de una forma bastante incongruente no solo con lo que era el texto despachado por el Senado, sino también con el resto del texto aprobado por la misma Cámara. Y esa propuesta está en el informe de la comisión.
Cuando se hizo esta votación, se aprobó el informe por mayoría de la comisión, con la abstención de los señores senadores de oposición que forman parte de ella. Pero después de la votación se han llevado adelante conversaciones con las bancadas de oposición para los efectos de tratar de tener elementos en común en cuanto a cómo votar en esta sala el informe evacuado por la Cámara de Diputados respecto del Ministerio de Seguridad.
En el transcurso de las últimas tres semanas, en que se ha estado en esos diálogos, se ha solicitado, se ha buscado, por parte de las bancadas de oposición, agregar algunas cuestiones adicionales a las planteadas por la comisión como materias para una futura comisión mixta. Y hemos logrado, en realidad, un entendimiento en casi todas.
En varias de ellas, Presidente , nosotros como Gobierno, y yo en particular como ministra, consideramos que el texto viene resuelto de una manera adecuada. Pero, dado que está la disposición de construir un acuerdo y llevar a una nueva discusión para armonizar estos temas y complementar el debate en la comisión mixta, hemos accedido a que esas votaciones separadas se respalden y todos ellos se toquen en dicha instancia.
Pero hay uno donde el Ejecutivo tiene una diferencia, y es sustantiva, porque se está proponiendo dentro de estas votaciones separadas el que se rechace un texto que fue aprobado en la Cámara, y también en el Senado originalmente, que nunca fue motivo de discusión, al que nunca se le señaló una objeción, el cual es totalmente estándar, que delega facultades al Presidente de la República para que, a través de un decreto con fuerza de ley, fije las plantas del nuevo Ministerio.
En este ultimísimo trámite, sin que nunca esto haya sido objeto de disputa, se ha planteado mandarlo a una comisión mixta para que la planta se fije por ley, lo cual significa en esta misma votación ponerle la lápida a la posibilidad de tener un Ministerio de Seguridad en este Gobierno y, probablemente, en el próximo también.
Entonces, como Ejecutivo queremos solicitar que en esa materia no se innove, especialmente tratándose de un proyecto tan importante como este, en que hay tanto compromiso planteado a la ciudadanía.
Quiero recordar que este es el segundo fast track que se compromete a despachar este proyecto, en este caso para septiembre. Pero si esta Sala decide que las plantas se fijen por ley, olvidémonos de septiembre, de enero y de varios meses más. O sea, eso es equivalente a decir que no se va a cumplir ese compromiso por segunda vez.
Creo que, por más legítima que pueda ser esa postura, si existía tal, debió haber estado presente en la discusión desde un principio. Y eso no ha sucedido hasta este momento, en que estamos realmente en la última etapa de tramitación de esta iniciativa.
Así que, con la reserva de ese tema, en el cual esperaría yo que se respaldara lo aprobado hasta ahora, como Ejecutivo tenemos la disposición de apoyar que vayan a la mixta las materias sugeridas en la propuesta de la oposición, que entiendo es suscrita por el senador Galilea y la senadora Ebensperger . No sé si las cuestiones
53
planteadas por el senador Pugh son otras, porque no las conozco; escuché la lista a último minuto, así que sobre ello no me pronuncio.";1
"105";"21730";352;2024;7;"TOHÁ";"ministra del Interior y Seguridad Pública";"La señora TOHÁ ( ministra del Interior y Seguridad Pública ).-
Pero sobre los otros temas sí.
Con excepción de este, podríamos converger, digamos, en la propuesta de materias para mandar a una comisión mixta.
Gracias, Presidente .";1
"106";"21730";358;2024;7;"GALILEA";NA;"El señor GALILEA.-
Gracias, Presidente.
En principio, tal como dijo la ministra del Interior , no tendríamos problema en hacer una votación sintética, incluyendo todas las peticiones de votación separada, tanto las solicitadas por los senadores Pugh y Kuschel como por la senadora Ebensperger y quien habla, con la sola excepción de la petición que ella mencionó respecto del artículo primero transitorio, que significa otorgar o no la facultad para que mediante DFL se puedan fijar las plantas del nuevo Ministerio de Seguridad Pública.
Es una posibilidad.
Nosotros habíamos pedido votación separada sobre el particular porque ha habido algunos casos anteriores. Y en lo que a mí me ha tocado tramitar en el Congreso, recuerdo que cuando se pasó de la Onemi al nuevo Senapred se fijaron efectivamente las plantas y se evitó hacer la delegación, para que quedara bien establecida, a ojos del legislador, toda la construcción del personal.
La ministra ha manifestado muchas aprensiones sobre esa materia. Señala que si damos el paso del rechazo tal vez el Ministerio de Seguridad Pública nunca logre nacer a la vida jurídica. Y es, aparentemente, la única discrepancia que tenemos.
Si quiere usted, Presidente , podemos suspender la sesión por cinco minutos para una última conversación y aclarar los puntos.
53
Por último, se vota esa norma aparte, y todo lo demás, incluyendo las votaciones separadas solicitadas, se resuelve en una sola votación.";1
"107";"21730";360;2024;7;"FLORES";NA;"El señor FLORES.-
Justamente, Presidente, sobre el procedimiento.
Hace dos semanas, cuando trajimos el proyecto despachado desde la Comisión de Seguridad, donde señalamos aquellas cosas que, a nuestra manera de ver como instancia especializada, debían ser rechazadas y las que había que mantener, se pidió un plazo para poder buscar algunos otros acuerdos.
En ese contexto, entonces, y para que lo tengamos claro, debemos pronunciarnos sobre tres o cuatro peticiones de votación separada que han solicitado algunos colegas, y no hay más. Y luego decidiremos si se aprueba o se rechaza el informe de la Comisión.
Para que lo tengamos claro, porque el trabajo ya se hizo.
Solo vamos a votar aquellas peticiones de votación separada formuladas por algunos colegas, y nada más; que son pocas, por lo demás.";1
"108";"21730";362;2024;7;"EDWARDS";NA;"El señor EDWARDS.-
Solo quería preguntarle a la ministra, por su intermedio, Presidente -aunque no se encuentra en la sala en este momento-, si finalmente se va a eliminar la Segegob por la creación del Ministerio de Seguridad Pública, con la respectiva Subsecretaría.
No sé si eso está dentro de los compromisos que va a asumir el Gobierno.";1
"109";"21730";364;2024;7;"EBENSPERGER";NA;"La señora EBENSPERGER.-
Gracias, Presidente.
Muy breve.
Me llama la atención la intervención del senador Flores , porque los procedimientos están claros: es una votación en particular y, por lo tanto, habría que pronunciarse por las solicitudes de votación separada y las normas aprobadas por mayoría y deberían darse por aprobadas aquellas acogidas por unanimidad. Entiendo que es el proceso normal. ¿Por qué se cambiaría?
53";1
"110";"21730";368;2024;7;"TOHÁ";"ministra del Interior y Seguridad Pública";"La señora TOHÁ ( ministra del Interior y Seguridad Pública ).-
Presidente , este proyecto se refiere a la creación del Ministerio de Seguridad Pública, no hace mención al Ministerio Secretaría General de Gobierno.
Además, es una iniciativa planteada por el Gobierno anterior y a la cual le hemos formulado indicaciones. Y si uno quisiera transformarla para eliminar determinado ministerio, tendría que ser mediante un nuevo texto.";1
"111";"21730";375;2024;7;"EDWARDS";NA;"El señor EDWARDS.-
Entonces, pediría, si es posible, separarlo en dos partes: una donde se incluyan las normas que se aprobaron y que se recomienda aprobar y otra con las disposiciones que se recomienda rechazar. De lo contrario, lo sugerido no me permite expresar lo que quiero en las votaciones, porque me obligan a aprobar cosas que no quiero aprobar, o, al revés, rechazar cosas que no quiero rechazar.";1
"112";"21730";377;2024;7;"EDWARDS";NA;"El señor EDWARDS.-
Está bien.
Lo que pasa es que no existe otra votación, por lo tanto, para rechazar normas aprobadas.
Ese es el problema de la votación, según lo que estoy viendo.";1
"113";"21730";379;2024;7;"EDWARDS";NA;"El señor EDWARDS.-
Rechazar lo aprobado, por supuesto; o al revés. Lo propuesto no permite la expresión de la voluntad en la votación. Por último, podría dejarse una nota al respecto.";1
"114";"21730";382;2024;7;"EDWARDS";NA;"El señor EDWARDS.-
Que se rechazarían en caso de que uno apruebe el informe.
Pero ello implica supuestamente la aprobación de normas que quiero rechazar también. Entonces, esa votación no expresaría mi voluntad, por lo menos, o quizás habría que dejar una constancia o algo para poder expresar que algunos queríamos rechazar todo este proyecto.";1
"115";"21730";384;2024;7;"DURANA";NA;"El señor DURANA.-
Presidente , solo quiero señalar que en la Comisión las únicas votaciones unánimes fueron para rechazar y las normas que se aprobaron fueron por mayoría, es decir, dos senadores votaron en contra y tres a favor.
Y, por lo tanto, nosotros pensábamos que esa discusión se iba a dar acá en la Sala, porque somos de la idea de que todo vaya a comisión mixta.";1
"116";"21730";389;2024;7;"FLORES";NA;"El señor FLORES .-
Presidente , el informe propuesto a la Sala no solamente fue aprobado por la Comisión, sino además por la mesa técnica. Hubo muchos días de trabajo para poder definir las aprobaciones provenientes de la Cámara que había que mantener y las que había que rechazar.
Hubo una propuesta que votamos con total acuerdo.
Ese es el informe de la Comisión, que lo íbamos a votar hace dos semanas, y era ""sí"" o ""no"", nada más.
Y como se permitió cierto plazo -y, dicho sea de paso, Presidente , yo no quise interferir en algo en que estuvimos de acuerdo, porque deberíamos haber votado el informe de la Comisión y punto-, entendíamos que este era un proyecto que bien merecía darle una media vuelta más y, en ese contexto, permitirles a aquellos colegas que tuvieran algún tipo de discrepancia, que no fueran miembros de la Comisión, hacer sus planteamientos. Es parte del juego limpio. Por lo tanto, aparecieron cuatro o cinco solicitudes de votación separada respecto del texto contenido en el informe de la Comisión.
Lo que tenemos hoy día, entonces, es un par de votaciones separadas.
Y lo que propone la Mesa ahora -es lo que he escuchado- es juntar las votaciones separadas con lo del informe, para aprobarlo de esa manera, con excepción del artículo primero transitorio.
Es lo que entiendo que va quedando por lo que se está debatiendo aquí.
Originalmente, antes del inicio de la sesión, entendíamos que votaríamos por separado aquellos puntos que algunos colegas habían planteado, particularmente de Renovación Nacional, quienes presentaron la mayoría de las solicitudes de votación separada.";1
"117";"21730";391;2024;7;"EBENSPERGER";NA;"La señora EBENSPERGER.-
Precisamente, Presidente.
Yo estoy confundida.
Este no es un informe de comisión mixta; es un informe sobre los cambios que realizó la Cámara de Diputados. Y cualquier senador tiene derecho a votar esas modificaciones, más allá del informe que hizo la Comisión de Seguridad, salvo que alguna de ellas haya sido aprobada por unanimidad en ese organismo.
¿Por qué se les niega esto a los senadores que no participaron en la Comisión de Seguridad? A algunos nos habría encantado asistir, pero estábamos citados a otras instancias en los mismos horarios. No todos los senadores pueden participar en las comisiones.
Entonces, ¿por qué no se puede votar de esa forma acá, sin necesidad de una solicitud de votación separada?
Siempre se ha dicho que lo único que no se vota son las modificaciones que vienen aprobadas por unanimidad. No estoy hablando cien por ciento con certeza. Me confundí, por ser este un tercer trámite. Pero siempre se ha dicho que las normas aprobadas por mayoría se votan en la sala.
Yo quiero saber cuál es la norma reglamentaria -reitero: no estoy diciendo que esté en lo correcto; solo estoy haciendo la consulta- que señala que las modificaciones aprobadas por mayoría se tienen que votar, o darse por aprobadas, o no sé qué.
Yo entiendo al senador Rojo, que quiere votar en contra; probablemente algunos de nosotros también -lo fundaremos en su momento-, pero no vamos a tener la posibilidad de votar en contra todas las modificaciones que hizo la Cámara.
Esa es mi consulta, Presidente .
Gracias.";1
"118";"21730";407;2024;7;"VAN RYSSELBERGHE";NA;"El señor VAN RYSSELBERGHE.-
Muchas gracias, Presidente .
Quiero partir mi intervención saludando a los ministros, que andan por ahí y que en este momento no están en la mesa.
(Rumores en la sala).
53";1
"119";"21730";409;2024;7;"VAN RYSSELBERGHE";NA;"El señor VAN RYSSELBERGHE.-
Gracias.
Hace dos años, cuando recién asumí como senador por la región del Biobío, específicamente en marzo del 2022, me correspondió integrar la Comisión de Seguridad del Senado, instancia en la cual revisamos, en su primer trámite constitucional, este proyecto, que crea el Ministerio de Seguridad Pública. En ese momento existía amplio consenso sobre la necesidad de crear este ministerio, las atribuciones y las funciones que debía desempeñar, y se logró avanzar bastante en esa dirección.
Sin embargo, ya en esa época existían dos grandes nudos que no se lograron subsanar: las atribuciones que tendrían los secretarios regionales ministeriales de este nuevo ministerio, y la reforma que se quería realizar al Ministerio del Interior en sus funciones y composición.
Lamentablemente, luego de más de dos años de discusión y estudio en el Congreso, este proyecto, que crea el Ministerio de Seguridad, sigue entrampado en esos mismos dos nudos.
En tal sentido, quiero reiterar mi posición en cuanto a que las denominadas ""facultades de orden público"" en regiones deben seguir en manos del delegado presidencial regional, por ser esta figura el representante del Presidente de la República en la región, en quien reside el poder del orden y la seguridad pública.
La idea de transferir estas facultades de orden público a un seremi solo debilita la figura del delegado presidencial regional en su naturaleza y razón de existir; disminuye la capacidad de rendición de cuentas por el uso de la fuerza y respecto del resguardo del orden público, y genera un sistema burocrático y enredado de nombramientos y remociones en las regiones.
En lo referente al segundo nudo, es decir, la reconfiguración del Ministerio del Interior, se debe recordar que no estaba considerado dentro de la redacción original de este proyecto, siendo incorporado por el Gobierno actual al llegar al poder.
Si bien existe consenso y un acuerdo transversal sobre la creación de un ministerio político que agrupe una serie de reparticiones que hoy existen, como la Secretaría General de la Presidencia, la Secretaría General de Gobierno, el Ministerio del Interior y la asesoría presidencial, más conocida como ""segundo piso"", en esta reforma no puede ser incluida, como un ""capítulo"", la creación de otro ministerio, el cual debe ser abordado, en forma íntegra y profunda, en un proyecto propio que sea discutido en su mérito.
Estimo profundamente que cualquier reforma a medias o a la rápida al Ministerio del Interior solo puede conducir a limitar los espacios de mejora de la eficiencia en la gestión del Ejecutivo por no abordar la racionalización de la estructura de toma de decisiones en el corazón político del Gobierno.
Por eso considero que es necesario rechazar las modificaciones propuestas por la Cámara de Diputados, con el objeto de que la discusión se genere en la comisión mixta, y esta sea lo más amplia posible para poder abordar debidamente los dos nudos que este proyecto, lamentablemente, todavía mantiene.
Señalo lo anterior tomando en cuenta la profunda crisis de seguridad en la que hoy se encuentra inmerso nuestro país, que hace necesario que la nueva institucionalidad que estará a cargo de enfrentar esta problemática deba ser clara, eficiente y con todas las herramientas para poder enfrentar de manera efectiva todas estas complicaciones en materia de seguridad.
53
Por todo lo anterior, votaré en contra del informe de la Cámara de Diputados, Presidente.
Muchas gracias.";1
"120";"21730";411;2024;7;"SANHUEZA";NA;"El señor SANHUEZA.-
Gracias, Presidente.
Sin duda, la seguridad es la principal preocupación en nuestro país. Es por eso que hace tanto sentido la creación de un ministerio de seguridad.
Pero tenemos que dar a esta entidad un sustento que permita que sea efectivamente un ente coordinador de las policías, de Carabineros, de la inteligencia de nuestro país, para poder combatir lo que hoy día nos tiene superados, que es el crimen organizado y el narcotráfico.
La propuesta que se nos presenta hoy día no es la respuesta adecuada que nosotros esperábamos. De hecho, no están resueltos los nudos que manifestaba recién el senador Van Rysselberghe , uno de los cuales tiene que ver con cómo va a ser la bajada en las regiones: si finalmente vamos a empoderar más al seremi de Seguridad Pública versus el delegado presidencial. Estas cosas tienen que quedar absolutamente nítidas.
Y creo que también es el momento de hacer una reforma mucho más profunda al Ministerio del Interior.
Hoy día hay tres carteras que perfectamente podrían fusionarse: Segprés, Segegob e Interior. Pienso que hay que colocar sobre la mesa ese elemento, para que esa nueva entidad sea el articulador del Gobierno, y dejar las materias de seguridad radicadas en este ministerio que se crea.
Voy a votar en contra para que esto vaya a una comisión mixta y así podamos dar una mejor discusión, con una adecuada propuesta, sobre cuál va a ser el sustento y la musculatura que tendrá el Ministerio de Seguridad, considerando que la proposición que se presenta hoy día no está dando el ancho que se requiere para lo que estamos viviendo como país.
Por eso, Presidente , manifiesto mi voto en contra.";1
"121";"21730";413;2024;7;"GATICA";NA;"La señora GATICA.-
Gracias, Presidente.
Bueno, yo no estoy de acuerdo con este proyecto. Creo que no es la solución crear un nuevo ministerio, un nuevo aparato estatal para generar una nueva bolsa de empleos para poder combatir la inseguridad que se vive en nuestro país.
Hoy día la forma de darle orden y seguridad a Chile es que se haga la pega, ¡que se haga la pega! Tan simple como eso.
No sacamos nada con seguir creando instituciones, que terminan generando esta especie de bolsa de trabajo para un sector político -el sector político de turno que esté gobernando-, si tenemos problemas en otras instancias.
53
En este punto quiero ser superenfática, por cuanto uno de los cuestionamientos que se han presentado este año es el aumento de contrataciones en instituciones públicas. ¿Y dónde están esas contrataciones?
Quiero dar un ejemplo que me han transmitido en cada salida a terreno en mi región, y que tiene que ver con los comités de agua potable rural. El ejemplo es muy sencillo: hay plata para poder generar proyectos de APR en el campo; pero, lamentablemente, esta plata no se está ejecutando, no se está gastando, porque no existen profesionales que elaboren los proyectos en la Dirección de Obras Hidráulicas.
Entonces, por un lado, vemos un alza en la contratación de empleos públicos este año en el Gobierno del Presidente Boric y, por otro, vemos un déficit de funcionarios en organismos que son de impacto muy muy fuerte para la población en temas tan básicos, por ejemplo, como el agua potable.
Creo que aquí hay una falta de voluntad quizá. Necesitamos que esta se forje desde el Ejecutivo para avanzar con acciones concretas. Y qué mejor acción concreta que entregarles la facultad a las policías y a las Fuerzas Armadas a través de una ley para que se puedan defender, entendiendo que, al defenderse ellas, van a poder defender al resto de los chilenos.
En este punto quiero llegar, nuevamente, al proyecto sobre las reglas del uso de la fuerza, que ya por un año y medio se está estudiando y ""chuteando"" -por decirlo en buen chileno- en el Congreso, y no se logra zanjar. Esa es una medida concreta que depende del Ejecutivo para que podamos avanzar en esa materia y en brindar seguridad.
Por lo tanto, Presidente, yo no estoy de acuerdo con que se cree un nuevo ministerio en este caso, específicamente de seguridad pública.
De partida, ya existe el Ministerio del Interior y, además, la seguridad y el orden público no pueden separarse solamente en un órgano técnico, pues en ello se requiere decisión política. Si no hay una decisión política, no se puede operar en torno a la seguridad, por más actores técnicos que se quiera tener.
Gracias, Presidente .";1
"122";"21730";415;2024;7;"PUGH";NA;"El señor PUGH.-
Muchas gracias, señor Presidente.
Sin lugar a dudas, este proyecto, en tercer trámite y que irá a una mixta, requiere ciertas precisiones. Obviamente, las senadoras y los senadores que estén en contra podrán votar en ese sentido; pero la instancia que va a resolver esto finalmente es la comisión mixta que se va a conformar entre el Senado y la Cámara de Diputados.
Ese fue el motivo por el cual se solicitó votación separada de cinco artículos, tal como se señaló anteriormente.
Quiero referirme, básicamente, a lo que se busca.
En el artículo primero de la iniciativa, respecto del artículo 4º propuesto, se establecen las funciones del ministro o ministra de Seguridad Pública . Tiene que tener facultades, pero no facultades sin límites. Ello dice relación, en particular, con la información que solicite. Es más, el jefe de servicio, normalmente, no es el ministro .
Ahí empiezan a aparecer dudas: ¿qué atribuciones va a tener el jefe de servicio, en este caso el subsecretario de Seguridad Pública?
La fundamentación de las votaciones separadas busca complementar ese punto.
Entre los aspectos que ya se han detallado -un senador que me antecedió los indicó-, está lo relativo a definir muy bien la bajada territorial, la cual hasta el minuto es compleja. Si bien fueron aprobados los departamentos provinciales de seguridad en la Cámara, se estima que ello se debe discutir y analizar más a fondo. No se puede
53
llegar y aprobar de esta manera hasta no asegurar una buena bajada territorial.
Este es un tema no menor, pues dice relación con el gobierno interior. Se trata de las facultades que tiene el Presidente o Presidenta para estar presente en toda la cadena de mando. Esa discusión se debe dar y creo que es fundamental.
La planta es otro tema. En general, no se ve todavía la necesidad de hacer crecer algo que ya existe. Como parte del Ministerio de Interior y Seguridad Pública hay muchísimas personas que cambiarán de funciones. Por eso apareció la pregunta de -para poder netear ministerios- qué otras carteras podrían fusionarse con la de Interior.
Pero eso se deberá debatir más adelante. Por de pronto, el trabajo más delicado es generar esa separación con personas que existen hoy en día en Interior, y, probablemente, habrá que incorporar unos pocos más para darle forma al nuevo ministerio.
Por eso es importante tener claridad sobre los costos, los recursos, la cantidad de personas que se incorporarían, para que así esto se pueda ejecutar.
En general, señor Presidente, creo que el trabajo que ha hecho la Comisión de Seguridad y, en especial, el grupo técnico que ha trabajado estos detalles es valioso.
Puede haber distintas visiones respecto de cuál es la mejor forma para resolver los problemas que tenemos; pero, sin lugar a duda, la especialización, la dedicación de tiempo completo y la generación de nuevas capacidades - cuando hablo de ""nuevas capacidades"" me refiero a la coordinación interministerial o a la interagencialidad con interoperabilidad, vale decir, a la certeza jurídica de los actos digitales- son lo que se requiere para enfrentar algo tan complejo como lo es el crimen organizado transnacional. Solos no podremos hacerlo; un nuevo ministerio tampoco. Los poderes del Estado en conjunto tienen que ser capaces de actuar, y es esa capacidad del Estado de Chile la que nos permitirá enfrentar las amenazas que tenemos ahora.
Es un problema grande.
Yo quiero convocar a todos quienes hoy están en la sala a entender la complejidad de la situación, para adaptarnos y enfrentar una amenaza real, en la que hay voluntad y capacidad: voluntad, porque estos delincuentes están disponibles incluso a morir por lograr lo que quieren, y capacidad, porque disponen de armamento, de recursos, de financiamiento y de todo lo que estamos viendo. Contra eso el Estado tiene que actuar más rápido y tomar la iniciativa. Este no es un problema de estrategia, sino de actitud estratégica, de cómo vamos a enfrentar esto.
Eso es lo que estamos buscando: una forma distinta para enfrentar un problema que es muy complejo, pero siempre teniendo a la vista que es esa actitud, esa capacidad de anticiparse y tomar la iniciativa, lo que esperamos que ocurra.
Estoy de acuerdo con las decisiones adoptadas y, por eso, apoyaré lo que ya se ha señalado.
Gracias, Presidente .
He dicho.";1
"123";"21730";417;2024;7;"CASTRO";"don Juan";"El señor CASTRO (don Juan).-
Gracias, Presidente.
Yo creo que lo que tenemos que preguntarnos es si estamos trabajando bien en este Senado, si estamos haciendo el trabajo pensando en darles solución a los problemas que el país tiene hoy día por la falta de seguridad.
Entiendo y sé que hay países que tienen un ministerio de seguridad pública; hay otros que no lo tienen. Pero ¿en qué va a cambiar lo que vive nuestra gente, nuestro país, el hecho de crear el Ministerio de Seguridad Pública? ¡En
53
absolutamente nada!, porque la solución al problema de Chile hoy día, en cuanto a enfrentar el crimen organizado, el terrorismo, el sicariato, los secuestros, no pasa por crear otro ministerio, sino por entregar seguridad o certeza jurídica a las autoridades que tienen la responsabilidad de tomar decisiones.
Les aseguro que una autoridad que hoy día tome decisiones para enfrentar el crimen organizado va a estar bajo amenaza de ser citada a los tribunales de justicia y, en una de esas, hasta de ir a la cárcel. Y eso no corresponde porque las autoridades que se eligen deben administrar y tomar decisiones. En nuestro país, lamentablemente, las autoridades tanto de administraciones anteriores como de este Gobierno ¡no toman decisiones, no saben tomar decisiones o no les interesa tomar decisiones!, porque no quieren ir a dar explicaciones a los tribunales de justicia o irse a la cárcel, producto de una decisión tomada por su responsabilidad.
Es lo mismo que les sucede a los carabineros, que muchas veces no actúan porque no quieren verse enfrentados a los tribunales de justicia.
Entonces, ¿será conveniente seguir avanzando en la creación de este nuevo ministerio? Yo les aseguro, Presidente y estimados senadores, que ese no es el camino que el país necesita.
Lo que Chile requiere de verdad es revisar si los fiscales están haciendo bien su trabajo; revisar las atribuciones que tienen las policías para enfrentar el crimen organizado; revisar si las personas que están a la cabeza tienen los pantalones o los vestidos bien puestos para tomar las decisiones pensando en el bien del país.
Creo que todos tienen la voluntad de pensar en lo mejor para el país y para nuestra gente, pero, lamentablemente, como no tienen esa certeza jurídica, no toman decisiones.
Lo otro es que, a lo mejor, también se reciban amenazas del crimen organizado cuando se van a tomar estas decisiones.
Entonces, tenemos que ser capaces de generar las condiciones para que una autoridad, sea elegida o nombrada, cuando deba tomar una fuerte decisión, tenga la certeza jurídica de que va a estar protegida por el Estado de Chile. Creo que eso es lo que este país necesita para poder salir del problema que estamos enfrentando.
Voy a rechazar este proyecto de ley porque creo que el país no lo necesita.
He dicho, Presidente .";1
"124";"21730";419;2024;7;"SAAVEDRA";NA;"El señor SAAVEDRA.-
Gracias, Presidente.
El Ministerio de Seguridad Pública, en el ejercicio de sus funciones, deberá formular estrategias de prevención y combate al delito, al crimen organizado y a los actos terroristas, y pasarán a depender del nuevo ministerio las Fuerzas de Orden y Seguridad Pública, integradas por Carabineros y la Policía de Investigaciones.
El Ministerio deberá elaborar una estrategia nacional contra el terrorismo; diseñar e implementar políticas públicas basadas en evidencia; sancionar, junto con el Ministerio de Defensa Nacional, el Plan Anual de Fiscalización de Armas de Fuego; requerir informes o antecedentes a entidades privadas; velar por la coherencia de planes y programas relacionados a la prevención del delito; elaborar un diagnóstico de indicadores de seguridad pública y prevención del delito; promover su incorporación en la planificación y evaluación de las metas institucionales de la Administración del Estado; promover, incentivar y facilitar el manejo interoperable de la información, especialmente entre las Fuerzas de Orden y Seguridad, el Ministerio Público y el Poder Judicial; colaborar con las autoridades regionales y comunales, y prestarles la asesoría correspondiente para su mejor trabajo y despliegue territorial.
53
Un ministerio que planifica, define estrategias y colabora con quienes están en la primera línea del combate al delito, como las policías y los municipios, permite la aplicación de políticas públicas tendientes, de una vez por todas, a salir de la situación en que estamos, a superarla entre todos.
Se trata de entender que el Estado chileno tiene que adecuarse a los tiempos que se viven, desde el punto de vista administrativo, y, al mismo tiempo, modernizar sus políticas públicas tendientes a proteger a la población, para así volver a vivir en paz en nuestro país.
Nuestro voto está para colaborar con la gestación de este nuevo ministerio, el de Seguridad Pública, que es parte de la estrategia nacional para combatir todos los actos delictuales que tienen tan complicada a la población.
He dicho, Presidente .";1
"125";"21730";421;2024;7;"KUSANOVIC";NA;"El señor KUSANOVIC.-
Gracias, Presidente.
La verdad es que en Chile, cada vez que una institución no funciona, inventamos otra que tampoco va a funcionar, porque esto no pasa por las instituciones, sino por las personas, por la voluntad política de querer solucionar los problemas y hacer andar las instituciones.
Con más instituciones, lo único que vamos a hacer es gastar más recursos, más plata, y contratar más gente. ¡Y va a ser más difícil que funcione!
Ya lo vimos con el tema del gobernador. Dividimos el poder del intendente en dos: un delegado y un gobernador.
¡Y la verdad es que estamos peor que antes, pues funcionan menos la cosas!
¡Dividimos los poderes, inventamos instituciones nuevas, y nada funciona!
Por lo tanto, este es un error.
Acá lo que hay que hacer es que las personas que integran las instituciones las hagan funcionar y tengan el respaldo y el apoyo político para solucionar los problemas.";1
"126";"21730";423;2024;7;"DURANA";NA;"El señor DURANA.-
Gracias, Presidente.
En el momento de analizar y votar este proyecto de ley, el cual tiene por objeto la creación del Ministerio de Seguridad Pública, debemos considerar y evaluar la oportunidad de su creación, en un contexto de profunda crisis de las condiciones de seguridad que enfrentamos todos.
La primera pregunta que debemos realizar es si hoy las personas encuentran en el Poder Ejecutivo una respuesta clara y decidida con las herramientas legales y constitucionales con que cuenta. Es claro que la respuesta es negativa, dada la crisis de seguridad.
53
En consecuencia, el reemplazo y división del Ministerio del Interior y Seguridad Pública generará un periodo de transición, de división y creación de competencias, de designación de funcionarios, de mayores gastos en infraestructura y personal y, obviamente, de cada vez más -reitero- funcionarios públicos.
Esa no es la respuesta que exige la ciudadanía, la que solo espera que el Gobierno cumpla con su misión, en especial en materia de seguridad, y que utilice las herramientas que hoy tiene con decisión y compromiso.
Es por ello que en el contexto de crisis de seguridad que hoy vivimos debemos analizar y repensar este proyecto de ley en toda su dimensión, y para ello lo mejor es rechazar las modificaciones introducidas al proyecto por la Cámara de Diputados y enviarlo completo a la comisión mixta, de manera que sea esa la instancia que genere los consensos necesarios para que una ley de estas características tenga un real impacto en la recuperación y mantención de la seguridad pública.
Son muchos los aspectos del proyecto que deben ser consensuados.
Yo estoy de acuerdo con que tenemos que profesionalizar la seguridad pública desde la perspectiva de un ministerio profesional, pero se tienen que generar los contrapesos que aseguren su eficacia, la implementación de una política pública de seguridad y el debido resguardo de las garantías de las personas.
Nada nos puede hacer suponer que hoy, dada la crisis de seguridad en la que estamos sumidos, sea recomendable que las decisiones de coordinación política de un Ministerio del Interior se encuentren separadas de las decisiones técnicas de un Ministerio de Seguridad; simplemente no tenemos tiempo para eso.
Es hora de ser responsables y consecuentes con lo que la ciudadanía requiere y exige: que enfrentemos con decisión el crimen organizado, no con proyectos que solo traerán demora, mayor gasto y una pesada burocracia estatal.
Voto en contra del informe de la Comisión de Seguridad Pública, para que este proyecto vaya a comisión mixta en la mayor cantidad de materias posible, a fin de que puedan ser analizadas en el contexto de inseguridad que enfrentamos.";1
"127";"21730";425;2024;7;"INSULZA";NA;"El señor INSULZA.-
La verdad es que cuando uno llega a esta discusión se encuentra un tanto perplejo, por el hecho de que hace ya unos tres años, durante el Gobierno del Presidente Piñera, se creó una comisión bicameral en la que se decidió que efectivamente necesitábamos una conducción permanente para los temas de seguridad pública, y se resolvió crear un ministerio.
Nos demoramos algún tiempo en discutir esto en la comisión bicameral, ya que incluso el Gobierno pensaba en ese momento que todos los temas de seguridad, incluso los relativos a desastres naturales y otros, deberían estar ahí.
Finalmente se acordó que sería un ministerio relacionado fundamentalmente con la seguridad de las personas, que condujera a las policías y todo ese tipo de cosas.
Discutimos largamente ese proyecto en la comisión del Senado. Algunos de los senadores que han hablado aquí estaban en la comisión; no lo he inventado, estuve ahí con ellos.
Aprobamos por unanimidad la idea de legislar; luego trajimos el proyecto a la Sala y también se aprobó por unanimidad la idea de legislar. Nadie dijo ninguna de las cosas que se han dicho aquí. Posteriormente, se llevó a cabo la discusión en particular y gastamos largas horas en ella, ¡largas horas!
Y al final quedó un tema pendiente. Esto lo digo refiriéndome a cuando presidía la comisión, hace unos dieciséis o diecisiete meses atrás. El senador Huenchumilla estaba ahí también, y precisamente está asintiendo. Nos quedaba un problema por decidir, pero hoy día la verdad es que parece que vamos a empezar a discutir todo de nuevo.
53
Entonces, ¿cuántas veces vamos a discutir lo mismo? Este es un debate sobre el informe de una comisión, se trata del tercer trámite, y lo que corresponde simplemente es votar las diferencias que existen y dejar de indagar todos los días sobre si lo que hicimos ayer o lo que hicimos antes de ayer está mal o está bien, ¡y meternos con los temas del agua potable rural...! Esas son las cosas que hacen que la gente vea estas sesiones y se ría, Presidente .
Yo llamo a votar el texto que se ha propuesto aquí y veremos cuáles son los resultados, pero no volvamos a discutir una vez más lo mismo que hemos discutido veinte veces, porque ese no es el rol de este Senado. El rol nuestro es tomar decisiones, como han dicho algunas personas aquí. Esto no se trata de elegir personas, ya que los nombramientos los hace generalmente el Ejecutivo , o el Ejecutivo con el Congreso, cuando corresponde.
Nuestro rol implica tomar decisiones respecto de normas que nosotros mismos hemos propuesto, y yo digo, de manera un poquito irreal: venimos discutiendo este tema hace cuatro o cinco años, durante dos Gobiernos, y nunca había escuchado a alguien decir aquí que no necesitamos un Ministerio de Seguridad, ello solamente ha ocurrido en esta ocasión. ¿Y qué hemos hecho en los últimos cinco años?
Presidente , yo creo que estas son las cosas que nos deben hacer reflexionar hasta qué punto estamos gastando tiempo útil en discutir y rediscutir de nuevo las mismas cosas y hacer todos los días los mismos discursos.
Yo pediría que votáramos pronto, Presidente, y resolviéramos esto.
Gracias.";1
"128";"21730";428;2024;7;"VODANOVIC";NA;"La señora VODANOVIC.-
Gracias, Presidente.
Voy a leer un fragmento corto que considero relevante para entender el contexto de la discusión que estamos teniendo:
""Los problemas relacionados con la seguridad pública, desde hace ya varios años, ocupan un lugar destacado entre las preocupaciones de la opinión pública. Ello se debe, entre otros factores, al aumento de algunos delitos violentos, a la mayor cobertura que los medios de comunicación dan a los delitos, a un cambio de comportamiento de la delincuencia organizada y a una mayor implantación social en ciertos barrios urbanos de las redes de narcotráfico.
Por ello, en el país se advierte la necesidad de que exista una autoridad al más alto nivel gubernamental que tenga la seguridad pública como responsabilidad exclusiva o principal"".
Presidente, estas palabras suenan como si hubieran sido escritas hoy mismo, pero la verdad es que tienen casi veinte años, y son aquellas con las que la entonces Presidenta Bachelet dio inicio a un mensaje presidencial por el que se creaba un nuevo Ministerio de Seguridad Pública; todo esto el año 2006.
¿Cuánto más profesionalizadas serían las policías si los designios de la ex Presidenta se hubieran cumplido? ¿Cuánto más pertinentes y exitosas serían nuestras políticas de seguridad? ¿Cuántas bandas de crimen organizado ya habríamos desbaratado o prevenido incluso que se formaran?
No tenemos cómo saber la respuesta a estas preguntas, pero luego de veinte años parece que estamos llegando tarde.
Hubo un sector político que se opuso a la creación de un nuevo Ministerio de Seguridad Pública frente al proyecto
53
de la entonces Presidenta y han pasado cinco gobiernos desde que este fuera presentado.
Por tanto, nuestro llamado hoy es a que legislemos este tema con el sentido de urgencia que viene de una responsabilidad compartida que tenemos con la ciudadanía, luego de tan largo tiempo sin una institucionalidad robusta en materia de seguridad pública.
En la Comisión que estudió este proyecto hemos hecho un trabajo de detalle, viendo qué aspectos de lo que venía de la Cámara de Diputados constituyen una mejora y qué aspectos requieren ser repensados y, por ende, deben ser llevados a comisión mixta.
Esa es la propuesta que hizo la comisión por la mayoría de sus miembros y que llamo a votar favorablemente, ya que permitirá tener una discusión en la comisión mixta centrada en los temas principales, sin abrir una discusión eterna sobre aquello en lo que ya tenemos acuerdo.
Gracias.";1
"129";"21730";430;2024;7;"FLORES";NA;"El señor FLORES.-
Muchas gracias, señor Presidente.
Estimados colegas, el ejercicio político a veces tiene vueltas que uno no logra comprender del todo en su alcance, pero en eso debemos estar siempre atentos.
Presidente , lo que a mí me preocupa -ya se ha señalado acá- es que por encargo de la Sala se le dio una misión a la comisión, y en la comisión, créanme, intentamos hacer todo lo que estaba en nuestras manos.
Y lo que se aprobó en el segundo trámite en la Cámara, en buena parte resultó ser un desastre. No conversaban unos artículos con otros, ni siquiera con la idea matriz del proyecto.
Por lo tanto, de manera unánime, en la Comisión acordamos seleccionar una serie de artículos que había que rechazar para que en la comisión mixta los podamos, finalmente, alinear con el proyecto.
Por otro lado, muchos de nosotros creíamos que algunos artículos habían quedado bien parados todavía o que, incluso, habían sido mejorados, en algunos casos, en la Cámara de Diputados.
En consecuencia, votamos para mantener esas normas en el proyecto, para aprobarlas. Y, a diferencia de todo lo que había que rechazar, la votación de los artículos que nosotros creíamos que había que aprobar fue respaldada por mayoría. Finalmente, cuando trajimos el informe a la Sala, para aprobarlo o rechazarlo, se nos pidió que diéramos un par de días de plazo para que se pudiese llegar a un acuerdo más amplio, particularmente entre el Gobierno y, yo entendía, la derecha completa, dado que esta tenía algunas aprensiones.
Bueno, esperamos estas dos semanas, Presidente . Y revisando lo que -lo dijo el senador Galilea - habían pensado de todos los artículos que nosotros habíamos sugerido aprobar, en cuatro o cinco pidieron votación separada, ya que, bueno, algunos iban a rechazarlos y otros, a aprobarlos. Incluso les encontramos razón a varias de sus preocupaciones y también los íbamos a rechazar.
En este contexto, lo que se ha dado hoy día creo que se sale un poco de lo que ha sido el espíritu de trabajo del proyecto.
Y aquí hago una pregunta política: si la derecha quiere rechazar el proyecto para que no haya Ministerio de Seguridad, ¡transparentemos las cosas, entonces! Porque ya habíamos acordado por mayoría aprobar algunas normas y habíamos acordado por unanimidad rechazar otras, para arreglarlas en la mixta. Ahora, si el interés es
53
rechazarlo todo, díganlo, pues.
Pero son objetivos políticos. No tienen que ver con la calidad del debate que tuvimos ni con la calidad de lo que trajimos a la sala en términos de sugerencias de aprobación. Existe un interés distinto, que es político, así de simple.
Y me preocupa eso, Presidente, porque la verdad es que varios estamos convencidos de que esta es la oportunidad de lograr la separación del Ministerio del Interior, para que se dedique a las materias que se definen, y el nuevo ministerio especializado que dé cuenta de la coordinación interinstitucional de los problemas de seguridad que enfrentamos.
Ahora, yo no digo que no logremos en la mixta, si se rechaza todo, tener un proyecto a tiempo, pero se dificulta mucho más la tarea. Recordemos que no son solamente cinco senadores, sino que además hay cinco diputadas y diputados.
Eso hace que volvamos a fojas cero, regresamos al primer trámite prácticamente.
Y hay un tema -con esto termino- que no me quedó claro. Ya sabemos que lo que se propone rechazar se va a votar aparte, ya sabemos que lo que la derecha quería rechazar se agrega a la propuesta de los rechazados, ya sabemos la votación que debemos hacer en el artículo primero transitorio. Pero me preocupa lo que hemos propuesto aprobar. Porque si eso ahora se rechaza, el proyecto queda en cero.
Me preocupa, Presidente . Y pido que transparentemos las cosas, que transparentemos las intenciones.
Gracias.";1
"130";"21730";432;2024;7;"QUINTANA";NA;"El señor QUINTANA.-
Muchas gracias, señor Presidente.
A mí la verdad es que me preocupa sobremanera lo que ha sido la discusión de esta tarde. Porque, como bien han señalado algunos colegas que nos han recordado algunos aspectos relevantes, como el senador Insulza , en el primer trámite del proyecto este Senado votó la idea de legislar de manera unánime; sí, de manera unánime. Y en la votación en particular, en ese primer trámite, el 95 por ciento de las materias fueron votadas de manera unánime en esta sala, ¡en esta sala!
Entonces, ¿qué puede haber pasado en estos últimos tres años?
Paso por la Cámara de por medio, con todas las incongruencias con que el proyecto llega finalmente al Senado, yo no logro entender. Lo único que uno ve es que desde 2016, en adelante, la criminalidad ha aumentado. Esta alza no es del actual gobierno; el informe del narcotráfico del año 2021 explicaba muy bien lo que pasó prepandemia y lo que hoy vemos pospandemia.
Entonces, cuando uno escucha expresiones acá, en la sala, de que esto es para crear ""una bolsa de trabajo"", francamente creo que no es lo que ninguno de los colegas que votó aquí, en esta misma sala, de manera unánime, concluyó cuando hicimos ese debate.
Parece que algunos lo han olvidado. Este proyecto -lo tengo en mi poder- ingresa el año 2021, tiene la firma del Presidente Sebastián Piñera Echenique ; del ministro Interior de la época , Rodrigo Delgado ; de la ministra de Relaciones Exteriores , Carolina Valdivia ; del ministro de Defensa , Baldo Prokurica ; del ministro de Hacienda , Rodrigo Cerda ; del ministro de Economía , Lucas Palacios ; del ministro de Justicia y Derechos Humanos , Hernán Larraín ; del ministro de Ciencia , porque también requiere ciencia este ministerio, y la tiene, Andrés Couve .
O sea, francamente, yo no sé de qué estamos hablando.
53
¿Qué pasó en estos últimos tres años? Aparte de aumentar en distintos gobiernos la situación criminal y haber mutado de manera muy peligrosa y significativa.
Veo también que en las últimas dos agendas de seguridad -aquí está la ministra del Interior , Carolina Tohá , presente-, la del año pasado, con el senador Coloma , como Presidente de esta Corporación , estaba este proyecto en primerísimo orden de prioridad. Y entiendo que en el acuerdo de este año con usted, Presidente , también está en primerísimo orden para ser despachado en el mes de julio; o sea, ahora.
Por eso, no entiendo que hoy día algunos colegas quieran rehacer todo lo que hizo la Comisión de Seguridad. Dicho sea de paso, en los terceros trámites la regla general es que los proyectos vayan directo a la Sala. En este caso, fue esta Sala, hace muy pocas semanas, la que de manera unánime le pide a la Comisión que encabeza el senador Flores -y por eso entiendo también su cierta desazón- hacer un trabajo, como el que se ha hecho acá, para ordenar esta discusión.
Entonces, ¿qué pasó? No digo en los últimos tres años. ¿Qué pasó en las últimas tres semanas para este cambio de opinión? Incluso, se dice: ""No. ¿Es que sabe qué? La planta del nuevo ministerio, que sea creada por ley"". ¡Por favor! Todos sabemos que eso es para mandar al archivo el proyecto, para que nunca tengamos un Ministerio de Seguridad.
Cuando toda la evidencia nos dice que aquí se requiere más foco, más especialización, mayor coordinación en las capacidades operativas; porque el Ministerio del Interior, como se sabe, tiene un montón de otras tareas relevantes en seguridad, pero en otros temas también, francamente me cuesta comprender lo ocurrido aquí con algunos sectores de la oposición; no digo ""todos"", porque hay quienes entienden que esto es fundamental.
Cuando presidía el senador Insulza esta comisión, en el primer trámite, hace más de dos años, se escuchó al general director de Carabineros , el mismo que está hoy día; al director general de la PDI , a la Unidad de Análisis Financiero, a todos los especialistas, que tampoco abundan, en materia de seguridad, y todos concluían que tener un organismo altamente especializado, abocado a la inteligencia y a las materias que aquí están planteadas, era absolutamente necesario.
Por esas razones, Presidente, francamente me cuesta entender estos cambios que han ocurrido en tan poco tiempo y creo que, en definitiva, le hacen un muy flaco favor a la búsqueda de un país mucho más seguro, como el que declaramos querer.
Muchas gracias.";1
"131";"21730";434;2024;7;"ALLENDE";NA;"La señora ALLENDE.-
Presidente , qué duda cabe de que la población demanda mayor seguridad, de que esta ha ido estableciéndose quizá como la principal preocupación de todos los habitantes de nuestro país.
La verdad es que, en ese aspecto, quiero también retomar lo que aquí se ha manifestado. Y seré muy breve, porque creo que ya se ha dicho prácticamente todo. Pero es incomprensible haber votado por unanimidad la idea de legislar y después de que se ha avanzado, de que se le ha pedido a la Comisión que preside el senador Flores que pueda dar un informe, llega el momento y volvemos a oír voces que dicen ""No, no es necesario este ministerio"".
En realidad, aquí hay una contradicción que, lamentablemente, nos genera el desprestigio que este Senado y el Congreso tienen, porque no avanzamos.
Hace un rato que venimos advirtiendo sobre la necesidad de que se cree un Ministerio de Seguridad Pública, que esto sea un tema de país, de Estado, no de aprovechamiento político porque viene o no viene la elección y quizás conviene dejar el ministerio para el siguiente gobierno. A aquellos que piensan que va a gobernar la oposición -no
53
son pocos los que así lo creen; bueno, eso se verá en el momento oportuno- les digo: llegó la hora de sincerar.
Yo he pedido hablar, Presidente , porque quiero ratificar que me parece una incoherencia haber aprobado por unanimidad el proyecto y que después de todo este tiempo, de todo el trabajo, ahora salgan voces contrarias a él.
Es legítimo en democracia, pero la verdad es que tuvieron todas las oportunidades de haberlo señalado durante el estudio del proyecto en las varias veces que la comisión estuvo encargada de este tema.
Además, la idea que algunos sostienen en el sentido de que las plantas se hagan por ley significa que este proyecto no salga.
Y ahí es donde yo tomo las palabras del senador Flores : ""Mejor sinceremos y digamos que no queremos un ministerio de Seguridad"". ¡Okay! Es una posición, a mi juicio, muy contraria al sentimiento de la ciudadanía, pero que, por lo menos, en democracia es posible sustentar.
Entonces digamos la verdad: ¿queremos o no queremos un Ministerio de Seguridad? Pero no usemos aquella fórmula para que esto no ocurra.
En segundo lugar, dicho todo esto, he levantado la voz para pedir algo parecido a lo que anunciaron el Presidente y la ministra: que se haga posible la unidad de fuerza táctica en la región de Valparaíso.
Es verdad que el programa Calles Sin Violencia ha mostrado una cierta disminución en los homicidios. Sin embargo, lamentablemente la semana pasada tuvimos varios episodios que, por supuesto, con razón han preocupado a la ciudadanía.
Además, me parece muy importante destacar -con esto voy a terminar- que el proyecto deja claro que es el ministerio del Interior el que se va a hacer cargo de la reconstrucción. Nosotros tenemos un servicio, como el Senapred, que se encarga de las emergencias y la prevención; otra cosa será entonces el ministerio que se haga cargo de la reconstrucción.
Y yo espero que en un plazo razonable el Gobierno pueda mandar aquello que será por ley para que tengamos un ministerio que se haga cargo de forma permanente y profesional, y no estemos improvisando cada vez que vivimos situaciones dramáticas como las que enfrentamos en la región de Valparaíso, en tres comunas, con estos atroces incendios y los 137 fallecidos, lo cual fue muy dramático.
Entonces, que tengamos este ministerio me parece muy positivo, y quería recalcar aquello.
Nuestra experiencia en Valparaíso nos demuestra la necesidad de que el Ministerio del Interior encabece la reconstrucción en un país que, lamentablemente, está sometido a los avatares que conocemos.
Dicho eso, por cierto, voy a apoyar esto para que la comisión mixta termine de resolver, sobre todo porque necesitamos un Ministerio de Seguridad Pública, así como necesitamos también elevar las pensiones de la gente.
Pero como en este momento estamos hablando de la seguridad, muy bien, seamos coherentes y tengamos un Ministerio de Seguridad Pública.
He dicho.";1
"132";"21730";436;2024;7;"EBENSPERGER";NA;"La señora EBENSPERGER.-
Gracias, Presidente.
Yo quisiera partir señalando que estamos en tercer trámite.
Entonces, cuando aquí escucho discursos diciendo que todo vuelve a fojas cero, debo recordar que lo que estamos
53
aprobando o rechazando son las enmiendas hechas por la Cámara de Diputados a lo ya aprobado por el Senado.
Y yo como senadora tengo todo el derecho a creer que lo aprobado por el Senado es mejor que lo despachado por la Cámara y, por tanto, a votar en contra de sus modificaciones.
¿Significa eso que estoy en contra del Ministerio de Seguridad? ¡No! Significa que creo que hay una mejor forma de resolverlo.
Y por eso nuestro reglamento establece las comisiones mixtas: para buscar, cuando hay diferencias entre una cámara y otra, una mejor redacción.
¿Significa el querer ir a mixta que estamos en contra de esto? ¡No!
Entonces, eliminemos las comisiones mixtas y dispongamos que la cámara que ve un proyecto en segundo lugar tiene la obligación de aprobar lo que la otra modificó en el primer trámite.
Existe un procedimiento: primer trámite; segundo trámite; tercer trámite, que es en el que estamos, y, si no hay acuerdo, comisión mixta.
Decir acá que existe un ánimo raro o distinto a mí no me parece correcto.
Nadie de los que están al frente, ni en mi propia bancada, puede insinuar lo que está en mi cabecita, lo que yo pienso o lo que considero mejor.
Yo históricamente he votado según lo que mi conciencia me dice qué es lo mejor para el país. Y esta no será una ocasión distinta.
Efectivamente, yo soy de aquellas que tienen muchas dudas con el Ministerio de Seguridad, no porque crea que no es importante el tema de la seguridad pública. Para mí el Ministerio del Interior debe seguir siendo la cartera más importante. Por algo el ministro del Interior, o la ministra, es el que reemplaza al Presidente de Chile, en su calidad de Vicepresidente.
Tampoco me parece que haya que dejar al ministro del Interior solo con facultades mínimas, como jefe de gabinete o a cargo de la reconstrucción tras alguna catástrofe. ¡No! Yo creo más en la historia republicana de nuestro país, y que se podría potenciar al ministerio del Interior, porque tiene mucha pega. ¡Sí, tiene mucha pega!
Yo no sé cómo a la ministra Tohá y todos los que han ejercido el cargo les alcanza el tiempo para hacer toda la pega que tienen cuando lo quieren hacer bien.
¿Significa estar en contra de la seguridad tener una opinión distinta? ¡No! A mí no me parece.
¿Significa estar en contra de la seguridad ejercer los derechos que tengo como senadora? ¡No! No me parece.
Decir que me parece mejor lo aprobado por el Senado y no lo de la Cámara no significa estar en contra de la creación de este ministerio, a pesar de las dudas que yo tenga o a pesar de que estar creando una nueva institucionalidad en medio de una grave crisis de seguridad.
Se va a implementar en dos años no tengo idea qué. ¿Ustedes creen que en dos años vamos a superar la grave crisis de seguridad que tenemos en el país? ¡No! No lo vamos a hacer.
Entonces, a mí me parece que, de verdad, no es el momento.
O bien, si seguimos con esto, potenciemos hoy al Ministerio del Interior en materia de seguridad y creemos el Ministerio de Seguridad, pero con un plazo un poco mayor de instalación. Si no, lo que vamos a lograr -y lo digo honestamente- es agravar la crisis de seguridad.
Presidente, yo no estoy necesariamente en contra de esto al querer ejercer el derecho que el reglamento y la ley me otorgan. Vuelvo a decirlo: nos encontramos en tercer trámite y solo nos estamos pronunciando acerca de los cambios que ya ha aprobado en particular este Senado. Y tengo todo el derecho a pensar que lo aprobado por el Senado resuelve mejor el tema, a pesar de mis dudas, que las modificaciones introducidas por la Cámara.
53
Gracias, Presidente .
He dicho.";1
"133";"21730";438;2024;7;"EDWARDS";NA;"El señor EDWARDS.-
Gracias, Presidente.
Solamente quiero clarificar, porque he escuchado a los senadores oficialistas decir permanentemente que este proyecto fue aprobado por unanimidad en su votación general.
Esa votación ocurrió antes de que la mitad de los senadores presentes fuéramos elegidos. El proyecto se votó el 2021, y en particular se votó en el Senado ya con la actual composición.
Y, por lo tanto, cuando se dice permanentemente que todos hemos votado a favor, la verdad es que a mí me gustaría que se clarificara. Esa es la información que tengo, y la he escuchado veinte veces de distintos senadores.
A algunos no nos gusta la idea de generar una institucionalidad que va a significar contratar muchas personas, sin revisar otras instituciones del Estado que tienen una gran cantidad de grasa como, por ejemplo, los ministerios políticos.
Los ministerios políticos no se revisaron. Y no vemos que la creación de esta cartera vaya a significar mayor seguridad para los chilenos, pero sí observamos un gran gasto de recursos a costa de los contribuyentes.
Por lo tanto, tenemos derecho a votar lo que buenamente nosotros consideramos que es positivo o negativo para el país.
Entonces, quiero dejar eso claro para poder votar con tranquilidad.";1
"134";"21730";440;2024;7;"TOHÁ";"ministra del Interior y Seguridad Pública";"La señora TOHÁ ( ministra del Interior y Seguridad Pública ).-
Muchas gracias, Presidente .
Entiendo que estamos prontos a hacer esta votación.
Yo quiero recopilar, tratando de ser lo más breve posible, cómo hemos llegado hasta aquí.
Este proyecto fue presentado por la Presidenta Bachelet . En su momento no se aprobó y se transformó solo en un proyecto que permitía la creación de la subsecretaría de Prevención del Delito durante el Gobierno del Presidente Piñera.
En el segundo Gobierno del Presidente Piñera se presentó un proyecto que creaba el Ministerio de Seguridad, volviendo sobre los pasos de lo que se había hecho en el primero.
El Presidente Boric tenía en su programa el impulso del ministerio de Seguridad; y las candidaturas de derecha tenían la creación de un ministerio de Seguridad.
53
Y al asumir el Presidente Boric , decidió seguir con el proyecto del Presidente Piñera en lugar de presentar uno nuevo, en aras de darle impulso y viabilidad y no transformar esta situación, como históricamente muchas veces se ha hecho, en que se quite la pelota y, al final, nadie gane el partido.
En lo relativo a su tramitación, en el verano del 2022, que fue el 11 de enero, todavía en una legislatura anterior, el proyecto se votó unánimemente en general a favor. Y en el 2023, cuando esa misma composición votó, hubo cinco abstenciones y tres votaciones separadas, en las cuales se acogieron todas las normas, menos una. Y la votación fue prácticamente unánime en todos los temas.
El problema que tenemos acá -y yo no dudo de la buena voluntad y la disposición de quienes han intervenido, particularmente de la senadora Ebensperger en su última intervención-, es que este proyecto estaba en el fast track del año pasado.
La Cámara de Diputados lo tuvo más de un año en discusión.
El Ejecutivo llevó sendas propuestas para todos los temas que son nudos acá: el alcance regional, el fortalecimiento del Ministerio del Interior, la dependencia de las policías. Estuvimos un año discutiendo, aunando posiciones y el último día, cuando se puso en votación, se pronunciaron todos en contra de eso y más en la sala, sin nunca haber planteado una propuesta, una alternativa o una fórmula distinta a las que el Ejecutivo puso arriba de la mesa.
Hemos llegado acá, al Senado, a la vuelta de más de un año, y ahora aparecen múltiples voces en contra de este proyecto. Nunca fueron así puestas en el debate, al menos desde que yo estoy en este cargo.
Aparece la idea de fijar por ley las plantas, planteamiento que no estuvo en el Senado en la primera vuelta, ni en la Cámara tampoco. Todos sabemos que eso significa años de discusión.
Entonces, ante la ciudadanía dos cámaras del Congreso y un Gobierno que se comprometieron por dos años a despachar un proyecto, en el ultimísimo trámite ponen en duda si se necesita o no este organismo, ponen en duda si esta es ""la"" solución. Obviamente, esta no es la solución; no existe ""la"" solución. O se es parte de ella o no hay solución.
¿Y esto es parte de la solución? Sí, aporta, ciertamente.
Tener un ministerio especializado; tener un ministerio que no esté mezclado con roles políticos; tener un ministerio con funcionarios que pasen de gobierno en gobierno y no cambien en su totalidad, como sucede con los ministerios políticos; tener un ministerio que se entiende como articulador de un sistema y no solamente como un organismo que ejerce aisladamente su tarea son, ciertamente, aportes, pero no resuelven por sí solos el problema. ¡Ni esta medida, ni ninguna por sí sola!
Andar buscando el punto de prensa para entregarle a la ciudadanía la pepita de oro que resuelve todo el problema es el camino directo a engañarla.
Ahora, Presidente, me parece ofensivo para la población y para mí, que estoy sentada acá, que se diga que el problema no es este proyecto, sino que no tenemos autoridades con pantalones, o con faldas, para enfrentar el crimen organizado, porque tienen miedo de tomar las medidas para enfrentar los tribunales.
En este gobierno y con estas autoridades, Presidente , no solo se está impulsando el proyecto en comento, sino que se han brindado las condiciones especiales y el apoyo a la Fiscalía para desbaratar a ""Los Gallegos"", ""El Tren del Coro"", ""Los Trinitarios""; para infligirle golpes, que ningún otro país de la región ha hecho con esta magnitud, al ""Tren de Aragua"", aquí y fuera de nuestra frontera, a raíz de la persecución que se ha hecho a través de la Fiscalía; para tener una ley contra el crimen organizado, el sicariato, el porte de armas, el secuestro, la extorsión, el contrabando; para inhibir las señales en las cárceles; para poner militares en la frontera.
¿Qué decisión ha dejado de tomar este Gobierno por temor al crimen organizado?
¿Qué cálculo hemos hecho de que nos podía poner en peligro si tomábamos esta decisión?
Ahora, si tuviéramos un ministerio especializado, ciertamente muchas cosas que se han dicho aquí las hubiésemos
53
resuelto de mejor manera, porque la tarea que absorbe nuestro ministerio, y que tiene junto con otras funciones, es muy difícil de sacar adelante.
Un ministerio especializado va a ser un aporte, no una varita mágica, no un milagro, no un santo. ¡Un aporte a una política que tiene muchas más herramientas!
Por eso, creo que hoy día en esta sala, respetando las distintas opiniones y posturas, que son válidas, lo que no podemos hacer es traicionar el compromiso que adquirimos con la ciudadanía, el cual consistía en que estábamos todos embarcados en sacar un Ministerio de Seguridad.
Eso sí debiéramos cumplirlo, con debate pero con la prontitud que le comprometimos a la ciudadanía.
A nadie se le obligó a tomar ese compromiso. Pero ya lo hicimos, y lo hemos tomado dos veces.
Gracias, Presidente .";1
"135";"21730";442;2024;7;"COLOMA";NA;"El señor COLOMA.-
Presidente , si hay algo que a mí me importa y, creo, a muchos de los que estamos acá -y por eso suscribimos el acuerdo de seguridad- es lo relativo al fast track, que tuvo una velocidad importante hasta diciembre, pero de ahí para adelante, lamentablemente, se generó un freno que hizo que, de los treinta y un proyectos, se aprobaran en su momento veintidós y después de ello solo dos. Y eso es un problema severo.
Pero no quiero que quede duda alguna, a partir de las expresiones de la ministra Tohá -alguien puede hacerlo-, acerca de la necesidad de un Ministerio de Seguridad. Yo por lo menos tengo esa convicción, y creo que ha tenido una evolución razonable mi reflexión, porque en su momento no lo pensaba así.
Y, probablemente, eso se produce también como respuesta a la ineficacia de las medidas que se han tomado en este Congreso, muchas de las cuales tuvieron que ver con leyes de migraciones que en su momento se plantearon.
Digamos las cosas por su orden, porque aquí parece que todos son acreedores: cuando se planteó la necesidad de cuidar la frontera, aquí, en este Senado, no todos estaban de acuerdo. Es decir, hablaban del derecho a la migración y no del derecho de los países a ver cómo construyen su futuro.
Entonces, aquí no están los buenos y los malos, no están los acreedores y los deudores. Acá cada uno está actuando conforme a su conciencia para hacer lo mejor que se pueda.
Y yo defiendo el derecho de quienes estiman que perfectamente el proyecto puede ser mejor -¡si aquí no hay verdades absolutas!-, y yo colaboraré en ello.
Yo no he estado involucrado en esta iniciativa, para ser franco. Sí la ministra me ha planteado la necesidad de tener posiciones en esta materia respecto de lo que uno buscaría, y lo estamos haciendo. Se han propuesto distintas alternativas en las comisiones y he seguido en algo la larga discusión del proyecto en la cámara.
Pero también están los deseos de resolver problemas que se arrastran desde hace hartos años, muchos de los cuales -insisto- fueron generados por las dudas, por las ineficacias, por los ideologismos equivocados que se plantearon en otros momentos del país. Y eso es lo que nos tiene hoy día en una situación de descontrol.
Si el país hubiera tomado medidas adecuadas en su momento, probablemente no estaríamos hablando de temas de esta naturaleza.
No todos los países tienen un ministerio de seguridad. Lo que pasa es que de repente se desbordan las situaciones,
53
y hoy día esta angustia crece.
Sin embargo, yo defiendo el derecho de quienes dicen que no les gusta este proyecto específico. Me parece que eso no puede ser constitutivo de una especie de pecado.
Yo puedo tener la convicción de que es necesario un ministerio -y la tengo-, pero puedo tener también la visión de que la forma como está planteado puede ser mejorable. Y ese es el sentido de una comisión mixta. Una comisión mixta no significa que uno no quiera algo, sino que puede ser mejor lo logrado.
Por lo menos, esa es mi posición respecto de este tema.
En seguida, quiero abordar muy brevemente -porque estimo que es mi deber hacerlo- el planteamiento que se ha hecho con relación al DFL.
Al respecto, al igual que aquellos con los que he compartido largos años en este Senado, yo nunca he votado a favor, ¡nunca!, de los DFL, porque creo que son una necesidad legal. He perdido casi siempre, para ser franco, ¡casi siempre! Pero no siempre, porque también las necesidades tienen cara de hereje.
Recuerdo que en su momento, con respecto al Senapred, en el Gobierno del Presidente Piñera varios de los que siempre habían votado en contra se iluminaron y dijeron que eso debía tener bordes. Porque lo que estamos haciendo -y tengámoslo claro: constitucionalmente corresponde que en la ley el Congreso, como colegislador, fije las condiciones y las plantas- a través de esta norma, que yo nunca he aprobado, es entregar esa facultad al gobierno -por eso es un DFL-, cualquiera que este sea -no estoy hablando del actual- para que él resuelva la fijación de las plantas.
Eso es superimportante tenerlo claro.
¡Esa es la objeción!
Ahora, yo he sido bastante minoritario en esta posición, pero tengo el derecho a plantearla. Y en eso me parece que he sido constante. En el Gobierno que yo apoyé actué de la misma manera.
Entonces, no se trata de que uno esté generando objeciones, sino de intentar hacer las cosas de buena forma.
Yo espero, más allá de los resultados que ocurran, que el Ministerio de Seguridad sí resulte.
Quiero ser superclaro: ojalá que el resto de la agenda de seguridad también resulte. Porque creo que debemos hacer el esfuerzo máximo por resolver esto, pero resolverlo bien.
No quiero hacer leyes tributarias como la del 2014, o reformas políticas como la del 2015, o reformas educacionales como la del 2016, que generan un gran daño a Chile.
¡Quiero que hagamos las cosas lo mejor que podamos!
He dicho, Presidente .";1
"136";"21730";444;2024;7;"GALILEA";NA;"El señor GALILEA.-
Gracias, Presidente.
En el debate del Ministerio de Seguridad, efectivamente, han aparecido o reaparecido discusiones que, a lo mejor, se sentían superadas. Partiendo por el hecho de que algunos senadores se plantean si es necesaria o no la
53
institución misma del Ministerio de Seguridad.
Esto -y le doy la razón a la ministra del Interior - fue un proyecto de la Presidenta Bachelet ; después, una iniciativa del Presidente Piñera ; luego fue parte de la agenda priorizada el año pasado, bajo la Presidencia del Senado del senador Coloma y con la propia ministra Tohá en Interior ; en fin. Esto tiene una trayectoria y una discusión larga.
Respecto de esta materia, hay distintos modelos en el mundo. Hay países que enfrentan toda la temática de seguridad desde el Ministerio del Interior.
Eso existe, es así. Probablemente, se trata de naciones que tienen algunas características de organización política distintas de las de Chile. Y hay otros países que cuentan con ministerios de seguridad y separan completamente la tarea política de una labor que es sumamente profesional, diferente y que requiere cuerpos permanentes, como es la seguridad.
¿Ambas visiones son posibles? Ambas visiones son posibles.
En la historia de nuestro país esto se fue trabajando y, en general, la seguridad siempre ha sido parte del Ministerio del Interior, de la Subsecretaría del Interior, y después se incorporó la Subsecretaría de Prevención del Delito.
Siempre ha quedado mezclado dentro de Interior lo relativo a seguridad y la respuesta a las catástrofes.
En fin, creo que hemos tenido una no muy razonable organización en este tema.
Por eso, en este punto de la discusión legislativa, el Senado está enviando a comisión mixta -voy a decirlo así-, básicamente, dos grandes temáticas: por un lado, todo lo relacionado con la organización territorial del futuro Ministerio de Seguridad; y, por otra parte, todo lo correspondiente a la eventual reorganización -dependiendo de cómo lo veamos- en el Ministerio del Interior.
Hay algunas cosas que quedan a firme, como el hecho de que la División de Coordinación Interministerial y la División de Estudios -actualmente en la Segprés- se traspasan, de acuerdo con este proyecto, al Ministerio del Interior. En lo demás es básicamente como lo conocemos.
Muchos tenemos la idea, y ojalá que el Gobierno del Presidente Boric la tomara, de generar una mayor eficiencia en el Estado.
Cuando esto se presentó -y me toco ser parte de quienes conversaron el tema con el Presidente Piñera - la idea era, efectivamente, la creación del Ministerio de Seguridad, pero también una mayor eficiencia en los ministerios políticos.
¿Qué queremos decir con ello?
Por un lado, que al menos el Ministerio Secretaría General de Gobierno debería ser absorbido por el Ministerio del Interior. Tendría que ser una subsecretaría de esa cartera y no un ministerio distinto, si finalmente Interior solo se va a dedicar a temas políticos.
Hay una discusión algo más profunda y distinta respecto del Ministerio Secretaría General de la Presidencia.
Pero estas son materias en las que nos gustaría avanzar. La eficiencia y el buen uso de los recursos del Estado son una obligación de todos.
Por lo tanto, aquí no solo debe existir una razonable orgánica institucional, sino que esa orgánica institucional tiene que ser eficiente.
Presidente, no solo vamos a respaldar que vaya a mixta todo lo que fue consensuado por la Comisión de Seguridad, sino que además sugerimos que otros temas también se vean en esa instancia, dado el acuerdo que hemos tomado.
Y al menos una parte relevante de los senadores de Renovación Nacional vamos a honrar los demás acuerdos que se habían adoptado en el seno de la Comisión de Seguridad.
He dicho.
53
Muchas gracias, Presidente .";1
"137";"21730";450;2024;7;"FLORES";NA;"El señor FLORES.-
Estimado Presidente, solo para precisar.
Estamos claros: concordamos con las normas que la Comisión propuso rechazar. Y si se acordó agregar unas cuantas más para que también sean rechazadas, estamos de acuerdo. Hasta ahí está bien.
¿Cómo votamos para rechazar efectivamente lo que la Comisión propone? Entiendo que se vota aprobación, para que quede claro.
53";1
"138";"21730";464;2024;7;"PUGH";NA;"El señor PUGH.-
Así es, Presidente.
En el Artículo Tercero es el numeral 2, letra b). Se dijo solo ""numeral 2"".
Si el Secretario pudiera aclararlo, para que quede bien establecida la votación.";1
"139";"21730";474;2024;7;"FLORES";NA;"El señor FLORES.-
Presidente , en lo único en que había acuerdo, y por unanimidad, era en rechazar lo que ya se votó. Hoy ha habido una solicitud de votación separada respecto de enmiendas que la Comisión acordó aprobar, que es lo que estamos votando en este momento.
Por lo tanto, la Comisión en su momento dijo ""aprobar"", pero ha habido una propuesta de algunos colegas que dice ""rechazar"". Nosotros hemos dicho ""aprobar"".
Eso es.";1
"140";"21730";480;2024;7;"GALILEA";NA;"El señor GALILEA.-
Estas normas fueron conversadas y en la reunión de comités se acordó que todas ellas, con excepción de la relativa al artículo primero transitorio, que es la del DFL, las íbamos a llevar a comisión mixta. Es una adición a lo que originalmente había resuelto la Comisión de Seguridad. Para ser fiel a la historia, esto se acordó en la reunión de comités.
Entonces, para que no haya ninguna duda, me gustaría que el Secretario estableciera si hay que votar que sí o que no para que ello ocurra, es decir, que estas normas también pasen a comisión mixta.";1
"141";"21730";483;2024;7;"FLORES";NA;"El señor FLORES.-
Presidente , yo respondí a la pregunta que se me hizo, es decir, qué es lo que había despachado la Comisión. No obstante, el senador Galilea tiene razón en el sentido de que se discutió en los comités lo relativo a determinadas normas que particularmente a algunos miembros de su comité les preocupaban, a fin de que pasasen a comisión mixta.";1
"142";"21730";485;2024;7;"FLORES";NA;"El señor FLORES.-
En términos generales, en lo personal, no tengo reparo; lo podemos trabajar y discutir en esa instancia bicameral.
Por lo tanto, si vamos a discutir esos cuatro o cinco artículos...";1
"143";"21730";501;2024;7;"WALKER";NA;"El señor WALKER.-
Gracias, Presidente.
Seré muy breve.
Solo quería señalar, en relación con el artículo primero transitorio y con la discusión que se ha generado respecto de facultar a Su Excelencia el Presidente de la República para determinar las plantas vía decreto con fuerza de ley, que debemos ser consistentes con lo que ya hemos legislado en el pasado y en distintos gobiernos en la materia.
Acá yo invoco la teoría de los actos propios, como lo dije respecto del voto obligatorio.
En todos los gobiernos, cada vez que se crea un nuevo ministerio, se ha aprobado por mayoría -y ha habido distintas opiniones legítimas- facultar al Presidente de la República a realizar esto vía decreto con fuerza de ley.
Recuerdo que así lo hicimos, por ejemplo, en el primer Gobierno del Presidente Piñera con la creación del Ministerio del Deporte. Cuando se traspasaron los funcionarios del entonces IND al nuevo ministerio se facultó en la ley al Ejecutivo para efectuar aquello vía decreto con fuerza de ley.
Traigo a la memoria ese ejemplo, y puedo enumerar otros.
Eso siempre ha sido así; porque de lo contrario, se produce una suerte de transacción legislativa en cuanto a los cargos a incorporar en la función pública, y eso no se ve bien.
Por lo tanto, yo voto a favor de la propuesta del Gobierno en esta materia, porque tenemos que ser consecuentes con lo que hemos legislado sobre el particular.
He dicho, Presidente .";1
"144";"21730";503;2024;7;"EBENSPERGER";NA;"La señora EBENSPERGER.-
Gracias, Presidente.
Estamos de acuerdo con que las nuevas plantas deben hacerse por decretos con fuerza de ley.
Lo que hace un tiempo se acordó en esta materia y que algunos llamamos ""teoría Letelier "" -y recuerdo al senador Juan Pablo Letelier - lo vimos -no sé si antes, pero al menos desde que yo llegué- a propósito de la nueva ley de migraciones. Ahí se estableció no darle nunca más un cheque en blanco a los presidentes, entendiendo que en los decretos con fuerza de ley se establecían las plantas; pero el acuerdo en ese minuto fue que en la ley se determinaran los bordes para quien ejerciera el cargo de Primer Mandatario a fin de tener algo que decir.
Entonces, la idea es mandar este asunto a la comisión mixta al objeto de que esta ojalá pueda establecer dichos bordes para que el Presidente de la República dicte el referido decreto.
Eso es lo que hace varios años se acordó, y quien impuso ello fue el entonces senador Juan Pablo Letelier , con el cual concordamos en no entregar más cheques en blanco y fijar en la ley los bordes que debía respetar el Primer Mandatario al dictar un decreto con fuerza de ley.
Gracias, Presidente .
He dicho.";1
"145";"21730";505;2024;7;"PASCUAL";NA;"La señora PASCUAL.-
Gracias, Presidente.
Yo considero bastante complejo este asunto, y entiendo la legítima intención de muchos y de muchas de poder tener algo que decir en materia de fijación de personal, de la dotación y, por lo tanto, de intervenir en un decreto con fuerza de ley para la creación de un nuevo servicio, de un ministerio, etcétera.
Sin embargo, efectivamente, no solo lo que usted dijo en su intervención, Presidente , ha sido la forma en que se han establecido todas las institucionalidades, servicios y ministerios en el marco del retorno a la democracia a la fecha, sino que además hay procedimientos absolutamente mandatados desde el Estatuto Administrativo, como son después los temas de encasillamiento, de concursos internos, de concursos públicos, en fin.
Entonces, de verdad me parece que innovar en esta materia no solo tiene que ver con que no siempre pudiéramos tener a la vista la mirada sistémica de la nueva institucionalidad, sino también con a lo mejor representar lo que a una región en particular le pudiera interesar. Y digo esto en tanto este Senado es la cámara que representa, no proporcionalmente la población en nuestro país, sino una visión de regiones más que nada.
Por eso que, habiendo más del 43 por ciento de la población de Chile en la Región Metropolitana, cuarenta y cinco senadores tienen más fuerza que cinco senadores de esa región.
Creo que esto debiera realizarse a través de un decreto con fuerza de ley no solo por no innovar, sino además por el resguardo de la mirada sistémica y por tener también, desde este punto de vista, respeto por lo que siempre se ha hecho en la materia, con relación al trabajo, a la presión y también a las legítimas demandas de los funcionarios y funcionarias en este sentido.
Por consiguiente, desde esa perspectiva, yo también acojo la propuesta que nos hace el Ejecutivo de no innovar en este ámbito.
Gracias.
53";1
"146";"21730";507;2024;7;"GARCÍA";NA;"El señor GARCÍA.-
Muchas gracias, Presidente.
Yo soy partidario de mantener la delegación de facultades al Presidente de la República . Es lo que hemos hecho normalmente cada vez que se crea un nuevo servicio público, un ministerio, una institucionalidad pública.
De manera contraria, se alarga mucho el proceso, y esas experiencias las vivimos también: hay que entrar a negociar las plantas, hay que considerar la opinión de las asociaciones de funcionarios, en que muchas veces existen desencuentros.
Entonces, si queremos tener en un par de meses más Ministerio de Seguridad Pública, yo pido que votemos a favor de la delegación de facultades que viene propuesta.
Dicho eso, también tengo que señalar, tal como lo ha hecho el senador Juan Antonio Coloma , que él invariablemente ha votado en contra de esta norma. Él estima que las plantas debieran estar en el respectivo proyecto y que no tendría que haber delegación de facultades. Esa ha sido su opinión, y valoro mucho la consistencia que ha mantenido en la materia.
Yo tengo un criterio distinto: sinceramente pienso que cuando uno quiere que las instituciones públicas se creen y puedan funcionar se debe hacer a través de la delegación de facultades.
Gracias, Presidente .";1
"147";"21730";509;2024;7;"COLOMA";NA;"El señor COLOMA.-
Muchas gracias, Presidente.
Efectivamente, ha sido invariable mi postura al respecto, pero quiero hacer una pequeña corrección. Porque digamos lo que estamos haciendo con esta iniciativa: estamos efectuando una excepción a lo que deberían ser todas las leyes que fijan planta.
Está establecido que eso lo hace el Congreso en la ley, y se ha convertido en práctica -¡práctica!- que ello se delegue al Gobierno. Cada vez el Parlamento le entrega estas facultades, pero son especiales. Lo que debería pasar en tiempos normales -parece que nunca hay tiempos normales- es que las plantas se fijaran a través de la ley correspondiente.
¿Pero dónde quiero hacer una aclaración? Si bien ha sido invariable, a veces ha sido exitoso también.
Aquí tengo la ley de migraciones, que muchos de los de enfrente votaron con entusiasmo, y ahí, ¡oh, sorpresa!, se establecieron los bordes que debería tener ese traspaso. No se planteó como se hace ahora: ""Facúltase a"". ¡No! Se señaló: ""Con estas características, con estos requisitos, con esta gradualidad, con esta transparencia"", porque es propio de la forma de entregar una facultad.
Yo no estoy diciendo que la actual Administración haya hecho algo distinto a lo que han realizado los anteriores gobiernos; pero sí que, en otras circunstancias, como la ley de migraciones, se establecieron los bordes necesarios para actuar de mejor manera en esta delegación de facultades que hace el Congreso.
53
Creo que es la única materia en que estamos delegando facultades. Y dicho sea de paso, esto se hacía bastante más en otra época, y el Parlamento fue lentamente variando su criterio al decir: ""Mira, las cosas legales tienen que hacerse legalmente"". No se trata simplemente de traspasarla al gobierno.
Claro, alguien me puede decir: ""Es más difícil"". Sí, puede ser más difícil, pero no sé si es mejor o peor. Yo pienso que es mejor.
Por eso es que consistentemente hemos planteado esta visión.
Pero -insisto- en su momento, en una de las últimas leyes que se aprobaron respecto de traspaso de facultades o de creación de nuevos institutos, este Congreso fue capaz de generar esos bordes, a diferencia de lo que había sido la lógica permanente.
Entiendo también que en el nuevo Sename también se establecieron bordes.
Entonces, a mi juicio, aquí estamos retrocediendo.
Me parece bueno, si a lo menos uno no quiere fijar cargo por cargo, determinar esos bordes.
Por eso a mí me gustaría que esto fuera a la comisión mixta: para establecer esos bordes.
He dicho, Presidente .";1
"148";"21730";511;2024;7;"CHAHUÁN";NA;"El señor CHAHUÁN.-
Presidente, el tema de fondo es si esto va a ser por decreto o por ley, y si somos capaces de establecer un criterio, límites y tiempos acotados.
Entonces, si bien la delegación de facultades es relevante, diría que lo importante es determinar los marcos en virtud de los cuales se va a dictar ese decreto para la fijación de plantas.
Esa es la cuestión de fondo, y me gustaría transmitirle esto a la ministra.";1
"149";"21730";531;2024;7;"COLOMA";NA;"El señor COLOMA.-
Es una consulta técnica: ¿Usted está seguro de que un DFL no tiene quorum especial?
Planteo esto para que sea observado en su momento, pero me extraña. Lo digo nomás.";1
"150";"21730";539;2024;11;"FLORES";NA;"El señor FLORES.-
Muchas gracias.
Señor Presidente , estimada ministra del Interior , ministro de la Segprés , señora subsecretaria, estimados colegas, a modo muy sucinto y de resumen, puedo señalar que el proyecto se inició en septiembre de 2021 como mensaje de Su Excelencia el Presidente de la República , y que continuó en su segundo trámite el 3 de julio de 2023. El Senado conoció y despachó las enmiendas introducidas por la cámara revisora el 24 de julio de 2024, luego de lo cual se crea la comisión mixta, que se constituye el 6 de agosto de 2024 y termina su cometido el 12 de noviembre; es decir, en tres meses.
En resumen, desde el inicio del primer trámite constitucional hasta el despacho de la comisión mixta transcurrió un lapso de poco más de tres años, y la comisión mixta, como digo, se demoró menos de tres meses.
En este contexto, recibimos a autoridades del Ministerio del Interior y Seguridad Pública, de ambas subsecretarías, del Ministerio Secretaría General de la Presidencia, así como a representantes de organismos tales como la Fundación Paz Ciudadana y el Instituto Libertad y Desarrollo.
53
Realizamos doce sesiones específicas para resolver este asunto.
De manera muy sucinta y también de manera muy ejecutiva, quiero referirme a las principales materias que abarca el proyecto que hoy se presenta a la honorable Sala.
Lo primero tiene que ver con la dependencia de las Fuerzas de Orden y Seguridad Pública. En este caso queda absolutamente zanjada su dependencia del Ministerio de Seguridad Pública. Además, en concordancia con la Constitución Política, se explicita que dicha dependencia no obsta la relación de las policías con otros órganos del Estado que también tienen facultades sobre ellas, como el Ministerio Público, por ejemplo.
El Ministerio de Seguridad Pública tendrá funciones de coordinación interministerial e intersectorial en su ejercicio.
Así, se le entregan herramientas de gestión para la coordinación intersectorial, en virtud de lo cual podrá encomendar acciones a otros ministerios u otros servicios públicos y pronunciarse sobre sus planes y programas, lo que en consideración a la complejidad de la criminalidad es un gran avance para una mejor y más integrada respuesta desde el Estado.
Por otra parte, el proyecto define claramente la autoridad que tendrá facultades para solicitar información a otros órganos de la Administración, incluyendo aquella información reservada o secreta y la de inteligencia del Estado: solamente podrá solicitarla el ministro o ministra de esta cartera.
También quedan meridianamente claras las atribuciones del Ministerio sobre las Fuerzas de Orden y Seguridad. La elaboración de sus planes y programas de formación contará con insumos técnicos desde el Ministerio, lo que permitirá entregar una base común para una definición común de los objetivos de formación y capacitación para las Fuerzas de Orden y Seguridad.
Se mantiene en el proyecto la redacción propuesta por la Cámara de Diputadas y Diputados que habilita al ministro o ministra para solicitar informes o reportes de carácter reservado o secreto, incluyendo aquellos que tengan relación con la inteligencia policial en el marco de la ley N° 19.974. Por lo tanto, se establece una línea de responsabilidad precisa para la solicitud de dicha información.
Asimismo, se habilita un sistema de seguridad pública a través de un modelo de gestión de seguridad que incorpora a toda la institucionalidad, pública y privada, que contribuya a mejorar el orden público, la seguridad pública y fomente la prevención. El Ministerio de Seguridad Pública estará a cargo del buen funcionamiento de este sistema y se habilitará una serie de herramientas de gestión para una mejor prevención y contención de la criminalidad actual, así como una mayor coordinación de las instituciones del Estado.
Una novedad que se integra en la comisión mixta -no era parte de las discrepancias y se agrega- es la creación del Centro Integrado de Coordinación Policial, institucionalidad que no existe hoy día y que obliga a una relación ordenada y coordinada entre las policías y otras instituciones, además de ser una instancia de asesoría y coordinación con las policías y de estas con el Ministerio para lograr una mejor acción conjunta. Este centro de coordinación tendrá expresiones macrozonales, de manera de abordar más eficientemente el territorio regional e involucrar a las dieciséis regiones de Chile a través de estas macrozonas.
Del mismo modo, se crea el Sistema Nacional de Protección Ciudadana, que hoy día no existe. Este es el inicio de un modelo de gestión basado en acciones de distintos órganos destinados a gestionar y responder de forma continua las alertas ciudadanas ante riesgos, peligros y amenazas de seguridad.
La iniciativa establece el compromiso de ingresar un proyecto que regule este sistema ocho meses después de la publicación de la ley. Originalmente se consideraba un plazo mayor, desde la creación del Ministerio de Seguridad, el cual se reduce y además queda referido a la publicación de la ley.
También se obliga a una organización interna del Ministerio de Seguridad Pública a través de dos subsecretarías y las secretarías regionales ministeriales. Esto -quiero decirlo- fue objeto de discusión. El texto aprobado por el Senado establecía un rango distinto, más bien de presentación ante la comunidad regional, nombrándose un comisionado de seguridad. En la Cámara se normalizó, digamos, con lo que es la estructura administrativa regional y se propusieron seremías de Seguridad. Lo volvimos a discutir en la mixta, pero finalmente, por mayoría, se mantuvieron las secretarías regionales ministeriales de Seguridad.
Por otra parte, el proyecto señala que será la Subsecretaría de Seguridad Pública la que deberá ejercer las
53
funciones relativas a las Fuerzas de Orden y Seguridad Pública, lo que es consistente con las funciones de la Subsecretaría de Prevención del Delito, evitando duplicidades.
Respecto de esta última Subsecretaría, se incorporan conceptos que dan cuenta de mejor manera de cuáles son las materias de su competencia, como las políticas públicas, la promoción de la seguridad, la prevención y reducción del delito, el desarrollo de capacidades y el ejercicio de facultades regulatorias sobre las entidades coadyuvantes o complementarias para el resguardo de la seguridad pública.
También se incorpora, como área de trabajo, la prevención de incivilidades. La misma subsecretaría podrá identificar sectores y dictar recomendaciones y lineamientos técnicos para que se puedan elaborar políticas, planes y programas con impacto en otros ministerios, como Vivienda, Educación y Desarrollo Social.
Me voy a saltar otras materias que son conocidas por ustedes. Pero considero importante destacar que se mandata a la Subsecretaría de Prevención del Delito para elaborar planes y programas que aborden la prevención en sus distintas dimensiones, por lo que tendrá que fijar muy claramente los objetivos que deben perseguirse dadas las particularidades de los delitos que se cometan en todo el territorio nacional.
También el proyecto explicita la función de fortalecimiento de las capacidades, haciendo salvedad de que Carabineros de Chile, en su rol preventivo, deberá realizar este fortalecimiento a través de la Subsecretaría de Seguridad Pública, manteniendo la relación de las policías con esta Subsecretaría.
Respecto de las secretarías regionales...";1
"151";"21730";547;2024;11;"FLORES";NA;"El señor FLORES.-
Muchas gracias, ¡y van a ser treinta segundos, a solicitud del senador Moreira ...!
Respecto de las secretarías regionales ministeriales, ya hemos dicho que se establecerán seremis como forma de desconcentrar este ministerio, con funciones específicas, requisitos específicos y claros, así como causales de cesación. Y también se crean los departamentos provinciales de seguridad pública.
Tal como se definía en el mensaje, se mantiene la forma tradicional de desconcentración de los ministerios y se explicitan las funciones especiales que tendrán las secretarías regionales ministeriales. Esto fue importante en el debate, para que quede muy claro.
Las adecuaciones al Ministerio del Interior no son menores. La ministra podrá explicarlas, dada su participación clave en esta materia.
La creación del Ministerio de Seguridad Pública no debilita al Ministerio del Interior, sino que, al revés, se configura por ley un ministerio coordinador político y de gestión de gobierno -este es el nuevo Ministerio del Interior-, tanto a nivel central como en su versión regional y provincial a través de los delegados, a quienes se les define claramente su alcance y rol: ""El delegado presidencial regional ejercerá el rol de coordinación regional de gobierno y velará por una adecuada gestión de los servicios públicos (...)"".
Es cuanto puedo informar, señor Presidente.
Creo que tenemos un buen proyecto de seguridad pública con la creación de este ministerio.
Muchas gracias.";1
"152";"21730";549;2024;11;"EBENSPERGER";NA;"La señora EBENSPERGER.-
Gracias, Presidente.
Yo quisiera hacer una solicitud a la Mesa.
En la sesión de ayer se dio cuenta del informe de la comisión mixta, que tiene cerca de doscientas cincuenta páginas, el cual lo empecé a leer de inmediato, pero llegué a la página cien. No alcancé a terminarlo porque hoy día tuve comisión y ahora sesión de Sala. Entonces, quería solicitar, si fuera posible, que ahora se terminaran las intervenciones y que lo votáramos el martes en primer lugar. Como se trata del informe de una mixta, es una sola votación.
Me parece que en un proyecto tan importante como el que crea el Ministerio de Seguridad, sería bueno que al menos tuviéramos tiempo de leer el informe.
Yo me leo los informes, confieso que no puedo hacerlo en todos los casos, pero sí tratándose de proyectos que son importantes. Y en este caso voy en la página cien y eso que empecé apenas me llegó.
Entonces, mi solicitud es que se comenzara con la discusión del informe de la comisión mixta y se procediera con el uso de la palabra, pero que lo votáramos el martes en primer lugar, sin intervenciones, sino que solo con la emisión del voto, cosa que aquellos que tenemos interés lo pudiéramos conocer a cabalidad.
Gracias, Presidente .
53";1
"153";"21730";551;2024;11;"TOHÁ";"ministra del Interior y Seguridad Pública";"La señora TOHÁ ( ministra del Interior y Seguridad Pública ).-
Muchas gracias, Presidente .
Por su intermedio, quiero saludar a la Sala.
En efecto, este proyecto implica una reforma muy grande: crea un Ministerio de Seguridad, pero también introduce una serie de reformas al Ministerio del Interior. Y no sería adecuado que hiciéramos una votación con la sensación de que no ha habido tiempo de mirar el informe o que hay temas que no se han madurado, a pesar de que la discusión lleva mucho tiempo.
Entonces, si ayuda a esa causa dejar la votación para la próxima semana, el Ejecutivo tiene toda la disposición para aquello. No corresponde en una materia de esta naturaleza hacer las cosas tironeadas.
La comisión mixta, cuyo informe acaba de presentar el senador Flores, quien la presidió, logró un acuerdo prácticamente unánime, yo diría, para zanjar todas las materias donde había habido divergencias entre ambas cámaras.
Y la verdad es que, si llegara a pasar que no se aprobara el informe de la comisión mixta, vamos a quedar en una encrucijada sin salida, porque el texto que quedó tras el paso por ambas cámaras no tiene congruencia alguna. Y en la comisión mixta se buscó una solución que resolviera de buena manera los puntos en disputa, que corresponden a materias muy complejas, y que muchas personas han seguido a lo lejos. Entonces, a la hora de votar y tomar la decisión final, es importante darnos el espacio para que todo el mundo conozca el raciocinio que hay detrás y los motivos por los cuales se llegó a determinadas fórmulas.
La manera en que está creado el Ministerio de Seguridad, y lo quiero recordar, aunque sea volver al origen -es clave entender algunas cosas a la hora de juzgar los temas que llegaron a la mixta-, tiene que ver con establecer un ministerio sectorial, o sea, un ente dedicado exclusivamente a la seguridad, y con un componente mucho más técnico que los ministerios políticos, los cuales, por definición, se encuentran muy ligados a la confianza y a la orientación del gobierno de turno y tienen una altísima rotación: llega una nueva administración y cambia el ministerio entero, tanto los niveles superiores como los intermedios. Y eso hace que la continuidad de un gobierno a otro sea baja en los ministerios políticos.
Hoy día aquello atenta contra la naturaleza que ha ido tomando la política de seguridad, que se ha ido sofisticando cada vez más, con elementos técnicos que van evolucionando a gran velocidad, con fenómenos criminales que van cambiando con mucha rapidez y que requieren unas capacidades instaladas superiores a las que históricamente hemos tenido alojadas en el Ministerio del Interior.
Entonces, hay una dimensión que se relaciona con un ministerio especializado, sectorial.
Pero hay una muy importante segunda dimensión del Ministerio de Seguridad que está conectada con la anterior, porque no solo es un ministerio sectorial, con su especialidad y el mando de las policías, sino que además hace de cabeza en el esfuerzo del Estado por proveer una seguridad que requiere de muchas instituciones funcionando en una misma dirección.
53
Porque la seguridad no descansa solamente en las policías, sino que además resulta relevante lo que hace Aduanas, lo que hace Gendarmería, lo que realizan los ministerios de Vivienda, de Educación, de Desarrollo Social.
Entonces, el Ministerio de Seguridad está creado de tal manera que tenga fortaleza en su rol sectorial, y, al mismo tiempo, sea capaz de articular el accionar del conjunto del Estado.
Hoy día esas cosas ya se están haciendo.
Si se fijan, todas las políticas nuevas que se han desarrollado en seguridad, por ejemplo, en materia de crimen organizado, en materia de contrabando de drogas, de armas o ligadas a la frontera, requieren una articulación de muchas agencias. Y hoy se trabaja en esa dirección, pero en gran parte sobre la base de la buena voluntad y del tesón del Ministerio del Interior y no de que se encuentre configurado institucionalmente de esa manera para cumplir su labor.
De ahí que el nuevo ministerio posea herramientas mucho más específicas para lograr aquella articulación. Y con ese objeto se desarrollan algunas cosas que paso a mencionar.
Una de ellas son los consejos de seguridad. Hoy día existe una instancia similar, pero es una asamblea gigantesca, con todo el mundo sentado y muy poco operativa, donde los temas de control se llevan gran parte de la agenda porque siempre son más urgentes.
Y en el nuevo ministerio, en lugar de tener un tremendo consejo, hay dos consejos más acotados: uno de seguridad y otro de prevención del delito, para que la prevención tenga su espacio y ahí se siente el Ministerio de Educación, el Ministerio de Desarrollo Social, el Ministerio de Vivienda, el Ministerio de Transportes, y se piense en políticas públicas desde aquella perspectiva.
En tal sentido, el nuevo ministerio mejora mucho el funcionamiento de la Subsecretaría de Prevención del Delito, la cual, en la práctica, tenía un gran mandato, pero sus competencias consistían básicamente en articular un fondo bastante pequeño en relación con otros fondos que intervienen en la materia, y con pocas garras para incidir. Y eso va a cambiar con el nuevo ministerio.
También se crea el concepto de sistema de seguridad, cuya cabeza es el ministerio, que más que una instancia es una forma de operar de los organismos del Estado que deben aportar a la seguridad. Y eso va a abarcar no solo a los organismos clásicos, sino también a aquellos que mencionaba recién, por ejemplo, el Servicio Impuestos Internos, Directemar, que hoy día, como decía, se coordinan sobre la base de la buena voluntad. Y a partir de la aprobación del proyecto serán parte de un sistema y tributarias para contribuir a la seguridad del país desde sus diversas ópticas.
Entonces, el Ministerio de Seguridad queda concebido como un ministerio sectorial y un ministerio articulador.
Y un gran problema, que no tenía respuesta en el diseño original, era que un ministerio creado para hacerse cargo de la seguridad nacional no tenía expresión en el territorio.
Había un ministerio a cargo de la seguridad, pero la política de seguridad concreta de los barrios, donde hay zonas críticas y se producen conflictos de orden público, seguía radicada en el delegado presidencial.
Su orgánica era muy débil: la seguridad estaba radicada en el Ministerio de Seguridad y la operación en terreno seguía en manos del delegado, quien es un funcionario que se relaciona con el Presidente de la República a través del Ministerio del Interior.
Y de ahí devenía una disociación: queríamos fortalecer la seguridad; estábamos creando un ministerio especializado, pero la seguridad del día a día, que es aquella que a la gente le importa: su barrio, su comuna, el centro de la ciudad, las zonas rurales, seguía en el Ministerio del Interior, y las policías con un doble mando: las políticas, el financiamiento y el desarrollo estratégico en manos del Ministerio de Seguridad; y la tarea del auxilio directo en el territorio en manos del Ministerio del Interior.
Y en el debate se llegó a una fórmula -y sé que ha ocasionado mucha inquietud- que combina adecuadamente el tener un mando claro y un Ministerio de Seguridad encargado de la seguridad en el territorio con un delegado que no se debilita y no se desentiende de la seguridad. Y esta forma es la siguiente.
53
Disculpen la vuelta larga que me voy a dar, pero se va a entender.
Cuando le quitamos la seguridad al Ministerio del Interior, uno de los riesgos que corríamos era que se debilitara - Interior es el ministerio más antiguo del país, y lo consideramos como el ""jefe del gabinete"" aunque en ninguna parte en la ley dice que lo sea-, porque al quitarle la seguridad, que implícitamente da un rango, da espaldas, podría quedar un Ministerio de Seguridad muy fuerte, pero que se nos fuera en el camino el Ministerio del Interior.
El senador Insulza recordará que, cuando se empezó a hablar del Ministerio de Seguridad, en esos años no teníamos el tipo de dinámica que existe hoy.
La razón fue que la seguridad se estaba comiendo al Ministerio del Interior, y en la medida en que iba tomando más espacio, cada vez le costaba más cumplir esta responsabilidad de jefe político, de articulador, porque la seguridad lo absorbía. Eso que ya existía como preocupación en la época en que el senador era ministro del Interior , imagínense cómo es hoy día. O sea, es mucho más notorio.
Entonces, al quitarle la seguridad al Ministerio del Interior, quedó la duda de cómo hacemos para que no pierda esa capacidad y, por el contrario, lo robustezcamos en ese rol.
Y lo hicimos llevando a la ley cosas que estaban en la tradición pero que nunca se habían explicitado, las cuales quedaron redactadas. Esto también fue motivo de mucha discusión, pues hubo temor de que se nombrara a una especie de primer ministro , que no era la idea, sino crear el histórico Ministerio del Interior, jefe del gabinete.
Y explicitamos en la ley, primero, que el Ministerio del Interior es el coordinador político de los ministerios.
Segundo, que tiene la coordinación programática del Gobierno, y para ello se llevan a esta cartera dos divisiones que hoy día son parte de Segprés, pero que nunca se han desarrollado porque Segprés la verdad es absorbida a su vez por el rol legislativo, y toda esta responsabilidad de coordinación interministerial y de estudios programáticos de la política pública quedan en segundo plano.
Estas dos divisiones se van a Interior: la División de Coordinación Interministerial (DCI) y la División de Estudios.
Esta figura del ministro o ministra del Interior, que es el coordinador político del gabinete, se replica en el delegado regional.
El delegado regional es el delegado del Presidente de la República, no es el encargado del tema A o del tema B; es el encargado de todos los temas, igual que el Presidente, por algo es su delegado. ¿Eso quiere decir que se desentiende de la seguridad? Por supuesto que no.
Recordemos que cuando hubo una crisis con el Sistema Local de Educación Pública en Atacama, el delegado no se podía desentender; cuando hace un tiempo hubo un brote previo al resto del país de influenza en Ñuble, el delegado no se podía desentender; cuando hubo prioridad por sacar adelante la meta del Plan de Emergencia Habitacional, el delegado no se podía desentender, y de la seguridad tampoco se va a poder desentender. Pero habrá una seremía, dependiente del Ministerio de Seguridad, que tendrá la tarea sectorial, operativa, concreta, para llevarla adelante.
¿Cómo resolvimos el mando de las policías? El mando estará a cargo del seremi de Seguridad.
El Senado originalmente lo llamó de otra manera: ""comisionado de seguridad"". Al final, la Cámara y la comisión mixta no quisieron quedarse con ese nombre. Yo sé que el senador Insulza estaba inquieto por eso. Y no quisieron quedarse con ese nombre porque es una creación que no está reflejada en nuestra legislación, no está en el estatuto administrativo. Prefirieron aferrarse a una figura que existe en el estatuto administrativo, pero desarrollando de manera muy explícita sus competencias para que quedara claro que es la forma en que se desconcentra el Ministerio de Seguridad, por cuanto el seremi tiene a su cargo todas las funciones del Ministerio de Seguridad, incluido el mando de las policías, a través del cual se requiere el auxilio de la fuerza pública.
Pero, ¡ojo!, aquí dejamos una garantía para que el delegado no se desentienda de la seguridad, para que siga requiriendo el auxilio de la fuerza pública. Es la autoridad superior, pero opera a través del seremi. El seremi nunca se puede excusar en que el delegado no lo convocó. Pero si el delegado lo convoca, debe hacerle caso y cumplir su instrucción.
53
Entonces, ¿qué nos genera esta medida? Tenemos una autoridad a cargo del día a día, con las competencias, con la especialización, que es el seremi, y el delegado, cuando ve una situación a la cual no se está respondiendo adecuadamente, puede instruir y el seremi debe cumplir.
¿Qué tiene de virtuoso? Que para las policías su mando siempre es el seremi, nunca va a haber otro. Pero el seremi tiene claro, al igual que los seremis de todas las áreas, que ellos tienen una doble jefatura: una jefatura de su ministro y una jefatura del delegado.
A nosotros se nos olvida que los seremis en Chile se nombran de una terna que propone el delegado y de ahí el Presidente de la República consulta al ministro y elige. Esto con el tiempo se ha ido desfigurando, pero debemos volverlo a configurar, porque...
(La senadora Provoste palmea sus manos en el aire).
¿Qué fue eso?
(Risas).";1
"154";"21730";557;2024;11;"TOHÁ";"ministra del Interior y Seguridad Pública";"La señora TOHÁ ( ministra del Interior y Seguridad Pública ).-
No me había dado cuenta.
Entonces, ¿esto qué nos va a permitir? Un mando único sobre las policías y una obligación del delegado de estar siempre encima, pero con las policías se relaciona a través del seremi.
¿Qué otra cosa tiene esto de relevante?
Como les decía, el delegado va a ser un espejo del Ministerio del Interior en la región, y eso se transforma en definiciones que en la ley hasta ahora no estaban: es el coordinador regional del gobierno, debe velar por la adecuada gestión de los servicios públicos e informar al Presidente de la República cada seis meses del andar del Gobierno en la región. Así vamos a tener un delegado mucho más explícito en su rol, con una competencia como
53
tal, jefe de todos los seremis, dentro de los cuales habrá uno especializado a cargo de la seguridad.
También ha sido motivo de preocupación la creación de una figura de director provincial de seguridad, que va a activarse a solicitud de los delegados, con una evaluación previa que debe hacerse a través de una instancia -les voy a explicar en un ratito más cómo funciona- donde están las policías. El objetivo de que exista esta figura es que en varias regiones del país existen provincias que presentan realidades propias, distintas a las de la capital regional.
Un buen ejemplo es pensar en esta misma región. Un seremi de seguridad instalado aquí, en Valparaíso, difícilmente podrá conocer el día a día de lo que pasa en San Felipe y Los Andes. Probablemente va a requerir un director provincial, y para nombrarlo -este cargo no queda creado por ley, por lo que está la posibilidad de designarlo-, va a basarse en un informe que hará una instancia -también es otra creación de la mixta- que se llamará ""Cicpol"" (Centro Integrado de Coordinación Policial), que es un organismo que asesora al Ministerio, donde están ambas policías, cuya labor es la coordinación de operaciones policiacas complejas que requieren la participación de ambos organismos; la identificación de situaciones de riesgo que el país debe prepararse para enfrentar, y el intercambio de información interoperable entre ambas policías.
Esta unidad Cicpol , que se compone tanto por la PDI como por Carabineros, será dirigida por un funcionario que nombra el Ministerio del Interior y que debe ser un oficial general de Carabineros o de la PDI. Es una especie de ""Estado Mayor de las policías"", por decirlo así, para mejorar la coordinación entre ambas.
Otras creaciones importantes que conlleva el proyecto.
Primero, establece que el Ministerio del Interior debe desarrollar una capacidad, y habrá que dictar una ley a futuro, para diseñar una institucionalidad en el Estado a cargo de la reconstrucción.
El enfrentamiento de las catástrofes sigue coordinado por Interior, pero ustedes saben que nadie está a cargo y en cada reconstrucción se crea una institucionalidad que, cuando termina sus labores, desaparece y todo el aprendizaje se pierde. La idea es que tengamos a futuro una institucionalidad permanente, que acumule conocimientos, que desarrolle la experiencia suficiente para abordar de reconstrucción en reconstrucción. Eso estará en una ley especial que habrá que presentar a futuro.
Se crea otra instancia muy importante, que es el Sistema de Protección Ciudadana. Esto emula instancias que existen en muchos países para que todos los sistemas de emergencia funcionen integrados para responder a las urgencias ciudadanas: las policías, bomberos, el área de salud, que hoy día operan cada uno por su lado. No se trata solo de crear un teléfono común (a veces el teléfono es lo más visible), sino que la distribución de los recursos en el enfrentamiento de la emergencia se administre integradamente.
La ley establece un plazo de ocho meses desde su promulgación para que este proyecto se presente. Si todavía no está el Ministerio de Seguridad, lo tendrá que hacer el Ministerio del Interior.
Otra creación de este proyecto, que también es muy relevante, es que se establece -aparte del Cicpol, que recién les decía cómo va a operar- una modalidad llamada ""certificado de pertinencia"", la cual dispone que, cuando las policías reciban recursos para desarrollar inversiones de cualquier tipo, que hoy día se hace a manos de los gobiernos regionales o de los municipios, ello esté ligado a un certificado de pertinencia para asegurar que esas inversiones sean coherentes con el plan estratégico de las policías, con sus capacidades y con las prioridades que establece la política de seguridad.
Ese puede ser el camino por el cual podamos empezar a darle también más integración al aporte que hacen otros agentes a la seguridad, que hoy día se realiza de manera muy inorgánica, con mucho entusiasmo, pero con poca coordinación. Por tanto, esto va a establecer una manera de darle mayor coordinación.
En definitiva, Presidente , en la mixta, y creo que esa fue la razón por la cual se logró un informe prácticamente unánime, estos temas que dieron vuelta durante toda la tramitación encontraron una buena forma de resolverse.
En lugar de debilitarse el delegado, se le fortalece en su rol transversal; en lugar de tener un Ministerio de Seguridad, que es una entelequia santiaguina, sin una presencia en el territorio, ahora la tiene, pero no sobre la base de debilitar al delegado; y en lugar de tener un ministerio abocado aisladamente a sus tareas, hoy posee facultades y mandato para coordinar el conjunto de la acción del Estado no solo en el control, sino también en la
53
prevención, que sale muy fortalecida en este proyecto.
Después de que creamos una Subsecretaría de Prevención del Delito (SPD) hace algunos años, diseñada de modo tal que ha presentado muchas insuficiencias, la forma en que queda desarrollada en esta iniciativa le va a dar una relevancia muy distinta.
Por último, en cuanto a algo que nos fue planteado desde la sociedad civil en su momento, en el Ministerio de Seguridad se crea, al lado del ministro o ministra , una unidad estratégica de desarrollo de evaluaciones y estudios en materia de seguridad. La seguridad no puede ser una política tan reactiva a la emergencia del último delito, debe tener una capacidad de adelantarse, de tener evaluaciones a fondo, de proyectar las políticas en el tiempo, cosa que ha sido muy esquiva durante todo este período.
El nuevo diseño del Ministerio contempla aquello y eso asegura también tener un ministro o una ministra con capacidad de mirar no solo la respuesta a la contingencia, sino también la mirada hacia delante, que ciertamente es lo que nos faltó hace algunos años cuando no vimos venir todos los fenómenos que hoy estamos viviendo.
Bueno, el futuro Ministerio de Seguridad no se va a poder excusar de que no los vio venir. Su obligación será verlos, porque se le dan las condiciones para tener esa mirada y también las capacidades para evaluar la situación.
Espero, Presidente, que con esto podamos anticipar algunos temas. Y quedo atenta a escucharlos y a seguir el día de hoy o la próxima semana, antes de votar, y así tener todas las dudas y observaciones recogidas.
Muchas gracias.";1
"155";"21730";560;2024;11;"INSULZA";NA;"El señor INSULZA.-
Entiendo que es muy importante, ciertamente, terminar de votar el proyecto de notarios, que llevamos discutiendo hace varios años ya.
Pero esta otra iniciativa requiere contar con una buena información. La verdad es que me cuesta mucho pronunciarme sobre algunas cosas. Acabo de recibir el informe de la comisión mixta y me gustaría saber si están ahí algunos temas muy centrales, o preguntar por qué no están. Y voy a poner un ejemplo solamente: en materia de personal, no es lo mismo trasladar funcionarios desde el Ministerio del Interior al Ministerio de Seguridad, que destinar personal especializado en temas de seguridad pública, que es uno de los objetivos del proyecto.
53
Entonces, considero bueno saber un poco los detalles, y por eso pediría que ojalá extendiéramos un poco la discusión. Yo estoy dispuesto a tratarlo el martes entero, pero que no sea solamente para votar, sino también para decir algunas cosas.
Hoy día que hablen los que quieran hacerlo, y si alcanzan algunos, me parece muy bien. Y no estoy pidiendo que cada uno pueda intervenir por más de cinco minutos, sino simplemente poder saber acerca de una cantidad de cosas que desconocemos si están o no ahí.";1
"156";"21730";562;2024;11;"ARAVENA";NA;"La señora ARAVENA.-
Presidente, lo primero es saludar a la ministra que está presente, y efectivamente asumir que no todos hemos podido revisar en detalle este proyecto. Yo tuve la posibilidad de reemplazar a algunos colegas en dos sesiones.
Esto es muy importante, primero, porque todos estamos contestes de que queremos trabajar en la seguridad, por tratarse del problema más importante que tiene Chile; y segundo, porque en cuanto a la seguridad y la salud debemos tener una institucionalidad que sea muy sólida, pero a la vez muy rápida, muy ejecutiva, pues ni la salud ni la seguridad pueden esperar, ya que tienen que ver con la vida humana.
Y, en ese contexto, a mí me preocupa muchísimo -tengo que manifestarlo, aunque voy a leerme el documento completo para poder tener una opinión más fundada- saber si este Ministerio de Seguridad tendrá la capacidad de ser tan ejecutivo como para responder de manera eficiente respecto del crimen organizado, que hoy día tiene una eficiencia que no quisiéramos. El crimen organizado nos lleva adelantada una carrera muy grande no solamente a nivel nacional, sino también internacional, aparte de estar conformado por personas expertas en el crimen. Esa es la realidad.
Hoy día, a este ministerio, luego de una revisión muy breve, observo que se le asignan quince funciones y veintiuna atribuciones; y, por otro lado, se establece un Sistema de Seguridad Pública, que sin duda es importante; se dispone un reglamento; se crea un Consejo Nacional de Seguridad Pública, un Consejo Nacional de Prevención del Delito y consejos regionales de seguridad pública.
Asimismo, se crea un Centro Integrado de Coordinación Policial, que me parece una excelente idea; se incorporan los consejos comunales, que ya existen, que están vinculados a la ley municipal, y se crea el Sistema Nacional de Protección Ciudadana.
Sin embargo, lo que más me preocupa, y me voy a ocupar de ello al revisar en detalle el proyecto, es la bajada territorial.
53
Y, en ese sentido, conociendo cómo funciona el Estado en las regiones, se me genera una complicación en la práctica por la existencia de un delegado que debe compartir su función más reconocida actualmente, que es la seguridad, con las secretarías regionales ministeriales de seguridad pública, los famosos seremis.
Estos -tengo que decirlo, y me hago cargo de ello-, en la gran mayoría de los casos, no son personas necesariamente expertas, sino que más bien se trata de asignaciones políticas. Por ejemplo, en el caso de Conaf en mi región, la directora regional es asistente social. No desmerezco el cargo, pero efectivamente no es un cargo técnico, sino absolutamente político. Este puesto político estaría a cargo de las Fuerzas Armadas porque, si bien trabajan coordinadamente, no tienen las mismas atribuciones. Por otro lado, necesariamente deben trabajar de manera coordinada para solicitar reuniones de los consejos en cada una de las regiones.
Entonces, tenemos una Subsecretaría de Seguridad Pública, una Subsecretaría de Prevención del Delito, secretarías regionales ministeriales (con sus respectivos seremi s) y, a la vez, departamentos provinciales de seguridad. Y la última bajada son los consejos comunales, que ya existen, pero que hoy tendrían un reconocimiento a través del Ministerio de Seguridad.
Por otra parte, la cantidad de funciones que tiene es bastante grande y las atribuciones son todas necesarias. Pero esta estructura, que tiene un costo, en el primer año, de alrededor de 8.000 millones, y un valor en régimen cercano a los 7.500 millones, me preocupa no desde el punto de vista del dinero -si bien es bastante-, sino de su movimiento a fin de que sea eficiente para controlar un tema que, lamentablemente, va dominando a pasos agigantados no solo a Chile, sino a toda Latinoamérica, y que de alguna manera tiene una red internacional tan efectiva y tan eficiente que, sin darnos cuenta cómo, en los últimos cinco años prácticamente se instalaron doce carteles de crimen organizado internacional en Chile.
Hoy día, entre un 20 y un 30 por ciento de las personas privadas de libertad son parte integrante de estos modelos de negocio terribles, pero que existen. Por ello, si bien es necesario que modernicemos la institucionalidad, a mí me preocupa, y nos debiera ocupar, que esto sea absolutamente rápido y eficiente.
Entiendo que la Agencia Nacional de Inteligencia también estaría disponible como una institución externa al ministerio, pero sí dependiente en el sentido de la búsqueda de información.
Voy a leer el texto con más detalle; pero en esto quiero ser muy honesta, porque no es un juego. El Senado puede aprobar o rechazar este proyecto, pero las familias que hoy esperan que disminuya la inseguridad en cada una de sus ciudades o regiones, ¿sentirán en un año más que algo ha cambiado? ¿La población chilena se sentirá más segura con este ministerio? Nos tenemos que hacer cargo de esto como corresponsables.
Dada la importancia que tiene este proyecto -lo voy a leer en detalle-, hasta el momento, yo me abstendría.
Yo he sido una funcionaria pública, y lo digo con mucha honra, durante toda mi vida. Pero no puedo defender lo indefendible.
El Estado de Chile es un Estado ineficiente. No somos un Estado eficiente, por muchas razones que hoy día no vale la pena analizar. Pero si eso es así, ¿qué de diferente tiene este articulado que hará que sí sea eficiente? Esa es la pregunta que yo me hago.
Por lo tanto, dejaremos la votación para el martes. Sin embargo, quiero decir que hoy día no existe nada por lo que jugarse más en Chile que la seguridad, la salud y la educación.
Esta es la clave de la diferencia que puede hacer Chile: ser un país desarrollado o uno subdesarrollado.
Muchas gracias, Presidente .";1
"157";"21730";564;2024;11;"INSULZA";NA;"El señor INSULZA.-
Muchas gracias, Presidente.
Quiero empezar mis palabras diciendo que, desde luego, votaré a favor de este proyecto.
Felicito a la comisión mixta por aquello a lo que se ha llegado después de varios años de un arduo trabajo, que viene hace bastante tiempo. En realidad, ya a comienzos de este siglo empezamos a hablar de la necesidad de un ministerio de seguridad pública. Después, por razones de expedición, de demoras, etcétera, al nombre de Ministerio del Interior simplemente se le agregó la frase ""y Seguridad Pública"".
En realidad, el Ministerio del Interior siempre estuvo a cargo de la Seguridad Pública.
En el año 1811, cuando se creó el Ministerio del Interior, eso era lo que hacía el Estado. No existían los servicios públicos ni otras cosas; la coordinación del Gobierno de la cual aquí se hablaba era escasa. Había Hacienda, había Defensa, había Economía y Seguridad Pública; eso era todo lo que había. Son las bases de la Administración del Estado.
Pero, en la medida en que la sociedad se va haciendo más compleja, se hace necesaria una mayor presencia de instituciones que dirijan, que gestionen y que coordinen la seguridad pública.
Eso es lo que tratamos de conseguir con esto.
No es una nueva función, sino que una responsabilidad que el Estado siempre ha tenido y que ha cumplido de distintas maneras. Ahora se considera necesario que exista un ministerio encargado especialmente de esto; porque, como lo ha dicho muy bien la señora ministra del Interior, en un momento determinado pareciera que otras funciones del Estado no necesitan ser coordinadas, porque todos estamos dedicados a la seguridad pública.
Para mí el primer punto de este proyecto es el esencial, y yo felicito que esté aquí. Se trata del que establece claramente la dependencia de las Fuerzas de Orden y Seguridad Pública al Ministerio de Seguridad Pública, puesto que en este radican las policías.
Eso es muy importante de considerar, Presidente , porque tenemos unas policías bastante grandes, enormes. Son instituciones con sus propias reglas, su propio personal, sus funciones, etcétera. Por lo tanto, decir que dependen de un ministerio no es una cosa fácil de hacer ni de decir. Y pueden depender de muchas maneras.
Lo que a mí me interesa saber bien de este proyecto es si hay garantías de que realmente aquello se produzca. Por ejemplo, en mi región, el delegado presidencial convoca a los encargados de la seguridad todos los lunes en la mañana y realiza una larga revisión de lo que están haciendo esa semana y de lo que realizarán en la próxima.
Si el ministro de Seguridad Pública va a hacer eso y tendrá contacto directo con los jefes de la seguridad pública, eso ciertamente va a dejar de lado muchas de las dudas y preocupaciones que existen.
Pero seamos francos: esa función sí existe desde el año 2000, 2001, 2002. Sin embargo, el nexo, por ejemplo, de Carabineros con el Ministerio del Interior y Seguridad Pública era un teniente coronel. Teníamos que llamar siempre al director de la policía cuando había algún tema importante que plantear, cosa que algunos ministros hacían -yo sí-, y otros no.
Por lo tanto, asegurar que este ministerio es real, que en este radican las policías, a mí me parece muy fundamental.
Y por eso quisiera leer el texto en detalle para asegurarme de que así sea.
En segundo lugar, respecto a los puntos que ha planteado aquí la Ministra del Interior , me parece bastante interesante el Centro Integrado de Coordinación Policial. Porque ahí tiene que haber un Estado Mayor, pues. Y los
53
estados mayores generalmente están formados -para los que saben de Fuerzas Armadas- con charreteras, con galones. No es cosa de mandar a cualquier funcionario. Hay que tener un centro de coordinación policial al más alto nivel, y eso hay que garantizarlo.
Me parece que eso es muy fundamental, Presidente .
También lo es -y me parece estupendo- el Sistema Nacional de Protección Ciudadana. Pienso que hoy es necesario crearlo. Las personas deben tener confianza de que la policía va a actuar para ellas y de que se va a reparar lo que le haya ocurrido a un ciudadano y a protegerlo.
Respecto a la organización interna, Presidente , estamos prestando mucha atención a cómo están las secretarías.
Considero que era necesario hacer la Subsecretaría de Prevención del Delito, ya que ciertamente no está claro para la opinión pública cuál es la diferencia, qué es lo que ocurre ahí. Pero creo que, si eso lo resuelve, lo vamos a ver también. Eso es una gran idea.
Ahora, hay un tema de personal.
Yo lo quiero decir con mucha franqueza: cuando yo he expuesto este proyecto -lo he presentado en muchas partes, en los últimos años-, la pregunta es: ¿van a tener personal nuevo? Porque, francamente, si ustedes preguntan cuántos funcionarios tiene la actual Subsecretaría del Interior que sepan de seguridad pública y entiendan de qué se trata el tema, estos se cuentan con los dedos de una mano o los dedos de dos manos. Esa es la gente que vamos a tener para hacer valer el principio de que este es el Ministerio del cual dependen las policías. Y, por lo tanto, tiene que haber un contingente especializado en temas de seguridad pública dentro de él.
Y me parece estupendo, me parece muy bien que haya traspaso de funcionarios del Ministerio del Interior -algunos ya están dedicados a eso, otros no-, que se respeten todos sus derechos, que ninguno de ellos se quede sin pega por el hecho de cambiar la estructura; pero que tengamos gente especializada dirigiendo la seguridad pública para mí es fundamental.
Y cuando a mí los entendidos me preguntan qué va a hacer este ministerio, yo, con toda franqueza, les respondo: ""Dependerá de cuántos especialistas en seguridad tienes ahí, cuánta gente que conoce los métodos y las formas actuales de seguridad pública estarán instalados en el Ministerio de Seguridad Pública"".
Creo realmente que ese es un tema de quien organice el Ministerio, y espero que lo que sea organizado el próximo año se realice.
Ahora, francamente, para mí era un tema hasta hace algunos meses la instalación de esta institución en las regiones, pero entiendo las necesidades que hay. Lo único que yo hubiera querido es que -eso no va a ocurrir hoy día todavía- el Ministerio del Interior fuese consagrado plenamente como el ministerio coordinador del gobierno.
El Ministerio del Interior se llama así porque -repito que, cuando se formó en el año 1811, se le denominó ""del Interior""- se dedicaba a la seguridad pública, fundamentalmente. Hoy día el Ministerio del Interior, como siempre lo dije, no es el primer ministro , pero es el ministro primero. Yo estoy seguro de que a todos los que han ocupado ese cargo -lo saben- les tocó jurar antes que todos los demás.
La verdad es que por alguna razón el ministro del Interior , en la formalidad del Estado, tiene una cierta primacía.
Pero eso es porque debería ser el coordinador del gobierno. Es el ministerio de gobierno, en realidad. ¡El Ministerio del Interior es el ministerio de gobierno! No le cambiemos nombre, porque se llama ""Ministerio del Interior"" desde 1811, y mucha gente se ofendería.
Pero -insisto- es el ministerio de gobierno al cual de alguna manera se recurre cuando un tema no es para el Presidente de la República o este no puede atenderlo. Y eso también tenemos que fortalecerlo. Debemos ser capaces de fortalecer un aparato en el palacio de la Moneda que coordine el conjunto de las actividades de gobierno.
¿Hay una Secretaría General de la Presidencia ? Sí. En su momento fue concebida como la ""casa civil"" del Presidente de la República de la época. Entonces, dependía de él el seguimiento cotidiano de las funciones del gobierno, como también los temas de estrategia general del gobierno, la legislación y la relación con el Parlamento.
53
Hoy día fundamentalmente esa tarea la cumple la Secretaría General de Gobierno, pero en algún momento habrá que ver una forma para que esto sea parte en lo fundamental, salvo en la relación con el Parlamento, del Ministerio del Interior.
En suma, Presidente, el ministerio que estamos creando ahora es un real logro. La gente espera que se cree, por eso me apena que alguien diga ""Mire, estamos revisándolo ahora"". Lo hemos discutido durante cinco o seis años.
Formamos comisiones mixtas entre el Senado y la Cámara para discutirlo.
El Gobierno del Presidente Piñera fue el que inició este trabajo, para ser bien claro. El primer proyecto de ley es de redacción del subsecretario de ese entonces, el señor Galli , quien lo presentó en la comisión en la cual lo discutimos. Le pusimos cosas, le sacamos otras, anduvimos por un camino complejo y hemos llegado hasta aquí.
Pienso que con los años este nuevo organismo va a tener muchas modificaciones, por cierto, porque lo tenemos por primera vez.
Sin embargo, me parece que es un gran avance para el país que esto se concrete de una vez... ()... y llamo a todos mis amigos, a mis colegas acá a que votemos a favor porque realmente es una cosa que se espera en este país.
se desactiva el micrófono por haberse agotado el tiempo y se vuelve a activar por indicación de la Mesa
Muchas gracias, Presidente .";1
"158";"21730";568;2024;11;"WALKER";NA;"El señor WALKER.-
Muchas gracias, Presidente.
Saludo a la ministra y a las subsecretarias.
Quiero anunciar mi voto favorable al informe de la comisión mixta en lo que es el trámite final del proyecto de ley
53
que crea el Ministerio de Seguridad Pública.
Creo que en esta instancia del debate, en que conforme al acuerdo de la sala finalmente vamos a votar el próximo martes, tenemos que distinguir lo principal de lo accesorio, lo general de lo particular.
Sin duda, esta es una gran noticia y es la ratificación de un proyecto de ley que además -quiero recordarlo- forma parte del fast track legislativo que acordamos el Senado y la Cámara de Diputados con el Gobierno.
Seguimos avanzando en la aprobación del fast track legislativo, al igual como antes lo hicimos respecto del proyecto de ley sobre reincidencia y otras iniciativas, porque las prioridades ciudadanas tienen que ser las prioridades legislativas y de este Congreso Nacional.
Considero que es fundamental tener a un ministro o una ministra de Seguridad Pública enfocado cien por ciento en la prevención del delito y también en lo que dice relación a materias de orden y seguridad, con la tuición directa sobre las Fuerzas de Orden y Seguridad, particularmente Carabineros y la Policía de Investigaciones.
Por supuesto que se generaron discrepancias, se generaron dudas.
Personalmente mantengo una duda, a pesar de mi voto favorable en el trámite final del proyecto, y la voy a dejar establecida para la historia de la ley.
Yo soy de aquellos que piensan que es la figura del delegado presidencial la que debe mantener su tuición sobre las Fuerzas de Orden y Seguridad.
Considero que a quien naturalmente responden Carabineros y la Policía de Investigaciones en las regiones que representamos es al delegado presidencial. Por ejemplo, en la región de Coquimbo, hace dos semanas, el delegado presidencial Galo Luna nos invitó a todos los parlamentarios de la región a un muy buen consejo en materia de combate al crimen organizado. Y fue el liderazgo del delegado presidencial el que convocó a los parlamentarios, al general de zona de Carabineros , al prefecto de la Policía de Investigaciones, a todos los servicios públicos que tienen que ver con enfrentar el crimen organizado.
Dudo que el seremi de Seguridad tenga la misma fuerza para hacer esa convocatoria.
Y quiero compartir esa reflexión.
Por eso que, en subsidio, me gustaba incluso más la fórmula que había aprobado el Senado: la del comisionado. Yo sé que es una figura, como ha dicho la ministra, ajena al derecho administrativo en nuestro ordenamiento jurídico.
Y tenía una denominación distinta, porque, claro, la seguridad debe tener una connotación distinta.
Tener un seremi de Seguridad en el mismo rango que el de un seremi de Cultura o de un seremi de Transportes, con todo el respeto que me merecen esas importantes reparticiones públicas, creo que no es lo mismo. Me quedo con esa duda.
Pienso que en la práctica los generales de Carabineros, los prefectos, los generales de zona le van a seguir respondiendo al delegado presidencial.
Por ejemplo, respecto de instruir el auxilio de la fuerza pública, ciertamente, los delegados presidenciales van a ejercer el rol de coordinación de gobierno en la región y velarán por una adecuada gestión de los servicios públicos. Y en ese rol podrán instruir el auxilio de la fuerza pública, pero a través del seremi de Seguridad, ¡a través del seremi de Seguridad! ¿Y qué pasa si el seremi de Seguridad le dice que no al delegado presidencial?";1
"159";"21730";570;2024;11;"WALKER";NA;"El señor WALKER.-
Bueno, ahí es donde tengo la duda. Porque burocratizar el orden y la seguridad interior del Estado en las regiones o en las provincias me genera algunas dudas.
53
Por eso, insisto, ya que no hubo acuerdo en su momento para que esa función la ejerciera el delegado presidencial en las regiones, creo que no era mala la fórmula intermedia que habíamos aprobado en el Senado con la figura del comisionado.
Pero me quedo, Presidente, con la mayoría de los aspectos del proyecto que son enormemente positivos.
Establecer claramente la dependencia de las Fuerzas de Orden y Seguridad Pública al nuevo Ministerio de Seguridad Pública, en concordancia con la Constitución Política, que explicita que dicha dependencia no obsta la relación de las policías con los demás órganos que tienen facultades sobre ellas, como el propio Ministerio Público.
Eso creo que se resolvió bien, considerando que había sido uno de los puntos de discusión.
Entregar herramientas de gestión al Ministerio para la coordinación intersectorial.
Encomendar acciones a otros ministerios o servicios públicos, y pronunciarse sobre sus planes o programas.
Dispone la elaboración de los planes y programas de formación de las Fuerzas de Orden y Seguridad Pública, que cuente con los insumos técnicos desde el Ministerio, lo que permitirá entregar una base común para la definición de los mínimos objetivos en la formación y capacitación de las Fuerzas de Orden y Seguridad Pública.
Como bien decía el senador José Miguel Insulza , quien, como recordaba la ministra Tohá , fue ministro del Interior , no se trata solamente de traspasar funcionarios de un ministerio a otro, sino que la especialización, la profesionalización, la preparación pasan a ser fundamentales.
En fin.
Habilitar un modelo de gestión de la seguridad que incorpore a toda la institucionalidad pública y privada, que aporte a asegurar el orden público, la seguridad pública, y que fomente la prevención, me parece que es muy importante.
Proporcionar una serie de herramientas de gestión para una adecuada respuesta a los desafíos de la criminalidad actual, que exigen una respuesta coordinada de las instituciones del Estado.
Todo eso me parece fundamental.
Me quedo con esa enorme duda respecto de cómo va a funcionar esto en las regiones, pero vamos a hacer fe de que el reglamento pueda aclarar muchas de las materias que pueden haber quedado parcialmente sin resolver en este proyecto de ley, que considero muy importante.
Como digo, debemos distinguir lo general de lo particular, lo principal de lo accesorio, y aprobar el Ministerio de Seguridad.
Y espero que el día martes, cuando finalmente votemos de una vez por todas este proyecto, tengamos los votos necesarios para hacerlo realidad.
Hay que poner los votos donde se ponen las palabras en materia de seguridad.
Yo voto a favor.
Gracias, Presidente .";1
"160";"21730";573;2024;11;"BUSTOS";"Prosecretario";"El señor BUSTOS (Prosecretario).-
Gracias, señor Presidente.
En este momento, ha llegado a la Mesa el siguiente documento:
""Mensaje de Su Excelencia el Presidente de la República
Con el que retira la urgencia que hiciera presente para el despacho del proyecto de ley que crea el Ministerio de Seguridad Pública (Boletín N° 14.614-07).
--Se toma conocimiento del retiro y se manda agregar el documento a sus antecedentes"".
)------------(
El señor GARCÍA (Presidente).- Continuamos otorgando el uso de la palabra.
Está inscrita la senadora Yasna Provoste.
Tiene la palabra, senadora.";1
"161";"21730";574;2024;11;"PROVOSTE";NA;"La señora PROVOSTE.-
Muchas gracias, Presidente.
Saludo a la ministra, a las subsecretarias de la Segprés, de Prevención del Delito y de la Subdere, presentes en esta sala.
Es claro que en los últimos años para la ciudadanía la urgencia por combatir el crimen organizado es una cuestión relevante. Por tanto, el que exista una institucionalidad eficaz que mejore los grados de protección de la sociedad es muy urgente.
Sin embargo, solo el debate de este proyecto de ley lleva más de cinco años y, como lo recordaba el senador Insulza , la discusión de todo este tema ha tomado incluso más de una década.
Se requiere un órgano público que sea capaz de coordinar el esfuerzo de las policías, de la inteligencia policial, de los órganos persecutores para poder optimizar la tarea contra el crimen organizado. De eso, no tenemos ninguna duda.
Creo que el proyecto de ley alcanza con éxito este punto, y la ministra también lo señalaba en su intervención.
Se requiere un Ministerio de Seguridad porque es la herramienta clave para lograr incrementar la coordinación, la eficiencia del Estado y la lucha por proteger a la ciudadanía.
Como decía, Presidente , esta tramitación lleva ya demasiados años para una sociedad donde se ha incrementado el miedo y el temor por el avance de la inmigración ilegal, por las bandas delictuales.
Y como este ministerio será el ente coordinador en la lucha contra la delincuencia, tal como propone este proyecto de ley, en nuestra opinión se requiere una adecuada arquitectura institucional. Y a riesgo de ser una voz absolutamente disidente de todo lo que se ha dicho aquí, me parece que hay dificultades de diseño que me preocupan.
Lo digo porque este domingo vivimos la segunda vuelta para elegir gobernadores y gobernadoras regionales, donde participaron más de 11 millones de ciudadanos, con un 83 por ciento de la población. O sea, los gobernadores regionales son una institucionalidad que va gradualmente consolidándose.
Sin embargo, este proyecto los omite y no los considera.
Mientras los gobernadores regionales piden más protagonismo en la lucha por proveer mayor seguridad a la población, este proyecto no les da ningún rol ni tarea. Porque nadie podría pensar que participar en una mesa, que
53
ellos ni siquiera coordinan, es un rol relevante para una autoridad elegida.
Entonces, a mí lo que me preocupa es que, mientras el domingo avanzamos en descentralización, hoy en este proyecto de ley retrocedemos, porque se le hace un baipás al gobernador regional, autoridad democráticamente electa, y se privilegia al delegado presidencial, que es una autoridad designada centralizadamente y que tampoco tiene continuidad. Y eso es un riesgo.
Lo digo desde una región donde llevamos tres años de Gobierno y ya hemos tenido tres delegados.
Permítanme decir, con conocimiento de causa, que estas políticas requieren continuidad.
Entonces, es una paradoja y no es una buena señal que, cuando se había construido un acuerdo para avanzar gradualmente hacia una mayor descentralización, incluso cuando parte importante de la inversión regional -el próximo año llegará a los 1.800 millones de dólares- se destina a proyectos de seguridad regional, al final en esta legislación, que crea el Ministerio de Seguridad, se ignore el rol de los gobiernos regionales.
Creo que este retroceso no ayuda a mejorar la lucha contra el crimen organizado en las regiones, donde el gobernador regional no juega ningún rol.
El desafío en las legislaciones modernas es articular los esfuerzos institucionales entre gobiernos nacionales, regionales y municipales. Y este proyecto de ley no pondera ni entrega un espacio para el aporte de los gobiernos regionales.
Yo entiendo que no hubo acuerdo político al respecto. Se nos señala que hay otro proyecto de ley en la Cámara de Diputados que aborda los roles del gobierno regional en materia de seguridad.
Pero me parece lamentable que, pasadas setenta y dos horas de una importante participación ciudadana para elegir a los gobernadores regionales, hoy en el Senado demos una señal política contraria, y retrocedamos en materia de descentralización e involucramiento de las comunidades regionales y locales en la lucha contra el crimen organizado.
Quiero, además, Presidente , colocarlo en una imagen.
Fue de público conocimiento que hace menos de setenta y dos horas el Presidente Gabriel Boric se reunió con dos gobernadores electos: el de la región Metropolitana y el de la región de Valparaíso. Y según consigna la información de prensa, el tema 1 de esa reunión fue la agenda de seguridad y cómo los gobiernos regionales asumen mayores responsabilidades vía traspaso de competencias.
Entonces, este Senado tiene que hacerse cargo de ese dato de la realidad.
No es comprensible que la creación del Ministerio de Seguridad, que a todas luces es muy necesario, no haya logrado armonizar con sentido de realidad y con bases de mínimo cumplimiento con una agenda de regionalización y de descentralización del poder, que se va consolidando, empoderando y que, sin duda, lo seguirá haciendo por su propia validación electoral, de transversalidad y representación que ha ido alcanzando por la vía del voto y del respaldo democrático.
Presidente , termino dejando claro que no busco con mis palabras criticar el trabajo que ha realizado la comisión mixta y que ha presidido de manera ejemplar nuestro camarada y compañero de bancada el senador Iván Flores.
Creo que los resultados en la búsqueda de acuerdos es lo que tenemos en el día de hoy aquí, en esta sala.
Mi crítica más bien es a las consideraciones que se tuvieron en cuenta cuando el Gobierno tomó la decisión de retomar la discusión de este proyecto de ley. Ello debió tener a la vista los compromisos y los anhelos de las regiones del país que quieren, a través de sus autoridades electas, tener algo que decir también en temas tan sensibles para su propio bienestar como la seguridad de cada uno de los habitantes del territorio, que ellos, además, dirigen por votación popular.
Yo espero equivocarme, Presidente, pero a la luz del propio diálogo permanente que mantengo con muchas regiones, y por cierto con Atacama, con sus gobernadores, no creo que hayamos resuelto de la mejor manera la gobernanza del Ministerio de Seguridad en las regiones.
53
Le damos un mayor empoderamiento al delegado presidencial, que ya sabemos que ha tenido una compleja coexistencia con los gobernadores; y más todavía, cuando le incorporamos una nueva figura como los seremis de Seguridad.
Creo que estamos construyendo una ingeniería para el proceso de toma de decisiones que va a ser extremadamente compleja de gestionar, y puede terminar afectando a la propia eficiencia y eficacia que queremos construir con este nuevo Ministerio de Seguridad.
Presidente , aquí varios han dado ejemplos de las reuniones con los delegados, pero lo que es cierto es que en nuestra región tenemos un convenio de programación en materia de seguridad y que fue suscrito entre el general director jefe de zona de Carabineros y el gobernador regional, que es ahí donde están los recursos.
Entonces, nadie puede pensar que los gobernadores van a estar solo para ir a golpear la puerta cuando se necesitan los recursos, pero no les vamos a dar ninguna posibilidad de tener una opinión vinculante respecto de dónde debieran estar los focos en materia de seguridad en cada una de sus regiones.
Yo voy a votar a favor del informe de la comisión mixta, pero quiero dejar consignado para la historia de la ley que considero que esta iniciativa no resuelve correctamente la arquitectura en materia de seguridad.
No quiero entrar incluso a lo que han sido los compromisos de campaña del propio Presidente Gabriel Boric en cuanto a terminar con la figura de los delegados presidenciales, porque en este proyecto de ley ella no solo se consolida y se empodera, sino que además se perpetúa.
Entonces, permítame decirlo, creo que en esto existe un problema de arquitectura del diseño institucional que puede terminar afectando gravemente los anhelos que tenemos en cada uno de nuestros territorios, que es avanzar en el combate al crimen organizado y asegurar la paz en los barrios y en los territorios de cada una de nuestras regiones.
He dicho, señor Presidente.
A pesar de este tema, voy a votar a favor del informe de la comisión mixta.";1
"162";"21730";576;2024;11;"DE URRESTI";NA;"El señor DE URRESTI.-
Gracias, Presidente.
Saludo, por su intermedio, a la ministra y a las subsecretarias presentes, en particular a la de Prevención del Delito, a quien le deseo éxito en su gestión.
Señor Presidente, una de las posibilidades de hablar durante diez minutos, y al menos yo trato de hacerlo, es decir la verdad de lo que uno siente y piensa, y no solo lo que está de moda.
Yo creo que en Chile hace tiempo tenemos una mala práctica: que problemas institucionales los resolvemos con más ministerios.
Nosotros creamos un Ministerio del Deporte: ¿tenemos mejor política de deporte? No sé.
Creamos un Ministerio de Ciencia, Tecnología, Conocimiento e Innovación, consensuado, lo votamos a favor: ¿tenemos mejor ciencia, tecnología e innovaciones? Yo no sé.
Nosotros enfrentamos la situación del orden público, de la seguridad, las olas de delincuencia con más institucionalidad, con un ministerio siguiendo la misma estructura que muy bien referenciaba el senador Insulza con su experiencia, citando desde 1811 la creación del Ministerio del Interior, y no sé si es la respuesta.
53
Creamos hace un par de años la Subsecretaría de Prevención del Delito, y con eso -recuerdo- aquí se hicieron ríos de tinta, gárgaras en el sentido de que avanzábamos en el combate y la prevención del delito. ¿Cambió eso? No cambió, no modifica la estructura, porque a mi juicio es un equívoco.
No planteo una crítica a las autoridades actuales, sino que hago una reflexión normativa, política sobre cómo enfrentamos estas situaciones.
El problema no se resuelve creando nueva institucionalidad, sino haciendo un autoexamen acerca de cómo funcionan, de cómo están nuestras instituciones.
Hoy día tuvimos una extensa discusión -les recomiendo seguir ese debate- en materia del delito de flagrancia. Por ejemplo, señalábamos que la flagrancia dentro de los recintos portuario no existe, porque el artículo 83 del Código Procesal Penal no consigna a la policía marítima para enfrentar toda la delincuencia y la flagrancia de los delitos particularmente en ese espacio.
Tenemos falta de adecuación normativa, de formación, de ajuste de nuestras policías (PDI, Carabineros) y del propio Ministerio Público a las nuevas realidades.
Hemos creado más cargos: perfecto; pero mientras no modifiquemos un conjunto de actuaciones no abrigo esperanza.
Soy de los pocos senadores, y lo digo con orgullo, que viven en la región -¡que viven!, y acá la senadora Sepúlveda asiente-, que cotidianamente estamos ahí; que conocemos y nos criamos en ese territorio y sabemos cómo es la realidad, pues.
Y seamos coherentes: en el Programa de Gobierno se señaló expresamente que se eliminaban los delegados presidenciales y, obviamente, provinciales, porque no estaban dentro de la arquitectura.
En Frutillar, a los nueve meses de Administración -no sé si nueve meses, a los seis meses-, con la entonces ministra del Interior Izkia Siches , se hizo una declaración -y por eso cito a esa hermosa localidad de la región de Los Lagos-: el compromiso con los gobernadores de que se eliminaban los delegados provinciales. Y ahora, dos o tres años después, no solo no los eliminamos, sino que los reforzamos y los institucionalizamos.
Adhiero absolutamente a lo que señaló la senadora Provoste , y no nos habíamos puesto de acuerdo: ¡coherencia normativa!, ¡coherencia en lo que planteamos en un programa de gobierno y lo que desarrollamos!
Yo entiendo que debemos modificar lo planeado, y en buena hora el Presidente Boric ha adoptado y enmendado una serie de situaciones. No lo critico desde el punto de vista de la posibilidad de cambio, pero sí de la coherencia normativa para que la arquitectura no sea feble.
Aquí hay senadores y senadoras de Arica a Punta Arenas. ¿Cuál es el peso concreto, el peso de mando de los delegados regionales y principalmente de los seremis? Escaso.
Carabineros rota en las regiones cada dos años su alto mando, y uno no termina de conocer al general de zona cuando ya es trasladado, porque es ascendido o pasa a retiro.
La continuidad de las políticas de seguridad en las regiones es tremendamente inestable.
Lo decía muy bien el senador Insulza : ¿Dónde están los expertos? ¿Dónde está la capacidad de conocimiento, de formación para los equipos en las regiones?
Voy a leer, del artículo 24, los requisitos para los secretarios regionales ministeriales de seguridad pública: obviamente, ser ciudadano; mayor de treinta años; no estar inhabilitado -en buena hora- para el ejercicio de funciones o cargos públicos; no haber sido condenado por crimen o simple delito (¡era que pudieran estar condenados!); poseer un título profesional de una carrera de, a lo menos, ocho semestres de duración, otorgado por un establecimiento de educación superior del Estado, reconocido por este o validado en Chile de acuerdo con la legislación vigente; y tener, a lo menos, tres años de experiencia profesional en materias de seguridad, prevención del delito u otras afines, o seis años de experiencia profesional en cualquier cosa: ¡en cualquier cosa!
53
Y pasamos a los departamentos provinciales, en que ahí ya el rasero baja en vuelo rasante: ""Para ser nombrado director o directora provincial se deberá cumplir con las exigencias generales para ingresar a la Administración del Estado"" -¡era que no!- ""y contar con, al menos, dos años de experiencia"" -¡dos años de experiencia!- ""profesional previa en materias de seguridad, prevención del delito u otras afines que demuestren la idoneidad para el cargo"".
¡Ya el vuelo rasante es al piso!
Entonces, ¿estamos entendiendo seriamente que la seguridad en los ámbitos regional y provincial debe ser con estándar, con traslado? ¿Hemos hablado de la capacidad disponible de exautoridades, de la policía, de investigaciones para esto? ¡No! Tenemos un rebaje absolutamente.
La situación de los gobernadores creo que la explicó muy bien la senadora Provoste, pero quiero ahondar en esto.
Votamos hace cuatro días en segunda vuelta a los gobernadores regionales; gobernadores empoderados, en el caso metropolitano, más de dos millones y medio de votos; y en esta región, la de Valparaíso, deben ser un millón y tanto. Todos los gobernadores o las gobernadoras tuvieron una alta votación, especialmente en la segunda vuelta. ¿Cuál es la labor de ellos en este ámbito? Ninguna.
¡Ojo! Dato de realidad: hoy día, de las dieciséis regiones, al menos seis están en manos de la oposición, y esta situación puede ser adversa.
Nosotros construimos la realidad de los gobiernos regionales en un primer momento con, principalmente, el trabajo de la mayoría de las gobernaciones en manos del oficialismo; pero eso legítimamente, por el juego democrático, va a cambiar.
¿De qué manera se coordina un gobernador, con dos millones y medio de votos, o con la legitimidad que tenga de su región, con un delegado regional nombrado a dedo?
En la región de Los Ríos también llevamos tres delegados, menos de un año por cada uno, con la precariedad de que puede ser removido por el nivel central.
Cabe consignar el nuevo coordinador de las policías. Anoté esto porque me llamó la atención: en este ministerio la coordinación con las policías en la región se radica en el seremi.
Permítanme decir esto desde la realidad, no desde mi ideología, no desde mi militancia, sino desde la realidad de haber vivido toda la vida en regiones, de conocer y conocernos entre todos, del gobierno a la oposición: no les estamos entregando las herramientas a quienes efectivamente pueden coordinar a las policías, intervenir y mover la aguja.
Me decía la ministra, por su intermedio, Presidente : ""Las policías son respetuosas y jerárquicas"". Sí, cumplen; pero no basta que cumplan, tienen que intervenir para modificar y alterar la seguridad en las regiones.
Qué cumplen, no cabe duda: las policías son cumplidoras; Carabineros, PDI van a acatar. Pero que eso se va a traducir en políticas públicas, ¡no me parece!
Los gobiernos regionales, con los recursos que tienen, con la legitimidad democrática que poseen, con el empoderamiento regional, debieran tener una fuerte presencia en materia al menos de prevención.
¡Ahí están las autoridades! Y nosotros en este proyecto las pasamos de largo.
Creo que hay un error institucional. Y digo esto porque quiero dejarlo sentado en la historia de la ley: yo no quiero que sigamos creando más instituciones, que nos saquemos lindas fotos, que digamos que esto va a cambiar, pero que sigamos viviendo en regiones y no podamos responder en esta lógica.
¡Compras de vehículos! Extensas compras de vehículos por el Gobierno regional. ¿Dónde se destinan? No hay ninguna posibilidad de intervenir en ello...
(se desactiva el micrófono por haberse agotado el tiempo y se vuelve a activar por indicación de la Mesa).";1
"163";"21730";578;2024;11;"DE URRESTI";NA;"El señor DE URRESTI.-
Presidente, entendemos que hay regiones extensas y que las delegaciones provinciales, a través de un decreto, pueden lograr esa coordinación.
Nosotros, más que una representación subregional o provincial, lo que necesitamos son autoridades permanentes, autoridades que incluso trasciendan el ciclo de los gobiernos de turno y que vayan coordinadas especialmente con los gobiernos regionales.
Yo creo que los nombramientos debieran ser, en el ámbito de estas autoridades, mucho más en línea con el ciclo de los cuatro años de los gobernadores, para darles una efectiva territorialidad, y no que simplemente cada tres años se cambie al delegado y, por tanto, al seremi, al coordinador en la región.
Yo no estoy de acuerdo con esto. Hago esta crítica respetuosamente desde el punto de vista institucional, basado en la realidad y en un sentido que apunte a mejorar efectivamente la seguridad y el orden público.
He dicho.";1
"164";"21730";580;2024;11;"DURANA";NA;"El señor DURANA.-
Gracias, Presidente.
Este proyecto es de larga data; y, por lo tanto, hoy día estamos en su fase final, esto es, para revisar el informe de la comisión mixta.
Al respecto, es importante destacar que la creación del Ministerio de Seguridad Pública, primero, nace con el objetivo de elevar los estándares y niveles técnicos que en el tiempo logre la profesionalización y la despolitización de esta cartera, de tal manera que los encargados de coordinar sectorial e intersectorialmente, de lograr los objetivos que se fijen en materia de seguridad pública, orden público, prevención del delito, atención y asistencia a víctimas, sean funciones que no dependan de los cambios de gobierno cada cuatro años.
Por ello, debemos entender que, para el sano ejercicio de la democracia, todos los gobiernos -porque este es un proyecto que se presenta en el Gobierno del Presidente Piñera- buscan simplemente que no sea la figura del ministro del Interior el fusible frente a un problema real que se presente en Chile en torno a la seguridad, autoridad que permanentemente será susceptible, así como ocurrió durante el Gobierno del Presidente Piñera, de acusación constitucional.
Además, hay que considerar que en la comisión mixta, respecto del ejercicio de las funciones, fueron eliminadas las facultades que se les otorgaban a los subsecretarios, y ahora deberán ser ejercidas siempre por el ministro o ministra, quien será el único que podrá solicitar a cualquier órgano del Estado los antecedentes e informaciones que estime pertinentes, aun cuando dichos informes tengan el carácter de secreto o reservado, los que deberán ser entregados a la brevedad posible en el marco de la responsabilidad política que le corresponde y con absoluta transparencia, ejerciendo las facultades que le otorga la ley. De lo contrario, obviamente, será sujeto de acusación constitucional.
La prudencia, debido a experiencias recientes, justifica que se tome la previsión de dejar esta facultad radicada exclusivamente en el ministro , el cual podrá solicitar informes de reportes de inteligencia emanados del Sistema de Inteligencia del Estado a cargo de la ANI, pero no podrá pedir antecedentes cuya divulgación afecte o pueda afectar el desarrollo de una investigación penal en curso.
Por otra parte, en el caso de que la información o antecedentes requeridos tengan la calidad de secretos o
53
reservados, estos deberán ser tratados con secreto o reserva por los servidores públicos. Y en caso de no hacerlo, estarán sujetos a sanciones por la vía penal, sin perjuicio de su responsabilidad civil o administrativa.
Durante la discusión del proyecto en la comisión mixta se hizo énfasis en el retroceso que implica en el proceso de regionalización del país la casi irrelevante participación que en este esquema les corresponde a los gobernadores regionales.
Y también quedó en la historia de la ley la probable sobreposición de funciones que se podría producir entre los delegados presidenciales regionales y los seremis de Seguridad. Incluso consultamos cómo se solucionarían las discrepancias que podrían existir entre la decisión que tome el delegado presidencial y la que finalmente ejecute el seremi.
El Ejecutivo dio sus razones; también las explicó aquí, en la sala del Senado, y la mayoría de la comisión insistió en el diseño regional. Y, finalmente, todos en conjunto votamos por sacar adelante el Ministerio de Seguridad.
También es relevante a nivel regional la creación de los consejos regionales tanto de seguridad pública como de prevención del delito, y la importancia de que estas instancias de coordinación del sistema de seguridad pública quedaran presididas por el delegado presidencial regional, actuando como secretario ejecutivo el seremi de Seguridad Pública.
Es evidente, Presidente, que la institucionalidad no solo se construye con reglamentos, sino también con funcionarios conscientes, con criterio, con responsabilidad y comprometidos con la probidad.
Esperamos que estas reformas refuercen esta premisa, para que el Ministerio de Seguridad Pública, ministerio técnico y profesional, a lo cual todos aspiramos, responda a las demandas de transparencia y eficiencia que la ciudadanía espera.
Personalmente, creo que en este Ministerio de Seguridad están en juego la responsabilidad y la transparencia.
Gracias, Presidente .";1
"165";"21730";582;2024;11;"QUINTANA";NA;"El señor QUINTANA.-
Muchas gracias, Presidente.
Yo también me sumo a quienes señalan que este es un debate trascendente, porque no todos los años, ni muy seguido, creamos nuevos ministerios. Y la tendencia -es legítimo, y muchos lo plantean- apunta más bien a reducir ministerios.
La última vez que creamos un ministerio -por ley, naturalmente- fue en 2018, con el Ministerio de Ciencia.
Esta es una discusión que no ha sido sencilla. Tampoco lo fue en 2010 y en años anteriores, cuando en el primer Gobierno de la Presidenta Bachelet se inicia un debate en materia de política pública tendiente a establecer un ministerio especializado.
Ya en ese momento se advertía que el Ministerio del Interior tenía muchas otras tareas, todas importantes, como reconstrucción, en fin. Por lo tanto, se necesitaba poner foco; capacidad; especialidad; continuidad, como dijo la ministra acá, en las personas, en los equipos, en las tareas, en los estudios.
En tal sentido, creo que en este ámbito la experiencia es fundamental, tanto en lo civil como en lo uniformado.
Pienso que lo que pasó en 2018, cuando el Presidente de la época llamó a retiro a 47 generales, significó una pérdida neta de experiencia, capacidades y forzó un paso a los grados superiores de personas que no poseían la experiencia. Eso se sintió también en la calle. Probablemente, ello tomó años en revertirse.
53
Crear un ministerio no es algo simple. Una colega de enfrente decía hace un rato: ""Esperamos ver resultados el próximo año"". Pienso que no es tan sencillo.
Si uno tuviera que comparar esto con otros órganos del Estado en que se optó por el foco, por la especialización, me atrevería a decir que la experiencia con los servicios locales de educación respondía un poco a eso. La discusión en ese momento era que el municipio tenía muchas tareas, todas muy importantes, pero necesitábamos un órgano especializado en la educación. Eso hoy día está dando fruto, pues comienzan a mejorar resultados. Hay muchos otros problemas, naturalmente, de infraestructura, en fin. Pero, finalmente, el impacto directo en la política pública se está empezando a notar.
Espero que en este caso también ocurra, entendiendo que aquí no hay balas de plata, no hay una medida que de la noche a la mañana vaya a permitir resolver los problemas que hoy día tenemos en esta nueva realidad criminal.
Como decía bien la ministra, necesitamos un órgano que encabece la acción del Estado en materia de seguridad pública, y este va a ser el Ministerio de Seguridad Pública.
Me gustaría referirme también a las policías.
Veíamos hace pocos días en el norte -específicamente en Iquique- el rol que cumple la Policía Marítima, que es una policía que no tiene nada que envidiarles a Carabineros ni a la PDI. En realidad, posee más funciones que la PDI, porque le corresponden todas las funciones de una policía. No cumple tareas investigativas, pero sí labores policiales, preventivas, de actuar por presencia, que es lo que debe hacer una policía. Pero el problema es que cumple funciones en un área muy delimitada, que es la del acceso a playas.
Estoy convencido de que en Chile necesitamos estudiar otros pasos, como policías tácticas, que complementen el actuar de Carabineros, particularmente. Porque es probable que en los próximos años se dé otra discusión, ya que la PDI tendrá cada vez más tareas investigativas -producto de la ley de especialización preferente, despachada en este Gobierno-, lo que significará que contaremos solo con Carabineros en la tarea de presencia, preventiva. Dicho sea de paso, los roles preventivos se fortalecen mucho con este ministerio.
A mí me gustan las comparaciones. Y uno probablemente se pregunte: ¿Qué tiene de diferente este ministerio, con su Centro Integrado de Coordinación Policial -con autoridades uniformadas, una especie de alto mando de las policías, y autoridades civiles-, de los comités policiales, que se realizan en la Moneda y en todas las delegaciones regionales?
Pienso que la diferencia, y sería bueno profundizar un poco en eso, tal vez tenga que ver con que este Cicpol no solo va a ser un checkpoint de políticas definidas centralmente, sino que será más resolutivo y va a implementar muchas más acciones.
En este punto también quiero relevar algo que fue la discusión de todos estos años, de este proyecto que -hay que decirlo- fue presentado por el Presidente Piñera y fue indicado con bastante convicción y compromiso por este Gobierno, escuchando a todos los sectores. Dicho debate dice relación con los temas de personal. Lo planteaba también el senador José Miguel Insulza . En este sentido, no es que abunden los especialistas en materia policial; yo creo que son escasos. Y, probablemente, tendremos que hacer un esfuerzo grande en formación. También en cuanto a formación de las policías, porque este ministerio lleva las tareas de fijar las bases programáticas, curriculares de la formación policial.
Respecto de lo anterior, nosotros también tenemos ahí una cuestión al debe. Lo he dicho muchas veces; he sido majadero en esto. La Escuela de Formación de Carabineros es la única institución de educación de la policía uniformada en Chile que no se encuentra acreditada. Y esto no se debe a que el Congreso y los Gobiernos no hayan hecho la pega. Probablemente, en las discusiones del Presupuesto tenemos que destinarle un poquito más de atención a eso. Lo señalo porque ello requiere más presupuesto, no se trata solo de hacer un check y decir ""Okay, hoy día está acreditada"". No, porque la acreditación requiere un esfuerzo sistemático, docente, de preparación, de bases curriculares. Pues bien, eso lo va a hacer el Ministerio de Seguridad Pública. Espero que en un corto tiempo logremos ese objetivo tan importante, porque ahí se forma la fuerza de tarea de Carabineros de Chile, que está en la calle y en labores complejas y delicadas.
En el mismo sentido, yo le preguntaría al Gobierno qué se está pensando con la Anepe ( Academia Nacional de Estudios Políticos y Estratégicos), en la línea de lo que plantea el senador Insulza respecto de lo que se está
53
haciendo en formación. ¿Dónde se forman los especialistas de seguridad desde el Estado? No veo otra instancia que no sea la Anepe, que es una instancia de formación estratégica, política, en los temas de seguridad. Y en materias policiales bien podría colaborarnos en preparar a civiles y uniformados para estas tareas, que, insisto, serán de continuidad.
Sobre esto último, lo que uno no esperaría en este ministerio es que, si cambia el signo político del Gobierno, se fueran todas las personas y llegaran otras sin la experiencia suficiente. Porque esto es un proceso. La seguridad es una tarea de Estado. Este órgano es una política de Estado.
Por todas esas razones, señor Presidente, voy a votar naturalmente a favor.
Hay una última área que no es menor: la tarea de coordinación. Porque hoy día esto se encuentra establecido para el Ministerio y sus tres subsecretarías, porque la Subdere también cumple un rol importante en este ámbito. Pero de ahí a poder permear a otros organismos públicos, a otros ministerios, es más difícil. Con el proyecto en análisis eso quedará fijado por ley.
Lo mismo sucederá con el Centro Integrado de Coordinación Policial, que estará establecido por ley, a diferencia de lo que ocurre con los comités policiales.
Por lo tanto, habrá más posibilidades de que otros organismos del Estado, otros ministerios, otros servicios, se incorporen a estas tareas, ya sea desde el punto de vista educativo, de vivienda, de urbanismo, deportivo y de muchas otras áreas que, sin lugar a dudas, tienen mucho que decir a la hora de pensar en la seguridad.
En consecuencia, la seguridad ahora pasa a ser una preocupación de todos, no solo del ministro o de la ministra de Seguridad Pública . En este sentido, deberá haber una amplia coordinación.
Por todo lo que he señalado, votaré a favor.
Creo que esta iniciativa implica un cambio central. A ella se suman otros otras que también están saliendo de comisión mixta, como el proyecto sobre ley antiterrorista, que verá la luz en este Gobierno y que constituye una normativa muy compleja y necesaria para enfrentar la nueva realidad criminal que vive el país.
Muchas gracias.";1
"166";"21730";584;2024;11;"SEPÚLVEDA";NA;"La señora SEPÚLVEDA.-
Muchas gracias, Presidente.
Nos alegra mucho que este proyecto esté llegando a su fin desde el punto de vista legislativo y que en la comisión mixta se hayan alcanzado acuerdos transversales.
También es relevante que en un tema que nos ha caído tan abrupta y brutalmente podamos hoy día tener ciertos acuerdos, a pesar de que no son totales, que no son completos, pero que la mayoría de nosotros -me incluyo- votaremos favorablemente.
Me alegra, además, que por fin tendremos un Ministerio del Interior. Para mí eso es muy importante, porque, como planteaban varios colegas y también la ministra, la seguridad ha secuestrado al Ministerio del Interior permanentemente, durante mucho tiempo. Por lo tanto, no hemos tenido un jefe o una jefa de gabinete que nos permita coordinar los distintos ministerios. En este sentido, hemos visto cómo de manera permanente el Estado está contra el Estado en las políticas públicas.
Entonces, yo creo que en la medida en que se libere de esto al Ministerio del Interior vamos a tener efectivamente
53
una coordinación de estas políticas públicas en cada uno de los ministerios, una coordinación de estudios, una evaluación, y muchas cosas con las que hoy día no contamos. Porque, cuando toca desarrollar determinadas acciones, uno ve solo compartimentos estancos entre un ministerio y otro.
Yo creo que tenemos una gran oportunidad hoy día de disponer de un Ministerio del Interior que efectivamente sea un coordinador, con capacidad de destrabar, y un jefe o jefa de gabinete que posea la fuerza de esta coordinación, que es urgente.
En cuanto al Ministerio de Seguridad, espero que haya absoluta continuidad en términos de las políticas que debamos desarrollar, más allá de las personas que se cambien o no. En este sentido, también esperamos que no sea esto una rotación permanente en la medida en que llegue un nuevo Gobierno, ya que nos hemos dado cuenta de que se reemplaza a un ministro , a una ministra y se modifica absolutamente la política que se está desarrollando, incluso al interior de un mismo Gobierno. Yo espero que eso no ocurra y que tengamos la continuidad necesaria.
Por eso, me hace fuerza además que se haya optado por los delegados presidenciales y no por los gobernadores.
Yo creo que debemos tener unidad en el país para que esto precisamente se desarrolle y, por lo tanto, no podemos obedecer a que el gobernador sea de un partido político A, B o C. El gobernador tiene una independencia que se la da el hecho de ser electo que no posee un delegado presidencial, que sí esperamos que goce de continuidad. Las gobernaciones nos dan un nivel de inestabilidad que es muy complejo para asumir una continuidad desde un ministro o una ministra de Seguridad hacia los delegados y las seremías.
Esto es bien irónico. Porque en las recientes campañas, si había algo que se les achacaba a los gobernadores, era precisamente la falta de seguridad. Y resultaba muy difícil explicarle a la ciudadanía que los gobernadores no tenían que ver con la seguridad.
Al mismo tiempo, es interesante el certificado de pertinencia, en el sentido de que toda la inversión que se realice sea la necesaria, que se revise a través de las policías, que se dé el visto bueno para que esa unidad y esa continuidad sea lógica, de manera que ese gobernador o esa gobernadora no esté financiando cualquier cosa o lo que parezca más popular, sino lo más necesario.
Para mí el sistema de protección ciudadana de emergencia también es una fortaleza muy interesante, porque va directamente a la ciudadanía, a la persona, al territorio.
Presidente, ¿qué nos complica de esta normativa, a pesar de que vamos a votar a favor?
Antes de señalarlo, tenemos claro que todos los ministerios deben madurar. Los que recién comienzan requieren un período de maduración frente a lo que está ocurriendo en materia de seguridad, que nos rompió en en la cara como Gobierno y tuvimos que asumirlo.
Volviendo a la pregunta, nos complica lo relativo a los seremis. Dada la experiencia, el Ministerio de Seguridad tiene que ser absolutamente cuidadoso en cuanto a quién nombra seremi y cómo lo designa. Porque nuestra experiencia nos enseña que en las seremías no tenemos los mejores elencos. Esa es la verdad. No contamos con los mejores elencos.
Y no podemos ser ciegos frente a lo anterior. Los partidos políticos proponen los nombres de los seremis, los revisa el delegado presidencial y se los plantea al Presidente . Pero al final son los partidos políticos los que están haciendo las propuestas. Si bien se establecen determinadas características para los seremis -y me alegro de eso-, estas son bastante básicas. Yo diría que no son requisitos que nos permitan decir per se que vamos a tener una persona que a lo menos sepa del tema. Yo diría que contar con tres años de experiencia en esta materia no es tan difícil de cumplir.
Yo espero que con esta institucionalidad nueva, con esta jerarquía en el mando, podamos tener en las regiones una persona que efectivamente se coordine con el delegado, con el gobernador, con las seremías y con las demás instituciones. Como lo ha planteado la ministra, este tema no va a estar ajeno al Servicio de Impuestos Internos, a educación, a vivienda, etcétera, pensando en que la seguridad es el eje de lo que estamos realizando.
Votaremos favorablemente, Presidente, pero necesitamos que esto madure y que, además, se elija a las mejores personas, primero, en este nuevo Ministerio y, luego, en las seremías.
53
Muchas gracias.";1
"167";"21730";586;2024;11;"CASTRO";"don Juan";"El señor CASTRO (don Juan).-
Gracias, Presidente.
Yo he escuchado a varios senadores decir que son de regiones. Yo le puedo contar que soy de la región del Maule y vivo en la ciudad de Talca. Y creo que varios de los senadores que estamos acá somos de regiones.
También he escuchado a un colega senador señalar que la gente está esperando este nuevo ministerio.
Presidente, yo soy de la región del Maule y converso con hartas personas y yo creo que no están esperando este ministerio. A la gente no le interesa que nosotros creemos un nuevo ministerio.
Una colega senadora señaló que los delegados presidenciales han cambiado tres veces en su región. Pero igual va a votar favorablemente esta iniciativa.
Cuando uno ve que se presenta un proyecto de ley que crea un ministerio que no es lo que se necesita para el país, la verdad es que debiera votarlo en contra. Y esperaría que todos hicieran eso.
Yo creo que los más felices con que tengamos una confusión como autoridades legislativas son el crimen organizado, los delincuentes, la gente que hace daño a la seguridad del país. Porque ven que no hay ninguna autoridad que de verdad tome decisiones reales. Y lo que la gente quiere es que las personas que hoy día están en los cargos importantes, en la Subsecretaría del Interior, en la Subsecretaría de Prevención del Delito, asuman la responsabilidad de tomar decisiones, y eso no ocurre. Y no sucede, Presidente , ministra, porque estas autoridades o estos cargos no tienen ninguna seguridad jurídica. Y lo que se requiere en nuestro país es que la autoridad o el cargo tenga seguridad jurídica, es decir, que no deba andar dando explicaciones por una decisión que tome, por dura que sea.
Por tanto, no se trata de crear más ministerios. ¡Si no sacamos nada con traspasarle la responsabilidad a otra autoridad! Y yo, por el tiempo que llevo de senador, me doy cuenta de que muchas veces se van traspasando las responsabilidades. Y la seguridad que necesita el país es otra cosa. No es lo que estamos trabajando en este Senado con este proyecto de ley.
Yo soy un convencido de que este nuevo ministerio lo único que le va a generar al Estado será un costo adicional.
Un costo que es altísimo: seremis en las 16 regiones. ¡Vamos a tener dividida la decisión en 16 personas, que se suman a los delegados presidenciales, otros 16 más!
Entonces, cuando estamos traspasando y delegando estas responsabilidades, la pregunta que hay que hacerse es ""¿Y quién va a tomar la decisión?"". Si aquí tiene que haber una cabeza que tome la decisión. Y esa cabeza es la que debe responderle al Presidente de la República , que es elegido para administrar el Estado de Chile. Es él quien tiene la responsabilidad de entregar tranquilidad y seguridad a todos los chilenos, lo que no ocurre, precisamente, porque no tiene certeza jurídica.
Por eso, Presidente, yo siento que estamos mal enfocados con este proyecto, ¡muy mal enfocados! Yo lo he votado en contra todas las veces y lo voy a seguir votando en contra, porque siento de verdad que esta iniciativa de ley no es la solución que el país necesita.
Por lo que he escuchado de los demás colegas senadores, a ellos tampoco les parece bien este proyecto. Entonces, yo espero que se vote en conciencia, buscando lo mejor para Chile, no buscando quedar bien con el gobierno de turno. ¡Si este es un tema que va a traspasar a todos los gobiernos!
Por eso, Presidente , yo le pediría a la ministra que revisara un poco más el proyecto. Porque no consiguen nada
53
con sacarlo adelante y presentarlo la próxima semana otra vez para votación si sabemos que no está bueno -es la opinión que he escuchado y he recogido de los colegas senadores-, no está bien formulado, no están claras las facultades que se van a tener.
De verdad que, si vamos a trabajar en un proyecto y creemos que es necesario, veamos la forma de generar esa certeza jurídica, tan importante para tomar decisiones. Las autoridades deben tener cierto respaldo; no pueden andar dando explicaciones en cada tribunal por cada decisión que tomen.
Creo que gran parte de los errores y de lo que estamos viendo de la crisis que tenemos en seguridad actualmente es porque las autoridades no quieren tomar decisiones. Eso quedó muy claro cuando el Presidente Piñera no fue capaz de tomar decisiones para el estallido de octubre.
Obviamente que uno espera que un presidente tenga la facultad, las atribuciones y la seguridad de que su decisión es la correcta. Y obviamente que uno espera de verdad que las cosas se hagan pensando en el bien del país, en el bien de la gente, en la tranquilidad, en buscar la seguridad que todos queremos. ¡Si es muy triste ver lo que sucede hoy día en cualquier lugar de nuestro país! El crimen organizado debe estar de fiesta con lo que estamos haciendo nosotros.
Por eso, este proyecto yo lo voy a seguir rechazando porque siento de verdad que no es lo que el país necesita.
He dicho, Presidente .";1
"168";"21730";588;2024;11;"ALLENDE";NA;"La señora ALLENDE.-
Gracias, Presidente.
Reitero mis saludos a la ministra, a la nueva subsecretaria de Prevención del Delito , a quien le deseo mucho éxito, y por cierto, a la subsecretaria de la Subdere y a nuestra fiel acompañante Macarena Lobos .
Presidente , sé que este tema no es fácil. Es obvio que este país tiene una tremenda preocupación, que ha pasado a ser la número uno de la ciudadanía hace ya un rato, y que se relaciona con la seguridad, con el crimen organizado y con muchas situaciones que evidentemente afectan.
Ya llevamos como veinte años conversando este tema; no tramitándolo: conversándolo. Hace muchos años comenzó a circular la idea de que era necesario separar el Ministerio del Interior y el Ministerio de Seguridad Pública. La propia Presidenta Bachelet deseaba hacerlo, pero finalmente quedamos en ""Ministerio del Interior y Seguridad Pública"".
Ahora, entiendo que probablemente, por el nivel de complejidad, por cómo se han ido generando nuevos fenómenos de alta connotación que tienen que ver con la seguridad pública, se requiere un ministerio especializado.
Reconozco que tenía mis serias dudas. Las he tenido desde el inicio, porque no estaba tan segura.
Me parece que hemos vivido estos últimos tiempos -y tenemos presente aquí, en la sala, a la ministra del Interior , aunque también debo decir que ello se ha hecho, por supuesto, con acuerdo de los respectivos presidentes del Senado- con una agenda que se ha determinado en concordancia con el contexto, lo cual nos ha llevado a tramitar alrededor de cincuenta proyectos relacionados con seguridad. Difícilmente encontraremos un ejemplo igual.
Eso significa que hay un compromiso al que nos hemos volcado, qué duda cabe. En eso no existe un cuestionamiento. El problema es que, efectivamente, la situación es tan difícil y compleja que, a pesar de esas leyes, a pesar de los recursos, a pesar de muchas cosas, todavía tenemos algunas cifras que nos obligan a pensar que a veces no se ha logrado esa contención, que es la primera meta que tenemos para ojalá después bajar las
53
tasas, sobre todo de los delitos de mayor connotación.
Pero, en definitiva, entiendo que aquí hubo, y espero que así haya sido -yo no participé en la Comisión de Seguridad y menos en la comisión mixta-, un trabajo serio que permita ir despejando dudas legítimas, que quienes no estuvimos en la discusión en ese momento podemos expresar ahora en la sala.
Debo decir que siempre fui partidaria de avanzar en la descentralización. Y defendí muchísimo, en contra de la opinión de varios, incluso de colegas de mi bancada, el tener elección de gobernadores.
Sin embargo, cuando hicimos esa ley, siempre me pareció que iba a haber un cierto cruce con los delegados. Sentí que eso no quedaba tan claro, pero, bueno, más o menos nos hemos acomodado. Es un proceso que no ha estado exento de dificultades. Es cierto que en un momento dado se dijo que no iba a haber más delegados, pero entendemos que son la representación directa del Presidente , del Ministerio del Interior.
La ministra dio una explicación y le agradezco que se haya explayado en cómo se va a resolver esto. Pero quiero ser sincera: sigo teniendo serias dudas.
Si creamos un ministerio de seguridad, no es posible que no tenga las respectivas seremías. Me dicen: ""Tenemos a los seremis de los distintos ministerios (que ya son veinticuatro)"". Y vamos a tener seremis del Ministerio de Seguridad, pero siguen presentes los delegados. Y el delegado es una figura superior al seremi de Seguridad.
Yo tengo serias dudas al respecto.
No sé si vamos a lograr lo que estamos tratando de hacer, que es hincar el diente y ser más efectivos a la hora de gestionar la seguridad.
Hay temas que aquí no se tocan. Creo que todos tenemos cierta conciencia de que nuestro servicio de inteligencia en términos de seguridad -no hablo de defensa, sino de seguridad- no es tal vez el más eficiente y probablemente haya que meterle mucha mano.
Yo, sinceramente, tengo algunas dudas, a pesar de la explicación de la ministra. Lo tengo que decir: no me termina de convencer. No sé, francamente, si la presencia de seremis de Seguridad , junto a los delegados, los otros seremis, representantes de los distintos ministerios, sea la solución más eficiente.
Y hay otras cosas extremadamente relevantes. Aquí se dijo que todas las policías van a depender del Ministerio de Seguridad. ¡Okay!
¿Por qué esto es más relevante? Porque no queremos un ministerio abocado exclusivamente a esto.
Se saca del Ministerio del Interior.
A mí a veces me deja francamente sorprendida la capacidad de la ministra: durante el período en que ha sido ministra del Interior y Seguridad Pública hemos despachado casi cincuenta leyes.
Me indican que son sesenta. Muy bien. Pocas veces se ha visto un caso igual. Es inédito. Desde que estoy en el Congreso, y ya llevo muchos años, ¡muchos años!, nunca había visto algo igual.
Esto está indicando la necesidad que tenemos como país de avanzar y perfeccionar, y de cuán atrasados probablemente estamos.
Por lo tanto, hoy día tenemos que reconocer que, al sacarle la seguridad, tampoco se trata de dejar al Ministerio del Interior como un ministerio sin relevancia. Claro que la debe tener, porque es el Ministerio del Interior, no solo por lo que recordaba el senador Insulza, que fue creado en 1811, sino porque efectivamente debe ser el coordinador de toda la organización ministerial y política de nuestros gobiernos. Es el que posee ese rol en el Estado.
Hay un tema particularmente relevante que se mencionó. Entiendo que va a ser objeto de una ley específica más adelante. Yo espero que así sea, para que podamos ver todo el contenido que va a tener, de aquí en adelante, cuando se apruebe este proyecto, el Ministerio del Interior. Pero sí me importa algo que se dijo.
53
La ministra sabe perfectamente que una cosa es el Senapred en situaciones de emergencia, que lamentablemente vivimos de forma permanente: si no es un terremoto, es un sismo, un incendio, un aluvión, por nuestra propia geografía.
Está bien que haya un organismo cada vez mejor, espero, en el manejo de las emergencias, pero otra cosa es la reconstrucción. Y ahí sí que hay una falla muy seria. No voy a ahondar en detalles, pero debo decir que la lentitud para la toma de decisiones, para resolver los problemas -por ejemplo, en el caso de los incendios del 2 y 3 de febrero en nuestra región-, para reconstruir las casas siniestradas, en comparación con la magnitud de la tragedia que se vivió, resulta francamente dolorosa.
Yo entiendo el malestar de la población, que siente que se prolonga y se prolonga, porque no tenemos una figura permanente responsable de la reconstrucción. Se llama a alguien en el momento, cuando ocurre la emergencia, para la reconstrucción, pero en realidad no es su especialización. Como suele ser alguien que está a cargo de otros ministerios, se va desvaneciendo su gestión. Al final uno no sabe quién está a cargo de la reconstrucción, dónde está. Por ejemplo, tenemos al Ministerio de Vivienda, que evidentemente tiene que cumplir su Plan de Emergencia Habitacional. No es lo único. Está abordando cada vez más problemas de campamentos, tomas ilegales, irregulares, en fin, una inmensa cantidad de temas.
Pero alguien tiene que hacerse cargo de la reconstrucción. Creo que sería muy bueno legislar al respecto para tener una figura especializada, más permanente, porque las emergencias se van a seguir produciendo; y no solo para los incendios, ni siquiera para los incendios de este año, sino incluso para los de años anteriores, cuya reconstrucción todavía no termina del todo.
Me parecería muy bien que lo tomáramos como una tarea definitiva y que el Ministerio del Interior nos ayudara a generar una legislación para contar con esa responsabilidad de protección frente a los eventos extremos que van a seguir sucediendo.
En el informe se menciona la función de coordinación interministerial o intersectorial, que considero muy importante. Y obviamente que lo es que la nueva entidad tenga responsabilidad en la elaboración de los planes y programas de formación y capacitación de nuestras fuerzas policiales. ¡Si esto va a ser muy importante! Tenemos que seguir avanzando en toda esa formación, así como en el Centro Integrado de Coordinación Policial.
En resumen, Presidente , tengo algunas dudas, aunque entiendo la necesidad de contar con este ministerio, y en ese sentido voy a votar a favor.
Sin embargo, creo que estuvo bien la senadora Ebensperger cuando se adelantó a decir ""no podemos votar"". Es más, me atrevo a señalar que la fórmula que nos acaba de proponer la Mesa es insuficiente.
Me va a perdonar, Presidente , pero no creo que el próximo martes vayamos a despachar este proyecto en una hora. Porque si estas dudas han surgido hoy día frente a una asistencia no muy numerosa de parlamentarios - espero que la próxima vez haya una mayor concurrencia-, francamente no creo que vayamos a despachar esta iniciativa en ese lapso. Y tiene razón la senadora en que el informe es muy extenso. Muchos de nosotros, evidentemente, no lo hemos leído, por lo que me parece sensato haber pospuesto la votación.
Pero ojalá se revise con los comités si es suficiente una hora. Yo creo que no lo es.
Estamos generando un ministerio y no podemos estar improvisando. Aquí no se trata de legislar por la presión que existe, cada día mayor, en materia de seguridad. ¡No! Tenemos que buscar la mejor gestión posible, con los mejores recursos humanos, con la mejor coordinación; no burocratizar, sino buscar una buena gestión y coordinación. Y en ese sentido tenemos que darle la oportunidad tanto a la ministra, para que pueda seguir explayándose, como a nosotros mismos, para poder entrar en mayores detalles y generar la mejor legislación.
He dicho.";1
"169";"21730";590;2024;11;"PASCUAL";NA;"La señora PASCUAL.-
Muchas gracias, Presidente.
Dos cosas con relación a este proyecto de ley.
Primero, me sumo a la última inquietud que planteó la senadora Allende . Yo creo que es preferible acordar - entiendo que no tenemos quorum para tomar acuerdos en este momento, pero sí podrían revisarlo los comités el lunes- que la discusión de este proyecto sea hasta total despacho el día miércoles, porque me preocupa que, si queda para el martes, donde ya tenemos el compromiso de debatir también hasta total despacho el proyecto sobre notarios, nos quedemos sin pan ni pedazo: con ninguno de los dos proyectos despachados.
Por eso, preferiría que se revisara esa situación.
Y en segundo lugar, con relación al fondo, quiero señalar que, en términos generales, en todas las tramitaciones anteriores hemos apoyado este proyecto. Me parece relevante separar las funciones de interior, de coordinación política, incluso lo que tiene que ver con el ámbito de las urgencias y las emergencias, a propósito de los desastres naturales, de la seguridad pública propiamente tal.
Sin embargo, esta discusión la estamos haciendo en el marco de un debate nacional, que no ha concluido, en cuanto a cómo entendemos y terminamos de potenciar la descentralización y un Estado nacional desconcentrado.
Hay diferencias en este ámbito; lo refleja precisamente la primera vuelta que se da hoy día con el examen del informe de la comisión mixta. Creo que no hay consenso total. Siento que el debate no está del todo maduro, no porque no haya aportes o porque no haya entendimiento de parte de cada uno de los que estamos acá con respecto a la importancia de este proyecto y este ministerio, sino, principalmente, porque hay situaciones que superan la visión de esta cartera en materia de regionalización, en materia de autoridades regionales, en materia de cómo mantener la unidad del Estado nacional, a propósito de lo que decía la senadora Alejandra Sepúlveda , que comparto plenamente.
Considero que la coordinación con las policías no debiera estar en las gobernaciones. Me parece que hay experiencias comparadas en el exterior que nos dan muy malos ejemplos, ¡muy malos ejemplos!, del papel que puede jugar un gobernador, no solo porque sea de una idea contraria al gobierno de turno, sino por la situación de clientelismo con las policías que se puede generar, etcétera.
Desde ese punto de vista, creo que está bien no dejar ahí esa facultad.
Por cierto, entiendo las inquietudes que hay en cuanto a si lo estamos resolviendo del todo bien en la propuesta, pero también me parece que los proyectos son perfectibles.
Por lo tanto, desde esa perspectiva, no aprobar la instauración de la nueva institucionalidad y no poder evaluarla e ir cambiándola a futuro significaría más bien mantener el statu quo, que a mi juicio no es lo que estamos buscando.
Eso, Presidente, muy en general, puesto que entiendo que vamos a votar la próxima semana.
Reitero que es preferible revisar el acuerdo ya adoptado para que tengamos el tiempo necesario tanto para el proyecto de ley sobre notarios como para la tramitación de esta iniciativa.
Gracias.";1
"170";"21730";593;2024;12;"ALLENDE";NA;"La señora ALLENDE.-
Presidente , obviamente escucharemos la relación del Secretario , pero yo tenía entendido, y si no es así, sería bueno que lo acordáramos, que en esta sesión primero iba a intervenir la ministra para hacer una exposición relativa al proyecto, porque en la discusión pasada surgieron muchas preguntas y dudas. Yo creo que sería positivo escuchar a la ministra antes de proceder a las distintas intervenciones o votaciones.
Es una sugerencia.";1
"171";"21730";598;2024;12;"SANHUEZA";NA;"El señor SANHUEZA.-
Gracias, Presidente.
En la Administración del Estado, y en particular cuando se diseñan políticas públicas y/o se crean nuevas estructuras político-administrativas, se debe velar siempre por tres principios fundamentales: primero, probidad y transparencia; segundo, austeridad en el uso de los recursos públicos, y tercero, eficiencia y eficacia desde el punto de vista del diseño y la gestión de toda política pública.
La creación del Ministerio de Seguridad Pública, que pretende dar respuesta a una sentida demanda ciudadana y además a una urgencia como país, carece al menos de dos de estos principios.
Criterio de austeridad
El proyecto que crea el Ministerio de Seguridad está planteado como una mera ampliación de la orgánica del
53
Estado, reorganizando estructuras existentes, pero sin un estudio acabado de las problemáticas de fondo en seguridad pública y sus eventuales soluciones. Es una respuesta fácil y simple para un problema complejo, con un alto costo para el Estado en un contexto de nulo crecimiento y de déficit fiscal.
Criterio de eficiencia y eficacia
El Gobierno transformó el proyecto original dejando al Ministerio de Seguridad como una instancia de coordinación y traspaso de información entre servicios. Lo razonable hubiese sido pensar en un modelo de gestión constituido por diversas políticas públicas, dentro de las cuales se estableciera al Ministerio de Seguridad con facultades precisas y sin líneas grises con otras instituciones del Estado.
Por otra parte, este proyecto era la oportunidad para un análisis holístico de la arquitectura político-administrativa del Ejecutivo , que incluyera al Ministerio del Interior, Ministerio Secretaría General de Gobierno y Ministerio Secretaría General de la Presidencia, subsecretarías y delegaciones presidenciales.
Algunos problemas que se vislumbran para las regiones con la creación del seremi de Seguridad Pública son las atribuciones reales con que contarán los delegados presidenciales y los coordinadores regionales de seguridad pública, actualmente dependientes de la Subsecretaría de Prevención del Delito.
En síntesis, el proyecto carece de una mirada estratégica y parece ser más bien una solución simplista para el principal problema que afecta a los chilenos.
Por eso, voy a votar en contra, señor Presidente.";1
"172";"21730";600;2024;12;"FLORES";NA;"El señor FLORES.-
Muchas gracias, señor Presidente.
Saludo a la ministra del Interior , presente en la sala.
Estimados colegas, yo creo que, desde hace algún rato, nadie podría siquiera dudar de que la primera prioridad que hoy día plantea la ciudadanía de manera desesperada en algunas comunas de Chile es la seguridad, o más bien la falta de seguridad.
En ese contexto, el Gobierno está obligado a responder con todas las herramientas posibles para poder prevenir, para poder combatir, para poder contener el avance de las organizaciones criminales, particularmente ligadas al narcotráfico, pero también a otros delitos peores. Y cuando han aumentado los delitos violentos, como los homicidios, se demuestra con claridad que no estamos ganando esta batalla.
La respuesta elegida por el Gobierno es recoger un proyecto que ya tiene varios años de estar presente en nuestro ideario y que no ha sido resuelto, mediante el cual se crea un ministerio especializado en materia de seguridad y de orden público; pero no solamente eso, sino que además se reformula el propio Ministerio del Interior y también parte del Ministerio Secretaría General de la Presidencia. Y aparte de lo anterior, se da forma a la representación regional, que no nos gusta, pero que no se ha cambiado y probablemente no se vaya a cambiar en el corto plazo, como es la figura de la delegación presidencial.
Este proyecto, señor Presidente , estimados colegas, intenta resolver todo aquello. Seguramente en el reglamento se van a poder precisar muchos más temas; pero hoy día vamos a tener un ministerio especializado, con las dos subsecretarías que ya conocemos, sin una cantidad mayor de funcionarios. Respecto a esto algunos han querido decir que significa más grasa para el Estado y más burocracia, pero son las mismas dos subsecretarías que se
53
trasladan y se especializan.
En la versión regional el delegado presidencial queda por ley encargado de coordinar la gestión multisectorial o, más bien, de todos los ministerios presentes en la región; pero además se crea un secretario regional ministerial que debe cumplir ciertas exigencias para ser nombrado y que estará bajo la subordinación del delegado presidencial.
Pero el Ministerio de Seguridad va a ser la secretaría especializada, además con un componente inédito: una institucionalidad que busca la protección civil a través de la coordinación de todas las instituciones para las emergencias, para las urgencias y para las catástrofes. Y además, también por ley, se obliga a hacer algo que hoy día las policías no hacen: coordinarse.
A su vez, el Ministerio del Interior queda como el coordinador político del gabinete y especializado en materia de desarrollo regional, con la Subdere bastante potenciada. O sea, hoy día tenemos la posibilidad de contar con una institución que realmente intente dar cuenta de lo que para nosotros significa enfrentar los problemas con las organizaciones criminales, que, dicho sea de paso, disponen de un sistema de inteligencia propio, de un sistema de financiamiento propio, tienen cómo seguir capturando soldados en cada barrio y en cada comuna de Chile. Por eso, necesitamos mucha más especialidad.
Podremos de pronto tener algunas críticas, pero lo que no podemos hacer hoy día es votar en contra de un esfuerzo que hace el Estado de Chile, a través del Gobierno presente, para tener una respuesta bastante más organizada y especializada, sin mucho mayor costo para el Estado.
Yo voy a votar a favor y pido que apoyemos esta iniciativa. No hay más tiempo para intentar hacer otra cosa que no sea la de aprobar este proyecto y dar las herramientas para que efectivamente podamos tener mejores posibilidades de combatir la delincuencia, Presidente.
Muchas gracias.";1
"173";"21730";602;2024;12;"TOHÁ";"ministra del Interior y Seguridad Pública";"La señora TOHÁ ( ministra del Interior y Seguridad Pública ).-
Muchas gracias, Presidente .
En la sesión anterior yo había comprometido que, al iniciar el trabajo el día de hoy, intentaría recoger inquietudes que salieron en las intervenciones que hubo y ojalá con eso ayudar al debate que estamos sosteniendo hoy día.
Quiero recordar, a propósito de distintas opiniones, observaciones o aprensiones que existen con respecto a este proyecto, que esta iniciativa lleva años de discusión en el Parlamento, y que tuvo su origen, en esta versión actual, en un proyecto presentado por el Gobierno del Presidente Piñera que nuestra Administración continuó en su tramitación con el objeto de que viera la luz, porque promesas a la ciudadanía de crear un ministerio de seguridad ha habido muchas, pero siempre se frustraron por nuestras diferencias, por nuestras mezquindades, por nuestros enredos.
Aquí, la opción que se tomó es tratar de sacar de verdad esta institucionalidad, resolver las diferencias, buscar alternativas, soluciones prácticas para los problemas que existen, y recoger también los lineamientos que se habían presentado en periodos anteriores, ajustándolos, modificándolos también con la mirada que tenemos en nuestro Gobierno.
El proyecto que está saliendo es resultado de eso, no solo del trabajo que han hecho aquí ambas cámaras y finalmente la comisión mixta, sino también de muchos aportes hechos durante su discusión. Entre ellos quiero señalar que el Ejecutivo , antes de presentar su indicación, contrató consultorías especializadas con administrativistas y expertos en estos temas y consultó la opinión de diversos expertos y organizaciones dedicadas a estas materias.
53
Este no es un proyecto que no se haya estudiado, y en ninguna de sus respuestas tiene formulaciones fáciles para los dilemas que hay. Ciertamente todas las formulaciones se pueden discutir, pero ninguna de ellas se ha tomado a la ligera.
Quiero referirme a algunos de los temas que han causado más discusión.
Existe una aprensión generada desde la oposición que hoy día está circulando en unas minutas de la Fundación Jaime Guzmán donde se critica el proyecto porque señalan que aquí se está creando subrepticiamente una suerte de primer ministro o primera ministra.
Esa es una observación sin fundamento alguno.
Por definición, un primer ministro es una autoridad que tiene una fuente de legitimidad distinta de la del Presidente; se basa en la confianza del Parlamento. Aquí no existe nada parecido a eso.
El ministro o ministra del Interior es una autoridad como cualquier otra: la nombra y la saca el Presidente cuando le parece.
Segundo, el primer ministro es un jefe del gobierno, superior al rango de los demás ministros. Lo que tenemos acá es un ministro del interior cuyo rol es el de articular y coordinar a los demás ministros; pero no es su jefe, ni tiene un rango superior, ni los manda, sino que se hace cargo de que gran parte de las políticas públicas que lleva un país en los tiempos modernos son desafíos intersectoriales que no se resuelven desde una sola cartera. Se requiere un trabajo conjunto, y alguien tiene que buscar que esos espacios de integración, de colaboración, de trabajo articulado se generen.
Para eso se le entregan determinadas competencias al Ministerio del Interior.
Entonces, de primer ministro o reforma al sistema político encubierta, aquí no hay nada que se le parezca.
Esa observación, sencillamente, no hay de dónde sostenerla.
La tercera observación que estuvo presente en la sesión anterior es referida a la creación de los seremis.
La idea de tener un ministerio de seguridad sin una estructura en las regiones que se haga cargo de cumplir con sus funciones es equivalente a no querer un ministerio de seguridad, porque no se puede tener un ministerio de seguridad que se desentienda del territorio; no se puede tener un ministerio de seguridad que le traspase a otro ministerio la tarea de sacar las tareas de la seguridad en cada una de las ciudades de nuestro país.
Sería, para los chilenos y las chilenas, una burla que hubiera un ministerio de seguridad en el centro de Santiago y que en las regiones siguiera a cargo el Ministerio del Interior.
Para eso sería mejor no crear ningún ministerio de seguridad.
Crear un ministerio de seguridad implica necesariamente una estructura que lleve adelante sus tareas, sus políticas públicas, sus planes, los lineamientos que defina en la región, incluyendo en ello el mando de las policías regionales.
Si esta figura, que es la presencia regional, debe ser una seremía u otra estructura, es algo que se discutió muy ampliamente en el Congreso. Aquí en el Senado, en el primer trámite, se aprobó prácticamente de manera unánime crear una estructura regional. La única diferencia que tenía esa estructura con la formulación actual del proyecto es que su jefatura no se llamaba ""seremi"", sino ""comisionado"" o ""comisionada"" de seguridad.
Pero tanto en la Cámara de Diputados como en la comisión mixta esa figura se descartó, porque los parlamentarios señalaron que crear un nombre para un cargo que no tiene asiento, presencia ni desarrollo en ninguna parte de la legislación administrativa más bien iba a abrir vacíos y complejidades en lugar de ser un aporte. Al final, era más bien un tema formal, es decir, cómo se llamaba el cargo. En la práctica va a ser realmente un seremi.
Entonces, la opinión general fue que era mejor ponerle el nombre que corresponde de acuerdo con nuestra legislación.
53
Se discutió mucho sobre los requisitos, y escuchamos en la sesión anterior a varios parlamentarios que decían que esta autoridad debiera cumplir exigencias más altas.
Nuestra opinión como Ejecutivo es que podría haber tenido requisitos más altos. Nuestra propuesta es esa. Pero en la comisión mixta ese criterio no fue el que obtuvo apoyo mayoritario. Transversalmente, en el oficialismo y en la oposición, se prefirió una figura que, teniendo más requisitos que la mayoría de los seremis, estos no fueran tan altos como los que el Gobierno estaba proponiendo.
En definitiva, se planteó que tenía que ser una persona con un título profesional de ocho semestres y que contara con tres años de experiencia en seguridad o seis años de experiencia profesional. Ese es el criterio que quedó.
En general, es un requisito mayor que el de la mayoría de los seremis.
Sin embargo, como Ejecutivo , somos muy partidarios de la idea de un ministerio con altos estándares profesionales.
Y en lo que nos va a corresponder desarrollar en el decreto con fuerza de ley con relación a las plantas, este ministerio se crea con el traspaso de setecientos ochenta y tantos funcionarios de Interior y la contratación de ciento veinte funcionarios nuevos.
La manera en que vamos a estructurar las plantas va a contener un fuerte componente de requisitos profesionales exigentes, incluso de participación del Servicio Civil en varios de los concursos para llenar los cargos intermedios del ministerio, porque una de las apuestas de este nuevo Ministerio de Seguridad es que se acerque un poco a cómo funcionan el Ministerio de Salud, el Ministerio de Obras Públicas, el Ministerio de Hacienda, que pasan y pasan los gobiernos pero hay cuadros técnicos dentro que permanecen y que los gobiernos dejan, no solo porque son de carrera, sino porque tienen una gran capacidad y son útiles para la gestión de la política pública.
Entonces, queremos ir en esa dirección y ahí tenemos una convergencia.
También se han planteado observaciones con respecto a una supuesta duplicidad entre la seremía y la delegación presidencial. Esto tampoco tiene fundamento, ya que no hay ninguna duplicidad.
Las tareas de seguridad están radicadas en la seremía, así como las de salud están en el seremi del ramo o en los servicios de salud, y las de educación, en el seremi del ramo o en los servicios locales.
Pero los delegados ya no están a cargo de la seguridad, sino de representar al Presidente de la República . Y cuando el Presidente de la República dice: ""Lo que se está haciendo en seguridad no me parece, hay que ajustarlo en tal sentido"". Ciertamente eso puede pasar, al igual como puede ocurrir en salud, en educación y en vivienda.
Si en una región el Plan de Emergencia Habitacional no está funcionando correctamente; si en una región la manera en que están operando los servicios locales de educación presenta falencias, el delegado no solo puede, sino que debe citar a esas autoridades y decirles: ""Aquí hay un problema, ¿cómo lo resolvemos?"". Y dar ciertas instrucciones, conversar con el Presidente o con el ministro y destrabar los problemas.
En seguridad va a ser lo mismo.
Si el seremi de seguridad está llevando adelante su labor de una manera que presenta problemas, dudas o cosas que aclarar, el delegado lo convocará, lo escuchará y, si tiene aprensiones, hablará con el Presidente y con el ministro , porque el delegado representa al Presidente .
La figura que tenemos hoy del delegado detrás de las tareas de seguridad de alguna manera nos ha hecho perder la perspectiva de que el delegado es un representante presidencial para todas las labores que hace en la región el Gobierno central, no el gobierno regional. Y este nuevo formato lo va a ayudar a ello, porque alguien se va a dedicar específicamente a la seguridad, y el Presidente estará por encima, a cargo de ver que el conjunto del Gobierno funcione bien y coordinadamente; identificará nudos críticos para resolverlos y hará gestión política cuando sea necesario y las políticas no se estén desarrollando de buena manera.
¿Por qué sigue el delegado? Se ha reclamado varias veces que el Gobierno tuvo, en algún minuto, la propuesta de eliminar los delegados y eso efectivamente es así. En medio de la creación de los gobiernos regionales electos, que
53
tenían meses funcionando cuando asumió el Gobierno del Presidente Boric, circulaba la idea de que se podía prescindir de los delegados.
La verdad es que a poco andar se vio que eso no tenía ninguna viabilidad, porque iba a significar que los servicios del Gobierno central instalados en la región iban a quedar sin ninguna coordinación con el Presidente . Y traspasar esa coordinación a los gobernadores no es factible, porque son autoridades autónomas que tienen sus propias definiciones, que pueden ser distintas de las del Gobierno, e incluso contrarias.
Entonces, creo que en Chile hay un debate pendiente -nadie lo puede negar en esta sala - en el sentido de cómo terminamos de resolver la institucionalidad de la descentralización: qué cosas queremos que hagan los gobiernos regionales, cuáles no.
Hay mucho que resolver ahí.
¿Cómo se zanjó esto en la ley que este Congreso aprobó? Que se van a traspasar competencias. Ahí veremos cuáles, cuántas y en qué.
Por lo tanto, estamos ante un modelo que no funciona adecuadamente, que requiere una imagen objetivo compartida de a qué institucionalidad queremos ir.
Pero no le pidamos al proyecto de ley que crea el Ministerio de Seguridad que resuelva ese tremendo debate. No es el lugar para zanjarlo, aunque sea necesario hacerlo.
Por eso el Gobierno de Chile no es partidario -y esto sí lo resuelve el Ministerio de Seguridad y queremos ser muy transparentes porque hoy día en la mañana tuvimos una conversación con los gobernadores donde hubo diferencias; el Parlamento podrá definir otra cosa cuando se discuta una ley sobre la materia- de que la seguridad pública se descentralice. La prevención del delito, sí.
Ese es un ámbito en el que hoy en día colaboran los municipios y donde tienen competencias. Los gobiernos regionales no tienen competencias, y somos partidarios de que las tengan.
De hecho, presentamos un proyecto hace más de un año, que está en la Cámara de Diputados, a fin de que se les otorgue competencia a los gobiernos regionales en la prevención del delito.
Pero en materia de seguridad pública el modelo descentralizado no nos convence. Vemos la experiencia en las regiones. No es buena. Más bien es al revés. El hecho de que en Chile tengamos policías nacionales y políticas nacionales en materia de seguridad pública ha sido históricamente una fortaleza en el ámbito de la seguridad.
Ahora, esa fortaleza es insuficiente hoy día para enfrentar los desafíos que tenemos. Se debe hacer un trabajo intersectorial; se debe tecnificar mucho más este rubro; hay que ser mucho más dinámico porque el delito cambia rápido. Pero las transformaciones que tenemos que hacer no van por el lado de la fragmentación o el debilitamiento de la idea nacional del combate al delito, sino por otras dimensiones.
Entonces, ¿hay espacio para que los gobiernos regionales tengan más rol? Ciertamente. Nosotros tenemos un proyecto que va en esa dirección en este mismo Parlamento. Pero, de nuevo, este proyecto de ley no es el espacio para aquello.
En la legislación actual los gobiernos regionales no tienen ninguna competencia en materia de seguridad, y queremos cambiar eso. Por eso presentamos ese proyecto y somos muy partidarios de discutirlo.
Sí, el proyecto es muy claro en señalar que debe haber una colaboración y más espacios de trabajo conjunto, que las inversiones que hagan los gobiernos regionales deban articularse con las políticas que tienen las policías y no ser iniciativas fragmentadas e inconexas.
También había una preocupación -la senadora Aravena habló de eso- en el sentido de qué cambia con la creación de un ministerio de seguridad. ¿Va a ser más de lo mismo, pero con más burocracia? No va a ser más de lo mismo.
En primer lugar, porque, estando fuera del Ministerio del Interior, la seguridad va a estar menos politizada.
53
Segundo, estando la seguridad radicada en un ministerio especializado, este podrá contar con cuadros más permanentes y no tan rotatorios, como tenemos en todos los ministerios políticos.
Todos aquí hemos sido, de alguna manera, parte de distintos gobiernos, y lo primero que hace un gobierno es que en los ministerios políticos pone a los sectores que representan su visión.";1
"174";"21730";604;2024;12;"TOHÁ";"ministra del Interior y Seguridad Pública";"La señora TOHÁ ( ministra del Interior y Seguridad Pública ).-
Estoy terminando, en todo caso.
Entonces, eso cambia.
¿En qué cambia? Cambia en que se crea el Sistema de Seguridad, que es un esfuerzo de articulación de la labor del Estado; cambia porque se crea el Cicpol, que es un sistema de coordinación de las policías con expresión macrorregional; cambia en que se desarrollan las funciones de prevención del delito mucho más de lo que están actualmente; cambia en que se le da un área de desarrollo estratégico, de evaluación y estudio de la política de seguridad que nos ha penado todo este tiempo. La política de seguridad ha sido muy reactiva, ha ido detrás de los fenómenos criminales.
Entonces, cambian muchas cosas.
Por último, Presidente , porque estaba justamente en el último tema que salió, sabemos que causa un poco de vértigo un cambio de este tipo. Eso todos lo podemos entender. Pero todo el cambio que se propone aquí no se inventó de la nada, sino que ha sido ampliamente discutido y reflexionado.
Si este informe de comisión mixta se llegara a rechazar, el Ministerio de Seguridad se crearía igual, pero sería un verdadero mamarracho. Lo que quedó de ambas cámaras no tiene ninguna consistencia.
Entonces, la experiencia nos puede mostrar muchas vías por las cuales mejorar este proyecto, pero sin duda lo que va a salir, si no se aprueba el informe de la comisión mixta, será la peor versión, la garantía de algo que no va a funcionar.
Por eso mi solicitud, insistencia e invitación es que aprobemos el informe y le demos una oportunidad a esta iniciativa, que ha esperado tanto, y que entre todos vayamos, a partir de la experiencia, mejorándola y fortaleciéndola.
Muchas gracias.";1
"175";"21730";610;2024;12;"VAN RYSSELBERGHE";NA;"El señor VAN RYSSELBERGHE.-
Muchas gracias, Presidente .
Saludo a la ministra del Interior, que nos acompaña.
En el año 2022, cuando fue mi primer período en este Senado de la República representando a la región del Biobío, me correspondió integrar la Comisión de Seguridad, donde pudimos revisar en particular este proyecto.
En ese momento existía un consenso casi transversal entre los senadores integrantes de la Comisión sobre la inconveniencia de ciertas normas que proponía el proyecto de ley y de algunas indicaciones que en su momento presentó este Ejecutivo.
La principal piedra de tope de la discusión en esa oportunidad fue la creación de los seremis de seguridad en las regiones, así como de las funciones y atribuciones que tendrían.
Esta figura tuvo una serie de variaciones, tanto en nombres como en atribuciones, durante la tramitación del proyecto, terminando en un lugar muy cercano a su punto de inicio. Es decir, volvemos a la situación en que en las regiones tendremos dos personas: el delegado presidencial y el seremi de Seguridad, a cargo de las medidas del área, como el requerimiento de la fuerza pública, pero con responsabilidad distinta, ya que solo el delegado presidencial es acusable constitucionalmente.
Entonces, esta situación se traducirá en que, al final del día, el seremi, si bien es quien debe efectuar el llamado, está expuesto a tener una facultad de papel, pues pocos serán los casos en los cuales él sea quien tenga la facultad exclusiva para proceder.
En ese sentido, no se termina de entender bien cuál es el objetivo de darle una facultad a un secretario regional ministerial que en la práctica también podrá ejercer el delegado presidencial y que, estoy seguro, se ejercerá, en la mayoría de los casos, de esa forma.
Sin embargo, el problema principal que subyace en todo esto es que se refleja la gran burocracia que propone este proyecto de ley y que, al final del día, nada dice respecto a si podrá dar después una efectiva solución a su principal cometido: restaurar la crisis de seguridad que hoy existe en el país.
Otro tema que en su momento se discutió sin llegar a una propuesta clara, dice relación con las funciones que tendrá el Ministerio del Interior, ya que, si bien hubo cambios efectivos en parte de las ideas que fueron enviadas a la comisión mixta, vemos ciertos pasajes que aún reflejan la propuesta basal del Ejecutivo de consagrar al ministro del Interior como una suerte de primer ministro , al incorporar dentro del articulado una nueva norma que lo consagra como la persona a cargo de la coordinación política del gabinete ministerial.
En tal sentido, esta suerte de función híbrida, y a veces vaga, que tendrá el Ministerio del Interior solo demuestra la necesidad de implementar a la brevedad posible la reforma al comité político del Estado, donde se genere un ministerio político potente y robusto que incluya a la Segprés y a la Segegob como parte de un solo cuerpo armónico.
53
En resumen, estimo que con este proyecto...(se desactiva el micrófono por haberse agotado el tiempo y se vuelve activar por indicación de la Mesa)... estamos desaprovechando una gran oportunidad para que el Estado de Chile genere una institución sólida, robusta y coherente que pueda enfrentar la grave crisis de seguridad que vivimos, cuya solución, lamentablemente, no llegará por medio de la nueva institucionalidad que hemos estado creando.
Por tal motivo, votaré en contra, Presidente.
Muchas gracias.";1
"176";"21730";612;2024;12;"SAAVEDRA";NA;"El señor SAAVEDRA.-
Gracias, Presidente.
Señora Ministra , colegas, buenas tardes.
Concurro con mi voto favorable a este informe porque considero que es una forma relevante y trascendente en la modernización del quehacer del Estado en la prevención y el combate contra el delito.
Considero que esta iniciativa constituye un avance.
Este proyecto ha tenido una larga tramitación y, a mi parecer, contribuye a que contemos con medios de gestión de la seguridad por parte de la institucionalidad pública.
Crear este ministerio permite que como sociedad contemos con más herramientas de gestión para una adecuada respuesta a los desafíos de la criminalidad actual, que exigen una respuesta coordinada de las instituciones del Estado.
Dentro de los aspectos destacados de esta iniciativa está la creación del Centro Integrado de Coordinación Policial, para así contar con una instancia de asesoría a las policías y al Ministerio y lograr una mejor coordinación.
Por otra parte, se crea el Sistema Nacional de Protección Ciudadana, que contribuye a un modelo de gestión constituido por acciones de distintos órganos destinados a gestionar y responder de forma continua a las alertas ciudadanas ante riesgos, peligros y amenazas a la seguridad.
El proyecto establece el compromiso de ingresar una iniciativa que regule este sistema ocho meses después de la publicación de la ley.
También establece claramente la dependencia de las Fuerzas de Orden y Seguridad respecto del Ministerio de Seguridad Pública. Además, señala que dicha dependencia no obsta a la relación de las policías con los demás órganos con facultades sobre estas, como el Ministerio Público.
Por otra parte, se entregan herramientas de gestión al Ministerio para la intersectorial, en virtud de lo cual podrá encomendar acciones a otros ministerios o servicios públicos y pronunciarse sobre sus planes y programas, lo que en consideración a la complejidad del tema de la criminalidad es un gran avance para una mejor respuesta estatal.
De esta forma, podemos contar con acciones públicas que sean concordantes con las necesidades de seguridad y prevención, por ejemplo cuando se construye una obra pública en beneficio de la comunidad como una plaza o un conjunto habitacional. Así, la política pública considera, en una mirada, la variable de prevención ante situaciones
53
de riesgo de delito.
Por otra parte, ante las polémicas que se han generado por las actuaciones del exsubsecretario, el proyecto define claramente la autoridad que tendrá las facultades para solicitar información a otros órganos de la Administración, incluyendo aquellas reservadas o secretas y de inteligencia del Estado. La solución radica en que solo las podrá solicitar el ministro o la ministra.
De este modo, se mantiene la redacción propuesta por la Cámara, que habilita al ministro o la ministra para solicitar informes o reportes de carácter reservado o secreto, incluyendo aquellos que tengan relación con la inteligencia policial... (se desactiva el micrófono por haberse agotado el tiempo y se vuelve a activar por indicación de la Mesa).
Con respecto a la estructura del Ministerio, no tengo objeciones. Considero adecuado establecer que existan dos subsecretarías y subsecretarías ministeriales a nivel regional, dejando establecido claramente que será la Subsecretaría de Seguridad Pública la que deberá ejercer las funciones relativas a las Fuerzas de Orden y Seguridad, lo que es consistente con las funciones de la Subsecretaría de Prevención del Delito, para evitar duplicidades.
Por otra parte, me parece adecuado especializar a seremis en materia de seguridad, al mismo tiempo que se determinan funciones específicas, requisitos, causales de cesación, todo ello para contar con un Estado más moderno y adaptado a las necesidades públicas para enfrentar la realidad delictual.
Finalmente, la creación del Ministerio de Seguridad Pública no debilita al Ministerio del Interior, sino que se fortalece su rol de coordinador político y de gestión del Gobierno, tanto a nivel central como regional y provincial, a través de los delegados presidenciales... (se desactiva el micrófono por haberse agotado el tiempo y se vuelve a activar por indicación de la Mesa).
Hago un llamado a aprobar lo que nos propone el informe de la comisión. Votar en contra significa un retroceso, desperdiciar tiempo de trabajo legislativo y entorpecer el avance en la modernización del Estado para ponerlo a tono con las urgencias que nos impone la prevención y el combate contra la delincuencia.
Vale la pena votar a favor, porque este es el tiempo de demostrar la coherencia entre la demanda y el discurso de quienes exigen siempre una situación mejor en materia de seguridad pública. Este es el tiempo en que debemos aprobar un proyecto que significa avances claros en estrategias para combatir las bandas organizadas, el crimen organizado y la delincuencia en nuestro país.
Votaré a favor.
He dicho, Presidente , muchas gracias.";1
"177";"21730";614;2024;12;"LATORRE";NA;"El señor LATORRE.-
Gracias, Presidente, y por su intermedio saludo a la ministra del Interior.
Este proyecto lleva mucho tiempo de tramitación, desde que surge la idea hasta que se concreta. Y está por verse si van a estar los votos responsables -en mi opinión- para sacar adelante esta institucionalidad.
Uno podría hacer el ejercicio de pensar qué hubiese pasado en Chile si el Ministerio de Seguridad Pública estuviese ya operativo, hubiera sido implementado hace años y tuviera la capacidad para tomar decisiones y anticiparse a los hechos en base a datos; si hubiese contado con una mirada especializada, por ejemplo, respecto a cómo se fue colando en Chile el crimen organizado de carácter transnacional, cómo fueron cambiando los códigos de mayor violencia en nuestro país, cómo se podría haber proyectado y detenido esto a tiempo, no con estrategias reactivas de corto plazo, sino que anticipándose a los escenarios de amenaza para la seguridad pública. Todo eso podría
53
haber ocurrido si este Ministerio hubiese estado operativo.
Sin duda alguna, hoy día tenemos desafíos muy importantes. Por ejemplo, la tríada respecto del tráfico de drogas, el tráfico de armas y la trazabilidad de las armas. Las Fuerzas Armadas también tienen un rol importante en cómo se coordina aquello.
Hay que seguir la ruta del dinero de las grandes organizaciones criminales, que obviamente tienen fines de lucro.
Asimismo, la corrupción de la institucionalidad pública, de la inteligencia.
¿Cómo disminuimos las tasas de homicidio? ¿Cómo todo esto tiene una bajada territorial, pero además una coordinación entre regiones, con una mirada macrozonal?
Porque obviamente los límites geográficos no se respetan por parte de las organizaciones criminales, las que operan de un lado a otro del territorio nacional. Por ello, resulta importante todo el trabajo de coordinación con el Ministerio Público, las policías, las aduanas, los puertos, las cárceles.
Es fundamental que tengamos un ministerio que rinda cuentas, pero que haga ese trabajo de manera especializada, para poder desconcentrar las funciones propias del Ministerio del Interior en términos políticos y también de la descentralización en nuestro país.
Hablo de la región de Valparaíso, donde además se suman otros fenómenos como las catástrofes naturales, los megaincendios, muchas veces provocados por actos criminales de personas que son parte de organizaciones que deberían estar orientadas a protegernos, como los detenidos de Conaf, o lo que ocurrió en San Felipe, donde se detuvo a personas vinculadas al OS7, quienes estaban involucrados en redes de microtráfico. Es decir, necesitamos una mayor capacidad institucional y de inteligencia.
Por eso, me parece que lo responsable en esto...
Pido un minuto más...(se desactiva el micrófono por haberse agotado el tiempo y se vuelve a activar por indicación de la Mesa)... para cerrar, Presidente.
Me parece que lo responsable en esto -ya que permanentemente se hace campaña política con el tema de la seguridad cuando se le dice a la gente que es la principal prioridad- es no restarse con los votos para sacar adelante una institucionalidad que dé respuesta y sea consistente, equilibrada, racional, que sirva. Eso es lo responsable desde el punto de vista del Parlamento.
Habrá opiniones distintas, es legítimo. Pero no seamos inconsistentes con el tema de la seguridad a la hora de hacer campañas políticas, usándolo como bandera electoral y después negando los votos para sacar adelante una institucionalidad que sirve para hacer un trabajo más especializado que se anticipe a los riesgos, por la inseguridad que vive nuestro país.
Voto a favor, Presidente .
Gracias.";1
"178";"21730";616;2024;12;"VODANOVIC";NA;"La señora VODANOVIC.-
""La propuesta de crear el Ministerio de Seguridad Pública tiene en cuenta no solo la letra y el espíritu de la reforma constitucional del año 2005, sino sobre todo la conveniencia de que exista un Ministro cuya responsabilidad exclusiva sea la seguridad pública. Así lo propuso también la Comisión Especial del Honorable Senado de la República que presidió el Honorable Senador Eduardo Frei "".
Con estas palabras, la Presidenta Michelle Bachelet mandaba al Congreso un proyecto que reemplazaría la Ley Orgánica del Ministerio del Interior, del año 1927, y crearía el Ministerio de Seguridad Pública. Este se convertiría
53
en la ley N° 20.502, promulgada en el año 2011.
La oposición de la época se opuso a la creación de un nuevo ministerio exclusivamente a cargo de la seguridad pública. Hoy, casi quince años después, hemos llegado a un consenso amplio respecto a la necesidad de contar con una institucionalidad especializada en materia de seguridad.
No basta con tener gente que ayude a decidir correctamente cómo calcular las UVE (unidades de vigilancia equivalente) que utiliza Carabineros para determinar si una localidad debe tener o no un retén, cuántas patrullas se le debe asignar o cuál es la mejor forma de evaluar el plan Cuadrante de Seguridad Preventiva.
También se requiere gente en el Ministerio que conozca de administración de personal, para que no nos encontremos con que más de un cuarto de los funcionarios policiales llevan en su grado jerárquico más tiempo del que dispone la ley, truncando su carrera. Se requiere gente que sea capaz de evaluar, en una proyección a futuro, cuáles son los costos de una flota de vehículos recién comprados por la gobernación regional.
Al nuevo ministerio se le ha dado expresamente la posibilidad de recabar antecedentes a otros órganos de la Administración del Estado para efectos de generar y evaluar políticas públicas, incluso cuando estos son secretos o reservados, respetando la ley de protección de datos personales.
También se debe validar cualquier adquisición que se realice por parte de las policías con fondos distintos a los de su propio presupuesto.
Se deben elaborar políticas nacionales al menos en materia de crimen organizado, terrorismo y narcotráfico, estableciendo programas referidos a bienes decomisados de acuerdo a la ley sobre crimen organizado, que aprobamos recientemente.
Incluso, el Ministerio de Seguridad podría evaluar políticas, planes y programas de otros ministerios para ver cómo colaboran con la prevención de delitos.
En materia regional se han hecho muchas observaciones que en este proyecto se tratan de solucionar. La figura de un seremi de seguridad pública no deja de ser controversial; se ha establecido un mecanismo de coordinación entre este y el delegado presidencial regional que parece razonable y tendremos que ver cómo funciona en la práctica.
Lo cierto es que, desde el momento en que separamos la función de gobierno interior de la de seguridad pública, no podemos dejar el mando completo al delegado encargado del gobierno interior, pero obligándolo a ejecutar sus funciones de acuerdo a las directrices técnicas de un ministerio distinto de aquel del que forma parte.
Respecto de los requisitos para nombrar a un seremi de seguridad, que fue un punto controversial en la comisión mixta, son suficientemente exigentes para la naturaleza del cargo el título profesional y tres años de experiencia en materia de seguridad o seis años de experiencia profesional.
El seremi es el representante de la autoridad política del ministro en la región, y por tanto es un cargo político de exclusiva confianza del nivel central. En los ministerios del Trabajo, Agricultura, Segegob, Minería, Obras Públicas y Justicia no se pide ningún requisito especial. En los de Economía, Educación, Medio Ambiente, Cultura, Desarrollo Social, Deportes, Ciencia, de la Mujer y todo el resto, máximo cuatro años de experiencia profesional. Por lo tanto, aquí estamos aplicando un estándar más alto para el nombramiento del seremi de seguridad, y eso debería ser suficiente.
Por último, en cuanto a lo que se ha llamado ""rebelión de los gobernadores acerca de este proyecto de ley"", me parece atendible lo que ellos han expuesto, pero no con relación a este proyecto, sino a la voluntad política de fomentar la descentralización, la que debemos considerar y avanzar en ese sentido. Autoridades electas en las regiones que deben liderar un plan de desarrollo regional, de futuro, con más atribuciones y recursos, avanzando hacia la autonomía financiera...(se desactiva el micrófono por haberse agotado el tiempo y se vuelve a activar por indicación de la Mesa).
Gracias.
Soy partidaria de aquello, y desde mi rol de integrante de la Comisión de Gobierno, Descentralización y
53
Regionalización, los gobernadores -lamentablemente, no hay gobernadoras- saben que cuentan conmigo. Pero en este proyecto de ley ellos sí están incorporados en la instancia regional de coordinación de seguridad, por sí y también por el consejero regional que determinen para trabajar en los consejos regionales de seguridad.
La creación de este ministerio es una señal potente de la importancia que tiene para nuestro Gobierno y para el país fortalecer la institucionalidad, el poder civil sobre las policías, el control de las mismas y las orientaciones en políticas públicas eficientes.
La seguridad es indispensable para el ejercicio de todos los derechos.
Hoy, aprobando este ministerio, avanzamos en el sentido correcto, y por eso voto a favor.";1
"179";"21730";618;2024;12;"KUSANOVIC";NA;"El señor KUSANOVIC.-
Gracias, Presidente.
Ministros presentes, subsecretaria, en Chile tenemos un serio problema que ya parece enfermedad. Y es que cada vez que no somos capaces de solucionar o resolver un problema, creamos una nueva institución para resolverlo, pero al tiempo nos damos cuenta de que ese nuevo organismo tampoco es capaz de resolver el problema. Es cosa de ver lo que está pasando con los SLEP.
Habría preferido que los cerca de ocho mil millones para la implementación del nuevo Ministerio fueran dirigidos a una mejor gestión operativa para resolver el problema ahora, no mañana. O que los siete mil millones que nos costará, en régimen, este nuevo ministerio fueran directamente a fortalecer a las fuerzas de orden, o a mejorar la bonificación a los policías, que arriesgan su vida todos los días en las calles.
En su lugar, los esfuerzos se pusieron en más Estado, más burocracia, más cargos públicos. Y lo que es peor, con este nuevo ministerio se va a diluir la toma de decisiones para enfrentar a la delincuencia, cuando lo recomendable en situaciones de crisis es justamente lo contrario: concentrar el poder y la toma de decisiones.
Finalmente, vemos, señor Presidente, que el problema de fondo no son las instituciones; el verdadero problema son las personas que las dirigen y las personas que les dan vida a esos establecimientos.
Y la realidad que vemos es que estamos ante gobiernos que no han actuado con la convicción de imponer mano dura a la delincuencia. Estamos atrapados en paradigmas ideológicos donde están convencidos de lo contrario, y por lo tanto, no toman las decisiones que se necesitan; algunos no las toman por temor y otros por convicciones políticas. Pero los que lamentablemente terminan pagando el precio son los chilenos honestos.
Gracias.";1
"180";"21730";620;2024;12;"CHAHUÁN";NA;"El señor CHAHUÁN.-
Señor Presidente , honorable Sala, para enfrentar la actual crisis de seguridad que tenemos en nuestro país hay dos alternativas: o las mismas soluciones de siempre, o somos capaces de ser audaces.
53
Ciertamente, se requiere congregar los esfuerzos necesarios del Estado para enfrentar esa crisis de seguridad, que involucra, entre otros, interoperabilidad de datos, interagencialidad, y por supuesto, también un sistema único de mando y control. Esa es la única manera de enfrentar el fenómeno criminológico que estamos viviendo en nuestro país.
Y, en ese contexto, este proyecto va en esa dirección. Primero, porque establece el Sistema Nacional de Protección Ciudadana, el cual, sin lugar a dudas, podrá integrar a todas las entidades vinculadas directa o indirectamente en los temas de seguridad ciudadana, en lo preventivo y en lo reactivo -policías, bomberos, salud, gestión de riesgo, municipios, tránsito, entre otras-, bajo una misma plataforma tecnológica, atendida por especialistas preparados y una red común que permitirá la generación y producción de protocolos estandarizados, con una dinámica de trabajo interagencial y multidisciplinaria, incrementando con ello la eficacia y la eficiencia de la seguridad del país.
Este acceso universal se materializa con un número único nacional de emergencias que aprovecha las tecnologías disponibles de comunicaciones, que van desde celulares, equipos de geolocalización, cámaras de vigilancia pública y otros dispositivos que puedan ser un aporte situacional, permitiendo facilitar la vida de las personas, proteger su integridad y mejorar los tiempos de respuesta en la asignación eficiente de recursos.
En cuanto a los esfuerzos que han hecho los países que han logrado reducir de manera significativa los índices, por ejemplo, de homicidios, quiero referirme al gobierno de Buenos Aires, que logró integrar más de dieciocho mil, ¡dieciocho mil!, cámaras de seguridad, privada, pública y municipal. ¿Y qué hizo finalmente? Logró establecer equipos que permitieran -garantizando, por supuesto, los derechos de las personas- una reacción del Estado para enfrentar los fenómenos criminológicos.
¿Qué ocurrió en Buenos Aires? La ciudad se transformó en la segunda capital más segura de Sudamérica, ¡segunda capital más segura de Sudamérica!, porque logró reducir significativamente las tasas de homicidio.
¿Qué se requiere hacer en Chile? Se requiere, primero, contar con...(se desactiva el micrófono por haberse agotado el tiempo y se vuelve a activar por indicación de la Mesa).
Se requiere tener, primero, una institucionalidad que pueda hacerse cargo de este esfuerzo de interoperabilidad de datos, interagencialidad y sistema único de mando y control. El Ministerio de seguridad Pública va en esa dirección.
Y por eso yo quiero agradecer al senador Ossandón y al senador Durana , que estuvieron aportando para cambiar la visión y que el proyecto mejorara de manera sustantiva.
Quiero recordar que este es un proyecto que, además, venía desde el Gobierno del Presidente Sebastián Piñera y que, fruto del trabajo de la comisión mixta -acá quiero agradecer a los dos senadores de oposición-, permitió garantizar una institucionalidad que pudiera hacerse cargo y poner finalmente foco en los temas de aumento de las tasas de crimen en nuestro país.
Esto va a mejorar tanto el sistema de prevención como la investigación y persecución penal, basada en la correcta coordinación...(se desactiva el micrófono por haberse agotado el tiempo).";1
"181";"21730";623;2024;12;"KAST";NA;"El señor KAST.-
Gracias, Presidente.
Por unanimidad, la Comisión de Hacienda solicita a la Sala autorización para abrir plazo de indicaciones, hasta las cinco de la tarde, respecto del proyecto de ley que crea el Subsistema de Inteligencia Económica y establece otras medidas para la prevención y alerta de actividades que digan relación con el crimen organizado.
53";1
"182";"21730";626;2024;12;"LAGOS";NA;"El señor LAGOS.-
Muchas gracias, señor Presidente.
Espero que podamos abrir la votación luego. Son tres minutos por cada uno de nosotros.
Lo relativo a la seguridad es el tema uno en la agenda.
En segundo término, este proyecto, en relación con sus ideas generales, matrices, viene de la Administración anterior del Presidente Piñera, que en paz descanse.
¿Este proyecto puede ser mejorado? Sin duda, como todas aquellas iniciativas que aprobamos acá, en el Parlamento.
Se observa, a partir del debate de la semana pasada y del informe de la comisión mixta, que persisten dudas en algunos senadores acerca de cuál es la mejor solución.
Y mi llamado frente a esto, ciertamente, es votarlo a favor.
Todo es perfectible, ¡todo es perfectible! Pero ocurre que nosotros iniciamos un proceso de descentralización que ha sido a tirones.
Quiero recordarles que la ley N° 21.703, que establece la elección de gobernadores regionales, fue seguida por la ley N° 21.704, que se refiere al traspaso de competencias y atribuciones. ¿Por qué razón? Porque logramos introducir en la ley Nº 21.703 una norma transitoria que exigía que para que pudiera entrar en vigencia la elección de gobernadores regionales debían estar dictadas las normas de atribuciones: podía ocurrir que íbamos a tener una ley para elegir gobernadores sin ninguna atribución legislada al respecto.
Hubo que amarrar eso a la fuerza.
Eso hace que, cuando tenemos que crear hoy día un ministerio de seguridad, que es necesario, que divide al Ministerio del Interior y las funciones, que permite concentrarse en el combate a la delincuencia, ciertamente la forma en que conversan las seremías con los gobernadores regionales, con el delegado presidencial, etcétera, sea opinable. Pero, en la suma y resta, esto es importante.
De ahí que hoy día quiero valorar el esfuerzo que hizo la ministra la semana pasada, y nuevamente hoy, de hacerse cargo de las preocupaciones que existen. ¿Por qué lo señalo? Porque me parece muy importante que, a la hora de votar en esta sala, si hay dudas acerca del contenido de un proyecto, no seamos sorprendidos después, al conocerse sus efectos, y digamos: ""No estaba claro qué se estaba votando; había dudas al respecto"".
Acá tenemos claro que hay un tema latente vinculado a la relación de los delegados presidenciales con los nuevos seremis de seguridad y los gobernadores electos. Hoy hemos visto cómo los gobernadores todavía manifiestan preocupaciones. Pero, para mí, en la suma y resta no hay dónde perderse en este proyecto: hay que aprobarlo. Es la mejor señal que le podemos dar a la ciudadanía sobre nuestra preocupación en este tema.
53
Sin duda que lo ocurrido ayer con la ""Ley corta de isapres"" no ayuda, en el sentido de endilgar responsabilidad al Parlamento cuando hay otras instancias que podrían haber resuelto este asunto de mejor manera.
Muchas gracias, señor Presidente.";1
"183";"21730";628;2024;12;"QUINTANA";NA;"El señor QUINTANA.-
Muchas gracias, Presidente.
Quiero valorar las palabras del senador Chahuán, porque lo que había escuchado hasta hace poco rato de algunos colegas de la oposición daba cuenta, en verdad, de un Senado kafkiano, absurdo, incongruente, contradictorio.
A menudo nosotros decimos: ""Quiero señalar algo, Presidente , para la historia fidedigna de la ley"". Y yo llamaría en este caso a mirar la historia fidedigna de la ley respecto de cada uno de nuestros argumentos. Porque recuerdo que en mayo pasado, cuando conocimos este proyecto en el tercer trámite, lo que tuvimos aquí fue una votación prácticamente unánime para llevarlo a comisión mixta, ya que no queríamos algunas cosas que venían de la Cámara.
Pues bien, si este informe no llegara a aprobarse porque algunos colegas deciden abstenerse, lo que vamos a tener será un proyecto más bien parecido a lo que venía de la Cámara. Será una normativa -y esto hay que decirlo con todas sus letras, para que cada uno asuma la responsabilidad- sin Subsecretaría de Prevención del Delito, porque en rigor se cae dicha subsecretaría, dado que, como venía el proyecto de la Cámara, no estaba creada y no tenía atribuciones.
Por lo tanto, lo que vamos a tener aquí sería un bodrio, un proyecto completamente incoherente.
Si alguien cree que absteniéndose le hace un daño al Gobierno, no es así: le hace un daño a la seguridad pública. Y olvidémonos después de crear propuestas y decir ""no, si estamos preocupados de la seguridad pública"". ¡No es así!
Yo, de verdad, no puedo entender lo que he escuchado a ratos en algunas intervenciones de los colegas de enfrente. Por eso destaco las palabras del senador Chahuán , como también el trabajo, del cual fui testigo, de los mandatados en la comisión mixta, senadores Durana y Ossandón . Lo que tuvimos ahí fue una votación prácticamente unánime en todas sus normas.
Si este informe no se llegara a aprobar porque hay alguien que se está pasando la película de que de esta manera le hacemos un daño al gobierno de turno, le digo que le está generando un daño al gobierno que venga.
No nos estamos pronunciando hoy día sobre si vamos a tener o no un ministerio de seguridad. ¡Vamos a tener un ministerio de seguridad, porque así fue aprobado en ambas cámaras! Este es el informe de la mixta. Por lo tanto, si no contáramos con el respaldo, lo que habría aquí sería un encargado provincial, con sus atribuciones y requisitos, pero no un encargado regional. Entonces, veo que a los que dicen siempre que les importan mucho las regiones, ¡no les importan las regiones!, porque no existiría un encargado regional, sino una cosa, de verdad, ininteligible desde el punto de vista de la seguridad pública.
Es lamentable lo que he escuchado en algunas intervenciones, porque esto nos retrotrae a los momentos más bajos de aprovechamiento político en materia de seguridad.
Creo que hoy día debemos ser responsables con el país, con la seguridad.
No me imagino a otro país en el mundo que esté atravesando situaciones como las recientes en materia de realidad criminal y que rechace la posibilidad de un ministerio de seguridad pública, más aún cuando escuchamos a las policías en el primer trámite del proyecto. Cuando presidía la comisión técnica el senador Insulza , recibimos al general Yáñez , a los mandos policiales, a la PDI.
53
Este es un proyecto, como se ha dicho, que viene de antes. Una de las primeras intervenciones -lo recuerdo aquí- fue la del exsubsecretario Galli . Y creo que en la indicación del Ejecutivo no hay más que la voluntad de sacar adelante esto, sin cambiar lo esencial de lo que venía del Gobierno del Presidente Piñera y adaptándolo a una realidad territorial que finalmente, también por sugerencia de las policías, lo que hace es no quebrar la verticalidad del mando. Eso se garantiza.
Si hubiésemos seguido la lógica del comisionado o de dejar la potestad de la seguridad en manos del delegado, lo que tendríamos ahí sería efectivamente un doble mando, y ello significaría un problema para las tareas operativas, que son fundamentales en las policías.
Entonces, este es un gobierno que ha predicado con el ejemplo. Es el que más recursos ha entregado a las policías.
Se ha hecho cargo, incluso, de los temas de seguridad, de protección de los funcionarios policiales y, también, de sus carreras y sus trayectorias.
Así que nos parece que lo responsable, como Senado, más allá de las bancadas y de los colores políticos, es aprobar este informe de la mixta, que ha sido trabajado acuciosamente.";1
"184";"21730";630;2024;12;"TOHÁ";"ministra del Interior y Seguridad Pública";"La señora TOHÁ ( ministra del Interior y Seguridad Pública ).-
Presidente , la semana pasada el Ejecutivo retiró la urgencia de este proyecto para permitir una segunda sesión y votarlo. Pero estamos viendo que aquí no se está dando el acuerdo para desarrollar la votación, porque hay palabras pedidas y no sé si finalmente vamos a votar.
Quiero recordar, antes de que el tiempo decida por sí solo, que lo que está en discusión aquí es un informe de comisión mixta que fue despachado ¡unánimemente!, con presencia de un diputado y un senador de RN, un diputado y un senador de la UDI, un senador de la Democracia Cristiana, un diputado y un senador del Partido Socialista, una diputada del Partido Comunista y una diputada del Frente Amplio .
¿Qué señal estamos dando en este debate?
¿Para qué se arman las comisiones mixtas?
¿A quién representan los parlamentarios que ahí se sientan?
Si vamos a desentendernos de todo el esfuerzo que hemos hecho por años en esta Corporación, de votaciones que previamente se hicieron aquí, respaldando las mismas normas que ahora se ponen en discusión, los ciudadanos que siguen estos temas y que esperan acuerdos de nosotros van a sacar muchas conclusiones que, en mi opinión, a nadie del sistema político lo van a dejar bien parado, ¡a nadie!: ni al Gobierno, ni a la oposición, ni al Parlamento.
Ha habido muchas instancias para discutir las diferencias. Pero si hoy día el camino por el que se opta es quedarnos sin ministerio de seguridad, la señal para los ciudadanos es que la política no se la puede con los temas que son prioridad.
Esa sería la señal, y sería una señal muy lamentable.
Gracias, Presidente .
53";1
"185";"21730";632;2024;12;"SANDOVAL";NA;"El señor SANDOVAL.-
Muchas gracias, Presidente.
Si hay problemas con los tiempos, ante la preocupación de la ministra, puede perfectamente solicitar prorrogar la sesión más allá de las cuatro de la tarde...";1
"186";"21730";634;2024;12;"SANDOVAL";NA;"El señor SANDOVAL.-
Es que la argumentación que se plantea es bastante rara respecto del procedimiento.
Una comisión mixta puede constituirse y proponer una determinada resolución...
(La ministra del Interior y Seguridad Pública conversa con el senador Cruz-Coke).
La ministra expresó todo lo que quería, ¡y es bueno que nos escuche! Si no, ¡para qué estamos acá, entonces!
¡Retírelo de ahí, ministra, nomás; que se vaya a sentar a su pupitre... (en alusión al senador Cruz-Coke)!
(Risas en la sala).
¿Qué más quisiéramos, obviamente, que resolver los problemas tan endémicos que tenemos en materia de seguridad pública en nuestro país? No me cabe la menor duda de que nadie se podría abstener de un acto a través del cual, mediante la creación de una institucionalidad, se resuelve el problema.
De la misma manera, podríamos pensar que los problemas de salud existentes en nuestro país se solucionan por tener un ministerio de salud, y no es así, desgraciadamente. La institucionalidad no necesariamente es garantía de que vamos a enfrentar el problema de fondo.
En este proyecto, efectivamente, hay una voluntad, que viene desde otra visión estratégica del desarrollo, que era la del Gobierno del Presidente Piñera en 2021.
Presidente , con este ministerio, con la Subsecretaría de Seguridad Pública, con la Subsecretaría de Prevención del Delito , con los seremis, con los directores provinciales, ¿podemos decirle a la ciudadanía: ""¿Sabe qué más? A partir de esta ley, que nosotros responsablemente votaremos a favor o en contra, los problemas de seguridad van a ser resueltos o enfrentados de una manera mucho más efectiva?"". ¿Haremos eso con más institucionalidad?
Creo que nuestro país siempre procura resolver los problemas de esta naturaleza con más burocracia.
En ese contexto, evidentemente es necesario preguntarse si este ministerio se hace cargo cabalmente del enorme complejo, de los ejes estratégicos que plantea el propio Gobierno, que son:
-Enfrentar el crimen organizado, que nos supera cada vez más en todos los frentes.
-Abordar el control de armas, pues parece que cada día hay más armas en las calles, en las poblaciones.
-Trabajar en la intervención de los territorios. ¿Cuáles territorios están siendo intervenidos? Se hace una intervención y al día siguiente se replica la misma situación.
-Reforzar la prevención.
53
Tenemos en los ejes claras intenciones y lo ha manifestado todo el Gobierno. Entonces, ¿es la institucionalidad que se construye la respuesta para avanzar significativamente en esto? Sabemos que no lo vamos a resolver del todo, sabemos que es una tarea compleja. Aquí se ha planteado mucho que estamos construyendo un proyecto y que simplemente no hacerlo generará un efecto negativo todavía mayor.
Presidente , ¡se modificaron materias de este proyecto por las actuaciones personales que tuvo un subsecretario! Se generó toda una discusión política en torno a que había que ajustar y cambiar la iniciativa porque un subsecretario ya no daba garantías, toda vez que en esa figura iba a recaer una parte muy importante de la responsabilidad en materia de inteligencia y otras. Y hubo que hacer cambios por eso. ¡A ese nivel de reacciones se llegó!
Este proyecto, evidentemente, debería estar por sobre cualquier otra circunstancia.
Lo primero es cómo rescatamos, cómo recuperamos esa tranquilidad que en el país se vio repentinamente alterada por mil factores y que hoy día tiene desatada una situación muy compleja.
A pesar de mis mejores deseos por recuperar la seguridad, este proyecto no me satisface en lo más mínimo en cuanto a que vaya a apuntar precisamente a eso.
Vamos a tener una institucionalidad, pero el problema persistirá igual.";1
"187";"21730";638;2024;12;"EBENSPERGER";NA;"La señora EBENSPERGER.-
Presidente , ayer conocimos el primer Informe de Crimen Organizado , que abarca de 2015 a 2023, y los que tuvimos la oportunidad de leerlo -fue bastante lapidario- pudimos confirmar con datos algo que ya sabíamos. Y hay muchas cosas bastante preocupantes.
También se nos dejan otras lecciones, como la necesidad de atacar el microtráfico, porque es el primer paso a la delincuencia y al ingreso al crimen organizado de nuestra juventud y nuestra adolescencia. Y lo mismo sucede con los delitos de robo de vehículos y de receptación.
Vemos en forma preocupante el aumento sostenido de las drogas químicas, especialmente el fentanilo, cuyo
53
ingreso mayoritario se realiza por las fronteras del norte. De ahí la importancia de terminar con la permeabilidad de las fronteras terrestres y marítimas.
Leímos sobre el aumento persistente de los delitos graves y violentos, como los homicidios, la extorsión y el secuestro extorsivo.
En fin, vimos tantas cosas que, efectivamente, era muy triste leer este informe, entendiendo que eso estaba pasando en nuestro país.
Entonces, uno se pregunta: ¿qué hacemos?
Y a uno se le vienen a la cabeza varias cosas: mejores leyes, por supuesto; políticas públicas claras; mano dura contra el crimen organizado y el narcotráfico; y que todas las instituciones que algo tienen que decir en materia de seguridad (Ministerio del Interior, mañana el Ministerio de Seguridad, los tribunales, las policías, el Ministerio Público, en fin) actúen interagenciada y coordinadamente, compartiendo información, y que dejen de ser compartimentos estancos.
Insisto en que hay que tener una acción coordinada e interagencial que vaya mucho más allá de solo coordinarse y relacionarse; derechamente, las instituciones deben trabajar juntas. Ello es imprescindible.
Si este ministerio de seguridad, con todas las deficiencias legislativas o los desacuerdos que podamos tener, va a aportar a este trabajo interagencial, por ese solo hecho merece la pena que se cree. Y las deficiencias que detectemos o ya hayamos detectado podrán mejorarse el día de mañana. Para eso existen los proyectos de ley, para eso existen las modificaciones a la ley.
Presidente , el domingo a las doce de la noche terminé de leer el informe, sus 256 páginas. No sé si alguien más aquí lo hizo. Lo leí íntegramente. En este sentido, sé que hay muchas cosas que arreglar en el proyecto, pero es más importante crear el ministerio y mejorarlo con la experiencia que la práctica nos dé.
Voto a favor absolutamente convencida, y llamo a esta Sala a aprobar el informe.
Gracias, Presidente .
He dicho.";1
"188";"21730";650;2024;12;"EBENSPERGER";NA;"La señora EBENSPERGER.-
Presidente , más que reglamento, quisiera saber en qué quedó lo que conversamos en la reunión de comités. Allí dijimos que, si no terminábamos a las cuatro, seguíamos. Todos señalamos que probablemente esto iba a terminar a las cinco y que después veríamos qué pasaba con el proyecto sobre notarios, para lo cual íbamos a llamar a reunión de comités.
Entonces, ¡respetemos los acuerdos de comités, pues! Los comités dijeron que el horario era hasta las cinco.";1
"189";"21730";656;2024;12;"HUENCHUMILLA";NA;"El señor HUENCHUMILLA.-
Presidente, como decimos los abogados, yo voy a votar conforme al mérito del proceso. O sea, voy a votar conforme al mérito del proyecto.
Si votara por otros motivos, la verdad de las cosas es que hoy día no tendría ninguna razón para apoyar a la coalición gobernante. Si fuera por otros motivos, votaría en contra, porque no tengo motivación para votar por la coalición gobernante después de las cosas que han pasado en el último tiempo.
Pero, como senador, uno debe ser serio en el desempeño de su trabajo... (Rumores en la sala).";1
"190";"21730";658;2024;12;"HUENCHUMILLA";NA;"El señor HUENCHUMILLA.-
La verdad es que llevamos mucho tiempo trabajando este proyecto del Ministerio de Seguridad. Y a mí me resulta curioso que en la hora nona, cuando estamos en el informe de la comisión mixta, algunos colegas se den cuenta de que esto no ha funcionado y voten en contra.
Tuvimos toda la tramitación legislativa como para haber seguido conversando y variado el resultado de reproche que algunos manifiestan respecto del proyecto. No me parece que a la hora final de la comisión mixta nos demos cuenta recién de las carencias de la iniciativa.
Yo tengo dos prevenciones sobre el particular.
Una es que, tal como dijo la ministra del Interior , nosotros en Chile tenemos un debate pendiente respecto del rol de los gobernadores y de los delegados. Es un tema que no hemos resuelto. Pero, por otro lado, ¡el Presidente de la República es el encargado de la seguridad!, y debe tener en todo el país, por supuesto, a alguien que siga su línea. No podría mostrar contradicciones en materia de seguridad, porque él es el responsable, de acuerdo con la Constitución.
Y la segunda prevención es que no estoy seguro de si ese seremi de seguridad vaya a poder funcionar. La experiencia me dice a mí que será difícil la relación que deberá mantener con las distintas jerarquías de la policía,
53
etcétera.
Pero, así y todo, me parece que necesitamos en Chile, por las condiciones existentes, un ministerio de seguridad encargado específicamente de la materia.
Por esa razón estoy votando a favor, señor Presidente.";1
"191";"21730";660;2024;12;"WALKER";NA;"El señor WALKER.-
Muchas gracias, Presidente.
Por una cuestión de responsabilidad, he votado a favor en este trámite final de la creación del Ministerio de Seguridad Pública, a pesar de que desde la Moneda y desde la Secretaría de Comunicaciones de la Moneda persistentemente no se valore la responsabilidad. Porque parece que la ministra vocera de Gobierno es la principal opositora al Gobierno y es la principal opositora a los acuerdos que se gestan aquí, en el Congreso Nacional, para solucionar los problemas de los chilenos.
Pero, por una cuestión de responsabilidad, pienso que Chile requiere contar con un ministerio de seguridad pública.
Necesita un ministro o una ministra que esté pensando las veinticuatro horas del día en cómo prevenir una delincuencia que está absolutamente descontrolada en nuestro país, y cómo, junto a nuestras policías, puede enfrentar el crimen organizado, el narcotráfico y la violencia.
Voto a favor también para respaldar el trabajo liderado por el presidente de la Comisión de Seguridad , quien presidió además la comisión mixta, senador Iván Flores , a quien quiero agradecerle públicamente su persistencia para lograr acuerdos, porque este proyecto que estamos ratificando, que crea el Ministerio de Seguridad Pública, fue aprobado por unanimidad en la comisión mixta, y queremos un ministerio coherente.
Yo hubiera preferido que los delegados presidenciales se entendieran directamente con las policías -lo dije-, por lo que vemos con el diputado Víctor Pino en la región de Coquimbo toda la semana. Tuvimos un desastre de gobernadora regional; perdimos tres años. Y si no es por el delegado presidencial, la región de Coquimbo sería ingobernable. Entonces, hay que ver las distintas realidades del país.
Presidente, para tener un ministerio de seguridad pública y que sea coherente, voto a favor por una cuestión de responsabilidad, aun cuando en la Moneda y en la Secom no valoren la responsabilidad de este Senado de la República.
Gracias.";1
"192";"21730";662;2024;12;"MOREIRA";NA;"El señor MOREIRA.-
Gracias, Presidente.
Yo quiero justificar mi voto en el contexto de la responsabilidad.
Hay muchas cosas que no nos gustan del actual Gobierno. Y hemos dicho que la violencia, el crimen organizado, la delincuencia lo han sobrepasado. Pero no puede ser que a última hora digamos que este proyecto no está bien.
53
Aquí hay un principio de lealtad. ¿Lealtad a quién? A aquellos parlamentarios de nuestro sector que trabajaron y que buscaron acuerdos. Dejar el texto como venía de la Cámara de Diputados sí era una irresponsabilidad.
Quiero señalar, señor Presidente , que no aprobar el proyecto significará el triunfo del crimen organizado, del narcotráfico y de todo tipo de delincuencia que azota a nuestro país. ¡Esa es la verdad!
El Congreso, que se supone serio, responsable, se encuentra dividido con un proyecto de esta naturaleza. Lo que más le criticamos al Gobierno es que no ha dado pasos importantes en la lucha contra la delincuencia, y cuando queremos crear una institucionalidad, le ponemos algunas trabas.
Quiero decir simplemente que a quien vote en contra la ciudadanía lo va a apuntar con el dedo, porque hemos criticado duramente al Gobierno y no aprobamos este proyecto.
Por eso, como ha señalado la presidenta del comité de senadores de la UDI, nosotros vamos a votar a favor, en su mayoría, respetando a aquellos que no creen que este proyecto pueda dar frutos.
Y, por último, si hay muchas cosas que modificar, las modificaremos si somos gobierno. Porque, ¿cuándo va a entrar en vigencia el proyecto si este año ya está terminando?
Estar en el Senado requiere tomar decisiones y muchas veces no es fácil. Por lo mismo, hoy no podemos rechazar a última hora este proyecto. Es mucho mejor un ministerio de seguridad imperfecto que no tener nada y darle ese triunfo al crimen organizado. Hay que avanzar y no retroceder.
Y por más que encontremos pelos en la sopa, por así decirlo, lo importante es que el proyecto se apruebe. Se modificará si es necesario, pero algo debemos hacer. De lo contrario, todos vamos a tener que enfrentar la responsabilidad de escuchar a la ciudadanía, que nos va a apuntar con el dedo si no damos pasos. Y este es un paso importante en el camino de las mil millas.
Voto a favor.";1
"193";"21730";664;2024;12;"OSSANDÓN";NA;"El señor OSSANDÓN.-
Presidente , muy breve, porque se ha hablado bastante.
Quiero decir que hemos trabajado mucho en este proyecto, y considero que ha mejorado notablemente.
Creo que fui el único que votó en contra de la bajada territorial porque no estaba de acuerdo; pero eso no es suficiente para detener una herramienta tan importante.
Este ministerio tiene que ser el brazo armado del Presidente de la República; el brazo armado que tenga las herramientas y las facultades para poder combatir todo tipo de delincuencia, y especialmente esta nueva moda que padecemos de crimen organizado.
Aquí se ha hecho un trabajo largo. Quiero agradecer a la ministra del Interior , a su equipo, y a todos nuestros colegas, con quienes hemos trabajado por casi tres años, y después en la comisión mixta, con los diputados -ahí veo al diputado Leiva -, hicimos una pega tremenda.
Destaco que este ministerio se trabajó sobre la base de una labor prelegislativa donde todas las semanas había dos reuniones técnicas, transversales, para ir solucionando los problemas.
Eso logró que obtuviéramos un producto que es muy positivo; positivo, porque hoy día el problema más importante para todos los chilenos está con serias dificultades para ser combatido. Y aquí vamos a partir una nueva etapa, que es relevante.
53
Termino destacando que este ministerio, con un ministro o ministra, quien sea, si el próximo Presidente o Presidenta de la República no le pone la voluntad y el apoyo político necesarios para combatir este flagelo, va a servir de poco.
Cuando vemos las prioridades para nuestras policías, nuestra inteligencia, por ejemplo la Agencia Nacional de Inteligencia y lo que tenemos como personal, parece un chiste lo que estamos haciendo para combatir la problemática que nos afecta.
Las dificultades que existen en la frontera dicen relación con el control no solo del tráfico, sino también del contrabando. Por ejemplo, en Arica, el contrabando de frutas y verduras está afectando gravemente el patrimonio sanitario, que es un asunto grave para Chile, porque si eso se expande hacia el sur, el problema internacional será inmenso.
Quiero decir que estoy votando a favor muy contento, porque el proyecto representa un trabajo de largo plazo que se podrá mejorar si hay que hacerlo. Pero hoy tendremos una herramienta para combatir el crimen organizado, el terrorismo y la delincuencia normal y corriente, que vemos en todos lados.
Gracias, Presidente .
Voto a favor.";1
"194";"21730";666;2024;12;"DE URRESTI";NA;"El señor DE URRESTI.-
Presidente , hemos revisado el proyecto y hemos manifestado fundadas dudas que flotan en el ambiente, principalmente respecto a la figura del seremi y cómo se resuelve la relación de coordinación de las policías con el gobernador, el delegado y este nuevo seremi de Seguridad Pública.
Quienes conocemos y habitamos las regiones sabemos que la impronta, el liderazgo de un seremi o de una autoridad que coordine a las policías está dado, en primer lugar, por el mandato constitucional o legal, que, en este caso, se va a crear, pero principalmente por quien detenta el poder político, el poder de cercanía del Ejecutivo. Ahí creo que no hay una resolución adecuada entre el gobernador, donde hemos visto en las campañas que todos prometieron seguridad, orden público, compra de más equipamiento; los alcaldes, que también, dicho sea de paso, establecieron distintas propuestas; el propio delegado presidencial, y esta nueva figura.
Yo he manifestado la duda sobre el funcionamiento de esta institucionalidad para que sea efectivo, para que tenga un correlato en las regiones.
La ministra del Interior nos señalaba algo que me gustaría que, al cerrar la discusión o al terminar este proceso, pudiera desarrollar más, que mencionó en su intervención, sobre el reglamento a través de un DFL.
Se habla aproximadamente de setecientas personas que serán trasladadas desde distintas dependencias a este nuevo ministerio y de 120 nuevas funciones. ¿Cuál es el rol, cuál es la particularidad que van a tener a la hora de desarrollar una función?
Sería importante que la señora ministra explicara eso para entender cómo aquellos problemas que observamos, y que constatamos que están en duda, serán efectivamente abordados.
Creo que se descarta la aprensión acerca de la creación de esta figura de primer ministro , que no está en la idea ni hay atisbo alguno. Eso se establece por ley, y tendría que ser una nueva institucionalidad en el Ministerio del Interior.
53
Yo pediría que la figura del DFL, del reglamento, la profundidad, la especificidad, la alta exigencia, puedan ser materia de explicación por parte de la señora ministra.
He dicho, señor Presidente.";1
"195";"21730";669;2024;12;"RINCÓN";NA;"La señora RINCÓN.-
Gracias, Presidente.
Sin lugar a dudas, buscar resolver las diferencias en la tramitación del proyecto de ley que crea el Ministerio de Seguridad debiera ser un tema de primera prioridad para todas y todos.
Es complejo, Presidente , enfrentar estas discusiones y estas votaciones respaldando las posturas del Gobierno -y aquí me hago eco de las palabras de mis colegas Matías Walker y Francisco Huenchumilla , quienes, aunque hablaron en distinta línea, ambos me representan- cuando en estas materias, así como en otras, tenemos poco margen de movilidad por ser de iniciativa exclusiva del Ejecutivo: cuando se trata de administración financiera del Estado, cuando se trata de facultades, en fin, no voy a hacer el listado completo. Si no hay una indicación del Ejecutivo, no podemos avanzar en materializar las transformaciones que se necesitan.
Por lo tanto, lo que hoy estamos votando es lo que se pudo construir después de que el Ejecutivo estuvo de acuerdo.
Conversé con varios colegas en estos días y la verdad es que no sé si crear más institucionalidad sea la solución; quizás era mejor transformar la que teníamos: haber pescado el Ministerio del Interior y haberle dado todos los roles de seguridad, y al Ministerio Secretaría General de la Presidencia haberle entregado parte de los roles que ahora tiene el Ministerio del Interior para jugar el rol de secretaría de Estado política, en lo que corresponde.
Pero bueno, estamos en lo que se construyó por parte de los que estuvieron trabajando en estas materias. Lo digo a raíz de lo que señaló, tan claramente, el senador Walker .
Presidente , después se pasan las cuentas y el Gobierno es experto, con su vocera, en traspasar los problemas a este Parlamento, y a la oposición, porque además tratan de blindar a sus adherentes, y me parece que no es justo.
Lo digo por el tema de la ley de isapres: se legisló en el sentido que el Gobierno quiso; no es lo que nosotros planteamos hace más de dos años. A lo mejor la historia sería distinta, y los resultados, también.
Gracias, Presidente .";1
"196";"21730";671;2024;12;"KAST";NA;"El señor KAST.-
Gracias, Presidente.
La verdad es que yo siempre he sido partidario de eliminar ministerios. Hoy día tenemos veinticuatro y creo que
53
catorce serían más que suficientes para gobernar el país.
Me habría encantado, de hecho, que este proyecto de ley hubiese venido con un suplemento donde, efectivamente, se redujeran dos ministerios, o por lo menos se fusionaran el Ministerio Secretaría General de la Presidencia con el Ministerio Secretaría General de Gobierno. O sea, agrupar ambos, y tener una vocera, pero también un ministro , como ocurre en otros países. Finalmente se optó por el camino de crear un nuevo ministerio, sin reducir otros, y me parece realmente lamentable haber desaprovechado esta oportunidad.
Dicho lo anterior, y en esto concuerdo con aquellos que participaron tanto en la Comisión de Seguridad como en la mixta, me parece muy necesario despolitizar o sacarle al jefe del gabinete político el rol de persecución del crimen organizado y darle una mirada más técnica al Ministerio de Seguridad.
Por lo tanto, creo que hay una virtud en ello. Y por eso digo que me habría gustado lo otro. Considero fundamental que se esté avanzando en un ministerio con una mirada técnica, que persiga la ruta del dinero, que persiga las bandas criminales que desgraciadamente han llegado y se han tomado muchos territorios de nuestro país.
El diseño final siempre puede ser corregido, puede ser mejorado; pero finalmente se buscó, en la mixta, un diseño que permite avanzar y donde a los gobiernos regionales, en la bajada regional, se les da la importancia que tienen.
No podemos olvidar que, independiente de que queremos la descentralización, también queremos un gobierno unitario. Y en materia de seguridad debemos mantener esa mirada.
Por lo mismo, Presidente , voy a votar a favor el informe de la comisión mixta, aunque espero que ojalá en forma transversal se tome la posta para generar una reforma más estructural del Estado, no solo en la cantidad de ministerios, sino también en materia de empleo público, que es la gran tarea pendiente para tener un Estado eficiente que pueda entregar servicios públicos de primer nivel y sin cuoteos políticos.
Por eso, Presidente, voto a favor, confiando en que esto sea un elemento adicional a la larga agenda legislativa que hemos impulsado desde el Congreso en el ámbito de la seguridad pública.
Creo que esto le da un elemento adicional a muchas otras leyes en las que hemos avanzado, como la ley de usurpaciones, la ley antiterrorista, la ley de robo de madera, la ley que persigue la inteligencia económica y la ruta del dinero, que también estamos tratando hoy en la Comisión de Hacienda.
He dicho, Presidente .";1
"197";"21730";676;2024;12;"TOHÁ";"ministra del Interior y Seguridad Pública";"La señora TOHÁ (ministra del Interior y Seguridad Pública).-
Gracias, Presidente.
Solo quiero dar las gracias por la votación. Es un paso muy importante tanto en el enfrentamiento del tema de la seguridad como en el mejoramiento del funcionamiento del centro de gobierno. Pero es un paso que requiere muchos pasos más, es verdad.
Aquí nosotros quedamos con algunos compromisos que quiero reiterar.
El primero es respecto del decreto con fuerza de ley que va a establecer el detalle de cómo se va a conformar el ministerio: los cargos, los requisitos. Y los planteamientos que se han hecho acá en el sentido de apuntar a un ministerio profesionalizado van a estar muy presentes en cuanto a exigir las competencias adecuadas para asumir responsabilidades en la nueva institución.
En segundo lugar, aquí ha quedado en evidencia también que está pendiente un debate más amplio en lo que se refiere al modelo de descentralización. En esta materia hemos vivido con un desacuerdo al lado que nos cuesta muy caro, y que es necesario resolver.
Nosotros, como Gobierno, tenemos en la actualidad un consejo asesor, transversal, en materia de descentralización. Estuvimos hablando hoy en la mañana con los gobernadores. Y creo que es muy importante que el Parlamento igualmente participe y ojalá logremos establecer un diseño común, una mirada al menos en general, compartida, de hacia dónde vamos avanzando, porque estamos pagando muy caras la ambigüedad y la indefinición del modelo que tenemos.
Y tercero, como Gobierno compartimos que hay muchos otros temas que mirar en materia de modernización del Estado, muchas otras reformas que se podrían llevar a cabo para mejorar la institucionalidad. Esa es una agenda que hay que continuar.
Pero este proyecto va a ser un paso positivo en ese sentido: va a ayudar a tener una mejor institucionalidad, no porque se crea un nuevo ministerio -uno más-, sino porque vamos a darle a la seguridad una institución dedicada exclusivamente a ella, diseñada para los desafíos de hoy, con muchas innovaciones respecto de lo que es un ministerio tradicional, aportando, de alguna manera, una mirada actualizada al enfrentamiento de este fenómeno, tan dinámico y tan complejo, y al mismo tiempo un ministerio del interior que recupera su rol histórico, muy postergado en el último tiempo, que va a ser un aporte para un mejor funcionamiento global del Gobierno, en este y en cualquier otro que venga a futuro.
Por último, Presidente , se plantearon aquí varias dudas y aprensiones sobre distintas materias del proyecto, el cual es fruto de un consenso logrado en la comisión mixta. Y, como siempre, en los consensos se cede, se encuentran soluciones de compromiso, quizás nadie consigue todo lo que quería; pero así se logran sacar los proyectos, en un marco de pluralidad, de diferencias, de debates difíciles. Y haberlo alcanzado en este caso es muy importante, porque nos costó mucho, pero además porque nos demuestra que podemos lograrlo. Si pudimos hacerlo a propósito del Ministerio de Seguridad, también lo podemos hacer en otras materias.
Muchas gracias al Senado, a través de usted, Presidente.
53";1
"198";"21730";680;2024;12;"ROMERO";"don Leonidas";"El señor ROMERO (don Leonidas).-
Señorita Presidenta, me habría gustado saludar a la ministra del Interior y Seguridad Pública, gestora de este proyecto, para decirle lo que pienso. Como no está, quiero señalar que votaré en contra estas modificaciones, porque no es necesario seguir aumentando la grasa en el Estado.
Lo que pretende este Ministerio de Seguridad Pública no cuenta con el respaldo del actual gobierno. Lleva tres años y ha demostrado con creces que no quiere ni puede combatir la delincuencia. Hoy está más preocupado de proteger a los delincuentes, de entregarles pensiones, que de las víctimas de la delincuencia.
Cuando recién se comenzó a discutir este proyecto y vi el interés de la ministra de crear un nuevo ministerio, le pregunté si compartiría su sueldo de ministra del Interior y Seguridad Pública con el nuevo ministro y sobre las atribuciones que van a tener los seremis regionales.
En cuanto al rol del nuevo ministerio, cuesta entender su función. Además de la formulación de políticas públicas, especialmente complicado resulta entender el rol que poseerá la nueva cartera en materia de seguridad. A ratos el proyecto y las propuestas profundizan en la idea de que el ministerio tiene un rol activo en la gestión de las policías, como si fuera el director de ellas, pero aquello no es aconsejable. Así queda de manifiesto en atribuciones como la que entrega el artículo 4º, letra k), que prescribe como función del ministerio controlar las actuaciones de las Fuerzas de Orden y Seguridad.
Señorita Presidenta, deberíamos rechazar este proyecto, porque es más grasa para el Estado, más pega para los amigos, más recursos. Cuando ayer escuchamos a la ministra decir que se equivocaron en el presupuesto, que no hay plata para que llegue a las regiones y se les pague a los proveedores, pero que si va haber plata para pagar…";1
"199";"21730";682;2024;12;"LEAL";NA;"El señor LEAL.-
Señorita Presidenta, quiero llamar la atención de esta honorable Sala para decir que este proyecto ya fue aprobado
53
por la Cámara de Diputados y el Senado y que hoy solo votaremos las discrepancias entre ambas cámaras. Por lo tanto, si no aprobamos este proyecto de ley, quedará una ley absolutamente deforme, puesto que no habrá expresión regional, no habrá nadie que represente al Ministerio de Seguridad Pública en regiones. El Ministerio del Interior quedará sin facultades; será un Frankenstein. Por lo tanto, llamo a la responsabilidad, especialmente a mi bancada y a mi sector.
Este es un proyecto de ley que fue presentado durante el gobierno del Presidente Piñera. Este gobierno lo recogió, ingresó indicaciones y lo mejoró. Luego, pasó a comisión mixta.
Queremos un ministerio especializado, no político, sectorial, dedicado exclusivamente a los temas de seguridad. Sé que hay críticas, puesto que algunos sostienen que esto significa crear grasa, nuevos cargos, pero también es bueno decir que gran parte del personal provendrá del mismo Ministerio del Interior; es decir, se va a distribuir el personal. En todo Chile se contratará a 100 personas, esto es, siete funcionarios en promedio por región. No habrá un gran gasto, pero habrá servicios especializados que enfrenten la delincuencia. Tendremos posibilidad de coordinación con el Servicio de Impuestos Internos, la UAF y todos los servicios públicos y programas para enfrentar el narcotráfico y el crimen organizado.
Lo que nos importa es darles seguridad a los chilenos. Hemos estado discutiendo tres años este proyecto de ley.
¿Qué les diremos a los chilenos si votamos en contra y dejamos una ley deforme? Eso es inaceptable. Por eso, llamo a la responsabilidad política y a que tengamos este ministerio.
Esto no es tema de un gobierno o de darle un triunfo a este. Aquí tenemos que actuar con grandeza y generosidad.
Es un proyecto para Chile, para el Estado de Chile, no para un gobierno. Y reivindico que es un proyecto que viene de nuestro gobierno, del gobierno del Presidente Piñera. Honremos…
-Aplausos.";1
"200";"21730";684;2024;12;"MELLADO";"don Miguel";"El señor MELLADO (don Miguel).-
Señorita Presidenta, en esta Sala podemos disentir. Para eso es la democracia y la política. No tenemos claro que las diferencias que resolvió la comisión mixta –gran parte del proyecto ya estaba aprobado- vayan a servir a la realidad del Chile de hoy. No queremos legislar solamente para el futuro, sino también para arreglar las cosas hoy.
En eso, la comisión mixta no dio en el clavo como correspondía. Por ejemplo, no hay autorización legal para generar sinergia entre las instituciones, con el objetivo de activar y fortalecer la función fiscalizadora del Estado, como poner a efectivos de Carabineros, de la PDI, de Aduanas y del Servicio de Impuestos Internos bajo un mando común, para realizar fiscalizaciones masivas en puertos y aeropuertos.
Respecto del sistema de seguridad, era de esperar que la innovación, valiosa en sí misma, fuera dotada de un contenido jurídico innovador, que permitiera vencer la rigidez jurídico administrativa que impide una actuación conjunta más robusta.
Sobre el Consejo Nacional de Seguridad Pública, el Consejo Nacional de Prevención del Delito y los consejos regionales y comunales de Seguridad Pública, solo puedo decir que significa bastante más grasa fiscal para hacer las cosas.
Sobre el Centro Integrado de Coordinación Policial, que tiene mando respecto de las unidades involucradas en las operaciones complejas especiales, la institución deja más dudas que certezas. Su falta de completitud puede ser un obstáculo para conformar instancias eficientes y directrices eficaces.
Los seremis de Seguridad Pública y los departamentos provinciales de seguridad -lo más importante de la descentralización- fue lo peor que quedó luego de ser examinado por la comisión mixta. Por eso queremos que esa norma, que es de quorum, no sea aprobada, porque el proyecto presenta problemas en lo esencial, ya que es
53
cuestionable que se le entregue el resguardo del orden público y el requerimiento de auxilio de la fuerza pública en el territorio a un seremi -no lo van a tomar muy en cuenta- en desmedro del delegado presidencial regional y provincial.
Adicionalmente, llaman la atención los requisitos que deben cumplir los seremis de Seguridad Pública -artículo 24-, en circunstancias de que ninguno de ellos se aplica a los ministros, a los subsecretarios ni tampoco a otros funcionarios de rango o responsabilidad equivalente.
Finalmente, la creación de los departamentos provinciales de seguridad son fruto de la separación de las tareas de orden público de las delegaciones provinciales y regionales. De esa manera se duplica la orgánica solo por el traspaso de algunas funciones.
Creemos que a la comisión mixta le faltó tiempo para hacer un mejor proyecto. Hay partes que están aprobadas, pero deja mucho que desear. Esperamos resarcir en esta Sala lo hecho por la comisión mixta.
He dicho.";1
"201";"21730";686;2024;12;"MEZA";NA;"El señor MEZA.-
Señorita Presidenta, desde que se formó nuestra bancada en marzo de 2022, los republicanos hemos luchado incansablemente por convertir la agenda de seguridad en una realidad para los chilenos. No es simplemente una agenda, sino que ha sido nuestro interés, y las votaciones en esta Sala han dado cuenta de ello. Hemos sido, en ese sentido, mucho más leales que los propios correligionarios de la ministra, votando favorablemente los proyectos de seguridad.
Se nos trató de fascistas, de “gatillo fácil”. Tuvieron que esperar a que la crisis de seguridad les reventara como una verdadera olla a presión para que entendieran que los chilenos no es que le tengan miedo al modelo, sino que le tienen miedo al narco, a la delincuencia, a los que se organizan para infundir justamente ese miedo.
Frente a ese miedo que viven los chilenos, ¿qué nos propone el gobierno y la gran mayoría del mundo político? Otro ministerio. ¡Vaya que sorpresa! Más cargos, más puestos, más plata. ¿Para quién? Para los políticos. ¿Y para nuestros carabineros? ¡“Tapita”! ¿Para los detectives? ¡“Tapita”! ¿Para Gendarmería? ¡“Tapita”! Una tremenda “tapa” para los que se sacan la mugre todos los días para cuidarnos.
Estamos seguros de que más burocracia no va a solucionar este problema. ¿Alguien me puede decir si Chile ha avanzado en materia de innovación con el Ministerio de Ciencia o que los aumentos en materia de salud han generado una mejor atención de salud para los chilenos? No. Lo único que hará esto es mejorarles la vida a los políticos.
Este proyecto es una burla y lo que va a generar es que la ministra deje de responder por aquello que es responsable, esto es, de la seguridad de los chilenos. No estamos dispuestos a ello.
He dicho.";1
"202";"21730";688;2024;12;"JOUANNET";NA;"El señor JOUANNET.-
Señorita Presidenta, ¿si me gusta el proyecto? No, no me gusta ciento por ciento, pero nada de lo que sale de acá puede gustarle a todo el mundo. De eso se trata justamente el Parlamento: de dialogar, para, finalmente, llegar a puntos de acuerdo. Eso es lo primero.
Segundo, ¿es un avance? Sin lugar a dudas que es un avance. La realidad, el contexto, hace la diferencia. Hace años hubiera sido ridículo legislar sobre narcofunerales o funerales de alto riesgo, porque no existían en Chile. Hoy, la realidad dice que en el último año los asesinatos han aumentado en un 10 por ciento, sobre todo en la Región Metropolitana.
Entonces, ¿qué va a decir la demagogia hoy? La demagogia va a decir que van a aumentar los costos, que esto le va a costar más caro al Estado, etcétera. Lo que nosotros tenemos que lograr es justamente lo contrario: que al Estado no le cueste más caro, porque el costo que debe pagar el Estado es que le maten jóvenes o que los recluten en poblaciones. Eso le cuesta al Estado, eso le cuesta al país. Se requiere de un Ministerio de Seguridad Pública. Lo votamos acá, lo trabajamos acá, pero eso es lo que hoy va a decir la demagogia.
La demagogia, además, va a decir que es ella la que, en definitiva, ha propuesto una agenda de seguridad. Eso es falso. Un sector de este Parlamento -la extrema derecha- no tiene agenda de seguridad, salvo la idea de poner un cerco en el norte. Lo que tenemos que hacer aquí es ponernos de acuerdo para avanzar en proyectos de seguridad, pero desde el otro extremo también se vota en contra de los proyectos del gobierno.
Lo sensato es avanzar en este proyecto. No es perfecto y sin lugar a dudas lo vamos a mejorar. Seguramente, en el futuro tendremos nuevos desafíos -de eso se trata la política-, pero la demagogia dirá hoy que esto va a ser más caro. Lo que debemos hacer es tener nuevas herramientas y que los futuros gobiernos ayuden a mejorar este ministerio.
No solo hay que aprobar esta iniciativa, sino que avanzar en su objetivo. La idea de este ministerio, su objetivo, es resolver el problema fundamental que hoy tienen los chilenos: la inseguridad. No aprobarlo no solo sería una irresponsabilidad, sino que contracíclico, contrahistórico. Es eso lo que hoy definimos en este momento: el lugar que queremos en la historia.
He dicho.";1
"203";"21730";690;2024;12;"MOREIRA";NA;"El señor MOREIRA.-
Señorita Presidenta, saludo a la ministra y quien la acompaña.
Este proyecto puede agradar a algunos y a otros no, pero todo se puede cambiar. Creo que para empezar está bien quitar la burocracia y tener un ministerio especializado para combatir la delincuencia y el crimen organizado. No es un gran costo el que va irrogar por concepto de personal. Van a ser 120 personas en todo el país, pero requerimos personas que tengan la experiencia debida, como señala el proyecto. La idea es tener profesionales con debida experiencia y no los amigos de siempre.
Quiero hacer un llamado para que aprobemos este proyecto y dejemos a un lado las ideologías. La ciudadanía sufre por la delincuencia; no hay libertad para andar por las calles, incluso en las inmediaciones del propio domicilio.
Tenemos que aprobar este proyecto. Quiero insistir, todo se puede mejorar.
He dicho.
53";1
"204";"21730";692;2024;12;"ROMERO";"don Agustín";"El señor ROMERO (don Agustín).-
Señorita Presidenta, la creación del Ministerio de Seguridad Pública es una iniciativa que, aunque puede sonar atractiva en el papel, no soluciona el problema de fondo, cual es la ineficacia del Estado frente a la delincuencia, el crimen organizado y el terrorismo. ¿Qué nos ofrece? Más burocracia, más funcionarios, más apitutados, más oficinas, más gastos, más asesorías, más mesas de trabajo, pero ningún resultado concreto. ¿Acaso creen que con un nuevo ministerio los delincuentes se van a detener? ¡Señores, necesitamos acción, necesitamos resultados, necesitamos un Estado que actúe con firmeza y sin excusas!
Se proponen gastar más de 7 mil millones de pesos anuales para inflar el aparato estatal, sin ningún peso adicional destinado a medidas reales para combatir el narcotráfico o proteger a nuestras familias. ¿De verdad creemos que esto es lo que necesita Chile? La seguridad pública no se resuelve con más funcionarios públicos ni con más leyes que nadie aplica, sino con liderazgo político, con carabineros empoderados y con un gobierno que se atreva a actuar.
Además, este proyecto diluirá la responsabilidad política al separar la seguridad del Ministerio del Interior y Seguridad Pública, que integra el Comité Político, el más cercano al Presidente de la República.
¿Qué mensaje les estamos dando a los chilenos? Que la seguridad ya no es prioridad para el Estado, para el Ejecutivo; que el tema más urgente y sensible para nuestras familias ahora está manejado por un ministerio secundario, posiblemente relegado al último lugar de la fila y, además, fuera del palacio de La Moneda.
No puedo dejar de mencionar lo peligroso que es el control político debido a las atribuciones que se entregan para dirigir la relación con Carabineros y la PDI. Chile no necesita más ministerios; Chile necesita soluciones reales y urgentes. Necesitamos que se vayan las autoridades complacientes y que venga un líder con determinación para enfrentar la delincuencia con la fuerza de la ley y el poder del Estado.
Por eso, diremos no a la burocracia, no a la ineficiencia y sí a la verdadera política de seguridad para nuestra patria.
He dicho.";1
"205";"21730";694;2024;12;"LEIVA";NA;"El señor LEIVA.-
Señorita Presidenta, a medida que se complejiza el crimen organizado, se requiere de una respuesta por parte del Estado que vaya en directa proporción a la especialización.
Se dice en esta Sala que se necesita más ley, más fuerza. Justamente, lo que hace este proyecto de ley es entregar a un ministerio especializado, dedicado las 24 horas del día, la implementación de políticas públicas de mediano y largo plazo en materia de seguridad. De eso se hace cargo este proyecto.
Lo que tal vez se omite por parte de algunos -bien lo planteaba el diputado Leal- es que el Ministerio de Seguridad Pública ya fue creado a partir de una aprobación abrumadora en ambas cámaras del Congreso Nacional. La comisión mixta solo se remite a reparar las diferencias entre ambas cámaras, las que residieron en dos aspectos específicos: primero, las facultades con las cuales se quedará el Ministerio del Interior y Seguridad Pública, del cual se escinde el Ministerio de Seguridad Pública, y cuál va a ser la expresión territorial del Ministerio de Seguridad Pública.
La primera materia fue debidamente resuelta con colaboración manifiesta de todos los integrantes de la Comisión Mixta. Aquí me gustaría relevar la participación del diputado Schalper, quien planteaba, legítimamente, que el artículo 33 de la Constitución Política impedía establecer que un ministro tuviera un rango superior al de otros
53
ministros, pues conforme a esa disposición todos los ministros son colaboradores directos del Presidente de la República, sin distinción de ninguna especie. Pero también señalaba, con razón, que el inciso segundo de esa norma establece que el Presidente de la República puede designar a un ministro para que se haga cargo de la coordinación de una o más materias.
Ese marco constitucional, bien señalado por el diputado Schalper en la Comisión Mixta, fue recogido por diputados y senadores al plantear las funciones de coordinación que va a tener de ahora en adelante, una vez aprobado el Ministerio de Seguridad Pública, el propio Ministerio del Interior y Seguridad Pública.
La otra discusión que se dio de manera fundada y apasionada se relacionó con la expresión territorial del Ministerio de Seguridad Pública, en tanto la expresión territorial del Ministerio del Interior y Seguridad Pública sigue radicado en el delegado presidencial regional, pero lo que se requiere en un Estado unitario, en un Estado donde debe haber un mando único e inequívoco respecto de la dependencia de las policías es radicar este en un ministerio especializado, esto es, el Ministerio de Seguridad Pública, atendiendo, además, la desconcentración que establece la ley N° 19.175, relacionada con los secretarios regionales ministeriales, porque no hay que olvidar que lo que hacen las Seremi es desconcentrar el poder, no descentralizar.
Por tanto, el mando único de las policías siempre va a estar a cargo del Ministerio de Seguridad Pública a nivel nacional y en sus expresiones regionales. Y la única disputa que se pudo haber dado es respecto del auxilio de la fuerza pública, pues se faculta al delegado presidencial regional para que, en caso de que amerite su utilización, pueda disponer e instruir al seremi de Seguridad Pública para que lo haga, siempre a través de él.
Por consiguiente, la Comisión Mixta resolvió los dos elementos discordantes que se dieron entre ambas cámaras.
Este es un ministerio que requiere entender -ese es el desafío, más que verborrea o palabras descalificadoras permanentes- que la seguridad es una materia no de un gobierno, sino que debe ser materia de Estado y debe tener continuidad en su implementación en el tiempo y en la forma. Por eso este sistema de seguridad pública, estos consejos provinciales, dan cuenta de la participación de todos los entes en materia de seguridad en la persecución criminal, con énfasis en materia de prevención social y situacional.
Hago un llamado a no seguir profundizando las diferencias en entender que la seguridad es la principal prioridad de las y los chilenos y debe ser tratada con sentido de Estado y no, como algunos pretenden, lamentablemente, y contra mi opinión, sacar réditos políticos respecto de una materia tan importante y prioritaria para todas las familias del país como es la seguridad.
Por eso, llamo a no seguir profundizando diferencias, sino que a unirnos en un buen Ministerio de Seguridad Pública que se haga cargo de esta prioridad nacional.
He dicho.
-Aplausos.";1
"206";"21730";696;2024;12;"PLACENCIA";"doña Alejandra";"La señorita PLACENCIA (doña Alejandra).-
Señorita Presidenta, por fin estamos en condiciones de despachar uno de los proyectos más relevantes de la agenda del gobierno. El Ministerio de Seguridad Pública es una necesidad ante la complejidad del delito actual, el fenómeno de la criminalidad organizada y los desafíos de la prevención.
La seguridad siempre debe ser una política de Estado, porque a través de ella aseguramos todos los otros derechos: ir a la escuela a dejar a los niños y niñas con tranquilidad, y que puedan estudiar; ir a los centros de salud, tomar la micro para ir al trabajo y después volver a la casa.
Este ministerio va a tener esa labor en específico: hacer políticas públicas de manera eficiente para llegar a todos los territorios del país, con criterio de justicia y con una mirada integral.
Tendremos una secretaría de Estado especializada encargada del resguardo de la seguridad y del orden público.
53
Estará a cargo de las policías, velará por una acción más profesionalizada, moderna, asegurando la coordinación interinstitucional del sistema de seguridad, con una clara conducción civil, como debe ser en una democracia moderna. Además, se fortalecerá la Subsecretaría de Prevención del Delito, con competencias concretas para articular ministerios como, por ejemplo, Educación, Transportes y Telecomunicaciones, Vivienda y Urbanismo, y todo en torno a la prevención. Este diseño no solo responde a las necesidades actuales, sino que plantea un enfoque moderno, eficaz, para garantizar la seguridad de todos los ciudadanos y ciudadanas.
Estamos contentas, porque este ministerio ha sido fruto del debate serio y viene a hacerse cargo de un anhelo muy sentido de las clases populares, que demandan un Estado que garantice la seguridad a los trabajadores y trabajadoras, a sus familias, a niños y niñas, porque todos merecemos seguridad para vivir y dignidad para trabajar.
Aprobaremos, señorita Presidenta.
He dicho.";1
"207";"21730";698;2024;12;"SOTO";"don Raúl";"El señor SOTO (don Raúl).-
Señorita Presidenta, saludo a la ministra y a las subsecretarias presentes.
Estamos ante un día histórico. Este es el avance más significativo, desde la perspectiva institucional, en materia de seguridad de las últimas décadas en nuestro país, y no solamente de este gobierno, sino de las últimas décadas, en medio de una grave crisis de seguridad, con nuevas formas criminales, que han sido importadas desde otros países, con presencia importante del crimen organizado, que se encontró con un Estado desactualizado y desorganizado; es un paso tremendamente necesario y significativo.
Hago un llamado a la responsabilidad, porque la delincuencia y el crimen organizado no se combaten con discursos altisonantes, con consignas políticas ideológicas y hablando desde las trincheras, sino que se combate con una política de Estado, seria, responsable, transversal y unitaria. Mientras algunos acá están dedicados a dividir, negándose a una iniciativa tan importante e histórica como esta, los delincuentes y el crimen organizado siguen avanzando en las poblaciones y barrios del país. Es el momento de la unión. Es el momento de dejar atrás las diferencias y ponernos todos detrás de este avance histórico y significativo, que va a permitir que el Estado se ponga al día respecto del atraso de décadas que traía en esta materia, para que se aboque exclusivamente, a través de esta nueva institucionalidad, a coordinar a las policías, a prevenir, a perseguir a los delincuentes y a desbaratar el crimen organizado que se está tomando los territorios en el país.
Me parece que quienes voten en contra se están poniendo del lado de los delincuentes y del crimen organizado, y quienes nos pongamos detrás de esta iniciativa, valorándola y votándola a favor, vamos a estar del lado de la gente para avanzar en mayores condiciones de seguridad.
He dicho.";1
"208";"21730";700;2024;12;"PÉREZ";"doña Catalina";"La señorita PÉREZ (doña Catalina).-
Señorita Presidenta, la seguridad es la principal preocupación de las chilenas y de los chilenos, y la nuestra también, porque vivimos en las regiones y en los barrios que sufren día a día la delincuencia y los nuevos fenómenos de criminalidad.
En materia de seguridad, este es el tipo de medidas que sí importan, que se hacen cargo en serio del problema; no como las medidas populistas que algunos buscan permanentemente poner en el centro del debate.
53
Esta es una de las reformas más significativas que me ha tocado tramitar: la creación de un Ministerio de Seguridad Pública que se haga cargo, exclusivamente, del problema de la seguridad en Chile y en nuestros barrios.
Que no sea la mezquindad política, que no quiere dar crédito a este gobierno, la que nos impida avanzar en esto.
Lo que debemos entender es que la seguridad es una exigencia transversal, urgente, que trasciende las banderas políticas y que requiere un Estado activo.
Este ministerio no es un capricho burocrático; es la materialización de un compromiso en serio con la seguridad. Se dice que la principal preocupación es la seguridad, pero, a la hora de reformar las instituciones para que pongamos ahí el centro, ponen peros; se dice apoyar la creación del Ministerio de Seguridad Pública, pero al mismo tiempo se cuestiona el rol de los seremis que deben cumplir con un propósito importante. Las regiones no pueden seguir siendo un eslabón débil en la cadena de mando. Se necesitan actores con capacidad y autoridad para implementar políticas, coordinar acciones, ejercer liderazgo sobre las fuerzas policiales de los territorios, desde una planificación coordinada, con una mirada nacional.
Se dice que la principal preocupación es la seguridad, pero cuando queremos poner el Estado al servicio de las personas y de sus preocupaciones, se ponen peros también. La seguridad es un derecho básico de todos los y las ciudadanas del país.
Esta Sala hoy tiene la posibilidad y, sobre todo, la responsabilidad de avanzar hacia un país más seguro y más justo. Espero realmente que el Congreso Nacional esté a la altura.
He dicho.";1
"209";"21730";702;2024;12;"FLORES";"doña Camila";"La señora FLORES (doña Camila).-
Señorita Presidenta, quiero ser muy clara y categórica: estoy absolutamente en contra de crear más burocracia estatal. No queremos más burócratas en el país; queremos más carabineros y más policías. Crear un nuevo Ministerio de Seguridad Pública no le va a resolver en nada los problemas a los chilenos que deben vivir con un toque de queda autoimpuesto, sin salir de sus casas.
¿Acaso a alguna persona, por salir a la calle porque hay un nuevo Ministerio de Seguridad Pública, le va a permitir sentirse más segura cuando salga? Para nada; por el contrario.
Lo que queremos, finalmente, es que los recursos que se van a utilizar para la creación de este nuevo Ministerio de Seguridad Pública y de las nuevas subsecretarías vayan a nuestras policías, para que se les pague, ministra -por su intermedio, señorita Presidenta-, la asignación trimestral a nuestros carabineros. Ello es de justicia. La idea es que todos nuestros carabineros reciban la asignación de riesgo, no unos pocos; que no se pague un sueldo una vez al año a cerca de 20 mil carabineros, que es lo que ustedes buscan, sino que se pague una asignación trimestral a los 80 mil carabineros que tenemos en nuestro país. Todos lo merecen, porque no saben de pago de horas extras ni de días festivos, pues trabajan 24/7.
Además, creo que se está cometiendo una inconstitucionalidad, cual es que de contrabando nos están metiendo la figura de primer ministro. Queridos colegas, eso no corresponde; eso atenta contra nuestras normas constitucionales. Acá, de contrabando, se está haciendo una modificación al sistema político, creando esa figura.
Por otro lado, ¿cómo vamos avalar la estupidez de tener seremis de seguridad? ¿Cómo vamos a avalar que seremis, burócratas regionales, les vengan a dar instrucciones a nuestras policías sobre qué hacer o no en un operativo? ¡Por favor!
Rechazo fuerte y categóricamente este proyecto. Es un muy mal proyecto y muchos lo saben.
He dicho.
-Aplausos.
53";1
"210";"21730";704;2024;12;"ARROYO";NA;"El señor ARROYO.-
Señorita Presidenta, el Ministerio de Seguridad Pública es la secretaría de Estado encargada de colaborar con el Presidente de la República en materias relativas al resguardo, mantención y promoción de la seguridad pública y del orden público, la prevención del delito y, en el ámbito de sus competencias, la protección de las personas en materia de seguridad. Todo eso suena muy bonito, pero me parece que algo está mal, pues, todas esas funciones ya existen. Tenemos una subsecretaría de Prevención del Delito, a la que, dicho sea de paso, también le robaron los computadores. El resto de funciones son las que competen a los órganos encargados de seguridad, como Carabineros y la PDI, que ya no dependerán del Ministerio del Interior y Seguridad Pública, sino del Ministerio de Seguridad Pública.
El Ministerio de Seguridad Pública deberá formular estrategias de prevención y combate del delito; también deberá preocuparse del combate contra el crimen organizado y los actos terroristas; deberá preocuparse de resguardar las fronteras y la ciberseguridad, y, lo más importante, deberá controlar las actuaciones de las Fuerzas de Orden y Seguridad Pública en ámbitos administrativos y financieros, así como supervisar la gestión policial en ámbitos estratégicos y operativos a través de los respectivos mandos policiales. Ese ministerio determinará los altos mandos, aprobará o desechará los planes estratégicos de ambas instituciones y dará directrices a las decisiones de las instituciones.
Crear ese ministerio y todo su aparataje administrativo tiene un alto costo para Chile, el que se asumirá con el dinero de todos los ciudadanos. Este proyecto de ley también aumenta el poder de los delegados presidenciales, institución que este gobierno se comprometió a eliminar en campaña, pero que hoy vemos que son nuevas cajas pagadoras y lugar de vitrina para personas que quieren incursionar en política. Ahora tienen mucho más poder que los mismos gobernadores elegidos democráticamente.
Todo esto es una señal lamentable para la ciudadanía, porque se aprovechan de la situación sabiendo que hay un problema de seguridad, al que responden creando un ministerio de seguridad pública. O sea, si tenemos un problema en las cárceles, la respuesta debería ser crear un ministerio de cárceles; si tenemos un problema con el comercio ambulante, la respuesta debería ser crear un ministerio del comercio ambulante.
Considero mucho más productivo crear el ministerio anticorrupción, para que se dedique a perseguir el mal uso de recursos públicos, tales como gastos reservados, traspasos irregulares a fundaciones de dudosa reputación, cobros indebidos por parte de las isapres y promesas incumplidas por parte de distintos gobiernos, para que la gente no se decepcione por las mentiras en las que incurra cualquier gobierno al prometer y no cumplir. Creo que en la próxima campaña puedo prometer que todos tendrán una casa de tres pisos con piscina. Total, nadie se preocupa de ver si el gobierno cumple o no sus promesas.
Como dice el tango Cambalache, “¡qué falta de respeto, qué atropello a la razón!”
He dicho.";1
"211";"21730";706;2024;12;"UNDURRAGA";"don Alberto";"El señor UNDURRAGA (don Alberto).-
Señorita Presidenta, por su intermedio, saludo a la ministra y a las subsecretarias presentes en la Sala.
Tengo tres razones para apoyar la creación del Ministerio de Seguridad Pública. Primero, los desafíos en seguridad pública que tenemos en el país requieren dedicación exclusiva y especializada, lo que no se da en el Ministerio del Interior y Seguridad Pública, una cartera que ya tiene otros desafíos, como la coordinación política del gobierno y que este en su conjunto funcione.
Segundo, la seguridad es una política de Estado, no de gobierno. Si bien en todos los ministerios hay tareas propias
53
de gobierno y de Estado, mirando el corto y el largo plazo, y dada su naturaleza, el centro de gravedad del Ministerio de Interior y Seguridad Pública está puesto en el corto plazo, en la contingencia, en el gobierno, no en las políticas de Estado. Es distinto del MOP o de la Cancillería, por ejemplo, porque en estos -estaremos de acuerdo-, el centro de gravedad está puesto en el largo plazo.
(Hablan varios diputados a la vez)
Señorita Presidenta, ¿puede pedir que se guarde silencio para que pueda continuar con mi intervención?
(Hablan varios diputados a la vez)";1
"212";"21730";708;2024;12;"UNDURRAGA";"don Alberto";"El señor UNDURRAGA (don Alberto).-
Pido que me devuelvan algunos segundos del tiempo asignado a mi intervención.
Decía que tengo tres razones para apoyar la creación del Ministerio de Seguridad Pública. Una de ellas tiene que ver con que la seguridad requiere dedicación exclusiva y especializada y la otra con que la seguridad es una política de Estado y no de gobierno. Por eso es bueno sacar esto del Ministerio del Interior y Seguridad Pública; por eso es bueno tener un ministerio de seguridad pública, una cartera que ponga énfasis en equipos permanentes y en políticas de Estado, como ocurre con el MOP y la Cancillería.
Sin embargo, hay una tercera razón: fue un acuerdo unánime de la Comisión Mixta, en la que se abordaron temas complejos, como qué pasa con la expresión territorial o regional. En los países federales la seguridad sigue siendo centralizada.
Por lo tanto, por supuesto que el rol de las gobernaciones y de los municipios es importante para la prevención - tienen tarea para su implementación-, pero no les compete estar a cargo de la seguridad. Creo que la figura, con los requisitos adicionales que se exigirán al seremi, es una buena solución para avanzar.
Votaremos a favor la creación del Ministerio de Seguridad Pública.
He dicho.";1
"213";"21730";710;2024;12;"BIANCHI";NA;"El señor BIANCHI.-
Señorita Presidenta, por su intermedio, saludo a la ministra y a las subsecretarias presentes en la Sala.
Hace algunos días, realicé una intervención en la que dije que estamos en un mismo hemiciclo, en la Cámara de Diputados, que es como estar en un cine, pero viendo dos películas absolutamente distintas. Republicanos ve una película de terror en cada una de las propuestas que tiene que ver con un bien mayor, con un bien mayúsculo, con un bien actual, particularmente relacionado con la seguridad. Republicanos, al parecer, tiene como única misión seguir dándole a la ministra del Interior y Seguridad Pública, hoy acá presente. Y claro, es probable que les produzca una profunda pena no tenerla el día de mañana, porque será otra u otro quien deba liderar el Ministerio de Seguridad Pública.
Estamos acá para hacer una contribución mayor. ¿Quién puede negarse hoy a votar? En realidad, ya está votado el Ministerio de Seguridad Pública, pero escucho acá distintas intervenciones, particularmente de republicanos, en las que llaman a no votar.
53
Lo que hoy estamos resolviendo técnicamente es lo que ocurrió en la Comisión Mixta, la cual creó la figura del seremi de Seguridad Pública, que de alguna manera se va a coordinar con los delegados presidenciales, a quienes efectivamente se les va a quitar la función que tienen en materia de orden público. Esto pretende entregar al país una respuesta mucho más eficiente en materia de seguridad.
Hoy, quien se niegue a votar favorablemente lo despachado por la Comisión Mixta, porque el Ministerio de Seguridad Pública ya esta votado, le dará la espalda al principal flagelo que tiene nuestro país: la inseguridad pública.
Por su intermedio, señorita Presidenta, felicito a la ministra presente y felicito al gobierno, que ha dado cumplimiento a un compromiso relevante para el país en materia de seguridad pública.
He dicho.";1
"214";"21730";712;2024;12;"MARTÍNEZ";NA;"El señor MARTÍNEZ.-
Señora Presidenta, por su intermedio, saludo a la ministra del Interior.
Hoy día estamos ad portas de cometer un gran error. Estamos frente a la mayor crisis de seguridad del país, pero ¿cuál es la solución? Un ministerio, un ministro y un subsecretario. Ojo, eso es agrandar el aparataje público. Todos sabemos que no es tan solo eso, sino que también implica un chofer, un vehículo, oficinas, dependencias y funcionarios para los seremis y subsecretarios.
Presidenta, la corrupción parte cuando se asumen cargos de responsabilidad pública sin tener la capacidad para ese desafío. Sin lugar a dudas, el mayor desafío que tenemos hoy es la seguridad. ¿Qué va a pasar con esos nombramientos en regiones? Se va a seguir agudizando la crisis en seguridad y se va a seguir agudizando la desconfianza en la clase política a partir de una de las principales preocupaciones de todos los chilenos.
Presidenta, este proyecto de ley que crea el Ministerio de Seguridad Pública avanzó en tiempo récord. He insistido desde el primer día, durante más de tres años, en un proyecto de seguridad para los sectores rurales, que se haga cargo del robo de animales, el abigeato. Como ese, hay muchos otros proyectos en materia de seguridad durmiendo en la Cámara de Diputados y en el Senado. Sin embargo, el proyecto y el presupuesto que crean este ministerio avanzan en tiempo récord, al igual que la desconfianza hacia la labor que realizamos, que también seguirá aumentando si se llega a aprobar la creación del Ministerio de Seguridad Pública.
Presidenta, por su intermedio, hago un llamado al resto de los parlamentarios a recapacitar sobre esta decisión, a escuchar la voz de los chilenos y a darle más atribución a nuestros carabineros y Fuerzas Armadas, para que hagan su trabajo, porque son ellos quienes tienen la expertise para asumir este desafío, no la clase política.
He dicho.";1
"215";"21730";714;2024;12;"BARRERA";NA;"El señor BARRERA.-
Señorita Presidenta, se está dando un paso importante en reforzar el esquema institucional encargado de la seguridad pública. Para enfrentar los desafíos actuales y futuros en temas de seguridad con eficacia, es imperativo separar las funciones entre la jefatura política de gobierno y las funciones de gestión de la seguridad pública. Por ello, la creación de un organismo especializado en la materia, que tendrá como única tarea la seguridad, viene a responder a esa necesidad. Por lo mismo, no es más burocracia, como dice la derecha, sino todo lo contrario, es más eficacia y eficiencia.
53
La creación del Ministerio de Seguridad Pública permitirá centralizar y coordinar todos los esfuerzos destinados a combatir la criminalidad en sus diversas manifestaciones, el crimen organizado, el narcotráfico y otras formas de delincuencia que amenazan la tranquilidad de nuestra sociedad.
Presidenta, ese ministerio se convertirá en uno de los pilares fundamentales para garantizar la seguridad y protección de todas y todos los chilenos. Sin embargo, no es el único proyecto que puede fortalecer nuestra capacidad de perseguir el crimen organizado. Otro proyecto significativo es el que crea el Subsistema de Inteligencia Económica, que fortalece el ecosistema de inteligencia y análisis económico a través de la Unidad de Análisis Financiero (UAF) y la creación de unidades de inteligencia en el Servicio de Impuestos Internos (SII) y el Servicio Nacional de Aduanas. En lo concreto, a través del Subsistema de Inteligencia Económica se facilitan las tareas de inteligencia dirigidas a labores de búsqueda, obtención, recolección e intercambio de información respecto de actividades económicas vinculadas a determinados delitos económicos, como lavado de dinero, entre otros. Por eso, también es urgente que el Senado tramite este proyecto con celeridad.
Por último, reitero mi valoración positiva hacia el proyecto de ley que crea un nuevo ministerio especializado en seguridad pública, que fortalecerá nuestra institucionalidad y ayudará a combatir a quienes dañan la seguridad pública.
He dicho.";1
"216";"21730";718;2024;12;"SCHALPER";NA;"El señor SCHALPER.-
Señorita Presidenta, por su intermedio, saludo a las autoridades de gobierno que nos acompañan.
Encuentro legítimo que haya dudas respecto del proyecto, porque ha tenido mucha turbulencia durante su tramitación. Sin embargo, explicaré los tres motivos que me llevan a aprobarlo, a pesar de esas turbulencias.
Primero, observando experiencias de otros países, creo que necesitamos un ministerio especializado en el seguimiento de los fenómenos criminológicos, especialmente cuando tenemos delitos cada vez más complejos, con organizaciones cada vez más complejas. Todos los que nos hemos involucrado en la materia sabemos que hay disgregación de la información, falta de seguimiento y falta de análisis. Creo que se necesita un equipo especializado para eso, tal como lo pensó en su minuto el Presidente Piñera.
Segundo, el diseño regional, tal como se ha dicho, lejos de lo que era la pretensión original de este gobierno, fortalece a los delegados presidenciales. Por ejemplo, en el caso Convenios, nadie buscó la responsabilidad política de los delegados presidenciales, porque se entendía que los seremis no tenían un jefe en la región. Nunca se hicieron la pregunta en Antofagasta de quién era el delegado presidencial. Entonces, lo que se tiene que hacer es fortalecer a los delegados presidenciales, darles responsabilidad y terminar con el comisionado de Seguridad Pública, que es un invento que se alberga en la delegación presidencial y que no tiene ninguna función real. Vamos a crear un seremi que efectivamente tenga requisitos de experiencia.
Tercero, se reclama sobre la grasa estatal. Me parece que es un reclamo legítimo, porque efectivamente en Chile
53
falta una modernización del Estado, pero partamos preguntándonos por las duplicidades en los ministerios políticos, como en Vivienda y Bienes Nacionales. No le carguemos esa crítica a un ministerio sectorial que tiene que hacerse cargo de la seguridad. Por lo tanto, me parece, Presidenta, que observando la experiencia en el mundo, tener un ministerio especialmente dedicado a la persecución del delito es una decisión correcta.
Permítame, eso sí, Presidenta, en los dos minutos que quedan, manifestar una mezcla de molestia y preocupación.
Tengo la impresión de que el gobierno no ha aquilatado lo suficiente lo difícil que es apoyar un proyecto como este para los que estamos en la oposición. No se da cuenta de lo que pasó ayer en el Senado. Han transformado esto en una bandera de batalla y de campaña de algunas autoridades de gobierno. Han usado expresiones grandilocuentes, como sheriff, para meter esos temas en la prensa, como una manera de vestirse con un proyecto que partió en el gobierno del Presidente Piñera.
Lamento mucho tener que decir que vamos a apoyar la iniciativa a pesar del gobierno, porque lo único que ha hecho el gobierno, Presidenta, es dificultar su trámite. Primero, lo hizo cuando intentó, de contrabando, transformar el proyecto en una reforma al sistema político, creando un primer ministro. Lo evitamos en la Comisión de Seguridad Ciudadana de la Cámara y lo terminamos de evitar en la Comisión Mixta, porque lo que se pretendía era que el Ministerio del Interior fuera una especie de primero entre pares, pero no lo permitimos.
Segundo, Presidenta, también se pretendió debilitar a los delegados presidenciales, cosa que tampoco permitimos, manteniéndoles la capacidad de dar órdenes directas a las policías. Por lo tanto, no pretendan distorsionar la realidad y después hacer un punto de prensa, como si esto fuera un gran logro de la izquierda y del gobierno. No, Presidenta; esa no es la realidad. El gobierno ha complicado el trámite del proyecto y ha hecho muy difícil para algunos tener que aprobarlo, pero como estamos dispuestos -aunque se ría la ministra, como es su costumbre-, nos vamos a sobreponer y lo vamos a apoyar, porque creemos que, en el fondo, la propuesta del Presidente Piñera de tener un ministerio sectorial a cargo de la seguridad pública sigue valiendo la pena. No vamos a permitir que los afanes de transformar esto en una trinchera electoral para alguien dentro del gobierno se sobrepongan a nuestra convicción.
Presidenta, pese a que el gobierno y la izquierda han complicado todo lo que han podido el trámite del proyecto, lo vamos a aprobar, y lo vamos a aprobar porque sigue estando vigente la motivación de fondo, cual es contar con un Ministerio de Seguridad que pueda enfrentar la dificultad del delito de cara al futuro.
He dicho.";1
"217";"21730";720;2024;12;"GUZMÁN";NA;"El señor GUZMÁN.-
Señora Presidenta, cuando se trata de combatir el crimen organizado, no debe haber bandos políticos. Sin embargo, el gobierno no nos presenta propuestas técnicamente sólidas, integrales y verificables para enfrentar el flagelo de la delincuencia, pero contará con el más absoluto apoyo de esta oposición.
Por eso, es frustrante y también incómodo discutir acerca de la propuesta de un ministerio, el número 24 en el país, para hacerse cargo de la seguridad pública. Hemos examinado fríamente la iniciativa y debo admitir que nos encontramos con algo que, lejos de aportar soluciones efectivas, plantea serias deficiencias, tanto en su diseño como en su enfoque operativo.
Insistiré en algo, pero antes tomo completa distancia de las oposiciones obstruccionistas. En Evópoli no seremos como fue el Frente Amplio con el Presidente Piñera ni nos sumaremos al coro de negativas sin matices que hoy presenta el Partido Republicano frente al actual gobierno.
Tomo distancia porque la gente busca representantes políticos que sean capaces de llegar a acuerdos, de ofrecer soluciones y de salir del inmovilismo en el que nos estamos sumergiendo y fragmentando políticamente. La gente quiere soluciones, pero lo cierto es que este proyecto carece de un diagnóstico claro. Crea una nueva institucionalidad sin innovaciones concretas en la coordinación y sin herramientas eficaces para superar las
53
actuales barreras. No resuelve este problema, sino que, al contrario, lo perpetúa.
Veo con preocupación un proyecto lleno de ambigüedades, solapamientos y voluntarismo. Veo un ministerio al que, si bien se le otorgan funciones de coordinación y formulación de políticas, también se le asignan facultades que parecen invadir la gestión operativa de las policías, generando conflictos jerárquicos y diluyendo las responsabilidades. Veo una forma a medio hacer de nuestra organización política, con un debilitamiento de los delegados presidenciales al transferirle facultades a los nuevos seremis de Seguridad Pública, generando tensiones no resueltas y fragmentación de funciones en un sistema ya sobrecargado de burocracia.
Este proyecto, en vez de consolidar un ministerio técnico y especializado, parece una respuesta incompleta y vacía. Es un nuevo ministerio que todos aplaudirán, pero que poco a poco demostrará que nada va a aportar a solucionar los problemas de la delincuencia.
Anuncio que votaré en contra esta iniciativa.
He dicho.";1
"218";"21730";722;2024;12;"TELLO";"doña Carolina";"La señorita TELLO (doña Carolina).-
Señorita Presidenta, durante el presente gobierno hemos avanzado en forma realmente importante en el enorme y multidimensional desafío que suponen la seguridad pública, la prevención del delito, el combate al crimen organizado y la recuperación de nuestros barrios y espacios públicos.
Una agenda generalmente postergada y profundamente politizada ha logrado avanzar, a pesar de un debate que muchas veces se aleja precisamente de la urgencia que nos demanda la ciudadanía en cada región, en cada comuna, en cada barrio y en cada población de nuestro país.
Precisamente, hoy votaremos una de las reformas más importantes desde el retorno a la democracia. La creación del Ministerio de Seguridad Pública es un paso enorme hacia algo que me parece fundamental y una urgencia: la priorización exclusiva de la seguridad pública a nivel institucional, evitando el permanente conflicto entre lo político y algo que debe ser enfrentado de manera técnica y especializada. En ese sentido, la separación que hoy se logrará entre el Ministerio del Interior y el nuevo Ministerio de Seguridad Pública resulta imprescindible para enfrentar el crimen organizado, el narcotráfico y los delitos de cuello y corbata, y para la prevención y recuperación de nuestros barrios desde una mirada permanente y descentralizada, que permita establecer un trabajo de coordinación efectivo con las policías y las autoridades locales.
En ese sentido, valoramos la creación de las secretarías regionales ministeriales de Seguridad Pública, algo que va en directa relación con fortalecer la labor pública en materia de seguridad, porque permitirá establecer una autoridad a nivel regional con dedicación exclusiva a un tema extremadamente sensible y relevante para la ciudadanía.
Por último, agradezco el trabajo realizado, y saludo a la ministra y a las subsecretarias presentes.
Llamo a votar a favor.
He dicho.";1
"219";"21730";724;2024;12;"MALLA";NA;"El señor MALLA.-
Señorita Presidenta, celebro que estemos ad portas de tener un Ministerio de Seguridad Pública, cuya única prioridad será combatir la delincuencia, sobre todo en el norte, específicamente en Arica, donde el crimen organizado, el narcotráfico y la migración irregular llevan años atemorizando a mi gente y destruyendo mi ciudad,
53
porque, Presidenta, ministra y subsecretarias, a mí no me lo cuentan. Eso yo lo vivo y lo veo todos los fines de semana cuando viajo a atender las necesidades de los ariqueños y ariqueñas, cuando veo cómo el cerro Chuño se encuentra usurpado por bandas criminales, cuando veo mi ciudad llena de rucos y de casos de inseguridad, cuando veo mi ciudad abandonada, cuando veo cómo el Estado ha mantenido el abandono de la Región de Arica y Parinacota.
Entiendo que algunos colegas duden de la eficacia y del alcance de este ministerio, pero a mí no me caben esas dudas, porque se trata de un paso importante para que empecemos a poner freno a los criminales, que tanto daño le han provocado a la gente, especialmente a la gente del norte.
Se trata de una oportunidad para que sigamos avanzando para darle mejores herramientas al Estado, porque el crimen está organizado, pero la política y los políticos no lo están. Por consiguiente, tenemos que empezar a ponernos de acuerdo de una vez por todas.
De este modo, se lograrán coordinar nuestras policías y modernizar el combate al crimen y la prevención del delito.
Este ministerio no dependerá del color político del gobierno de turno, sino de profesionales competentes que asesorarán en la toma de decisiones y la coordinación de nuestras policías.
Asimismo, también es un paso para que pongamos en tabla la creación de una policía fronteriza, que vigile las fronteras, la puerta norte de entrada a nuestro país, e impida la entrada de más criminales, que arruinan la vida de los chilenos, pero sobre todo la de mi gente de Arica y Parinacota.
El crimen organizado está presente en varios frentes, tanto dentro del país como fuera de él. Por eso, es importante que aprobemos este proyecto. Así lograremos tener manos firmes para que los criminales dejen de atemorizar a mi gente.
Invito a mis colegas de enfrente a dejar a un lado el cálculo político y los beneficios electorales, y a dejar de trancarle la pelota al gobierno en esta materia. Sin lugar a dudas, estamos aumentando el tamaño del Estado, pero es necesario. Tenemos que tomar decisiones difíciles en este país. Tenemos que tomar, de una vez por todas, decisiones en favor de nuestra gente. Esto nos beneficia a todos y todas. En materia de seguridad debemos ser capaces de ganar esta pelea, de ganar la carrera por actualizar nuestra legislación y nuestras instituciones, y de organizarnos de una vez por todas, porque ellos ya están organizados.
He dicho.";1
"220";"21730";726;2024;12;"PÉREZ";"doña Joanna";"La señora PÉREZ (doña Joanna).-
Señorita Presidenta, este es un proyecto que está en tramitación desde hace un buen tiempo. No es un proyecto de este gobierno, pero Demócratas también lo va a apoyar.
¿Por qué vamos a apoyar esta iniciativa? No es un espaldarazo al actual gobierno ni al actual ministerio, porque esta iniciativa tiene muchas deficiencias, pero también hay que ser muy claros en señalar que esas deficiencias y el hecho de que no se haya actuado a tiempo vienen, a lo menos, desde hace tres gobiernos, porque dejamos de hacer lo que había que hacer en materia de seguridad.
Por lo tanto, esta es una oportunidad -difícilmente podrá implementarlo este gobierno en el escuálido tiempo que le queda, pero sí lo podrán hacer los gobiernos que vengan- para tener policías especializadas. Espero que este ministerio y las secretarías regionales ministeriales no sean objeto de cuoteo político, sino que también sean especializados, de manera que demos un espacio para la descentralización por la cual hemos peleamos tanto, pero, sobre todo, que rindan cuenta y tengan responsabilidad política, algo tan escaso hoy en el Ministerio del Interior y Seguridad Pública, y en muchos otros espacios.
Sin duda, esta bancada va a respaldar lo que hicieron los senadores de Demócratas, pero creo que hay mucho más por hacer.
53
Me habría gustado ver aquí a Gendarmería o a una parte de ella.
He dicho.";1
"221";"21730";728;2024;12;"VIDELA";NA;"El señor VIDELA.-
Señor Presidente, sin duda, este es un proyecto relevante. La ministra y la subsecretaria saben que la provincia del Loa, la Región de Antofagasta y todo el país viven una situación compleja.
Me preocupaba que los seremis que asumieran este desafío en las regiones tuvieran al menos experiencia en seguridad, pero este proyecto así lo establece, para que no lleguen personas que finalmente no tengan las capacidades para asumir esta responsabilidad.
La realidad que se vive con la delincuencia -lo he planteado muchas veces aquí- es compleja, porque las bandas todos los días siguen robando vehículos y operando en distintas comunas de la Región de Antofagasta, al igual que en la Región Metropolitana. Por lo tanto, creo que es fundamental que este Ministerio de Seguridad Pública pueda coordinar de mejor manera el trabajo de las policías y el de otras instituciones que también hacen frente a la prevención del delito.
Hace pocos meses se fue el subsecretario, de quien siempre tuve una opinión muy crítica, pues dejó pasar mucho tiempo para enfrentar con personalidad el crimen organizado. Aún sigo esperando que se puedan reactivar los operativos internacionales. En conjunto con Bolivia existe un acuerdo firmado en ese sentido. Estoy seguro de que la nueva subsecretaria de Prevención del Delito lo podrá llevar adelante.
Estoy de acuerdo con la creación de este ministerio. Desde la bancada liberal votaremos a favor este proyecto, que esperamos que tenga el apoyo de una alta mayoría, para poder entregar certeza a la ciudadanía de que en el Congreso nos unimos para enfrentar el crimen organizado.
He dicho.";1
"222";"21730";730;2024;12;"ULLOA";NA;"El señor ULLOA.-
Señor Presidente, en buena hora la Cámara se ocupa de un debate relevante, de un debate, sin duda, urgente. Si hoy aprobamos el informe de la Comisión Mixta, vamos a despachar a ley una de las reformas institucionales más relevantes desde el retorno a la democracia, una reforma que llevará a nuestro país a una política de seguridad moderna y de vanguardia.
La creación de este nuevo ministerio es, sin duda alguna, una respuesta maciza a la grave crisis de seguridad que se viene engendrando desde hace décadas y que hoy nos tiene en una situación de extremo cuidado. La llegada del crimen organizado transnacional a nuestro territorio es algo de lo cual la institucionalidad debe ocuparse con sentido de urgencia. Esta reforma se orienta precisamente a ello. Se reafirma el compromiso del gobierno para combatir la delincuencia al focalizar la gestión de la fuerza de tarea del Estado en el nuevo Ministerio de Seguridad Pública.
Un desafío pendiente es la bajada territorial de la creación del nuevo ministerio. Sin duda, debemos seguir fortaleciendo el trabajo coordinado y mancomunado entre los gobernadores regionales, los delegados presidenciales regionales y los nuevos secretarios regionales ministeriales de Seguridad, con tal de mejorar la vida de las personas que a lo largo y ancho del territorio nacional hoy se sienten inseguras.
La seguridad no tiene color político. Con orgullo comunico que esta bancada votará favorablemente este proyecto y apoyará la creación del nuevo Ministerio de Seguridad Pública, con la firme convicción de que nuestro sector
53
político también es capaz de proponer y ejecutar medidas eficaces contra la delincuencia y, sobre todo, por el bienestar de las familias chilenas.
He dicho.";1
"223";"21730";732;2024;12;"CID";"doña Sofía";"La señora CID (doña Sofía).-
Señor Presidente, con la creación del Ministerio de Seguridad Pública, Chile, un país con cerca de 20 millones de habitantes, tendrá 25 ministerios, superado solo por Brasil, que tiene 31 ministerios, y por Venezuela, con 33 ministerios. Venezuela, el ejemplo de cómo dejar el desarrollo y volverse una nación pobre.
Este ministerio tendrá un costo inicial de 8.000 millones de pesos; pero lo más preocupante es que anualmente tendrá un costo fijo -sí, un costo fijo- de 7.400 millones de pesos. En vez de destinar esos recursos anualmente de manera efectiva y directa a Carabineros, la Policía de Investigaciones, Gendarmería, las Fuerzas Armadas y para tecnología de punta, se usarán solo para mantener un aparato burocrático.
Una vez más, los senadores llegaron a un acuerdo con el gobierno, sin considerar las serias repercusiones que ello tendrá en el futuro financiero de nuestro país. Avalaron un gasto que no resolverá los problemas de seguridad, sino que aumentará la carga fiscal para todos los chilenos y los habitantes de la Región de Atacama.
No es necesario crear un nuevo ministerio, ni abultar la nómina de personas contratadas por el Estado, quienes, sentadas cómodamente en un escritorio en Santiago, no resolverán las urgencias en materia de seguridad en la Región de Atacama. Los vecinos tendrán que conformarse con mantener un secretario regional ministerial más en el gabinete regional, quien tendrá secretaria, chofer, vehículo fiscal y viáticos. Solo gastos. No habrá ni un solo peso para las policías ni para la seguridad en la Región de Atacama. Preguntemos a los vecinos de la Región de Atacama si con un seremi de Seguridad dormirán más tranquilos, o si con una oficina que tenga una placa de “Seremi de Seguridad” el crimen organizado será disuadido.
Tal como lo hice cuando se discutió este proyecto en la Cámara de Diputados, y con toda la certeza de que no cambiará la seguridad pública proyectada y de que no tendrá un impacto directo en el combate contra la delincuencia, votaré en contra esta iniciativa, votaré en contra la creación del Ministerio de Seguridad Pública, porque no solucionará el problema de seguridad para el país y tampoco para la Región de Atacama.
He dicho.";1
"224";"21730";734;2024;12;"CARIOLA";"doña Karol";"La señorita CARIOLA (doña Karol).-
Señor Presidente, por su intermedio, saludo a la ministra del Interior y Seguridad Pública y a las subsecretarias.
Creo que hoy damos un paso importantísimo en los avances necesarios que nos propusimos en materia de seguridad para el año 2024, con la creación del nuevo Ministerio de Seguridad Pública, que viene no solo a cambiar la estructura administrativa de nuestras instituciones involucradas en la materia, sino a transformar el enfoque de la seguridad en Chile.
Estamos viviendo un momento crítico en seguridad; eso es innegable y se ha dicho muchas veces. Por ello, para empezar a enfrentarlo debemos entender que la seguridad no es solo un asunto de orden público, sino también un derecho esencial. Lo he dicho en múltiples ocasiones y lo vuelvo a sostener: hoy no hay nada más cercano al corazón del progresismo que garantizar el derecho a caminar, a vivir y a desarrollarse en paz y tranquilidad para todos los chilenos y chilenas.
Este nuevo ministerio no se limita a una simple reestructuración de cargos o facultades, como se ha dicho. Su
53
nacimiento representa la implementación de un enfoque especializado y sistemático hacia la seguridad, que prioriza la prevención y el respeto a los derechos de las personas. Este enfoque nos lleva a un modelo de gestión que va más allá de la represión del delito, que es necesaria, sino también a la creación de un Centro Integrado de Coordinación Policial, que es clave para fomentar un diálogo efectivo entre las fuerzas de seguridad.
Por su parte, la creación del Sistema Nacional de Protección Ciudadana buscará garantizar respuestas rápidas y eficientes, preventivas y adaptadas a cada comunidad. Así, no solo responderá a la crisis, sino que se convertirá en un espacio que escucha y atiende las necesidades de una ciudadanía que hoy se organiza cada vez más en función de la seguridad pública. No es casualidad que en los territorios actualmente tengamos más comités de seguridad que juntas de vecinos. Eso da cuenta de que la ciudadanía tiene una prioridad puesta en esta materia.
Por ello, el gobierno se ha hecho cargo de asumir, desde una institucionalidad fortalecida, el tomar las riendas de una decisión política que da cuenta de un país que realmente está tomando acciones y no solo emitiendo declaraciones. Si tenemos intenciones de hacer que los chilenos y chilenas vivan con seguridad, entonces seamos coherentes aprobando este proyecto de ley tan importante para nuestro país.
He dicho.";1
"225";"21730";736;2024;12;"BRITO";NA;"El señor BRITO.-
Señor Presidente, por su intermedio, saludo a la ministra del Interior, Carolina Tohá, a la subsecretaria de Desarrollo Regional y Administrativo, Francisca Perales, y a la subsecretaria de Prevención del Delito, Carolina Leitao, quien hace poco asumió. Quiero destacar que ni en la administración anterior, ni en la anterior a la anterior, hubo un liderazgo femenino a cargo del Ministerio del Interior y Seguridad Pública. La ministra está muy bien acompañada con dos liderazgos femeninos valientes y trabajadores a cargo de las subsecretarías.
Hoy esperamos lograr la aprobación de la creación del Ministerio de Seguridad Pública y que los sectores más extremos de la derecha, liderados por la bancada del Partido Republicano, queden aislados de este avance que trae a Chile la consolidación de la estrategia de seguridad a cargo de un ministerio de dedicación exclusiva. Lo que antes era una idea, hoy ha quedado demostrado que es una necesidad. Ante el decidido actuar, incluso, agresivo de una bancada en particular en contra de la ministra del Interior en medio de la crisis de seguridad, hemos debido avanzar con celeridad para desapegar la politiquería del Congreso Nacional de la estrategia de persecución y combate al crimen organizado.
Este proyecto de ley va a significar establecer con claridad la gestión, la conducción, el mando y el control de las fuerzas policiales a cargo de civiles, de modo que las policías puedan hacer su trabajo con todas las condiciones que requieren. Es decir, la administración, la gestión pública y la contabilidad estarán a cargo de personas que estudiaron administración pública, gestión pública y contabilidad, y la labor policial la realizarán aquellos que ingresaron a las escuelas de formación de las policías.
Ahora bien, el país avanza, por lo que, en esta materia en particular, el control administrativo, financiero y disciplinario es un avance sustancial para no dar descanso al combate frontal al crimen organizado. Por eso, este proyecto de ley viene a cambiar los paradigmas y a fortalecer las capacidades para que el Estado recupere, con la comunidad y no contra la comunidad, el control territorial en los barrios, donde se ha perdido, de modo que estos puedan volver a descansar con la tranquilidad que deseamos las chilenas y chilenos.
Por eso, valoramos este avance significativo y hacemos un llamado a la oposición a que se sume a la aprobación de este proyecto y deje de obstruir…";1
"226";"21730";738;2024;12;"OYARZO";NA;"El señor OYARZO.-
Señor Presidente, Chile crece y los problemas se agravan. De ello debe hacerse cargo la institucionalidad.
Es una realidad que el fenómeno del crimen en Chile tuvo una mutación preocupante frente a una institucionalidad que no estaba preparada para hacerle frente. Esto lo hemos ido cambiando, pero quizás no con la rapidez que se necesita. Por ejemplo, el distrito N° 8, el cual represento, que incluye las comunas de Maipú, Cerrillos, Estación Central, Pudahuel, Quilicura, Lampa, Colina y Tiltil, está permanentemente en las noticias por situaciones conflictivas, por la perpetración de crímenes violentos. En 2022, los delitos violentos eran alrededor de 36.000; en 2023, estos crecieron a 39.027 delitos, y los delitos con armas pasaron de 6.18 a 7.25.
El Ministerio de Seguridad es una medida acertada, pero debemos tener cuidado, debemos fiscalizar su implementación.
En consecuencia, votaremos a favor el informe de la Comisión Mixta, porque Chile necesita un Ministerio de Seguridad.
He dicho.";1
"227";"21730";740;2024;12;"DONOSO";NA;"El señor DONOSO.-
Señor Presidente, hemos escuchado grandes discursos en los que se señala que la creación de este ministerio solucionará el problema de la seguridad de Chile, pero la verdad es que eso no es así. No es así porque lo que busca este proyecto es separar la responsabilidad política del Ministerio del Interior, de la seguridad.
A mi parecer, eso está bien. Según mi criterio, está bien que haya un ministro que esté a cargo del gabinete, que vea los problemas políticos, que se haga cargo y que ordene el desastre que hay en este gobierno, y que otra persona esté a cargo de la seguridad, y si hay un problema grave de seguridad, que él sea el responsable, y no el jefe de gabinete del gobierno de turno. No obstante, que eso vaya a significar que se llevará a cabo una mejor gestión policial en las distintas regiones del país, de por sí, no es así.
¿Vamos a tener una mejor gestión policial? Sí. ¿Por qué? Porque hemos tenido una agenda propuesta por el expresidente del Senado, de la UDI, con trabajo conjunto de los parlamentarios, más bien apoyado por la oposición, que por el gobierno.
Debo decir que en los proyectos de seguridad los votos de gobierno normalmente no están, sino los de los parlamentarios de la oposición, porque somos a quienes nos preocupa realmente la seguridad y queremos avanzar en serio en esta materia, pero faltan muchos proyectos para avanzar, y es ahí donde debemos estar.
No le mientan a Chile. No digan que debido a que habrá un ministro a cargo de la seguridad, porque va a haber un seremi, se solucionarán los problemas de seguridad. Lo que va a haber será una estructura distinta, que va a responder a incentivos distintos, porque la gestión policial en regiones la llevarán seguramente los generales de Carabineros y los jefes de zona de la Policía de Investigaciones.
Tenemos que avanzar, pero esta no es la piedra filosofal para terminar con los problemas de seguridad en Chile, y tenemos que seguir avanzando en serio…";1
"228";"21730";742;2024;12;"SERRANO";"doña Daniela";"La señorita SERRANO (doña Daniela).-
Señor Presidente, escuché con atención a quien me antecedió en el uso de la palabra: decir que el patrimonio de la
53
seguridad es parte de un sector es lo que la gente está cansada de escuchar.
Por otra parte, se habla de una crítica en torno a la responsabilidad de desligar la responsabilidad política con lo técnico, que tiene que ver el Ministerio de Seguridad.
Creo que eso es faltar a la verdad, porque acá lo que se ha buscado, por distintos gobiernos, es poner la responsabilidad de Estado en materia de seguridad, creando un ministerio; esto no es solo la iniciativa del gobierno actual.
En ese sentido, quiero recalcar que esto es un avance, y cuando se dice en esta Sala que se ha tratado este proyecto con celeridad, eso es falso, porque se dieron distintas instancias de diálogo con la oposición también para que se pudiese impulsar este ministerio.
Quienes saben muy bien lo que es vivir en una situación de incertidumbre, por ejemplo, los habitantes de las comunas de Puente Alto, La Pintana o La Florida, entienden muy bien que esto se resuelve con iniciativas concretas, con compromisos reales. Los que hoy acá se niegan a crear el Ministerio de Seguridad, llamando fervientemente a oponerse a este proyecto, creo que finalmente se sacan la careta, porque entienden que ocuparse del tema de la seguridad le puede traer un rédito al gobierno, como algunos lo han señalado.
Creo que eso es justamente lo que le está haciendo muy mal a este Congreso Nacional, por eso creo que el llamado es aprobar y entender que crear un Ministerio de Seguridad es una tarea de primer orden.
He dicho.";1
"229";"21730";744;2024;12;"TRISOTTI";NA;"El señor TRISOTTI.-
Señor Presidente, ¿creen que un nuevo Ministerio de Seguridad va a detener el Tren de Aragua? ¿Creen que la ampliación de la burocracia le importará al crimen organizado? Claramente no, y deben estar mirando este debate con una sonrisa, mientras siguen operando en nuestro territorio y lamentablemente con ensañamiento en la Región de Tarapacá, donde además se aprovechan del descontrol migratorio.
La única respuesta posible frente a quien atenta contra los chilenos, frente a quien quebranta la ley, es la acción contundente del Estado a través de sus policías y con la garantía política de que no serán perseguidos por cumplir con su deber.
No son ni los trámites administrativos ni las reuniones interminables; es la fuerza del Estado actuando con decisión, con carabineros en las calles, con un Ministerio Público comprometido y jueces firmes, que no terminen siendo la esperanza de los delincuentes en vez de los defensores de las víctimas.
Nos están haciendo creer que este es un problema de facultades, de funcionarios contratados, pero eso no es real.
El narco no se va a frenar porque pongamos un nuevo funcionario de camisa y corbata moviendo papeles. El narco se detendrá cuando mostremos liderazgo y acciones, cuando el Estado y sus autoridades dejen de esconderse tras la burocracia y enfrenten el crimen organizado con una estrategia clara.
Un liderazgo fuerte puede cambiar el curso de las cosas. Para eso se necesita determinación sin titubeos, coraje en tomar decisiones, carácter firme y empatía real.
La delincuencia no teme un Ministerio de Seguridad; teme un Estado fuerte, liderado por personas con determinación, coraje y carácter.
En vez de estar discutiendo sobre ministerios, deberíamos estar discutiendo cómo fortalecer a Carabineros y una estrategia efectiva y firme.
Es por eso que votaremos en contra.
He dicho.
53";1
"230";"21730";746;2024;12;"SCHNEIDER";"doña Emilia";"La señorita SCHNEIDER (doña Emilia).-
Señor Presidente, hay algunos en esta Sala que dicen que esto se trata solo de burocracia y más gasto en funcionarios, pero se equivocan; hay un problema de fondo al que ellos mismos han aportado.
Tener un Ministerio de Seguridad es clave para hacerse cargo de un problema que es de Estado, que es precisamente la crisis de inseguridad que se viene generando hace mucho tiempo y muchos gobiernos.
Cuando digo que este es un problema de Estado, no lo digo por decir una frase manoseada, sino porque es urgente que la seguridad salga de la pelea pequeña en que la derecha nos tiene metidos todo el tiempo.
La instrumentalización del dolor de la gente en los medios de comunicación para fines políticos, me parece repugnante e impide un debate serio para tomar acción ante estas injusticias; de eso hemos visto mucho a costa de hechos que nos conmueven como país.
Sacar la seguridad de un ministerio tan expuesto como Interior es algo fundamental para mejorar la gestión del Estado, para hacerla más eficiente y para tener un ministerio técnico y especializado que permita abordar a cabalidad la gran tarea que tenemos de garantizar a la gente su derecho a la seguridad.
El delito ha cambiado en Chile. Se ha complejizado el crimen organizado y los delitos violentos, por ello necesitamos una institucionalidad que esté a la altura y sea pensada para los desafíos del presente.
Modernizar y mejorar la coordinación de nuestras herramientas para enfrentar la inseguridad es clave, y así lo entiende el gobierno del Presidente Gabriel Boric.
Por eso estamos avanzando en esta línea y espero avancemos decididamente el día de hoy.
Al final, quienes digan que esto se trata solamente de burocracia, lo que nos dicen es que no creen que el Estado debería ser una herramienta para mejorar la vida de la gente.
Desde el Frente Amplio creemos que sí, que el Estado tiene que funcionar mejor para corregir las injusticias e inequidades, porque la seguridad también es un problema de la desigualdad y la falta de derechos.
Un Estado eficiente, moderno y presente puede hacer la diferencia en la vida de las personas, llegando con seguridad, con cultura, con educación, con deporte para sacar al crimen organizado de nuestros barrios.
Aprobaremos este informe.
He dicho.";1
"231";"21730";748;2024;12;"MELLADO";"don Cosme";"El señor MELLADO (don Cosme).-
Señor Presidente, estamos a punto de dar el paso final para despachar el proyecto que crea el Ministerio de Seguridad Pública.
Esta iniciativa no es un saludo a la bandera ni más burocracia, sino una respuesta concreta y actualizada a las exigencias de una ciudadanía que reclama un Estado más fuerte, moderno y eficiente para combatir la violencia y el crimen organizado.
La separación de la seguridad del Ministerio del Interior y Seguridad Pública no es un simple reordenamiento administrativo. Es un cambio de paradigma.
53
Este nuevo ministerio está dedicado exclusivamente a combatir las amenazas delictivas que enfrentamos con políticas especializadas y coordinadas con instituciones clave, como Carabineros de Chile, la Policía de Investigaciones (PDI), municipios y gobiernos regionales.
Mientras tanto, el Ministerio del Interior recuperará su rol articulador político, fortaleciendo la coordinación intersectorial que todo gobierno requiere.
La creación de los seremis de Seguridad es el corazón operativo de esta reforma. Un ministerio enfocado en la seguridad necesita un despliegue efectivo en las regiones, liderando el mando de las políticas y asegurando la aplicación de tales políticas en el territorio.
En definitiva, este nuevo ministerio está diseñado para concentrar todos los esfuerzos para combatir el delito de manera profesional, moderna y coordinada.
No se trata solo de reordenar competencias. Se trata de que las personas puedan caminar tranquilas por las calles, criar a sus hijos sin temor y confiar en un Estado que actúe con eficacia para proteger a la nación y combatir…";1
"232";"21730";751;2024;12;"ARCE";"doña Mónica";"La señorita ARCE (doña Mónica).-
Señor Presidente, hace apenas cuatro días en mi distrito, en la comuna de La Pintana, dos personas fueron asesinadas. Según la PDI, se perpetraron cerca de 30 disparos.
Mis vecinos de La Pintana deben convivir cada semana con el macabro sonido de las balas y la constante presencia de la muerte. Para que esta honorable Cámara y Sala se hagan una idea, en La Pintana incluso hay un sector que se llama la esquina de la muerte.
No es justo que mis vecinos tengan que encerrarse en sus casas a las cinco de la tarde y vivir con el miedo permanente de que una bala perdida les arrebate la vida a ellos o a sus seres queridos. Es nuestro deber como representantes buscar soluciones y llegar a acuerdos que cambien esta realidad.
Este nuevo ministerio garantizará que los más de 50.000 carabineros, 12.000 detectives y los demás profesionales de las instituciones bajo este ministerio sean guiados de forma coordinada y con una sola dirección.
Este nuevo ministerio, además, debe apresurar el proceso de modernización de las policías, adaptándolas a los nuevos escenarios, y mejorar el desempeño de carabineros y detectives, eliminando tareas administrativas innecesarias y muchas veces redundantes, para tener más personal en las calles y prevenir realmente el delito.
Lo único que pido es que, obviamente, los puestos nuevos no sean ocupados por cuoteo político, sino que en verdad sean personas idóneas y profesionales para este tipo de cargos.
He dicho.";1
"233";"21730";753;2024;12;"MELO";NA;"El señor MELO.-
Señor Presidente, lo que vamos a votar el día de hoy es una de las urgencias más importantes que tiene este país y la sociedad chilena: cómo hacemos que el Estado cumpla de manera efectiva en garantizar la seguridad como un derecho humano para todas y todos los chilenos, para la familia chilena.
En eso los socialistas no tenemos dos opiniones, solo una. Por esto valoramos el acuerdo al que llegó la comisión mixta, que fortalece la institucionalidad de nuestro país en avanzar de manera efectiva para poder complementar el ministerio de seguridad pública.
Combatir el crimen organizado, el narcotráfico, la delincuencia común requiere, sin duda, de un ente especializado.
Este ministerio, cuyo debate, como bien se ha planteado en esta Sala, parte en el gobierno del entonces Presidente Piñera y lo concluye nuestro gobierno con el Presidente Boric, es una señal inequívoca en estas materias.
Se requiere una visión y una política de Estado para enfrentar los temas de seguridad. Por eso es inentendible que los sectores de extrema derecha, como es el caso del Partido Republicano, se opongan a una medida de tal envergadura. Por eso valoro la posición de importantes sectores de la UDI, también de Renovación Nacional, que entienden que para poder avanzar en estas materias se requiere tener una visión de unidad.
La política en materia de enfrentar el crimen organizado no tiene color político, los efectos de la delincuencia tampoco. Por eso hacemos un llamado a que podamos tener una mayoría que nos permita avanzar en los quorum, para progresar en estas materias y no dejar acéfalo el ministerio que ya aprobamos.
En esa línea, se requiere construir una mayoría el día de hoy, para lo cual las y los socialistas estamos, como siempre, disponibles a construir una política en materia de seguridad de carácter preventiva con visión de Estado, para poder enfrentar la mayor demanda y necesidad que tienen las chilenas y los chilenos para garantizar la seguridad a todas las familias.
He dicho.";1
"234";"21730";755;2024;12;"CALISTO";NA;"El señor CALISTO.-
Señor Presidente, creo que hay que separar las papas del caldo, como decimos en el sur. Una cosa es ser oposición, pero otra cosa es negarse a avances importantes para el país respecto de una institucionalidad que es fundamental y que ha sido requerida no solamente en este periodo parlamentario y de gobierno, sino desde el gobierno anterior.
Recuerdo muy bien que era Presidenta de la Comisión de Seguridad Ciudadana cuando el entonces Presidente Piñera convocó a una comisión transversal; integramos esa comisión junto con el senador Insulza. Una comisión bicameral también se estableció en el Congreso, para avanzar en la creación del ministerio de seguridad pública.
Esto es fundamental para la especialización de nuestras policías, para la orientación técnica y para separar efectivamente las funciones políticas del Ministerio del Interior versus las funciones técnicas especializadas que requieren nuestras policías. Por eso apoyo y voy a votar a favor este proyecto.
He dicho.";1
"235";"21730";757;2024;12;"BARRÍA";NA;"El señor BARRÍA.-
Señor Presidente, saludo a la ministra y a la subsecretaria presentes y, por supuesto, también a las subsecretarias
53
de Prevención del Delito y de la Subdere.
Este proyecto de ley, sin duda, es uno de los más importantes para enfrentar la delincuencia. No es una tarea fácil.
No se va a cambiar de la noche a la mañana, pero, si hay votos en contra, sería de un tremendo egoísmo, a la vez que supondría ignorar la llamada que nos hace la gente de que debemos preocuparnos de esto de manera urgente.
En ese sentido, contarán con nuestro respaldo. Desde la Democracia Cristiana votaremos a favor, pero le advertimos al gobierno que fiscalizaremos. Asimismo, le solicitamos que los nombramientos que se hagan sean con requisitos acordes al mérito…";1
"236";"21730";759;2024;12;"ROMERO";"doña Natalia";"La señorita ROMERO (doña Natalia).-
Señor Presidente, saludo a la ministra y a las subsecretarias que están presentes.
La verdad es que tenía algo preparado para leer, pero quisiera solo manifestar y esperar que este proyecto, que nace en el gobierno del Presidente Sebastián Piñera y que a lo largo del tiempo ha ido modificándose, tenga un sentido para la comunidad.
Le quiero contar una experiencia, ministra. Hace unos días tuve la oportunidad de tener una reunión de seguridad con los vecinos de la Villa Conavicoop, en Rancagua. Ellos al frente están con una toma ilegal, que ha afectado su vida en todo orden, en términos de seguridad, incivilidades, etcétera.
Fuimos hasta esa reunión con carabineros y también con personal de la delegación. Sin embargo, al no existir una claridad respecto de las acciones que se deben tomar, la verdad es que la comunidad y, en particular, las personas quedan con la sensación de que nadie tiene el mando de la seguridad en las regiones.
Si este proyecto, en definitiva, va a asegurar aquello, bienvenido sea. Si no es así, es lamentable, porque entendemos que hoy día uno de los problemas que más aqueja a las distintas regiones de nuestro país es precisamente la situación de la seguridad.
Por tanto, más allá de definir si se aumenta o no se aumenta el Estado, creo que lo clave e importante es entregar más recursos a las policías, Investigaciones y también Carabineros, y la definición que se haga respecto de quién va a dirigir la seguridad tiene que ser exacta, concreta, para que la ciudadanía pueda exigir mayor seguridad y, por supuesto, con eso, más libertad.
He dicho.";1
"237";"21730";761;2024;12;"FRIES";"doña Lorena";"La señora FRIES (doña Lorena).-
Señor Presidente, a grandes problemas, grandes soluciones; a problemas serios, propuestas serias. Así de importante es el proyecto que crea el nuevo ministerio de seguridad pública.
Después de años de intento, el gobierno del Presidente Boric, junto con este Congreso, ha concretado la reforma institucional más importante de las últimas décadas en materia de seguridad.
Se trata, nada menos, de adecuar y modernizar la organización del Estado para encarar el problema de la delincuencia en todas sus formas y complejidades, de poner al país al nivel de sociedades que han logrado los mejores resultados en la materia y de priorizar medidas basadas en evidencias, estrategias con fundamentos serios y perspectivas de mediano y de largo plazo, alejándose de la tendencia de algunos de legislar al calor de la
53
contingencia, respondiendo con medidas efectistas, que no contribuyen en nada a resolver el problema de la criminalidad violenta y del crimen organizado.
La creación del Ministerio de Seguridad Pública y sus subsecretarías permitirá un mayor foco institucional en materias de orden público, seguridad pública y prevención del delito al separar funciones del Ministerio del Interior, abocado a la articulación política y programática; hará posible optimizar los niveles de control, coordinación y colaboración de todos los organismos involucrados, creando para ello el Sistema de Seguridad Pública.
Asimismo, crea el Sistema Nacional de Protección Ciudadana, que recoge las alertas, amenazas y riesgos que vive la ciudadanía a través de una ventana única para dar una rápida respuesta a sus requerimientos. También cuenta con un Centro Integrado de Coordinación Policial para operaciones complejas que requieren de un trabajo mancomunado e interoperable. Todo ello, dándole una perspectiva integral a la seguridad para abordar los fenómenos dinámicos de la criminalidad actual, pero también de la futura.
Como bancada, hemos puesto gran énfasis en avanzar junto con el necesario control y persecución del delito en la prevención. Pues bien, en el nuevo Ministerio de Seguridad Pública, la Subsecretaría de Prevención del Delito contará con atribuciones que supondrán altos niveles de calificación técnica para hacerse cargo de elaborar políticas que apunten a los complejos orígenes del problema, las causas y factores que promueven y facilitan que las personas incurran en el delito como forma de vida o subsistencia.
Nada sacamos con combatir los síntomas y las consecuencias si al mismo tiempo no nos enfocamos en sus causas y trabajamos sobre ellas antes de que sea tarde. Esta es una gran noticia para Chile.
He dicho.";1
"238";"21730";763;2024;12;"NARANJO";NA;"El señor NARANJO.-
Señor Presidente, así como hoy la derecha apoya la creación del Ministerio de Seguridad Pública, por su intermedio, la invito a que mañana apruebe con la misma votación la reforma previsional.
He dicho.
-Aplausos.";1
"239";"21730";765;2024;12;"CIFUENTES";NA;"El señor CIFUENTES.-
Señor Presidente, tengo poco tiempo. La verdad, ministra, por su intermedio, Presidente, nos dejó pillados en este proyecto. Este es un gran proyecto; es necesario para Chile, pero tiene una debilidad estructural: la arquitectura del proyecto no es buena, ministra. Genera confusión en las regiones. Vamos a tener a la policía confundida. Los que tenemos alguna experiencia en la administración territorial, debemos decirle, ministra, los carabineros, la Policía de Investigaciones, cuando tengan que recurrir a un acto de urgencia, se van a confundir.
Y, de eso, usted es la responsable. Lo he discutido, lo he planteado en distintas oportunidades: la arquitectura está mal. ¿El proyecto es necesario? Fundamental. Pero cuando no se quiere escuchar razones, nos llevan a la confusión.
Así es que, ministra, le reitero: está cometiendo un error histórico.
He dicho.";1
"240";"21730";767;2024;12;"TOHÁ";"ministra del Interior y Seguridad Pública";"La señora TOHÁ, doña Carolina (ministra del Interior y Seguridad Pública).-
Muchas gracias, señor Presidente, como se ha dicho varias veces en esta Sala, lo que estamos votando hoy día es el informe de la Comisión Mixta, pero la creación del Ministerio de Seguridad Publica ya se votó y se aprobó. En definitiva, si llegara a rechazarse el informe de hoy, de todas maneras, tendríamos ministerio, pero, en estricto rigor, tendríamos un ministerio sin pies ni cabeza, porque la combinación de lo aprobado en ambas cámaras deja una serie de situaciones muy mal resueltas. Quiero dar solo un ejemplo.
La División de Coordinación Interministerial de la Secretaría General de la Presidencia (Segpres), que en la propuesta se lleva al futuro Ministerio del Interior, salió de la Segpres, pero no se aprobó su incorporación al Ministerio del Interior. Entonces, esta división quedaría como volando, no sé, no sé dónde quedaría volando; no queda muy claro en el informe.
Ese ejemplo que estoy dando tiene muchas otras expresiones, por lo que invitaría a quienes tienen dudas respecto de la creación del ministerio a tener presente que esa discusión ya se dio y ya se zanjó. Lo que se está discutiendo es qué ministerio vamos a tener, qué características va a tener, cómo se va a resolver su expresión regional, cuáles van a ser las competencias de las distintas subsecretarías; no solo de Seguridad, sino también de Interior.
En segundo lugar, también ha estado bien presente en esta Sala que esta no es la solución a los problemas de seguridad. Nos ha tocado escuchar un planteamiento muy similar cuando hemos venido a discutir todos los proyectos que hemos presentado. Y, la verdad, es que tienen razón los diputados y diputadas que plantean eso en el sentido de que ningún proyecto por sí solo es la respuesta al problema de seguridad. La respuesta es una combinación de esfuerzos, una articulación de esfuerzos y no todos ellos son legislativos. Muchos de ellos tienen que ver con la gestión. Muchas veces tienen que ver con el estilo de trabajo, cómo se zanjan las diferencias, cómo se resuelven las definiciones cuando hay distintos puntos de vista.
En ese sentido, esta no es “la respuesta”, pero es parte muy importante de la respuesta. Es un elemento clave de la respuesta, porque fortalece la capacidad del Estado de enfrentar un tema complejo, dinámico, cada vez más especializado, como es la seguridad. Genera un ministerio que va a estar abocado exclusivamente a esta tarea, y que no es un ministerio político, no porque un ministerio político no sea capaz de hacerlo; dentro de un ministerio político se pueden generar capacidades, ciertamente. Pero un ministerio político está expuesto a un vaivén de debates que termina politizando y llevando a la contingencia, de manera extrema, el tema de la seguridad. Eso lo han sufrido todas las administraciones, todos los gobiernos desde hace varios años.
Una de las razones –no la única, si nada es tan lineal y tan simple– por las cuales nos cuesta tanto llegar a acuerdos en seguridad, es porque el debate es muy muy muy poco técnico y excesivamente politizado y contingente. Entonces, si alguien está enojado con el gobierno, le pasa la cuenta en un proyecto de seguridad. Si hay mal clima por un debate de otra cosa, se traba la agenda de seguridad. No puede ser así. Los temas de seguridad se tienen que discutir en su mérito, se tienen que discutir en base a evidencia, se tiene que discutir escuchando la experiencia, concediéndole autoridad a las voces que saben. La seguridad no es opinología; no es termómetro de los likes.
Somos políticos, ciertamente; no es que no debamos tener presentes esos aspectos, pero cuando la cosa está demasiado desbalanceada en esa dirección, cuesta mucho más avanzar. Tener un ministerio especializado, un ministerio sectorial, va a ayudar en ese sentido. Y va a ayudar también tener un Ministerio del Interior que podrá abocarse a la tarea que originalmente fue su razón de ser: ser el ministerio articulador, coordinador político del gabinete. No Primer Ministro, eso nunca ha estado en la cabeza de nadie, y menos, de este gobierno. Pero sí, hacerse cargo de un problema que existe, que, muchas veces, el Estado, sus instituciones, su principal adversario, es el mismo, porque la mayoría de los problemas que hoy enfrentamos, son problemas complejos, que implican la contribución de diversas instituciones, de distintos ministerios del gobierno, incluso de agencias que ni siquiera son gubernamentales.
Parte del éxito de la gestión gubernamental es que haya una parte de esta que se dedica a esa articulación, a esa
53
coordinación, a ese seguimiento programático. Eso va a ser el rol principal del Ministerio del Interior. Hoy también uno espera que cumpla esas tareas, pero la seguridad absorbe gran parte de su tiempo.
Entonces, estamos creando un ministerio, pero estamos ganando dos ministerios. Vamos a tener un ministerio especializado en seguridad y un ministerio del Interior en forma.
Ha sido motivo de gran discusión su expresión regional. El proyecto original no contemplaba su expresión regional, pues consideraba que los delegados iban a seguir a cargo de esta materia. Sin embargo, una de las cosas a la que nos abocamos desde el primer trámite constitucional en el Senado fue a resolver este punto, porque crear un Ministerio de Seguridad Pública y decirle a la ciudadanía: “Ahora tenemos un ministerio especializado, técnico y de giro único, pero, en la práctica, la seguridad en el territorio, que es donde la seguridad sucede, la sigue llevando el Ministerio del Interior, porque el Ministerio de Seguridad Pública no tiene ni arte ni parte”, era realmente el camino seguro al fracaso.
Que hubiera una expresión de ese ministerio que llevara adelante sus políticas, que ejecutara sus presupuestos, que se hiciera cargo de ser la contraparte civil de las policías era un requisito para tener un Ministerio de Seguridad Pública.
Es totalmente legítimo que se considere que eso no es bueno y que sería mejor que los delegados se siguieran haciendo cargo, pero en ese caso no hay que crear un Ministerio de Seguridad Pública, porque sería contarnos cuentos entre nosotros mismos. Tener un ministerio que funciona en el centro de Santiago, pero que en los barrios, en las comunas, en las regiones y en las zonas rurales no corta ni pincha es un camino seguro al fracaso.
Ahora, este proyecto -aquí tomo las últimas palabras del diputado Ricardo Cifuentes- se inserta en una institucionalidad de descentralización que está totalmente incompleta y tiene defectos dramáticos. Este proyecto no es el llamado a resolverlos, efectivamente.
Tenemos un problema en cómo se generó la institucionalidad de los gobernadores regionales, que administran un fondo de inversión muy importante, pero sin competencias específicas para desarrollar políticas públicas en prácticamente ningún ámbito. El traspaso de competencias que se generó en la legislación que creó a los gobernadores regionales es un mecanismo pobrísimo y fue una forma de eludir el debate de fondo y de no dejar definido cuáles serían las tareas que los gobiernos regionales iban a tener en un sistema con mayor descentralización.
Nuestra opinión como Ejecutivo es que la seguridad pública no debe ser una de ellas. Debiera serlo el fomento productivo, el ordenamiento territorial, la administración de recursos y servicios que son básicos para la población y que tienen mucho que ver con el territorio, como, por ejemplo, las áreas verdes. Sin embargo, en el caso de la seguridad pública, cuando se ha descentralizado, las experiencias no han sido buenas. Miremos la región latinoamericana y los efectos que eso ha tenido.
La prevención del delito es otra cosa. Ahí el Ejecutivo sí es partidario de que los gobiernos regionales tengan un rol y contribuyan, como lo hacen los municipios, pero en la seguridad pública no. Las policías deben tener mando único y las políticas de seguridad deben ser con mirada nacional. Al menos, esa es nuestra opinión y lo que ha inspirado este proyecto.
La verdad es que como toda innovación va a ser un desafío implementarla. Ninguna cosa es obvia cuando se hace un cambio, especialmente en temas donde hay tradiciones antiguas que se refieren a una institucionalidad que estamos modificando. Sin embargo, desde el punto de vista de cómo quedó redactada la futura ley, no hay ninguna duda de que el encargado de la seguridad y de aplicar las políticas de seguridad será el Ministerio de Seguridad Pública y su expresión desconcentrada, que son los seremis. Eso no tiene ninguna ambigüedad en el proyecto.
No obstante, los delegados siguen existiendo. Como gobierno hemos sido partidarios de mantenerlos, a pesar de que originalmente existió la idea de eliminarlos –es verdad-, pero eso se descartó a los pocos meses del gobierno.
¿Qué son los delegados? Son los representantes del Presidente de la República. Entonces, no es que haya un doble mando en materia de seguridad, sino que hay un representante del Presidente de la República, el cual, si hay una embarrada en materia de seguridad, vivienda o transporte, tendrá que llamar al seremi y decirle: “¿Qué está pasando aquí? ¿Cómo resolvemos esto? No está funcionando tu gestión. Llamemos al Presidente o al ministro”.
53
Para eso está el delegado o la delegada: para representar al Presidente de la República.
En la región eso es un espejo del sistema que tenemos en el gobierno central. Cuando hay un problema en materia de seguridad, el Presidente no llama al general de Carabineros y le da instrucciones, sino que llama a la ministra del Interior o al subsecretario del Interior. Si el problema es muy grande, a lo mejor también sentamos en esa reunión al general de Carabineros y vemos qué hacer.
Lo mismo ocurre cuando hay una crisis en materia de vivienda, cuando hay que acelerar la ejecución de un proyecto en materia de obras públicas o cuando hay un conflicto social que tiene que ver con temas de trabajo, en relación con el Ministerio del Trabajo y Previsión Social.
Los delegados deben hacer lo mismo en la región. Si hay una huelga de manipuladoras de alimentos o una ley que no se está cumpliendo, el delegado llamará al seremi del Trabajo y Previsión Social, y le dirá “¿Qué estamos haciendo aquí?”. Si eso tiene un efecto de orden público que no está resolviendo bien el seremi, el delegado llamará al seremi y le dirá: “¿Cómo estamos actuando aquí? ¿Cuál es la estrategia? ¿Por qué no está funcionando?”
Si ese delegado quiere hacer alguna modificación o un refuerzo en cómo se están desplegando las fuerzas, lo hará a través del seremi, no directamente. Eso es lo que dice el proyecto.
Tenemos un delegado que representa al Presidente para todos los efectos y para todos los temas: seguridad, vivienda, trabajo, transporte, etcétera. Si algún día se llega a acordar eliminar a los delegados, si algún día llega a decidirse cambiar esa institucionalidad, tendrá que ser en el mérito de un debate sobre la estructura regional que tiene el Estado de Chile, no sobre el Ministerio de Seguridad Pública.
Ahora, como gobierno no creemos que sea una buena idea eliminar a los delegados. Para fortalecer a los gobiernos regionales no hay que debilitar al gobierno central, sino que hay que traspasarles ciertas funciones que ellos pueden hacer mejor que el gobierno central, pero lo que siga radicado en manos del gobierno central hay que hacerlo bien, con orden, con mando, siguiendo las instrucciones del Presidente de la República, y esto incluye la seguridad. En todas las otras materias que sigan en manos del gobierno central se debe actuar de la misma manera.
¿La creación de este ministerio va a implicar personal? Efectivamente, está prevista la contratación de 120 personas, pero invitaría a no seguir llamando a los funcionarios públicos “grasa”. Son personas y son trabajadores.
Encarguémonos de que sean las personas correctas. Si hacen mal la pega, tratemos de mejorarlos o despidámoslos, pero no tratemos de “grasa” a los servidores públicos.
Este proyecto tiene resuelto, al igual que todos los proyectos que crean instituciones, un mandato para que, a través de un decreto con fuerza de ley, se fije la planta y se establezcan la distribución del personal y los sistemas de contratación. Además, como Ejecutivo tenemos un compromiso que hemos tomado en distintos diálogos y en distintas instancias, que reforzamos ayer en el Senado y que quiero reforzar hoy aquí, en el sentido de que ese decreto con fuerza de ley va a ser especialmente celoso en que las contrataciones se hagan con criterios técnicos y que los cargos intermedios y superiores del Ministerio de Seguridad Pública, tanto a nivel nacional como en las regiones, tengan filtros que aseguren la competencia de sus funcionarios.
Este no puede ser el botín de nadie. No puede ser el ministerio del gobierno de turno. Queremos que este ministerio sea, como hemos logrado por décadas, gobierno tras gobierno, como los ministerios de Salud y de Obras Públicas, en donde pasan y entran gobiernos, pero a nadie se le ocurre desarmar los equipos técnicos de esos ministerios, porque son profesionales de primera y en ellos está recogida la tradición y la experiencia de esas instituciones, que son instituciones de la república.
El Ministerio de Seguridad Pública tiene que ser una institución de la república. Sus autoridades superiores irán cambiando de acuerdo con el énfasis del gobierno de turno, pero sus equipos intermedios y sus cuadros técnicos tienen que trabajar para el Estado, no para el gobierno de turno, y tener las capacidades y las competencias para responderle a cualquier gobierno que haya.
El decreto con fuerza de ley se hará con ese criterio y también se hará considerando otras observaciones que han salido. Hoy la bancada de la Democracia Cristiana nos planteó, por ejemplo, que establezcamos controles para asegurar que estos funcionarios no sean vulnerables a la corrupción y a esa agenda que tiene el crimen organizado, que es perforar las instituciones del Estado, y eso es algo que también vamos a recoger.
53
También hemos recogido muchas propuestas que implican innovaciones. Este no es solo un ministerio que se separa del Ministerio del Interior, sino que trae varias innovaciones. Tiene un mecanismo de coordinación de las policías para operaciones complejas, para adelantarnos a riesgos que tenemos como país, para manejar la información de manera conjunta, que se llama Sistema de Consultas Policiales (Sicpol) y que va a funcionar de manera macrorregional. Asimismo, tiene un mandato para que, a través de una ley, tengamos un sistema de protección ciudadana que haga funcionar juntos servicios como las policías, la seguridad municipal, los bomberos, entre otros, para responder a las urgencias ciudadanas de manera articulada y cohesionada.
También tiene un mandato para que, a través de una ley, en el Ministerio del Interior se cree una institucionalidad de reconstrucción después de las catástrofes. Asimismo, tiene un concepto muy importante, y es que el Ministerio de Seguridad Pública no solo será un ministerio sectorial, sino también un ministerio encargado de articular que todo el Estado funcione como un único sistema de seguridad, porque la seguridad no es algo solo de las policías.
Ni hablar de la prevención, porque en este tema también intervendrá y deberá ver todos los temas sociales, económicos y de cohesión social. El ministerio está pensado para tener las herramientas que hagan funcionar aquello, lo cual hoy opera con mucha dificultad y solo sobre la base de la buena voluntad.
Por último, cabe destacar que lo que despachó la Comisión Mixta fue un acuerdo que se logró unánimemente en casi todas las materias. Hubo algunas en las que hubo votación; ninguna se zanjó por votación de bloque de la oposición o del oficialismo. Esto significó que todo el mundo tuvo que ceder. En muchas cosas hubo grupos que no quedaron totalmente satisfechos. Uno podría decir que es una pena no quedar totalmente satisfecho, pero quiero decir que esa es la única manera de hacer proyectos complejos como este: ceder, buscar entendimientos, acercar posiciones.
Por lo tanto, lejos de ser algo de lo que nos lamentemos, es algo de lo que deberíamos alegrarnos, porque después de una discusión que lleva como 20 años, gobierno tras gobierno, se logró construir una arquitectura institucional acordada, haciendo concesiones con la otra parte y recogiendo sus puntos.
Ciertamente, esta institucionalidad no va a ser perfecta. La experiencia nos va a mostrar muchos ámbitos en que podremos corregirla y mejorarla, pero es el resultado de lo mejor que pudo hacer quien tomó la responsabilidad de llevar a término este proyecto, que fue el equipo de la Comisión Mixta, que no fue un equipo de senadores, como se ha dicho aquí, sino una representación de senadores y diputados del oficialismo y de la oposición. Eso lo quiero agradecer y felicitar.
Quiero expresar, en nombre de nuestro gobierno del Presidente Boric, que nuestra decisión es hacer este ministerio como un ministerio de Estado. Lo haremos cuidando que sirva a Chile y no a nosotros, y que se genere en tales condiciones que quede preparado para responder al mandato que el Congreso Nacional le está dando, en el caso de que hoy tengamos finalmente una aprobación.
He dicho.
-Aplausos.";1
