"";"ley";"id";"año";"mes";"apellido";"rol";"texto";"discurso"
"1";"21402";5;2021;3;"DE URRESTI";NA;"El señor DE URRESTI.-
Gracias, Presidenta.
El proyecto de ley en estudio, que se encuentra en primer trámite constitucional, se inició en una moción de los Senadores señores Chahuán , Coloma , García-Huidobro y Pizarro , signada con el boletín N° 13.716-07, y en un mensaje del Presidente de la República , signado con el boletín N° 13.719-07, los cuales fueron refundidos.
Se dio cuenta de ambas iniciativas en la Sala del Senado en las sesiones del 3 y 18 de agosto del 2020, respectivamente, disponiéndose su estudio en la Comisión de Seguridad Pública y, en seguida, en la Comisión de Constitución, Legislación, Justicia y Reglamento. En la sesión del 18 de agosto, la Sala acordó además refundir ambos proyectos.
Cabe consignar que por tratarse de una iniciativa de artículo único y con ""discusión inmediata"", de conformidad con lo dispuesto en el artículo 127 del Reglamento de la Corporación, nuestra Comisión procedió a discutirla en general y en particular a la vez.
El objetivo del proyecto de ley es adecuar a las necesidades contemporáneas los tipos penales de incendio establecidos en el Código Penal, para asegurar su aplicación y evitar vaguedades en la interpretación.
Durante la tramitación de la presente iniciativa se escuchó a una serie de académicos de Derecho Penal para efectos de enriquecer el debate y perfeccionar su texto.
Señora Presidenta , Honorable Sala, mediante los cuatro numerales de su artículo único, el proyecto introduce una serie de modificaciones en el Código Penal, que paso a señalar:
Primero, amplía el ámbito de aplicación del inciso primero del artículo 268 sexies, sustituyendo la frase: ""vehículo de transporte público de pasajeros"" por ""vehículo motorizado"". De esta forma, la sanción dispuesta en la norma será aplicable no solo a aquellos que mediante violencia o intimidación retuvieren o tomaren el control de un vehículo de transporte público de pasajeros, sino también a quienes realicen esta conducta respecto de cualquier vehículo motorizado.
Segundo, en la figura de incendio con resultado de muerte, inciso primero del artículo 474 del Código Penal, se extiende la enumeración de lugares en que puede perpetrarse la conducta. Así, se establece que la norma será aplicable respecto del ""edificio, aeronave, buque, plataforma naval, vehículo motorizado, instalación sanitaria, de almacenamiento o transporte de combustibles, de distribución o generación de energía eléctrica, portuaria, aeronáutica o ferroviaria, incluyendo las de trenes subterráneos, u otro lugar, medio de transporte, instalación o bien semejante"".
Cabe hacer presente que...(falla de audio en transmisión telemática)...fuimos partidarios de reemplazar el término ""bien cualquiera"", contenido en el texto aprobado por la Comisión de Seguridad Pública, por ""bien semejante"", con el objeto de precisar de mejor forma la norma en discusión. Esta modificación se hizo extensiva a los numerales 3) y 4), que modifican los artículos 475 y 476 del Código Penal, respectivamente.
En la figura del inciso primero del artículo 475, que sanciona a quien ejecuta el incendio en ""edificios, tren de ferrocarril, buque o lugar habitados o en que actualmente hubiere una o más personas, siempre que el culpable haya podido prever tal circunstancia"", se amplía el ámbito de aplicación de la norma incorporando otros bienes y lugares donde se puede ejecutar la conducta. De esta forma, la norma considera ""edificios, aeronave, buque, plataforma naval, vehículo motorizado, instalación sanitaria, de almacenamiento o transporte de combustibles, de distribución o generación de energía eléctrica, portuaria, aeronáutica o ferroviaria, incluyendo las de trenes subterráneos, lugar habitado u otro lugar, medio de transporte, instalación o bien semejante"".
En el número 4), la figura del artículo 476 se modifica en los numerales 1° y 2°, a saber:
En el numeral 1°, a la hipótesis del ""edificio"" se agrega la expresión ""o lugar"", que en ambos casos deben ser destinados a servir de morada.
0
En el numeral 2.°, que sanciona ""Al que dentro de poblado incendiare cualquier edificio o lugar, aun cuando no estuviere destinado ordinariamente a la habitación"", esta iniciativa extiende su ámbito de aplicación incorporando otros bienes y lugares donde se puede ejecutar esta conducta. Así, la norma agrega los términos ""aeronave, buque, plataforma naval, vehículo motorizado, instalación sanitaria, de almacenamiento o transporte de combustibles, de distribución o generación de energía eléctrica, portuaria, aeronáutica o ferroviaria, incluyendo los trenes subterráneos, u otro lugar, medio de transporte o instalación semejante,"". Asimismo, incorpora la exigencia de ""que no estuviere destinado ordinariamente a la habitación"", y agrega la circunstancia: ""cuando no hubiere personas en su interior o el culpable no las haya podido prever."".
Señora Presidenta , Honorable Sala, finalmente cabe hacer presente que la iniciativa en estudio no significa un aumento de penas de ninguna de las figuras relativas al delito de incendio, sino más bien importa una adecuación y actualización de nuestra legislación en esta materia.
Es cuanto puedo informar.";1
"2";"21402";7;2021;3;"PROKURICA";"Ministro del Interior y Seguridad Pública subrogante";"El señor PROKURICA ( Ministro del Interior y Seguridad Pública subrogante).-
Gracias, Presidenta .
En el último día de su presidencia de esta alta Cámara, no puedo dejar de agradecer el trabajo que usted y el Senador Quinteros han desarrollado durante el año en que les correspondió dirigir esta Corporación. En verdad, quiero destacar el ambiente que he visto hoy día en el Senado, donde Gobierno y Oposición permiten acuerdos, y, además de eso, el hecho de que las Senadoras y los Senadores tanto del Oficialismo como de la Oposición le brindan a usted un reconocimiento por su trabajo.
Creo que el Senado ha sido históricamente una instancia en donde se llega a acuerdos para resolver los grandes problemas del país, y eso no se debe perder. Además, considero que su gestión, más allá de las diferencias que ha tenido con el Ejecutivo en algún minuto, ha sido también un puente para poder llegar a esos acuerdos.
Reitero: eso no se debe perder, el Senado no debe ni puede ser una trinchera política, porque el país necesita ambientes que permitan llegar a acuerdos.
Y en esa misma línea, Presidenta , en el día de hoy hemos sido convocados para discutir un proyecto de ley originado en un mensaje de Su Excelencia el Presidente de la República , el cual fue refundido con una moción presentada por los Senadores señores Chahuán , Coloma , García-Huidobro y Pizarro , a quienes quiero agradecer especialmente el apoyo otorgado y el enriquecimiento que ha significado su moción a la idea original. Y también agradezco a todas las Senadoras y Senadores de las Comisiones de Seguridad Pública y de Constitución.
Esta iniciativa forma parte de la agenda de seguridad del Gobierno, y en particular responde a uno de los compromisos que Su Excelencia el Presidente de la República adquirió con la familia del señor Juan Barrios , con el gremio de los camioneros y con los ciudadanos de La Araucanía.
En los últimos años, han aumentado los ataques incendiarios a vehículos motorizados, con o sin personas en su interior, según lo informado por los representantes de ambas policías durante la discusión del proyecto en la Comisión de Seguridad Pública. Estos hechos han puesto en riesgo la integridad física y psicológica de las personas afectadas y han vulnerado el derecho al trabajo y a la libre circulación y, además, han generado enormes perjuicios económicos a los habitantes de la zona de La Araucanía, particularmente.
En la práctica, los ataques han tenido diversas modalidades, como la interceptación de vehículos en tránsito con pasajeros, que ha sido una de las más utilizadas, que consiste en la interceptación en carreteras y caminos de vehículos motorizados con personas en su interior, las cuales son obligadas a descender para, con posterioridad, prender fuego o incendiar las máquinas.
0
En segundo lugar, la quema de vehículos motorizados con o sin personas en su interior, que en muchas ocasiones es realizada cuando los vehículos se encuentran estacionados.
Y en tercer lugar, la quema de vehículos motorizados para sustraer los productos que transportan, como madera, que en muchas oportunidades corresponde a ataques que tienen por objetivo el robo.
Señora Presidenta , señoras Senadoras, señores Senadores, el fallecimiento de don Juan Barrios, producto de las graves lesiones ocasionadas por un ataque incendiario al camión donde se encontraba pernoctando en la comuna de Victoria, que fue perpetrado el 9 de febrero de 2020 y le significaron la muerte el 4 de marzo, dio origen a la presente iniciativa.
Por eso, uno de los objetivos del proyecto es dar protección a quienes cumplen labores en el ámbito del transporte y utilizan la cabina de sus camiones como habitación. Al perfeccionar los tipos penales contenidos en los artículos 474, 475 y 476 del Código Penal, además de adecuar y actualizar la redacción de las normas de los delitos de incendio, incorporando nuevos bienes jurídicos protegidos, como lo ha planteado el Senador informante , se pretende que situaciones igualmente graves a las contempladas actualmente en el Código no queden excluidas de dichos delitos y puedan sancionarse con las mismas penas.
El proyecto no viene a crear nuevos ilícitos ni a incorporar otros artículos, sino que solo busca actualizar la normativa vigente, que tiene una redacción que refleja la realidad del Código Penal original de 1874, a las nuevas necesidades, e incluir medios de transporte, bienes y lugares contemporáneos.
Durante la discusión en las Comisiones se recibió a distintos invitados, como los profesores en Derecho Penal Jean Pierre Matus , Jaime Couso , María Elena Santibáñez , y a las instituciones que forman parte del sistema de justicia: el Ministerio Público, las Fuerzas de Orden y Seguridad Pública (Carabineros de Chile y la Policía de Investigaciones).
Todos los invitados, señora Presidenta, coincidieron en que la normativa actual que regula los delitos de incendio se encuentra totalmente desactualizada...";1
"3";"21402";11;2021;3;"PROKURICA";"Ministro del Interior y Seguridad Pública subrogante";"El señor PROKURICA ( Ministro del Interior y Seguridad Pública subrogante).-
Gracias.
Decía que todos los invitados coincidieron en que la normativa se encuentra totalmente desactualizada producto de la época en que fue redactado el Código Penal, y señalaron que efectivamente hay un vacío en esta materia respecto de los incendios ocasionados a vehículos motorizados con o sin personas en su interior.
Es necesario señalar que en este proyecto existió la voluntad del Ejecutivo y del Legislativo de acordar la creación de una mesa de trabajo, cuyo propósito fue mejorar la redacción y llegar a un texto de consenso, el cual hoy día se somete a votación.
En tal sentido, les solicito que, ojalá, puedan aprobar en general y en particular la iniciativa.
Gracias, Presidenta .";1
"4";"21402";13;2021;3;"KAST";NA;"El señor KAST.-
Muchas gracias, Presidenta .
La verdad es que el informe que acaba de entregar el Presidente de la Comisión de Constitución contiene toda la historia de lo que hemos realizado primeramente en la Comisión de Seguridad Pública y con posterioridad en la Comisión de Constitución.
Este es un proyecto bastante sencillo, pero no por eso menos profundo, que introduce el delito de incendio ocasionado a vehículos motorizados con o sin personas en su interior, que paradójicamente no se encuentra incorporado en la legislación vigente, porque en el momento en que se realizó esta tipificación en el Código Penal era una realidad completamente ajena a la existente en aquel momento. Corresponde a una demanda muy sentida en la macrozona sur, cuya realidad desgraciadamente es muy grave, porque la falla estructural del Estado de derecho ha generado hechos tan lamentables como el quemar vivo a un camionero de Rancagua, don Juan Barrios, y donde la dificultad ha recaído en el Código Penal al no haberse hecho cargo de tipificar un delito como el mencionado.
La iniciativa en debate no resuelve todas las falencias investigativas ni de persecución penal que tienen que mejorarse en el sistema judicial, pero cumple un rol fundamental para que, en aquellos casos donde se pueda identificar a los culpables, la tipificación del mencionado delito se encuentre bien estipulada en el Código Penal.
Por eso este proyecto se aprobó en la Comisión de Seguridad Pública, y luego, en la de Constitución; fue analizado por distintos expertos en distintas áreas, y el día de hoy nuestra recomendación es justamente que lo podamos votar favorablemente.
Eso es todo, Presidenta , y espero que esta iniciativa cuente con un amplio respaldo en nuestro Senado.";1
"5";"21402";15;2021;3;"INSULZA";NA;"El señor INSULZA.-
Señora Presidenta , el 9 de febrero del año pasado, mientras dormía en su camión en la comuna de Victoria, el chofer señor Juan Barrios Farías fue conminado a bajarse de él -según se dice- por un grupo de personas no identificadas, y al no hacerlo o al no proceder a ello a tiempo le encendieron fuego al vehículo: sufrió gravísimas quemaduras y falleció el 4 de marzo de 2020.
Naturalmente, este hecho causó enorme indignación no solo entre los propietarios de camiones, sino sobre todo entre los choferes de los camiones, quienes sentían que, a pesar de estar en su lugar de trabajo probablemente esperando para reanudar sus labores, o como casi siempre ocurre, durmiendo dentro de la cabina -porque esa es la vida de los camioneros-, uno de los suyos había sido asesinado de manera tan alevosa.
Compartimos su frustración y su indignación; creo que esto no puede seguir sucediendo.
Sin embargo, quiero ser muy claro también: este proyecto de ley, que hoy día estamos votando -y yo lo voy a aprobar-, no va al fondo del asunto, porque si bien introduce -como se ha dicho acá- otra cantidad de lugares donde las personas pueden ser objeto de un atentado, es muy factible que se diga que aquellos ya están considerados en la ley, y naturalmente no aumentan las penas, pues no podrían hacerlo.
Leeré textualmente el artículo 474 del Código Penal, que estamos modificando hoy. Dice: ""El que incendiare edificio, tren de ferrocarril, buque u otro lugar cualquiera, causando la muerte de una o más personas cuya
0
presencia ahí pudo prever, será castigado con presidio mayor en su grado máximo a presidio perpetuo."".
No existe ninguna pena más alta en todo el Código Penal: el delito de incendio es claramente castigado.
Sin embargo, claro, a pesar de que aquí se habla de ""u otro lugar cualquiera"", los autores de este proyecto consideraron necesario introducir las palabras ""vehículo motorizado"" originalmente. Por algo a esta iniciativa la llamaron Ley Juan Barrios, y le agregaron entre las palabras ""edificio"" y ""tren de ferrocarril"" la frase ""vehículo motorizado"" y entre la expresión ""u otro lugar"" y ""cualquiera"" la frase ""o bien"".
Posteriormente, como es natural, también correspondía modificar los artículos siguientes, como el artículo 475.
Esta es una normativa que penaliza según el daño a las personas. Y, por lo tanto, castiga con una pena algo menor al que provoca el incendio mismo pero no causa el resultado de muerte.
Desde luego, penaliza al que incendia algún lugar, o un vehículo, en fin, sin saber que había gente allí.
Finalmente, se contiene un artículo residual que penaliza todos los incendios.
Todo lo que dispone la normativa vigente es cambiado en este proyecto de ley agregando otros lugares, es decir: ""edificio, aeronave, buque, plataforma naval, vehículo motorizado, instalación sanitaria, de almacenamiento o transporte de combustibles, de distribución o generación de energía eléctrica, portuaria, aeronáutica o ferroviaria, incluyendo las de trenes subterráneos, u otro lugar, medio de transporte, instalación o bien semejante"", en fin. O sea, contiene una muy larga enumeración de lugares que, además, van sucediéndose en todos los artículos siguientes.
Pero, en verdad, señora Presidenta , por mucho que los artículos cubran todos lugares que se desee -la imaginación podría llevar a poner más lugares todavía; y además todavía está esto de ""otro lugar"", otra parte, otra habitación-, no resuelven el problema de que nadie sabe qué pasó con Juan Barrios.
Ese es el gran problema en La Araucanía y fuera de ella: no se descubre a los criminales que provocan estos incendios y no pueden ser sancionados.
Claro, como no podemos aumentarles las penas -porque ya he dicho que son de las más altas que contempla el Código Penal, más que las de los homicidios simples por cierto-, hay que mostrar alguna acción. Y, entonces, se ponen más lugares.
Creo que ello no tiene gran utilidad, señora Presidenta . Y lo digo francamente. Probablemente servirá para que en determinado caso, si algún juez considera que hablar de ""u otro lugar cualquiera"" no es suficiente, pueda aplicarse esto de ""vehículo motorizado"".
De acuerdo, señora Presidenta: pongamos ""vehículo motorizado"". Yo no tengo ningún inconveniente para ello; no seremos nosotros quienes estemos en contra de esto.
Pero la pregunta real es: ¿estamos atacando el fondo del problema? El gran problema de fondo es que no se sabe quién asesinó a Juan Barrios. Por lo que he estado leyendo, las investigaciones siguen. Y como siempre, el Gobierno se ha querellado; y como siempre, se ha hecho una reconstitución de la escena; y como casi siempre, no se ha ido más allá.
Entonces, no tratemos de mostrar como que este proyecto estuviera cambiando las cosas.
Yo lo voy a votar a favor, y llamo a mis colegas a hacer lo propio. Que no se diga que no condenamos el homicidio; que no se diga que no condenamos el incendio con resultado de muerte. Pero que tampoco se diga que estamos resolviendo el problema de estos asesinatos sobre la base de esta iniciativa.
Ahora bien, hay un artículo que me merece especial atención y que no mencioné, a pesar de que si ustedes ven en el comparado, está al comienzo. No modifica los artículos relativos al incendio, sino los vinculados con la seguridad y el orden público (hechos cometidos por particulares en general), y se refiere a retenciones o toma de control de vehículo de transporte público de pasajeros.
Ese artículo que se está modificando es el 268 sexies, que dice: ""Los que mediante violencia o intimidación
0
retuvieren o tomaran el control de un vehículo de transporte público de pasajeros serán sancionados con la pena de presido mayor en su grado mínimo,"", etcétera.
Acá se reemplaza la frase ""vehículo de transporte público de pasajeros"" por ""vehículo motorizado"".
Lo que quieren el Presidente de la República y su Ministerio es resolver con un cambio de palabras el problema de los portonazos. Desgraciadamente, esto no tiene nada que ver con las ideas matrices del proyecto. Ello está en otro capítulo del Código. Y la verdad es que creo que debería recapacitarse sobre aprobarlo aquí.
Finalmente, señora Presidenta , si hay votación en particular, yo no estaría de acuerdo en la rara incorporación de un inciso final en el artículo 477, que dice: ""Cuando estos delitos"" -todos los que hemos hablado antes- ""recayeren sobre un vehículo motorizado, que previamente se encontrare con personas en su interior y se les hubiere obligado a descender de éste para su comisión, se aumentará en un grado la pena señalada."".
O sea, ¿porque los hicieron bajarse se aumenta la pena?
Me parece que ese inciso sí que no cumple ninguna función, no tiene ninguna utilidad, salvo que algún criminal que conozca bien la ley pueda decir: ""Mejor los dejo arriba del auto, o del vehículo, y no los obligo a bajarse antes de incendiarlo"".
Ese inciso lo considero completamente innecesario, señora Presidenta .";1
"6";"21402";17;2021;3;"QUINTANA";NA;"El señor QUINTANA.-
Señora Presidenta , creo que nadie quiere que hechos tan horrorosos como los que le costaron la vida a Juan Barrios se repitan, mientras dormía -como explicaba muy bien el Senador Insulza- en un camión que fue incendiado en la Región de La Araucanía. Un crimen que en términos conceptuales no es muy distinto a otros delitos en que se queman a personas vivas, salvo que en este caso, por haber ocurrido en un medio de transporte, queda desprotegido de la legislación.
Por lo tanto, básicamente, lo que aquí se está haciendo es equiparar la figura penal para estas sanciones, que, como se ha dicho también, son penas muy elevadas.
Normalmente, cuando se habla de La Araucanía muchos colegas lamentablemente, en esta lógica del populismo penal, siempre están planteando aumentar las penas.
Aquí, con respecto al delito de incendio, las penas van -y corríjame usted, Senador Insulza- desde...";1
"7";"21402";19;2021;3;"QUINTANA";NA;"El señor QUINTANA.-
... presidio mayor en su grado medio a presidio perpetuo.
O sea, los delitos de incendio en muchos casos, en muchas hipótesis tienen penas más altas que cualquier homicidio. Creo que es muy importante tener claro eso, porque al fragor de cualquier discusión, más aún en proyectos que a veces llegan bastante defectuosos, que solo buscan una cuña fácil o responder a determinada presión política, se cae en una discusión que mi juicio es tremendamente absurda, como estigmatizar a La Araucanía.
Sin duda se trata de un hecho tremendamente grave. Y los miembros de la Comisión de Constitución, así como su Presidente , el Senador De Urresti, han explicado bien que lo que se está haciendo aquí básicamente es poner al
0
día esta legislación, actualizándola a hipótesis contemporáneas, en que un camión, un vehículo motorizado no estaría considerado.
Pero es bueno, señora Presidenta , hacer el punto en el sentido de dejar consignado que la violencia no es patrimonio de La Araucanía. Creo que el peor error que muchas veces se comete -y con buena intención, porque se busca de alguna manera terminar con los hechos de violencia que ocurren en La Araucanía- es pensar que ahí están aconteciendo todos los hechos de violencia.
Lo que estamos presenciando es un incremento de la violencia en todo el país: las balas locas, las encerronas, donde mueren niños; los abordazos para apuñalar personas por un celular, o el reinado de las bandas de narcos en las poblaciones. Son otra cara de la misma tragedia.
Entonces, claramente, Chile es hoy un país más violento de lo que era al inicio de este Gobierno, y es bueno que esta Administración reconozca esto. Ganaron las elecciones prometiendo que nos salvarían de convertirnos en ""Chilezuela""; una artimaña sin fundamento, pero que ciertamente les trajo resultados. Sin embargo, parece que sí querían convertirnos en una nueva Colombia, un país donde una sociedad históricamente violenta es el escenario ideal para que la Derecha gobierne en forma hegemónica.
También ganaron prometiendo la paz en La Araucanía. Es cosa de recordar el discurso del Presidente Piñera en el balcón de La Moneda al momento de asumir
Pero solo llevaron más caos a la Región.
Íbamos relativamente bien hasta que, por la misma obsesión de parecernos a Colombia, se creó el Comando Jungla, con el resultado que todos conocemos: el asesinato de Camilo Catrillanca , que trajo consigo más violencia, y, por supuesto, la interrupción, la ruptura del diálogo.
Entonces, entendámoslo de una vez: si no vamos a las raíces del conflicto -fue algo que transversalmente los cinco Senadores de La Araucanía le explicamos al Presidente hace algunos días-, esto se va a seguir repitiendo sin fin, y muy lamentablemente aparecerán otras víctimas inocentes, como Juan Barrios .
Aunque perfeccionemos muchas veces leyes punitivas, algunos de cuyos proyectos -insisto- entran muy defectuosos; aunque una destacada abogada, en estos días directora de empresa -me parece que es de la Sofofa-, llegue a La Araucanía a mirar las causas jurídicas, francamente creo que, en términos de estrategia, no va a servir de nada.
Para qué hablar de las declaraciones del señor Cristian Barra , a quien el Gobierno le quitó las medallas como delegado presidencial en la macrozona sur, pero igualmente lo dejó cumpliendo funciones en La Moneda. Esa es crónica de una muerte anunciada, con la presión política hacia el Gobierno para establecer cargos de delegados, de coordinadores, los cuales todos sabemos que no tienen ninguna atribución legal para cumplir su mandato, para ponerse por sobre las policías ni para coordinarlas.
Ese efectismo en La Araucanía ya no ha dado resultado, y tampoco en el resto del territorio. Porque -reitero- este es un tema de país; esta delincuencia desatada hoy día la tenemos en todo Chile.
No veo una estrategia real para enfrentar la situación de La Araucanía. El Gobierno simplemente tiró la toalla en esa Región.
Vamos a aprobar esta iniciativa de ley, porque es un mínimo, en que además hay un reconocimiento a Juan Barrios y a su familia, pues ello puede ayudar a desincentivar actos delictuales tan inhumanos como este. Pero sepamos que la violencia tiene que ser erradicada de raíz, y lamentablemente en esa dirección no hemos visto nada.";1
"8";"21402";21;2021;3;"CHAHUÁN";NA;"El señor CHAHUÁN.-
0
Señora Presidenta , Honorable Sala, todos estuvimos impactados por el fallecimiento de Juan Barrios; fue un hecho que conmocionó al país y dejó a su familia, a su mujer y a sus hijas, en la más completa indefensión. La mujer de Juan Barrios, a la que él llamaba ""mi ángel"", dijo: ""Salió como todos los días a trabajar, y finalmente no volvió"".
Ello revela un poco lo que planteaba José Villagrán, gran dirigente del transporte, quien dijo: ""Los camiones son nuestro hogar. Subo en Puerto Montt y de repente ando en Arica; es donde como y en donde duermo: ese es mi camión"".
En el habitáculo de un camión es finalmente donde se desarrolla la vida del transportista. Por ello es tan significativo que podamos darles a estos delitos una tipificación que nos permita evitar una interpretación que los deje al margen de los tipos penales de los artículos 474 y 475 y que en definitiva se llegue a la figura residual del artículo 477 del Código Penal, en que la pena es muy baja, lo que deja a sus autores finalmente en completa libertad.
Por eso es tan importante el proyecto que presentamos en su oportunidad, de manera transversal. Quiero agradecerles a los señores Senadores que nos acompañaron en ello. Luego vino una iniciativa del Gobierno, con la cual se fusionó, la que fue ingresada en el mes de agosto y respecto de la cual hubo una excesiva lentitud en su tramitación. De hecho, con la Presidenta del Senado tuvimos una reunión con la Federación de Dueños de Camiones de Chile justamente para los efectos de apurar el despacho de este proyecto de ley.
En tal sentido, quiero agradecerle a la Presidenta el que finalmente después de tanta insistencia al Gobierno, y particularmente al Ministro del Interior , quien ahora nos acompaña, se le diera la urgencia legislativa necesaria y hoy día estemos votando esta iniciativa.
Tal como se señala en la moción que dio origen a este proyecto, su finalidad es establecer más agravantes en los delitos de incendio perpetrados contra camiones, como fue el ejecutado en febrero del año pasado en las cercanías de la comuna de Victoria, dejando seriamente herido al conductor Juan Barrios , quien falleció poco después, dada la gravedad de las lesiones recibidas. Y en su memoria justamente se ha nominado a este proyecto como la Ley Juan Barrios.
Durante la tramitación de esta iniciativa fueron escuchados destacados abogados penalistas, así como representantes del Gobierno, quienes coincidieron en señalar lo desactualizado que se encuentra nuestro Código Penal, promulgado hace más de cien años y en que ha habido distintas Administraciones que han anunciado la formulación de un nuevo texto. Pero eso no ha sucedido. Por ello es tan relevante mejorar la tipificación de las normas frente a una realidad delictiva actual, en que los responsables actúan cada vez con mayor agresividad y desprecio absoluto tanto por la legislación vigente como también por los miembros de la comunidad.
Como es sabido, el delito de incendio es una de las acciones dolosas con mayor penalidad en nuestro ordenamiento jurídico, no obstante lo cual, se requería actualizar en lo tocante a las formas de su comisión y a los bienes que afecta, tanto en lo que respecta a las personas como a los bienes que sean dañados por su realización.
Por tal razón, quiero hacerme cargo de lo que señaló el Senador Insulza, porque acá tuvimos que lograr articular una tipificación que estuviera fuera de cualquier duda cuando el Ministerio Público, por una parte, y luego los jueces, por la otra, vieran lo relativo a la aplicación de la respectiva normativa.
Acá el propio Senador Insulza habló del homicidio de Juan Barrios, porque a sabiendas de que él se encontraba en el lugar -era lo más evidente- se procedió al incendio, lo que finalmente le causó la muerte.
Por eso quiero agradecer que el Gobierno haya fusionado su proyecto con la iniciativa parlamentaria, la cual fue presentada con antelación. Ciertamente, creemos que hay que entender este asunto y dar una señal política potente, porque de eso se trata la función de este Parlamento. El Parlamento no solo perfecciona las normas, sino también da una señal política potente en cuanto a decir: ""El delito de incendio, cuando se produce en un habitáculo, que puede ser un vehículo de locomoción colectiva, un camión de transporte u otro, donde una persona resulta muerta o con lesiones graves y gravísimas, debe ser sancionado de manera ejemplar"".
Y a lo que hoy día estamos llamados es...";1
"9";"21402";26;2021;3;"GARCÍA";NA;"El señor GARCÍA.-
Muchas gracias, Presidenta .
Intervendré inmediatamente pero, previo a ello, le solicito que recabe el acuerdo para el ingreso telemático del Subsecretario del Interior , don Juan Francisco Galli.";1
"10";"21402";32;2021;3;"GARCÍA";NA;"El señor GARCÍA .-
Señora Presidenta , Honorable Sala, voto a favor de este proyecto de ley, primero porque es un homenaje a un transportista, a un conductor de camión, a un trabajador sencillo, que salía de su casa todos los días a ganarse el pan con el sudor de su frente.
A esta persona, Juan Barrios , le quitaron la vida de la manera más alevosa, lanzando una bomba molotov al interior de la cabina del camión donde dormía, ataque que se registró a altas horas de la noche. No pudo salir del camión y terminó con el 30 por ciento de su cuerpo quemado. Esas heridas le provocaron la muerte algunos días después.
Es cierto que vivimos en una sociedad que lamentablemente, por distintas razones, es cada día más violenta.
Es cierto que a lo largo y ancho del país se suceden situaciones que nos conmueven profundamente y, por supuesto, permanentemente tenemos que estar revisando nuestra legislación, porque lo que ocurre en el caso concreto de la muerte de Juan Barrios es que por ser un camión un bien mueble, no un inmueble, las penas son menores.
Y, como bien decía el Senador Francisco Chahuán , para muchos conductores la cabina de su camión es su casa y, si pueden defender su casa, también pueden defender su vida cuando está expuesta al interior de una cabina de camión.
Eso no lo contempla nuestra legislación o, por lo menos, no está tan claro. Por eso tenemos que aprobar esta iniciativa.
Escuchaba recién al Senador por La Araucanía don Jaime Quintana . Junto con él, la Senadora Carmen Gloria Aravena y los Senadores Huenchumilla y Kast , nos juntamos permanentemente para buscar soluciones a las dificultades que afectan a nuestra Araucanía . Y no solo a ella, sino también a la provincia de Arauco, a la parte norte de la Región de Los Ríos, y que a veces, incluso, se extiende a otras zonas del país.
Yo estoy de acuerdo en que no hay que estigmatizar a mi región por los hechos de violencia que allí ocurren, pero tampoco hay que olvidar a La Araucanía; tampoco hay que hacer abstracción de la gravedad de los hechos que permanentemente nos conmueven. Y si tenemos que modificar la legislación para que esos delitos realmente sean sancionados con mayor rigor, bienvenido sea.
El alevoso crimen de Juan Barrios permanece en la más completa y absoluta impunidad.
Me gustó escuchar al Senador José Miguel Insulza cuando señaló que el problema de fondo es que nunca se encuentra a los responsables. El problema de fondo es que se comenten, uno tras otro, hechos delictuales, hechos horrorosos como la muerte de Juan Barrios y nunca se sabe quiénes son los responsables. ¡Siempre la impunidad!
Y esto tenemos que decirlo también: el Ministerio Público que, de acuerdo con nuestra institucionalidad, es el
0
organismo autónomo encargado de investigar los delitos, de encontrar a los responsables y de ponerlos a disposición de los tribunales, por supuesto que está en deuda. ¡Por supuesto que está en deuda! Por eso debemos exigirle al Ministerio Público que sus investigaciones sean exitosas. No es posible que, hecho tras hecho de violencia, nunca se encuentre a los responsables. Eso no puede seguir ocurriendo en nuestro país, porque la primera obligación del Estado es garantizar la seguridad de nuestra población.
Por eso, señora Presidenta, voto a favor de esta iniciativa.
Muchas gracias.";1
"11";"21402";34;2021;3;"NAVARRO";NA;"El señor NAVARRO.-
Señora Presidenta , condenamos de manera enérgica el alevoso asesinato de Juan Barrios. Por cierto que es un crimen que todavía no tiene castigo, y es tarea del Ministerio Público, de los fiscales, investigar quiénes son sus autores.
Independientemente de la pena que pueda ser ejercida, la primera tarea es investigativa y, antes de la investigativa, la tarea es preventiva. Y el Gobierno ha fracasado en ambas. ¡Hemos fracasado como país en La Araucanía!
No honra la memoria de Juan Barrios hacerles creer a la familia, a La Araucanía y al país que aumentando las penas estos delitos no van a ocurrir, porque, con el dolor de mi corazón renovado, estos delitos volverán a suceder y, aunque pongan un carabinero por camión, seguirán los incendios, porque bajo el concepto de populismo punitivo -ni un solo argumento en la legislación mundial, internacional y chilena avala que el aumento de las penas haga disminuir los delitos- se pretende hacer creer que el mejor honor para un camionero asesinado, un trabajador de la patria asesinado, es aumentar las penas, porque a nadie le importa si habrá o no sanción y castigo para los criminales de Juan Barrios, pero lo que se pretende es dar una señal política.
Al menos el Senador Insulza, bastante honesto en el comienzo de su intervención, nos ha señalado que no estamos atacando el fondo del problema. ¡Pero si no estamos ni siquiera sobrevolando el problema!
El problema en La Araucanía, el porqué se queman camiones y el porqué se queman casas no se deben a que haya pirómanos; hay una acción delictual condenable. Pero el problema de fondo, ¡por favor, Gobierno!, es que hay un conflicto de tierras, usurpación de tierras al pueblo mapuche, y mientras no haya devolución de esas tierras esta lucha va a continuar.
No lograron los españoles, el imperio español, doblegar a la raza mapuche. No va a lograr este Gobierno, ni de Centro, ni de Izquierda ni de Derecha , terminar con aquello.
Entonces, yo leo informes e informes de Alemania, de Canadá, de Estados Unidos, que tienen el mayor número de presos del mundo, los cuales dan cuenta de que endurecen las penas y los delitos no bajan. En Estados Unidos, claro, como hay cárceles privadas, mientras los internos estén más años en la cárcel, más cárceles concesionadas, más dinero se gana.
Entonces, ¿cuál es el camino para que no haya un nuevo Juan Barrios? No es nombrar a la señora Loreto Silva Rojas como encargada de la macrozona sur.
¿Cuáles son los méritos? ¿Cuál es la medida política más importante que el Gobierno ha tomado? Sacar a uno de sus voceros, quien se atrevió a reconocer lo que es un hecho: que las Fuerzas Armadas se sientan con abogados cuando tienen que discutir el problema de un Gobierno y de un Presidente que las quieren utilizar en el combate del delito en La Araucanía.
¡Eso no lo permite la Constitución, ni se lo vamos a permitir! Por eso voté en contra de la extensión del estado de
0
catástrofe, que es la excusa para aquello.
Y hoy día el Gobierno nos ha comunicado que designa a María Loreto Silva Rojas , reconocida abogada de la Universidad de Chile, que se ha desempeñado, por cierto, en el ámbito privado, como directora de Aguas Cordillera S.A y participa en el estudio Bofill Escobar Silva . También estuvo en el Ministerio de Defensa, en la empresa coreana Hyundai y que, ante la discrepancia que tuvo con el MOP por la construcción del puente Chacao , tuvo que salir. Además, actualmente es directora de Aguas Andinas ; consejera del Centro de Arbitraje de la Cámara de Comercio de Santiago ; directora y consejera del Consejo Consultivo Empresarial FEN; directora de la empresa canadiense Barrick Gold , y además, por cierto, está ligada a Libertad y Desarrollo.
Esta es la encargada política de un Gobierno para los camioneros. Porque este es un acuerdo político con los camioneros. Dejémonos de hipocresías. Esto no obedece a un homenaje al asesinado conductor Juan Barrios , sino a un acuerdo político con los camioneros, que se tomaron Chile, paralizaron el país completo y los Carabineros de Chile les cedían el paso. ¡Comían asado a las orillas de las carreteras! ¡Eso hacía Carabineros de Chile!";1
"12";"21402";36;2021;3;"NAVARRO";NA;"El señor NAVARRO.-
Termino diciendo, Presidenta, que este es un proyecto de populismo penal, de compromiso político del Gobierno con un gremio que ha sufrido duramente el castigo con los incendios de los camiones.
Muchos pequeños camioneros han perdido sus máquinas. Tienen miedo, pánico, terror de transitar por la ruta 5 Sur, y yo comprendo perfectamente aquello.
Solo digo: pongámonos serios, sentémonos a conversar sobre el origen del problema para buscar una solución de fondo.
Este proyecto populista no resuelve ni va a traer ninguna solución al problema. Solo aliviana al Gobierno porque va a decir ""Cumplimos"". Se va a penalizar el delito de incendio, el más gravado en la legislación penal chilena, con más años.
Ninguno de los que están incendiando camiones y casas en La Araucanía o en la Región del Biobío se pregunta cuántos años de cárcel va a recibir. Ellos luchan por recuperar sus tierras.
Y ese es el debate que debemos emprender.
Voto en contra.";1
"13";"21402";38;2021;3;"QUINTEROS";NA;"El señor QUINTEROS.-
Gracias, Presidenta.
La verdad es que no pensaba intervenir, por lo que seré muy breve.
Yo puedo entender las razones de algunos que, con razón, desconfían de los verdaderos propósitos del Gobierno con este y otros proyectos, que han sido incluidos dentro de lo que se ha denominado ""la agenda de seguridad"".
Muchas veces el Gobierno ha intentado evadir su responsabilidad en el control del orden público, el aumento de la delincuencia, los actos violentistas, endosándole a este Congreso cada vez que ocurre un nuevo delito de alta connotación pública, como si la eficacia de las investigaciones dependiera de una nueva ley.
0
Y, en verdad, existen leyes y atribuciones suficientes para perseguir estos delitos.
Ahora bien, esto no impide perfeccionar las figuras penales y me parece que, en este caso, es correcto equiparar la figura del incendio de un vehículo con personas a bordo con la de incendio en un lugar habitado que, tal como se dijo acá, es uno de los delitos más graves de nuestra legislación.
Se trata, señora Presidenta , de hechos gravísimos. Y cualesquiera que sean los lugares donde ocurran, sus autores o sus motivaciones merecen nuestra más absoluta condena ¡Y nadie puede confundirse! Los socialistas hemos sido víctimas de la violencia en diversos momentos de la historia y, por lo tanto, no podemos avalarla ni tolerarla.
Esto debe quedar meridianamente claro, y por eso votaré a favor de este proyecto.";1
"14";"21402";40;2021;3;"COLOMA";NA;"El señor COLOMA.-
Muchas gracias, Presidenta.
Muy brevemente, porque sé que varios Senadores quieren hacer uso de la palabra y el tiempo apremia.
¿Qué es este proyecto y qué no es? Porque de repente uno oye hablar a algunos Senadores, y pareciera que están hablando de un proyecto que puede haber estado en la imaginación.
Este no es un proyecto para una zona del país, no es un proyecto para una situación específica. Esto es algo muy diferente. Implica, de alguna manera, llevar a términos actuales el antiguo, viejo e importante, en el Código Penal, delito de incendio.
Fíjense que un Senador decía algo cierto. El incendio en sí mismo -no de ahora, para que nadie diga- históricamente tiene una condena alta en comparación con otros delitos.
Si uno mira las cosas que más enseñan los profesores en Derecho, es que existe un tipo de delito que, por su efecto, por su dramatismo, por su vinculación, tiene sanciones altas, porque lo que la sociedad busca es que no se use ese tipo de medios para generar los fines que quienes cometen ese delito, los delincuentes, quieren.
Y el delito de incendios es un ejemplo en esta materia porque, justamente, lo que se busca es evitar ese tipo de acciones por el profundo daño social que genera.
¿Qué es lo que ocurre y qué es lo que hemos visto en innumerables figuras jurídicas? El paso del tiempo va generando situaciones nuevas y distintas. Cuando se estableció el delito de incendio, de partida, no había autos ni camiones. Era otra lógica.
Además, el delito de incendio es el que ha tenido menos modificaciones y, lamentablemente, hay hechos que ameritan incorporar dentro del tipo penal acciones que generan el daño que siempre se pretendió prever y sancionar cuando se estableció la naturaleza del delito.
Desde mi perspectiva, cuando dentro de un poblado se incendia un edificio; aeronave; buque; plataforma; vehículo; instalación sanitaria o de distribución o generación de energía eléctrica; medios de transporte o instalación semejante, eso es justamente lo que el legislador, desde siempre, pretendió sancionar, instalando una visión social que le daba una especial gravedad.
Y lamentablemente, ojalá no existiera, esta norma es muy necesaria, existe en muchas partes del mundo y en nuestro Código Penal se ha ido quedando retrasada.
Hoy día quemar una vivienda, que puede caer dentro del delito de incendio, es equivalente a incendiar un bus, un camión o un medio de transporte. ¡Son equivalentes! ¿Cuál es la diferencia conceptual entre tirar un elemento incendiario a una casa, con una pena equis, y hacer lo mismo con un camión, con una pena diferente o menor? No
0
era lógico.
Y lo de Juan Barrios es un tema emblemático. Hay cosas que son emblemáticas en la vida, de distinta naturaleza, para distintas leyes. Son elementos sociales que, obviamente, hacen actualizar y hacen reflexionar respecto del sentido de una norma.
Eso es lo que ha pasado con Juan Barrios y creo que es una forma emocionante testimoniar la muerte de un camionero, simplemente por cumplir con su tarea. Son aquellas cosas que no dan lo mismo y que generan un antes y un después.
Y encuentro valioso que nos hayamos reunido los autores de este proyecto -es un texto refundido de varios Senadores con el Gobierno-, para decir: ""Mire, señor. Es tan grave incendiar una vivienda como incendiar un medio de transporte, y las sanciones tienen que ser sumamente ejemplares para que no ocurra ni lo uno ni lo otro"".
Y eso es lo que está detrás de este proyecto; eso es lo que yo encuentro valioso, y eso es lo positivo en el sentido penal.
Por eso, yo apruebo. Y aprovecho de plantear -no tengo problema en testimoniarlo- que el vil asesinato de Juan Barrios a lo menos genere una reflexión respecto de que nuestra legislación tiene que actualizarse con conductas que nunca nadie imaginó pero que hoy día han adquirido un carácter social extraordinariamente grave.
Voto a favor.";1
"15";"21402";42;2021;3;"PIZARRO";NA;"El señor PIZARRO.-
Muchas gracias, Presidenta .
En primer lugar, quiero saludar fraternal y cordialmente a nuestro colega Alejandro Navarro , que está aquí con nosotros con la misma fuerza, la misma energía, el mismo corazón; dice que ""renovado"", pero ha vuelto con el mismo corazón y el mismo espíritu. Y nos alegramos de escuchar su voz en este Hemiciclo.
Presidenta , usted debe recordar el origen de esta moción. Fue gracias a una audiencia que concedió, en representación del Senado, y a la invitación que nos hizo a algunos de los miembros de la Comisión de Transportes, que pudimos participar, en conjunto con usted, en una reunión con una representación bastante amplia de transportistas que vinieron a plantearnos sus dramas, que eran de todo tipo, entre ellos el asesinato que les había tocado vivir, a sangre fría debe haber sido, de Juan Barrios.
En ese momento, complejo y difícil, de entre tantos otros que habíamos vivido en el último tiempo, al Senado le pareció que resultaba necesario entregar una señal de repudio a los actos de violencia indiscriminada y muchas veces absolutamente irracional con que el país se está viendo afectado cada día más en todo el territorio nacional.
Y lo que hicimos quienes estábamos en la Comisión de Transportes fue dar esa señal manifestando la necesidad de corregir la actual legislación penal, y planteando, como símbolo para la situación permanente de los transportistas, los conductores, los choferes del transporte, fundamentalmente de carga, que el incendio a la cabina de un camión era equivalente al incendio de la casa donde vive ese trabajador.
Yo quiero agradecer acá a los miembros de la Comisión de Seguridad, primero, como igualmente a los de la de Constitución, y también al Gobierno, que presentó modificaciones, el que se haya tomado este proyecto y se haya transformado en -llamémosla así- una adecuación o un mejoramiento para suplir el vacío que presenta la actual legislación en materia penal respecto de este tipo de delitos, que -vuelvo a decir- se producen en todo el territorio nacional.
Eso es lo que plantea este proyecto. No es para una región en específico; es para todo el territorio nacional. De hecho, las estadísticas de los casos que se han generado muestran que en las Regiones del Biobío y de La
0
Araucanía el porcentaje registrado es mucho menor que en el resto del país.
Y me alegro de que se haya ampliado a todo tipo de transporte, incluido el de pasajeros. Aquí van a caber, lógicamente, los buses incendiados en algunas ciudades, fundamentalmente en Santiago, donde no creo que esos atentados tengan que ver con algunas de las luchas legítimas de reivindicación de tierras, por ejemplo, a que hacía referencia un colega, sino con lo que implica el incendio de un avión, un bus, un tren, el Metro, en fin, a todos los medios que se mencionan en el texto.
Me parece que está bien sancionar con presidio mayor en cualquiera de sus grados al que incendie un edificio o lugar destinado a servir de morada, que no estuviere actualmente habitado, y también al que dentro de un poblado incendie cualquier edificio, aeronave, buque, plataforma naval, vehículo motorizado, instalación sanitaria, de almacenamiento o transporte de combustibles, de distribución o generación de energía eléctrica, portuaria, aeronáutica o ferroviaria, incluyendo las de trenes subterráneos, u otro lugar, medio de transporte, instalación semejante que no estuviere destinado ordinariamente a habitación, cuando no hubiere personas en su interior o el culpable no las haya podido prever.
Esta ampliación del tipo penal se justifica plenamente, creo yo, y evidentemente que la señal que nosotros quisimos entregar a través de nuestra moción se ha corregido y enriquecido con el aporte que se hizo en las Comisiones de Seguridad y de Constitución y que ha permitido llegar a un acuerdo.
Por eso, voy a votar a favor de este proyecto, Presidenta .";1
"16";"21402";44;2021;3;"EBENSPERGER";NA;"La señora EBENSPERGER.-
Gracias, Presidenta .
Yo también voy a votar favorablemente este proyecto de ley, el cual, por cierto, corresponde a un mensaje presidencial fusionado, como bien señaló el Senador Pizarro, con una moción parlamentaria de su autoría, junto a los Senadores Chahuán , Coloma y García-Huidobro .
Lo que viene a hacer este proyecto es, efectivamente, actualizar y perfeccionar los tipos penales del delito de incendio. Me parece que hay que tener claro lo que se está haciendo. Hoy, nuestro Código Penal sanciona el delito de incendio conforme a una figura residual, contenida en el artículo 477, y algunas figuras calificadas, incorporadas en los artículos 474, 475 y 476, en atención al daño que sufren las personas, al peligro que importa para estas y a la naturaleza del lugar incendiado.
Quiero recordar que nuestro Código Penal data de 1874, año del cual vienen estos artículos, que obviamente deben ser actualizados, dado que no guardan relación con lo que pasa en la actualidad, en cuanto a los lugares, en cuanto a las personas y en cuanto a los vehículos que son afectados.
¿Cuáles eran las propuestas que traían tales iniciativas? Primero, actualizar y perfeccionar los tipos penales, incorporando a los artículos mencionados los vehículos motorizados; las aeronaves; las plataformas navales; las instalaciones sanitarias, de almacenamiento o de transporte de combustibles, distribución o generación de energía eléctrica, portuarias, aeronáuticas y ferroviarias. Todos estos ejemplos se toman de normas más modernas, como la contenida en el artículo 14 de la Ley de Control de Armas, y que no estaban o no existían en 1874, cuando se dicta nuestro Código Penal y se establecen los citados artículos.
Se incorpora también, a los artículos 474, 475 y 476, el concepto ""u otro lugar, medio de transporte, instalación o bien semejante"", de manera de evitar futuras interpretaciones restrictivas respecto de la aplicación de los preceptos y estos no sean interpretados como un catálogo taxativo al enumerar los bienes, lugares e instalaciones que se señalan.
Por último, se modifica el artículo 268 sexies, que alude a los que mediante violencia o intimidación retengan o
0
tomen el control de un ""vehículo de transporte público de pasajeros"", ampliándolo a ""todo vehículo motorizado"". La sanción que impone este artículo será aplicada sin perjuicio de las penas que correspondan por otros delitos cometidos con ocasión de la retención o toma de control del vehículo. No obstante, si los hechos constituyen algún delito o delitos de mayor gravedad, se estará, por cierto, a lo establecido respecto de estos últimos.
Por lo tanto, Presidente , este proyecto no busca, como se ha dicho acá, aumentar penas, sino adecuar y actualizar la redacción de los referidos artículos, es decir, actualizar la redacción del delito de incendio, sin -reitero- aumentar las penas, incorporando nuevos bienes, instalaciones y lugares, en virtud de la tecnología y el tiempo transcurrido.
Repito una vez más: no hay aumento de penas en la modificación de los artículos. Y tampoco se crean nuevos delitos ni se dictan otras disposiciones. Insisto: solo se actualiza la normativa correspondiente al mismo ilícito.
En consecuencia, Presidente, voy a votar favorablemente este proyecto, porque lleva a cabo una actualización que considero necesaria y urgente, como es la del delito de incendio en nuestro Código Penal.
Gracias, Presidente .";1
"17";"21402";46;2021;3;"ARAVENA";NA;"La señora ARAVENA.-
Muchas gracias, señor Presidente .
Tal como lo ha explicado extraordinariamente bien mi antecesora, se modifica una antigua normativa que, efectivamente, había que actualizar, como es la relativa al delito de incendio.
Evidentemente, nadie quisiera estar actualizando esta preceptiva a propósito del nivel de complicaciones que exhibe Chile en materia de orden público, pero lamentablemente hay que reconocer que, si no hubiera sido por la muerte de Juan Barrios, hoy día no estaríamos legislando en este ámbito.
Esa es una realidad. Muchos dicen que no hay que plantear el proyecto como destinado a La Araucanía y otras zonas de conflicto -que no es solamente esa, sino también Arauco y parte de Los Ríos-, pero seamos objetivos: entre el 2017 y el 2020 se registraron más de 2 mil incendios y ataques a personas, actividades privadas e infraestructura, que dieron lugar a igual cantidad de procesos, de los cuales solamente 200 siguen en curso, mientras 1.800 simplemente se cerraron. De hecho, en apenas 2 se llegó a encausar a los verdaderos culpables y todo el resto quedó en el camino.
Don José Villagrán , que defiende con mucha vehemencia a su sector, nos plantea que prácticamente 600 camiones han sido quemados en la macrozona sur desde que comenzaron estos conflictos, pero no podemos decir que Chile sea un país que quema camiones. O sea, efectivamente hay atentados vinculados al conflicto que vivimos en La Araucanía.
Un Senador que me antecedió sostiene que las demandas de tierras son absolutamente legítimas. Yo también pienso que así es. Quizás falta colocar un límite, pero no creo que ningún ataque incendiario en contra de personas o de infraestructura pública o privada justifique una demanda. No es la manera democrática de luchar por las cosas que nos parecen justas.
Por lo tanto, considero que, si no fuera por aquella víctima, que lamentablemente fue objeto de un ataque certero y mortal que le quitó la vida hace un año, no estaríamos legislando sobre esta materia.
Es lamentable que lo estemos haciendo hoy día, porque las quemas a iglesias y a infraestructuras como municipios, etcétera, son realmente horrorosas y han significado un tremendo efecto en muchas de las comunas de nuestra región.
No tenemos que pensar que La Araucanía o la zona macrosur es la representación absoluta de la violencia en
0
Chile; seguro que no es así, pero tampoco podemos invisibilizarlo y plantear que es responsabilidad total del Gobierno. Todos somos responsables, de alguna manera, de que las leyes funcionen y sean actualizadas. La Fiscalía tiene un rol importante aquí, y por primera vez este año ha anunciado que hay 44 procesos en curso, aunque la historia de los últimos 20 años indica que solo un 1 o 2 por ciento termina con condena efectiva, y eso resulta preocupante.
La responsabilidad es de todos. Y si efectivamente se requiere revisar la introducción de ajustes a la Fiscalía y a la reforma procesal penal, bueno, es momento de que lo conversemos. Sin embargo, más que transferir culpas o responsabilidades a un Gobierno en específico, este es un problema que quienes vivimos en La Araucanía sabemos que se ha agudizado, pero también sabemos que es de larga data y no tiene color político.
Así que yo apruebo el proyecto, agradeciendo muchísimo a los mocionantes, al Gobierno, a toda la Comisión y, principalmente, a la bancada socialista, que hoy día ha ratificado su compromiso absoluto con la paz y su condena a la violencia, lo que aplaudo.
Muchas gracias.";1
"18";"21402";50;2021;3;"HUENCHUMILLA";NA;"El señor HUENCHUMILLA.-
Muy amable, muchas gracias, Señor Presidente .
Bueno, no está nuestra Presidenta , pero, como muchos colegas hicieron uso de la palabra en el momento oportuno, no está de más que, al iniciar mi intervención sobre el proyecto, también la salude y la felicite por su cometido como Presidenta del Senado .
Así que muchas gracias, Adriana, por la dedicación que le pusiste a esta tarea tan compleja como es presidir nuestra Corporación.
Dicho eso, señor Presidente, entro a analizar el proyecto.
Quiero hacer una primera consideración. Siempre en la discusión pública los distintos sectores colocan el acento en que, para resolver los problemas, hay que dictar una ley. Y eso se da en la Región de La Araucanía, donde diferentes grupos, y también parlamentarios, afirman que para resolver este tema es necesaria una ley. Y entonces tenemos muchas leyes para resolver los problemas. Esta sería una de ellas. Cuando sucedió la muerte de Juan Barrios, inmediatamente salieron voces planteando que había que dictar una ley al respecto.
Por eso, me gustaría que aquí hiciéramos un poco de filosofía.
Cuando hace 4 mil años Jehová le entregó las Tablas de la Ley a Moisés, uno de los mandatos más claros al ser humano fue ""no matarás"". Han pasado cuatro milenios, y la humanidad se ha transformado en una carnicería.
Millones de personas mueren todos los años por la mano de su prójimo.
Entonces, no seamos tan soberbios pretendiendo que una nueva ley va a resolver problemas sociales que tienen otras causas.
Esto ha sido muy estudiado, no solo en el Derecho Penal, sino, sobre todo, en la criminología: por qué se producen
0
recurrentemente determinados delitos.
Este proyecto de ley se enmarca dentro de la doctrina penal, que simplemente sugiere incrementar el poder punitivo del Estado para que este tenga más facultades para enfrentar el problema. Pero eso no le garantiza a usted que la delincuencia vaya a bajar por arte de magia, sencillamente porque se dictó una ley. Si no, vean las cifras de la delincuencia en Chile. ¡Y estamos llenos de leyes! El Código Penal tiene más de 500 artículos, a lo que se suman todas las leyes especiales que permanentemente estamos dictando.
Esta es una cuestión multisistémica. Lo digo porque en La Araucanía existe un proceso político, social, histórico que yo he venido denunciando desde hace muchos años. Y aquí el sector de los camioneros no tiene arte ni parte, salvo verse afectado por un conflicto que es por tierras y contra el Estado; los camioneros han sufrido lateralmente la quema de un montón de camiones y también la muerte de Juan Barrios.
Entonces, cuando el proyecto llegó a la Comisión de Seguridad, de la cual formo parte, planteando una agravante, a mí me dio la impresión de que no íbamos por buen camino, y por eso me abstuve en la votación general.
Pero sucedió que en la Comisión recibimos a profesores de Derecho Penal, sobre todo a Jean Pierre Matus y Javier Couso , quienes nos propusieron un reordenamiento de los artículos 474 y siguientes del Código Penal. Y entiendo que ambos docentes son personas que, desde el punto de vista político, pertenecen a la centroizquierda.
Estos profesores hicieron una presentación muy sólida y nos dieron elementos de juicio, por lo menos a mí, en el sentido siguiente. Primero, aquí no estamos aumentando las penas, tal como se ha señalado. Demos por despejado aquello. Y además digamos otra cosa: la pena contenida actualmente en el artículo 474 es la de presidio mayor en su grado máximo a presidio perpetuo (quince años y un día a presidio perpetuo). Ella fue establecida en 1991, durante los Gobiernos de la Concertación, los Gobiernos nuestros. Nada de eso se modifica.
¿Qué se hace en este proyecto? Dos modificaciones.
En primer lugar, aquella frase que dice ""u otro lugar cualquiera"", en el 474, no le bastaba al Ministerio Público ni a los tribunales para entender que ahí se encontraban comprendidos otros tipos de lugares o bienes. La Fiscalía y los tribunales interpretaban restrictivamente este artículo, y como no era aplicable, entonces había que aplicar un artículo residual, que es el 477, que dice que cuando se trata de incendios ""de objetos no comprendidos en los artículos anteriores"", se aplica una pena mucho menor.
En consecuencia, había un problema de interpretación. Y quiero decirles a los Senadores y las Senadoras que el capítulo de interpretación de la ley penal es uno de los capítulos importantes en el derecho penal, pero creo que la interpretación no puede ser restrictiva, por lo menos tal como está aquí redactado el actual artículo 474.
Porque yo siempre me acuerdo de un ejemplo clásico que dan los profesores de Derecho Penal: en una estación hay un letrero que dice: ""Se prohíbe entrar con perros"". Entonces, hubo un caballero que entró con una vaca.
Como la prohibición era entrar con perros, él pensaba que se podía entrar con una vaca.
Yo pregunto: ¿y cómo interpretamos eso? Hay un problema de interpretación, y por eso la proposición que hicieron el profesor Jean Pierre Matus y el profesor Couso...";1
"19";"21402";52;2021;3;"HUENCHUMILLA";NA;"El señor HUENCHUMILLA.-
Parece que yo he hablado mucho menos que otros, Presidente, pero, en fin, usted es el que manda...
Aquí hay un reordenamiento simplemente, producto del aporte de estos profesores.
Bueno, voto a favor, Presidente .";1
"20";"21402";54;2021;3;"KAST";NA;"El señor KAST.-
Gracias, Presidente.
Lo cierto es que este proyecto, más allá de que, como bien decían muchos, no va solucionar la violencia en forma estructural, sí viene a hacer justicia a un hecho muy doloroso, que desgraciadamente no es aislado: Juan Barrios murió quemado en su propio camión; no pudo llegar a su casa después de trabajar.
Él ni siquiera era de La Araucanía; vivía en Rancagua. Su señora, Sandra Coñonahuel , se quedó sola con dos hijos, que de hecho ni siquiera eran de Juan Barrios: Victoria y Germán Vásquez , pero él los adoptó como hijos propios; era el sustento de la familia.
Tal vez muchos de los que están acá ni siquiera conocen a esta familia. Yo tuve la suerte de conocerlos en Rancagua, y me di cuenta del nivel de impotencia que siente una familia cuando le arrebatan el amor de un padre, el amor de una pareja; la impotencia contra la política, de sentir que no somos capaces de garantizar lo mínimo que tenemos que garantizar, desde que se creó el Estado, que es vivir en paz; la impotencia porque haya perdido su vida y hasta el día de hoy no exista ningún detenido, nadie que esté pagando sus culpas. Y no es un caso aislado.
Me di el trabajo de revisarlo: de hecho, este proyecto lo aprobamos hace seis meses en la Comisión de Seguridad.
¡Hace seis meses! Escuchamos, como bien decía mi colega Francisco Huenchumilla , a expertos penalistas y lo mejoramos. Nos dimos el trabajo de hacer una buena pega, porque efectivamente cuando se tipificó el delito de incendio ni siquiera existían camiones, no era un tema. Y, como bien decía el Senador Pizarro, este es un problema que no solamente se circunscribe a La Araucanía, donde desgraciadamente sí es grave, sino que además llega a distintas partes del país.
Por lo tanto, este proyecto de ley, más allá de que no soluciona todo -nadie creo que haya dicho aquello-, sí viene a actualizar el Código Penal. Y creo que es necesario, tanto por razones de ordenamiento penal, de herramientas jurídicas, para que el Ministerio Público pueda hacer su trabajo; como también porque una señal potente que tenemos que dar hoy día como Senado es que en democracia tenemos un gran pacto social para decir: ""todo vale, menos la violencia"".
¡Y nunca la violencia! Hasta la causa más noble se transforma en una mentira cuando se utiliza la violencia. Y por eso es tan importante que ojalá hoy día tengamos un apoyo transversal.
A mí me da mucha tristeza cuando escucho a algunos argumentar que en el fondo atribuyen al pueblo mapuche ataques -algunos colegas desgraciadamente lo han dicho acá-, porque lo cierto es que el pueblo mapuche es tremendamente pacífico. Tiene demandas muy legítimas, que son muy importantes. Logramos construir un acuerdo para tener escaños reservados para nuestros pueblos originarios; tenemos una Agenda Indígena muy potente, que está pendiente. El Ministro Moreno en su minuto la comenzó, pero desgraciadamente quedó bastante estancada. Yo espero que podamos retomarla. Pero así como tenemos un desafío en materia indígena, también tenemos un desafío tremendo en materia de seguridad para enfrentar el crimen organizado: aquellos que se vinculan con el narcotráfico, con el robo de madera.
Y quiero decirlo: es una lástima que se haya votado en contra de un proyecto tan importante como el del robo de madera, que sí podría haber sido muy efectivo, como bien se ha demostrado en el proyecto del abigeato, que logró reducir fuertemente ese delito después de que se aprobó en este mismo Senado años atrás.
Por eso, es muy necesario que tengamos claridad en que aquí también el Congreso tiene una responsabilidad.
Porque no es que las leyes van a solucionar todo. ¡Por supuesto que no! Las leyes no solucionan todo, pero es muy importante avanzar en ellas. Es muy importante que no existan excusas de que no hay leyes suficientes, para que efectivamente los distintos Poderes del Estado, no solamente el Ejecutivo , sino que el Ministerio Público, la Justicia, puedan hacer bien su trabajo. Y desgraciadamente eso hoy día no ocurre. Hay muchas leyes que están desactualizadas, como esta y otras que son aún más importantes para poder cumplir con nuestra labor, como Estado, como política, de combatir contra el crimen organizado, contra el narcotráfico.
Ya vimos lo que ocurrió en La Araucanía, donde falleció un funcionario de la PDI cuando justamente lo que iban a
0
hacer era una incautación de drogas; no iban por una reivindicación de tierras. Y murió un funcionario de la PDI, asesinado, acribillado.
Entonces, claramente, acá tenemos un desafío enorme: lograr, como Senado, como Congreso, ser muy ambiciosos en la Agenda Indígena y, al mismo tiempo, ser muy fuertes y claros en materia de seguridad ciudadana.
Y creo que este proyecto de ley, que claramente no sana las heridas de la familia de Juan Barrios, avanza en la dirección correcta.
Voto a favor.";1
"21";"21402";59;2021;3;"PUGH";NA;"El señor PUGH.-
Sí, Presidente.
Quiero solicitar a la Mesa que el proyecto de ley sobre la pesca recreativa, que se encuentra en la Comisión de Pesca, pueda ser visto en general y en particular a la vez.";1
"22";"21402";69;2021;3;"DURANA";NA;"El señor DURANA.-
Presidente , resulta necesario destacar la extraordinaria importancia de poder incorporar en nuestra legislación una drástica sanción a quienes, mediante la violencia o intimidación, retengan o tomen el control de cualquier vehículo motorizado; y también, a través de la modificación del delito de incendio, a fin de incluir los vehículos motorizados u otros semejantes.
Esta modalidad de delitos ha proliferado en el último tiempo, y es una de las principales razones para modificar la ley, pues este tipo penal hasta la fecha se encontraba circunscrito solo a los vehículos de transporte público de pasajeros. La modificación del artículo 476 actualiza esta normativa y sanciona con fuerza el delito de incendio, más allá del peligro y daño que provoca en sí mismo el ataque incendiario a cualquier bien mueble o inmueble, así como a buques, plataformas navales, centros de distribución de energía eléctrica, transporte de combustible e, incluso, obviamente trenes subterráneos.
0
Finalmente, lo que se quiere lograr es sancionar cualquier atentado a un ""medio de transporte o instalación semejante que no estuviere destinado ordinariamente a la habitación, cuando no hubiere personas en su interior o el culpable no las haya podido prever"", implicando una acción que, realizada en forma concatenada o sucesiva, ocasiona los mismos efectos en una comunidad que los delitos terroristas.
Por ello, es absolutamente necesario apoyar toda modificación que implique la adecuada sanción de este tipo de conductas.
Todos reconocemos que este proyecto tiene su origen, obviamente, en el alevoso asesinato del camionero Juan Barrios y en los hechos violentos que día a día suceden en la Región de La Araucanía, entendiendo que las necesidades de los pueblos originarios muchas veces son distintas de las meras cuestiones culturales...";1
"23";"21402";71;2021;3;"DURANA";NA;"El señor DURANA.-
Okay.
En todo caso, Presidente , otras personas tuvieron mucho más tiempo para hablar.
Hago un llamado a concentrar los esfuerzos para que todos los partidos democráticos rechacemos de forma tajante la acción terrorista en La Araucanía y en el resto de Chile.
Voto a favor.";1
"24";"21402";78;2021;3;"LATORRE";NA;"El señor LATORRE.-
0
Voy a fundamentar brevemente el voto.
Yo tengo dudas respecto de la efectividad de este proyecto de ley y de las señales que se pretenden dar. Una cosa es condenar un hecho, un delito de incendio con resultado de muerte; obviamente, eso es absolutamente condenable y no tiene ninguna justificación. Pero ese delito ya se encuentra tipificado; y si se descubriera a la persona o a las personas que lo cometieron, tendrían una sanción penal alta.
Por lo tanto, no veo la necesidad de presentar esta iniciativa, más aún cuando se ha dicho que tampoco eleva las penas. En el actual Código Penal ya existe una sanción suficiente para aquellos delitos graves relacionados con esta clase de hechos, más aún con resultado de muerte.
Yo quisiera separar las cosas.
En general, no soy partidario de dar señales poniéndoles nombres propios a los proyectos de ley; más aún cuando hay una tragedia y una familia detrás, y cuando se advierte la utilización política de un gremio de camioneros que tiene otras agendas, otros intereses. Me refiero a los empresarios camioneros, no a los trabajadores o choferes. La manipulación política que hacen es para seguir una agenda propia con un Gobierno de Derecha.
En lo personal, considero que esas no son señales favorables y no contribuyan necesariamente a atacar el fondo del conflicto.
Sabemos que existen problemas, entre otras cosas, de investigación y desconocemos quiénes han cometido ese tipo de delitos.
Hay denuncias gravísimas que involucran a excarabineros sobre autoatentados en zonas forestales. Se habla de quemas de camiones efectuadas, incluso, por policías uniformados. Hay denuncias en medios de comunicación.
Eso no se ha investigado; por tanto, no sabemos quiénes son los responsables de esos delitos graves.
En consecuencia, me parece que la solución no va por dar este tipo de señales.
Yo, por lo menos, me voy a abstener en esta oportunidad.";1
"25";"21402";84;2021;3;"PROKURICA";"Ministro del Interior y Seguridad Pública subrogante";"El señor PROKURICA ( Ministro del Interior y Seguridad Pública subrogante).-
Gracias, Presidente .
Quiero agradecer el apoyo tan importante que las señoras Senadoras y los señores Senadores le han entregado al proyecto. Es una señal potente, como han dicho algunos, para establecer que no puede haber espacio para la violencia ni mucho menos para la impunidad cuando se cometen delitos tan graves como estos.
En este caso, estamos rememorando a un trabajador del transporte, a Juan Barrios, quien murió en una condición muy compleja y difícil.
A pesar de que hemos tenido pequeñas diferencias respecto del tipo penal o de la forma como se enfrenta este tema, la participación de las señoras Senadoras y de los señores Senadores ha enriquecido esta iniciativa para resolver un problema que tenemos hoy día no solo en La Araucanía. Este proyecto de ley es para todo Chile.
Por esa razón, considero que estamos dando una señal potente tanto para recordar a la persona aludida como para decir que no hay espacios para la violencia en democracia.
Gracias, Presidente .
0
Oficio de Cámara Origen a Cámara Revisora";1
"26";"21402";88;2021;4;"DELGADO";"ministro del Interior y Seguridad Pública";"El señor DELGADO (ministro del Interior y Seguridad Pública).-
Señor Presidente, saludo a la Mesa y a los diputados y diputadas que están presentes en la Sala y también a los que se encuentran conectados de manera telemática.
He querido estar presente aquí por la importancia de este proyecto. A pesar de que en su momento se le criticó estrictamente por motivos políticos, es un proyecto muy distinto al que ingresó originalmente en el primer trámite
0
constitucional. Ya se dio cuenta de algunos cambios, por lo que no voy a ahondar profundamente en ellos; pero el proyecto es tremendamente necesario como señal y como herramienta para poder evitar lo que está ocurriendo en muchos lugares, como en la macrozona sur, y también debido al avance de otros delitos relacionados con esta dinámica.
Durante la discusión que se realizó en el Senado y en la Comisión de Constitución de esta Corporación, pudimos tener una provechosa reflexión respecto de las condiciones necesarias para modificar el delito de incendio. No quiero dejar pasar que, salvo modificaciones muy menores, se trata de un delito cuya estructura típica y penológica responde al siglo XIX, época en la que se dictó nuestro Código Penal. Por lo tanto, estamos en presencia de un tipo penal que hay que perfeccionar y actualizar.
Por ello, la posibilidad de conversar de buena fe ha sido muy importante en este proceso, permitiendo una discusión con distintas posiciones, como es razonable en cualquier discusión de carácter político, pero también una mirada técnica que es tremendamente importante.
A quienes han señalado que parte de los proyectos de ley de la agenda de seguridad tienen por finalidad, por ejemplo, criminalizar a ciertos sectores de la sociedad, como también ocurrió durante la discusión del proyecto sobre robo de madera, quiero decirles que no es así. Aquí, cuando hay un delito, hay que separarlo de cualquier causa social que esté relacionada, por ejemplo, con reivindicaciones étnicas o de tierras.
Por consiguiente, cuando efectivamente ocurre un delito, hay que separarlo y penalizarlo. Tiene que actualizarse la legislación cuando detectamos vacíos en ella y perfeccionarse lo que existe. Creo que ese es el camino correcto para evitar justamente este tipo de delitos.
Este proyecto de ley, conocido como “ley Juan Barrios”, en memoria del camionero que murió al ser incendiado, de manera criminal, el camión en donde pernoctaba, va justamente en la línea que el gobierno está planteando.
En estos tiempos que nos toca afrontar, casos como la muerte de Juan Barrios resultan fundamentales para medir el compromiso democrático de nuestra sociedad, el que se demuestra no solo con condenas a la violencia, sino también con acciones concretas.
En esa línea se situó el trabajo de la Comisión de Constitución. Por ello, por intermedio de su presidente, el diputado Marcos Ilabaca , agradezco a todos los miembros de la Comisión de Constitución la disposición al diálogo y la buena fe que tuvieron con respecto a esta discusión. También agradezco a los profesores de Derecho Penal que han acompañado la discusión legislativa de este proyecto.
No voy a hacer una relación pormenorizada del contenido del texto aprobado, el que ya ha sido bien expuesto por el diputado informante, sino que solamente quiero resaltar algunos aspectos que para nosotros son relevantes.
Primero, el perfeccionamiento de los tipos penales de incendio, que incorpora ahora a diversos vehículos motorizados. Esto tiene que ver con la actualización del Código Penal, que data de tiempos en los cuales no existían, tal vez, ni los tipos de vehículos ni el flujo vehicular que existen hoy. En ese sentido, se distingue si se trata o no de vehículos de transporte público o de automóviles particulares.
Además, se incorporan diversas instalaciones en que la comisión de incendios no quedaba penada de manera especial por no estar expresamente tipificada. Particularmente, la inclusión expresa de vehículos de transporte público, automóviles de dos o más plazas y camiones resulta muy significativa.
Lamentablemente, vemos en forma habitual que muchas veces se cometen atentados contra vehículos de transporte público, lo que también afecta a las personas más carenciadas, a aquellas que no tienen los medios para tener un transporte privado o particular. Por supuesto, debido a ese tipo de delitos mucha gente se ve perjudicada en su labor diaria.
Segundo, quiero hacerme cargo de la crítica que muchas veces se plantea con respecto al populismo penal. Cabe señalar que en este proyecto no se aumentan las penas, sino los tipos penales. Por lo tanto, es la descripción de conductas constitutivas de delito lo que se perfecciona, lo que es muy importante porque se actualiza y perfecciona un tipo penal que ya estaba obsoleto.
Tercero, durante la tramitación del proyecto tuvimos algunas diferencias, propias del debate democrático, por
0
cierto; sin embargo, espero que ellas se resuelvan hoy por el cauce del diálogo, de la argumentación y de la democracia, especialmente sobre algunas penas que fueron disminuidas significativamente.
Finalmente, quiero terminar esta intervención resaltando la importancia de este proyecto de ley para el gobierno, no solamente por su relevancia en la agenda de seguridad, que, por supuesto, es bastante más amplia que este proyecto, sino también por su dimensión simbólica. Es un acto de justicia para Juan Barrios, quien terminó su vida producto de las graves lesiones que sufrió debido al incendio del camión donde pernoctaba. También es un acto contra la impunidad, pues se hace cargo de una legislación desactualizada. En ese sentido, hubo un amplio consenso en la necesidad de reformarla y se reconoció que en muchas ocasiones, por su obsolescencia, abría espacios de impunidad. Creemos que eso es tremendamente importante. Hay que terminar con aquello. El Ejecutivo espera sinceramente que la Cámara de Diputados tenga a bien aprobar este proyecto de ley.
Muchas gracias.
He dicho.";1
"27";"21402";91;2021;4;"URRUTICOECHEA";NA;"El señor URRUTICOECHEA.-
Señor Presidente, el descontrol de la violencia, acrecentada el 18 de octubre, permitió y permite que hordas delincuenciales arrasen con todo lo que se les cruza por el camino. Templos, iglesias, buses, metrotrenes, camiones y un sinfín de edificaciones sucumben ante el descontrol desenfrenado de quienes hoy celebran su crimen contra la prosperidad y el futuro de los trabajadores, los que en su mayoría fueron olvidados por la CUT y sus aliados políticos. Nunca la Central Unitaria de Trabajadores dirigió una sola palabra de aliento o de apoyo a los obreros que a partir de esa fecha perdieron todo. Nunca la CUT y sus aliados políticos han mostrado un poco de caridad hacia los transportistas que sufrieron y siguen sufriendo la pérdida de su fuente laboral.
Cada uno de estos ataques nunca fue ni será objeto de una indagación en la justicia social. Por el contrario, todo lo que hoy se trate de justificar a través de la búsqueda de la justicia o de la sociedad estará articulado, manipulado y extraordinariamente manoseado por una ideología que ha buscado unir cualquier demanda, por pequeña e intrascendente que esta sea, demandas que por sí solas carecen de una fuerza hegemónica, pero la izquierda logró articular un discurso haciendo de todas esas demandas una y equivalentes frente a enemigos en común: la fe, la historia y la familia.
No más farsas sobre el llamado estallido social, su supuesto legado, su falsa herencia y mezquina enseñanza.
Hablemos de manera franca sobre lo que ese día ocurrió y también de lo que sigue pasando, sus trágicas consecuencias y lo que sus autores y precursores están dispuestos a hacer.
Ustedes, parte de la oposición, y parte de los medios que han permitido que el terror llegara tan lejos, ¿entienden lo que han provocado?
Para protegernos como ciudadanos, para proteger nuestra integridad, nuestra libertad y nuestra democracia, estamos obligados a resguardarnos con una ley que nos defienda de aquellos que con total impunidad siembran la miseria. No es posible que las quemas dominen las calles cada vez que a los delincuentes se les antoja. No es posible que los templos que hoy alumbran sean solo los que arden por el fuego. No puede ser que los transportistas teman por su vida y por su fuente laboral.
¿No entiende parte de la izquierda y algunos medios de prensa que callar o distorsionar la realidad de los hechos solo ha partido la sociedad, ha roto a Chile y ha dividido a las familias? Tal vez sí lo saben y es lo que está dentro de su programa.
Ojalá se hubiese incluido dentro de este proyecto de ley perseguir penalmente a quienes por acción u omisión instigan a las turbas que se sienten con el derecho a destruir, quemar y aterrorizar a todo un país. Así, hubiésemos podido exigirles a todos aquellos que han sido cómplices de la violencia que también asumieran responsabilidades penales. Quizás, algunos de ellos están aquí y quizás sean los mismos que hoy voten en contra de este proyecto.
He dicho.";1
"28";"21402";93;2021;4;"URRUTIA";"don Osvaldo";"El señor URRUTIA (don Osvaldo).-
Señor Presidente, este proyecto modifica el delito de incendio en las distintas hipótesis posibles, pero no modifica su penalidad.
El origen del proyecto se remonta a la muerte del camionero Juan Barrios , quien fue víctima de un atentado terrorista en su camión y resultó muerto algunos días después, luego de una dolorosa agonía.
El 2020 fue un año particularmente violento en la denominada macrozona sur. En las regiones del Biobío, de La Araucanía, de Los Ríos y de Los lagos se registraron 228 denuncias de delitos relacionados con el conflicto indígena, las que se comparan con las 305 registradas durante el 2019 y las 849 durante el período 2018-2020, así como con otras tantas que se registraron en períodos anteriores.
Por ello, Presidente, por su intermedio, quiero solicitar a la diputada Parra que haga una mínima autocrítica sobre su gestión durante el período en que ejerció el cargo de gobernadora provincial, en virtud del cual tuvo que dirigir a las Fuerzas de Orden y Seguridad, porque en ese tiempo también hubo muchos atentados en la macrozona sur.
Las comunas donde se concentraron la mayor cantidad de denuncias durante el 2020 fueron las siguientes: Cañete, con 30; Collipulli , con 23; Contulmo , con 14; Victoria, con 12, y Ercilla , con 10. Las cifras anteriores representan un cambio significativo respecto de años anteriores.
No obstante, si solo se consideran los delitos de mayor gravedad, con resultado de muerte y los atentados incendiarios en la macrozona sur, hubo 172 denuncias en 2020, las cuales, comparadas con las 121 registradas en 2019, representan un aumento del 42 por ciento dentro de esa categoría. Destaca la Región del Biobío, ya que las denuncias se incrementaron de 34, en el 2019, a 64, en el 2020, lo que representa un aumento del 88 por ciento, incluyendo los casos de cinco personas que durante el 2020 resultaron fallecidas por actos de violencia asociadas al conflicto, lo que sin duda se convirtió en su aspecto más lamentable.
Además de la muerte de Juan Barrios, se han lamentado otras muertes, como la del joven Moisés Orellana , del trabajador agrícola Pedro Cabrera , del agricultor Pedro Burgos y del carabinero Eugenio Nain , pérdidas que afectan en forma irreparable a sus respectivas familias.
Sumado a lo anterior, el alto nivel de destrucción de maquinarias, equipos e instalaciones ha afectado gravemente a los trabajadores y a sus empleos. Esas agresiones constituyen limitaciones graves a sus derechos más básicos, como la libertad de trabajo y de desplazamiento, además de afectar gravemente el empleo y la capacidad de las personas de generar el sustento para sus familias.
Es por ello que en este proyecto se incluye a cualquier tipo de vehículo motorizado u otro semejante, con el objeto de sancionar a quienes ataquen las maquinarias que facilitan los trabajos.
Detrás de todas las acciones delictivas está el denominado conflicto mapuche, que ha sido azuzado por organizaciones al interior de la macrozona sur. Dicho conflicto ha sido una invención de sectores políticos interesados, que han visto en ello una oportunidad de colonización ideológica y de división nacional.
Desde hace siglos que en Chile hay plena integración racial, territorial y cultural, en virtud de la que debemos respetar a los que piensan distinto. La necesidad de los pueblos originarios muchas veces es distinta de las meras cuestiones culturales. Los altos grados de pobreza y el acceso a los servicios fundamentales para alcanzar mayor bienestar son las primeras necesidades de la población indígena, que vive presa de los grupos violentistas. Por eso deben separarse de la violencia en la Araucanía.
Consideramos que este proyecto confirma la voluntad…";1
"29";"21402";95;2021;4;"WALKER";NA;"El señor WALKER.-
0
Señor Presidente, aprobamos en general y en particular esta iniciativa, denominada “ley Juan Barrios”, en recuerdo de un transportista que fue asesinado cobardemente cuando se destruyó el camión en que viajaba.
En el Congreso Nacional no es frecuente recordar a los autores de las mociones. En este caso, el proyecto en discusión fue iniciado en mensaje, pero también en una moción de autoría del senador Jorge Pizarro , representante de la Región de Coquimbo.
La idea matriz del texto legislativo es asegurar la aplicación del delito de incendio y contar con una interpretación unívoca, así como adecuar los tipos penales en discusión a las necesidades actuales a través de una modificación al Código Penal.
La muerte del chofer de camiones Juan Barrios , en la comuna de Victoria, luego de que su vehículo fuese objeto de un ataque incendiario, motivó a los autores de este proyecto y al Ejecutivo a perfeccionar los tipos penales del delito de incendios, contemplados en los artículos 474, 475 y 447 del Código Penal.
La iniciativa fue aprobada en general en el Senado y contó con el voto afirmativo del senador Francisco Huenchumilla . Además, en su discusión en particular se amplificó la figura respecto de actos incendiarios cometidos contra “vehículos de transporte público de pasajeros”, modificándose como objeto material del delito a todo vehículo motorizado, y se permitió la sanción contra cualquier vehículo de transporte o bien semejante que haya sido incendiado, por lo que aquí la amplificación de la tipificación recae sobre la palabra “semejante”.
En la Comisión de Constitución, Legislación, Justicia y Reglamento, aprobamos una indicación, presentada por quien les habla, que tuvo como base las propuestas de los señores Jean Pierre Matus , destacado profesor de Derecho Penal de la Universidad de Chile, y Jaime Couso , destacado profesor de Derecho Penal de la Universidad Diego Portales. Se enriqueció la redacción en la Comisión de Constitución de la Cámara de Diputados y se agregó el siguiente texto: “Los que con violencia o intimidación retuvieren o tomaren el control de automóviles de dos o más plazas o de camiones en la vía pública, impidiendo la libre circulación, serán sancionados con la pena de presidio menor en su grado máximo a presidio mayor en su grado mínimo, sin perjuicio de las penas que correspondan por los otros delitos cometidos con ocasión del hecho, aplicándose las mismas disposiciones que para determinar la pena se señalan en los incisos anteriores.”.
En otras palabras, se modificó la imposición de la pena de presidio mayor en cualquiera de sus grados por presidio menor en su grado máximo a presidio mayor en su grado mínimo, con el objeto de mantener la proporcionalidad y la escala de penas establecida en el Código Penal, ya que, por ejemplo, un robo con intimidación no puede tener una sanción mayor que una violación.
De allí la importancia del aporte de los profesores Matus y Couso para perfeccionar el tipo penal del proyecto que venía del Senado, pues se sigue manteniendo y respetando la escala de penas que establece nuestro Código Penal respecto de los bienes jurídicos protegidos. Hay que destacar que, como bienes jurídicos, no solo estamos protegiendo la vida de una persona, el derecho de propiedad, el derecho a desarrollar cualquier actividad económica o el derecho al trabajo, sino también la libertad de las personas.
Por ello, se sanciona ocupando un tipo penal que, en su momento, incorporamos en la ley de violencia en los estadios, hoy denominada ley de derechos y deberes del fútbol.
La sanción para quien retuviere o tomare con violencia o intimidación el control de automóviles determinados podría aplicarse, por ejemplo, a un bus de la locomoción colectiva o, como en este caso, a un camión, a un medio de transporte privado. La comisión de este delito en particular, sin perjuicio de otros que se puedan cometer con ocasión del hecho, puede provocar lesiones o la muerte.
Aquí también estamos protegiendo el bien jurídico de la libertad, porque lo que tiene lugar con la retención en este caso es el secuestro de quien está trabajando en un vehículo de carga.
Creo que el proyecto quedó bien; se perfeccionó el texto que venía del Senado. Tenemos penas efectivas, pero, al mismo tiempo, son muy proporcionadas, de acuerdo a la escala de penas y sanciones que establece nuestro Código Penal. Así fue incorporado, con aportes de muy buenos profesores de Derecho Penal.
Asimismo, fue aprobado por la mayoría de los integrantes de la Comisión de Constitución.
0
A veces se conmina -ya no está aquí el ministro del Interior-, se llama a los diputados a aprobar los proyectos relacionados con la seguridad pública. Al respecto, hay que decir que siempre lo hemos hecho, pero además cumpliendo nuestra obligación, que es perfeccionar las iniciativas, no ser un buzón del Ejecutivo, como algunos pretenden.
Por eso, llamo a esta honorable Sala a aprobar en general y en particular este proyecto de ley.
He dicho.";1
"30";"21402";99;2021;4;"BOBADILLA";NA;"El señor BOBADILLA.-
Señor Presidente, en primer lugar, deseo valorar esta iniciativa, la cual, por cierto, votaré a favor, y con mucho entusiasmo, porque todo lo que hagamos para erradicar la violencia y el accionar de esos terroristas en nuestro país, ¡bienvenido sea!
No obstante, señor Presidente, quiero hacer una reflexión frente al llamado que hizo la diputada Parra para que el gobierno haga la pega. Le diría a la diputada Parra que también nosotros debemos hacer una autocrítica.
¡Cuánto tiempo nos hemos demorado en despachar una iniciativa como esta! ¡Hagamos la pega, pero hagámosla oportunamente y no dilatemos la tramitación de proyectos de esta naturaleza, que tienen como objetivo dotarnos, como sociedad, de las herramientas necesarias para erradicar la violencia de nuestro país!
0
Por eso, acojo el llamado que nos hace la diputada Parra : ¡hagamos la pega! Pero no solo el gobierno, sino también nosotros, aquí, en esta Sala, legislemos oportunamente.
Por orto lado, señor Presidente, no vamos a erradicar la violencia, como dicen algunos, si no llamamos las cosas por su nombre. Lo digo, porque hay algunos que, tratando de bajar el perfil a lo que ocurre en la Araucanía y en la provincia de Arauco, dicen que se trata de violencia rural o que solo se trata de violencia, pero no dicen las cosas por su nombre. Algunos señalan que esto es solo robo de madera, por lo cual rechazan un proyecto que pretende sancionar drásticamente las actividades ilícitas que cometen algunos terroristas en la provincia de Arauco y en la Región de La Araucanía.
Cuando digo que llamemos las cosas por su nombre, quiero decir que no sigamos con el cuento de que es violencia rural o de que solo es robo de madera. Señor Presidente, ¡esto es terrorismo! Es más, diría que esto es narcoterrorismo, tal como ha quedado demostrado tras la detención de algunos connotados miembros de la CAM, quienes tenían en su poder toneladas de drogas.
También me llama la atención que nada se diga en este hemiciclo respecto de la detención de un funcionario del Poder Judicial al que encontraron prácticamente armas de guerra y drogas en su casa. Eso pasó casi inadvertido.
Señor Presidente, llamemos las cosas por su nombre. En la medida en que lo hagamos de esa forma, podremos aplicar las medidas que correspondan.
¡Mano dura contra los narcoterroristas! ¡Legislemos oportunamente para dotar al Estado de las herramientas necesarias para recuperar la paz y la tranquilidad en la provincia de Arauco y en la Araucanía!
Si seguimos llamando “violencia rural” a estas cosas, como hacen algunos, no vamos a dar la solución que miles de ciudadanos esperan de parte del Estado.
¡Las cosas por su nombre! ¡Mano firme! ¡Mano dura contra los terroristas! ¡Mano dura contra los narcoterroristas que operan en la provincia de Arauco y en la Región de La Araucanía!
Por eso, anuncio mi voto a favor de esta iniciativa, y lo hago con mucho entusiasmo.
He dicho.";1
"31";"21402";101;2021;4;"BERGER";NA;"El señor BERGER.-
Señor Presidente, claramente, nuestro Código Penal, que data de 1874, es bastante arcaico en muchas materias delictuales, por lo que es imperioso realizar las modificaciones que correspondan para actualizarlo.
Sabemos que en el sur de Chile los delitos de incendio están aumentando día a día; sabemos que el Código Penal no contempla los medios de transporte actuales dentro de las figuras penales de los artículos 474 y siguientes, relativos al delito de incendio, y que las menciones referentes a tren de ferrocarril y buques, edificios y otros, se han vuelto anacrónicas, al no incorporar los medios de transporte actuales.
En los últimos tiempos se han verificado una centena de ataques incendiarios a vehículos motorizados, que se cometen interceptándolos previamente en la vía pública y haciendo descender a los pasajeros para luego incendiar lo que poseían.
Lamentablemente, esa figura no está sancionada con una pena significativa que sea persuasiva como para no cometer dicho delito, por lo que incorporar una circunstancia que califique este tipo específico es urgente.
Es muy lamentable que haya tenido que suceder lo de Juan Barrios para que nos preocupemos de perfeccionar un delito que por años ha quedado sin actualizarse y sin contemplar los diferentes elementos sociales que se vienen dando en la práctica desde hace un tiempo importante.
0
Hoy en día estamos viendo conductas despreciables, conductas que nunca antes habíamos visto en nuestro país.
Los sucesos incendiarios que se han evidenciado en el sur no son solo uno más, por lo que creo que es hora de modernizar nuestro Código Penal y contemplar estas conductas especiales, dado que van en aumento día a día.
Apoyo el texto del proyecto emanado de la Comisión de Constitución, Legislación, Justicia y Reglamento.
He dicho.";1
"32";"21402";103;2021;4;"RATHGEB";"vía telemática";"El señor RATHGEB (vía telemática).-
Señor Presidente, hasta el momento las intervenciones realizadas han analizado detalladamente el proyecto, pero, en mi caso, quisiera ahondar en algo muy importante y que se ha omitido hasta ahora. Esta normativa reconoce el trabajo de los transportistas y, en ese sentido, quiero recordar a don Juan Barrios, que en paz descanse. Saludo a su familia y hago un especial reconocimiento al trabajo que él realizaba, porque, cuando pernoctaba en su camión y fue atacado, no transportaba madera, troncos u otro material, sino que transportaba trigo, es decir, alimento destinado al consumo de todos los chilenos. Por ello, hago un especial reconocimiento a todos aquellos transportistas que, día a día, a lo largo del país, llevan los alimentos, que son indispensables para el funcionamiento de nuestra patria.
Hoy en las distintas intervenciones se ha manifestado el apoyo a esta normativa, y por eso espero que sea apoyada unánimemente por la Cámara, porque aquí va a quedar demostrado quiénes son los parlamentarios que están a favor de aquellos que producen en nuestro país, de quienes transportan alimentos y otros materiales indispensables para que nuestro país funcione. Reitero que espero que exista un apoyo unánime a esta normativa.
Ayer en la tarde, en un sector rural de la comuna de Lumaco, en una comunidad indígena, personal de Vialidad que estaba reparando un puente que sirve de acceso a esa comunidad fue atacado a balazos y el conductor de uno de los camiones fue herido, aunque no gravemente.
Esa situación demuestra que este tipo de hechos afecta finalmente a todo tipo de personas, pero especialmente a las personas más carenciadas y a quienes están más aisladas. Las comunidades indígenas necesitan tranquilidad, paz, para que les lleguen los beneficios, por lo que, a través de esta iniciativa, que aumenta las penas y considera figuras que no estaban en nuestra legislación, que es muy antigua, esperamos que aquellos que atentan contra los transportistas y las personas, en general, generando intranquilidad en nuestro país, dejen de realizar este tipo de acciones al ver que las penas aumentan y se contemplan otras figuras en nuestro ordenamiento jurídico.
Desde ya manifiesto mi voto favorable y me hago eco de todos los discursos realizados anteriormente. Hago un llamado a todos los sectores políticos para que condenen la violencia y se sumen a un trabajo para lograr la tranquilidad y la paz que Chile necesita y que construimos entre todos.
He dicho.";1
"33";"21402";105;2021;4;"ILABACA";"vía telemática";"El señor ILABACA (vía telemática).-
Señor Presidente, quiero hacerme cargo de algunas de las afirmaciones que se han hecho en esta sesión, porque me parecen insólitas.
Primero, he escuchado decir que hay conductas que quedan impunes. Discúlpenme pero el Código Penal y los
0
tribunales generalmente han sido bastante rigurosos en la aplicación de penas a un delito tan grave como es el delito de incendio, y casi nunca queda impune.
Lo que sucede es que muchas veces los procesos investigativos no llegan a buen término y generalmente no se logra determinar quiénes fueron los responsables del incendio. Pero eso no es culpa del Código Penal, sino de los procesos investigativos que se llevan adelante.
Quiero hacerme cargo de otras afirmaciones, porque me toca presidir la Comisión de Constitución. El diputado Bobadilla dijo: “Apuren la tramitación de los proyectos de ley.
Este proyecto ha dormido mucho tiempo”. Le quiero informar al diputado Bobadilla , porque parece que no lo sabe, que este proyecto entró con discusión inmediata y fue lo primero que reconoció el ministro al iniciar su intervención, es decir, que en la Comisión de Constitución le dimos una tramitación inmediata, y por eso hoy se está discutiendo en la Sala. Entonces, digamos las cosas como son y seamos justos en las afirmaciones que se hacen.
Además, pareciera que el diputado Bobadilla no leyó que este proyecto no trata sobre el delito de robo de madera, porque habló todo el rato respecto del robo de madera, sino que actualiza la figura del delito de incendio.
Además, casi todas las intervenciones de los diputados de derecha centran el proceso de discusión del actual proyecto en la situación de la Araucanía y en las acciones terroristas, de acuerdo a su propio criterio, pero lo cierto es que el proyecto, que llega del Senado en segundo trámite constitucional, en ningún caso trata este tipo de cuestiones. Entre los argumentos que fundamentan el proyecto hay una mención a la gravedad de los hechos y al atentado al sistema democrático, pero lo cierto es que lo que hicimos nosotros fue, a través de una indicación - quiero reconocer a los profesores de derecho constitucional que nos estuvieron acompañando en el proceso de discusión legislativa-, transformar casi toda la figura penal del delito de incendio. Y fue tal el nivel de transformación que, incluso, hay algunas penas porque pareciera que algunas de las personas que intervinieron no leyeron el proyecto que rebajamos y ampliamos las figuras penales, en particular, el delito de incendio en lugar habitado.
Lo que siempre he dicho es que debemos ser rigurosos con lo que señalamos y no plantear meros discursos dirigidos a la galería, con un nivel de populismo penal que no se condice con el objetivo ni con el texto del proyecto.
Después de haber escuchado algunas intervenciones, me pregunto qué proyecto examinaron los colegas, porque, claramente, no vieron que la iniciativa establece delitos contra el orden público y que ampliamos las penas consignadas en el artículo 268 sexies a los que con violencia o intimidación retuvieren o tomaren el control de automóviles de dos o más plazas o de camiones en la vía pública, impidiendo la libre circulación. Además, actualizamos las hipótesis respecto del delito de incendio en lugar no habitado.
Por lo tanto, insisto en que debemos adecuar el debate a lo que efectivamente estamos discutiendo.
Cuando hablamos de derecho penal, es decir, por definición, de un sistema de ideas que propone contener el ejercicio del poder punitivo del Estado y de cómo ese poder punitivo va a generar cambios conductuales, lo cierto es que la teoría penal no orienta solamente la aplicación de esas penas, porque el ejercicio de la actividad penal, o el ejercicio del poder punitivo del Estado, tiene una serie de dimensiones. En otras palabras, esto actúa a través de un sistema integrado, por lo que, lamentablemente, no sacamos nada con generar modificaciones y mejorías a los textos legales si no somos capaces de entender que el sistema procesal penal responde a un sistema mucho más amplio y que la pena nunca va a ser una herramienta para el cambio de conducta. La aplicación de la pena no desincentiva la generación de un cambio de conducta. Una muestra es lo que sucede hoy. El hecho de que aumentemos o establezcamos nuevas figuras delictuales no va a disuadir al delincuente. Eso es tan falso como absurdo. Si la pena evita la comisión de delitos -lo he escuchado en varias intervenciones-, entonces cómo se explica que el sucesivo aumento de penas no impida el alza de delitos.
Hoy, al escuchar ciertas intervenciones, me sorprendí por el nivel de desconocimiento de lo que estamos discutiendo, en particular respecto de lo que el derecho penal desarrolla a este respecto.
En relación con las indicaciones presentadas por el diputado Walker , me parece que están bien conceptuadas, en particular respecto del mejoramiento y adecuación a los tiempos actuales de un texto que fue generado en el siglo
0
XIX.
Como dije en un comienzo, se amplían determinadas figuras, porque, claramente, en los tiempos en que fue dictado el Código Penal, no existían vehículos motorizados, como camiones, etcétera. Tampoco existían vehículos de transporte público de pasajeros, automóviles de dos plazas, camiones, instalaciones de servicios sanitarios, almacenamiento o transporte de combustibles, distribución y generación de energía eléctrica, etcétera. Me parece que esos conceptos que agregamos son absolutamente adecuados, así como la adecuación de algunas penas. Por eso aprobé en particular las indicaciones presentadas para mejorar el proyecto.
El delito de incendio no solo se comete en la Araucanía. Eso es un error y no corresponde. Hoy, adecuamos el delito de incendio a una figura nacional, porque las leyes tienen carácter genérico y aplicación nacional; no obedecen a casos particulares. Si hay parlamentarios que creen que todo lo malo en Chile ocurre en la Araucanía o en la macrozona sur están absolutamente equivocados. Eso solo demuestra lo ciegos que están ante la situación real de nuestro país, en particular respecto de lo que ocurre en la Araucanía.
He dicho.";1
"34";"21402";120;2021;4;"ILABACA";"vía telemática";"El señor ILABACA (vía telemática).-
Señor Presidente, hago reserva de constitucionalidad respecto de las dos indicaciones aprobadas en el proyecto que introduce diversas modificaciones a las normas del Código Penal referidas al delito de incendio, toda vez que existe claramente un descriterio respecto del principio de proporcionalidad, lo que transgrede el artículo 19, número 3º, de la Constitución, puesto que no se podría aplicar el debido proceso. Claramente, existe una desproporción respecto de la aplicabilidad de las penas en nuestra legislación.
Por lo tanto, hago reserva de constitucionalidad respecto de las dos indicaciones. He dicho.";1
"35";"21402";126;2021;7;"INSULZA";NA;"El señor INSULZA.-
Muchas gracias, Presidenta .
0
Me corresponde informar acerca del proyecto de ley que introduce diversas modificaciones a las normas del Código Penal referidas al delito de incendio, que cumple su tercer trámite constitucional en esta Corporación.
Quiero recordar que esta iniciativa tiene su origen en un acontecimiento muy desgraciado y muy lamentable: un crimen cometido en la ciudad de Victoria el 9 de febrero del año 2020, cuando el camionero señor Juan Alfredo Barrios Farías pereció, producto del incendio de su vehículo, en el que se encontraba descansando. Esto le ha dado urgencia al proyecto y hemos hecho un gran esfuerzo para despacharlo.
El objetivo original de la propuesta legislativa era adecuar a las necesidades contemporáneas los tipos penales de incendio, que se encuentran establecidos en los artículos 474 y 475 del Código Penal, para asegurar su aplicación y evitar vaguedades en su interpretación, además de considerar algunos temas residuales que trataré a continuación.
Nosotros discutimos la mayor parte de las enmiendas de la Cámara de Diputados y estamos de acuerdo en un conjunto de temas. Por lo tanto, quiero referirme brevemente a esto y a sus transformaciones.
En el número 1) del proyecto el texto simplemente modificaba un asunto completamente paralelo al objetivo, el artículo 268 del Código Penal, cambiando la frase ""vehículo de transporte público de pasajeros"" por ""vehículo motorizado"", de manera de abarcar un número mayor de vehículos. Por esa razón, este texto no tuvo ninguna dificultad para nosotros.
Sin embargo, en la Cámara de Diputados se agregó un artículo 268 sexies que en realidad no tiene que ver propiamente con el incendio de vehículos. En el nuevo inciso final propuesto se señala: ""Los que con violencia o intimidación retuvieren o tomaren el control de automóviles de dos o más plazas o de camiones en la vía pública - aquí se consideraban los camiones; por esa razón nos parecía tan importante-, impidiendo la libre circulación, serán sancionados con la pena de presidio menor en su grado máximo a presidio mayor en su grado mínimo, sin perjuicio de las penas que correspondan por los otros delitos cometidos con ocasión del hecho, aplicándose las mismas disposiciones que para determinar la pena se señalan en los incisos anteriores."".
Este texto sustitutivo fue consultado con el Subsecretario del Interior , quien nos señaló que había sido una recomendación de los académicos que expusieron en la Comisión de Seguridad Ciudadana de la Cámara. La Cámara revisora optó por dividir la hipótesis normativa, manteniendo tipos de sanciones distintas para esto.
Nosotros en la Comisión del Senado consideramos, señora Presidenta , que estos temas se relacionan fundamentalmente con asuntos que no son propiamente el delito de incendio. Estamos hablando de una situación en que personas secuestran un vehículo por un determinado tiempo con el objeto de obstaculizar las vías; y probablemente eso correspondería más bien a otro tipo de leyes que se han dictado, pero no a esta iniciativa, que es sobre incendio de vehículos.
Por lo tanto, había una discusión sobre la posibilidad de hacer comparable con este delito el hecho de tomar el control de un vehículo con violencia e intimidación para interrumpir el tránsito, lo que a nuestro juicio creaba algunos problemas con las penas que se estaban planteando; por cuanto, lo que se pedía en el fondo eran penas tales que a veces resultaba más conveniente robar el vehículo que interrumpir el tránsito. Por esa razón, la Comisión del Senado, por 3 votos contra 2, rechazó este nuevo inciso de la Cámara de Diputados, y recomienda rechazarlo también en la Sala.
En el proyecto propiamente tal, ya entrando a los artículos 474 y 475, como estaban, aprobamos por unanimidad la definición que se hace en el inciso primero del artículo 474 del texto de la Cámara de Diputados respecto a ""El que incendiare edificio, aeronave, buque, plataforma naval,"", etcétera, en donde se agregaron un conjunto de vehículos, lo que hace mucho más amplia la definición, ""causando la muerte de una o más personas cuya presencia allí pudo prever, será castigado con presidio mayor en su grado máximo a presidio perpetuo"". Eso quedó así.
No obstante, una indicación presentada a última hora en la Cámara de Diputados dice: ""Las penas de este artículo se aplicarán respectivamente en el grado inferior de ellas si a consecuencia de explosiones ocasionadas por incendios, resultare la muerte o lesiones graves de personas que se hallaren a cualquier distancia del lugar del siniestro."". Lo que había propuesto el Senado la Cámara lo suprimió; nosotros aceptamos su supresión.
Sin embargo, se agregó a última hora -repito- en la Cámara de Diputados una norma que dice: ""Si las conductas
0
señaladas precedentemente recayeren en recintos o vehículos policiales, se aplicará la pena de presidio perpetuo o perpetuo calificado."". Quiero recordar que presidio mayor en su grado máximo a presidio perpetuo ya indica que se trata de más de 20 años. La Comisión consideró que lo agregado por la Cámara de Diputados era excesivo, y pidió, por lo tanto, rechazar esa norma.
Luego se aprobó por unanimidad el artículo 475 que propone la Cámara de Diputados. Este es un tema que debo explicar, porque ciertamente en la nueva norma de ese artículo la definición del tipo de delito del que estamos hablando nos parecía mejor que la del Senado; y, por ello, la aprobamos: ""Cuando ejecutare incendio en edificio, aeronave, buque,"", etcétera, etcétera, ""siempre que hubiesen personas en su interior y su presencia allí se pudiese prever"". Lo que no se aprobó por la Comisión fue la frase en que aumenta la pena y dice ""se castigará al incendiario con presidio mayor en su grado mínimo"". Por lo tanto, la Cámara de Diputados tiene una propuesta mayor que la que estaba planteada con anterioridad. En consecuencia, se pide rechazar esa frase.
En seguida, se agrega nuevamente un aumento de pena; y luego, propiamente en el artículo 476, la Comisión aprobó en su totalidad las enmiendas introducidas por la Cámara de Diputados.
Por lo tanto, quiero reiterar que se trata de dos cosas fundamentales, que pueden ser votadas de manera separada o en conjunto. La idea sería rechazar algunos aumentos de pena que propuso la Cámara de Diputados, respecto del texto que había aprobado el Senado, y eliminar modificaciones tiene que ver más bien con temas de desórdenes públicos, como el uso de vehículos para obstaculizar el tránsito. A este respecto, ya despachamos una ley contra barricadas; por tanto, tal asunto no tiene cabida en este proyecto, que se refiere fundamentalmente al delito de incendio.
Esos dos son los tipos de enmiendas de que estamos hablando.
Sería necesario votar cuatro modificaciones.
La sugerencia que hacemos, Presidenta, es que simplemente se rechacen los cambios propuestos por la Cámara de Diputados en ese sentido, a fin de arreglar las diferencias que tenemos en una Comisión Mixta.
Muchas gracias.
--Conforme al acuerdo previamente adoptado, pasó a presidir la sesión la Senadora señora Órdenes, en calidad de Presidenta accidental .";1
"36";"21402";128;2021;7;"GARCÍA";NA;"El señor GARCÍA .-
Muchas gracias, señora Presidenta .
Nosotros vamos a votar favorablemente este proyecto de ley importantísimo, que se encuentra ya en tercer trámite.
Hay tres normas que venían de la Cámara de Diputados cuya redacción nos satisface mucho más que el texto que se aprobó en la Comisión de Seguridad Pública. Por eso, vamos a solicitar votación separada para la letra c) del numeral 2 del artículo único, que agrega un inciso final al artículo 474; para el inciso segundo del artículo 475, contenido en el número 3, y para -esta sería la primera votación, en realidad- el numeral 1, sustitutivo de la Cámara revisora, que agrega un inciso final en el artículo 268 sexies.
Le voy a repetir mejor, Presidenta , para que haya claridad en la Secretaría:
-Primera votación separada: numeral 1, que agrega un inciso final al artículo 268 sexies;
-Segunda votación separada: letra c) del número 2, que agrega un inciso final al artículo 474, y
0
-Tercera votación separada: inciso segundo del artículo 475, contenido en el numeral 3.
Muchas gracias, señora Presidenta .";1
"37";"21402";130;2021;7;"MOREIRA";NA;"El señor MOREIRA.-
Gracias, Presidenta.
Hace un tiempo yo respondí a una crítica de los Diputados por la lentitud del Senado, expresando que en muchas ocasiones teníamos que arreglar los entuertos que nos enviaban. Bueno, hoy debo reconocer que la Cámara de Diputados y su Comisión de Constitución han realizado un gran trabajo en la revisión de este proyecto, conocido como ""Ley Juan Barrios"". Las modificaciones realizadas le otorgan coherencia y mejoran el tipo penal que se busca sancionar.
Hay que dejar en claro que este proyecto no crea ningún delito; solo actualiza los elementos del tipo, distinguiendo siempre entre incendio con resultado de muerte, con personas en el interior, y el tipo residual.
Yo debo destacar que, incluso, estoy de acuerdo con ciertos aspectos que fueron rechazados en la Comisión de Seguridad Pública, en este tercer trámite, y por lo cual se va a pedir votación separada, como ya lo ha señalado el Senador Insulza .
Sin embargo, quiero referirme al rechazo de las normas que aumentan las penas para quienes incendian vehículos o instalaciones policiales. A mí me parece que no corresponde negarse el aumento de tales penas. Por el contrario, estimo que es urgente incrementar las penas para los violentistas que atacan a carabineros y a los funcionarios de la PDI, especialmente cuando estos son agredidos mientras están en sus vehículos o instalaciones cumpliendo con su deber.
Lanzar un artefacto incendiario debe ser objeto del mayor reproche jurídico y repudio ciudadano. No podemos tener contemplaciones con aquellos que no solo atacan a personas que buscan cumplir con su deber, sino que también buscan socavar el Estado de derecho y, en algunos casos, la democracia, mediante el recurso de quemar a nuestros policías. No estamos hablando de vehículos en los que no haya nadie, sino de vehículo con personas.
Por lo mismo, pido votar favorablemente este informe y ser coherente con el discurso público, sin perjuicio de votar separadamente el numeral 1 del artículo único; la letra c) del numeral 2, y el inciso segundo del artículo 475, contenido en el numeral 3.
En la Comisión de Seguridad Pública, de la cual soy integrante, hemos hecho esfuerzos por avanzar en estos proyectos de ley, porque tienden de alguna manera a neutralizar, a tratar de impedir esta violencia inusitada que existe hoy día en el país.
Yo creo que tiene que haber una penalidad mayor.
Así como pedimos las penas del infierno cuando se produce algún abuso de los policías, tenemos que pedir las mismas penas para quienes los agredan: ley pareja no es dura. Me parece que no ha habido coherencia en el establecimiento de las penas, tratándose de un tema tan sensible, en el cual se les ha perdido el respeto a nuestras policías. Generalmente se exigen las penas del infierno cuando hay un abuso o un delito de parte los policías; pero cuando alguien trata de agredirlos, de matarlos o de quemarlos vivos, para esos agresores vienen los indultos que se proponen en proyectos de ley de la Izquierda.";1
"38";"21402";132;2021;7;"MOREIRA";NA;"El señor MOREIRA.-
Solamente quiero reiterar que pido la misma actitud para ambos lados. Si una persona común y corriente es objeto de un abuso o delito por parte de la autoridad policial, ¡penas del infierno para esos carabineros que no cumplen la ley! Pero lo mismo viceversa; tiene que ser igual. Pero resulta que, cuando tratan de matar o quemar a un policía, ahí de inmediato parlamentarios de Izquierda envían proyectos de ley de indulto.
Entonces, ¡por favor!, ley pareja no es dura. Pido mayor coherencia y no la famosa ley del embudo de la Izquierda: ancho para ellos, angosto para los demás.
Por ello, voy a votar a favor lo que viene de la Cámara de Diputados, y en las votaciones separadas actuaremos en consecuencia.
Gracias, Presidenta .";1
"39";"21402";136;2021;7;"QUINTEROS";NA;"El señor QUINTEROS.-
Presidenta, yo había pedido la palabra hace un rato solo para decir que estamos de acuerdo con el informe de la Comisión y que lo votaremos a favor.
Pero ahora se ha pedido votar separadamente algunas normas.
Era solamente para eso.";1
"40";"21402";138;2021;7;"KAST";NA;"El señor KAST.-
Muchas gracias, Presidenta .
Este proyecto tiene una profundidad importante, más allá de que, obviamente, uno quisiera avanzar en leyes que tuvieran más impacto en el combate contra la violencia.
0
Don Juan Barrios -tal vez muchos no lo saben- era un camionero de Rancagua. Me tocó ir a conocer a su familia en Rancagua, a su viuda y a sus hijos.
La verdad es que él no tenía nada que ver con ningún conflicto con nadie, y lo quemaron vivo, ¡lo quemaron vivo!, en su camión.
Desgraciadamente, no hay nadie siquiera procesado, perseguido, privado de libertad, por ese delito.
Y en esto quiero hacerme eco de que, frente a cualquier persona, sea civil o uniformada, que actúe al margen de la ley, tenemos que ser muy implacables.
Pero en La Araucanía ocurre algo que es muy lamentable: el nivel de impunidad es total; menos de dos de cada cien casos de atentados tienen algún tipo de condena.
Entonces, este proyecto de ley, que ciertamente no soluciona todos los problemas, viene a entregar justicia a la familia de Juan Barrios, que no es el único caso: Pedro Cabrera , trabajador agrícola, también fue asesinado, sin que tuviera ninguna participación en absolutamente nada. Su familia quedó completamente abandonada. ¡Nadie procesado!
En esto no somos el primer país. Si miramos lo que ha pasado en España, en Irlanda, nos daremos cuenta de que los países logran avanzar cuando todos los sectores políticos tienen una sola voz frente a la violencia. Claro que hay diferencias políticas, y son muy legítimas. De eso se trata la democracia: de la dialéctica de las distintas posturas. El punto es que en democracia hay una sola línea que nunca debemos cruzar: se permite todo, menos la violencia; ¡se permite todo, menos la violencia!
Este proyecto de ley fue visto en la Comisión de Seguridad. De hecho, los primeros pasos de su debate ocurrieron cuando yo la estaba presidiendo. Y agradezco mucho el tono que ha tenido dicha instancia bajo la conducción del actual Presidente, quien ha buscado justamente altura de miras.
¿Y qué se está planteando? En lo que respecta al tipo penal, distintos penalistas, muy reconocidos, dijeron: ""Miren, aquí hay un vacío cuando alguien comete el delito de incendio en aquellos lugares que son móviles"". El Código Penal es tan antiguo que, cuando se hizo, no incluía estos espacios. Así de poco actualizado se encuentra su texto.
Es verdad que este proyecto de ley no va a solucionar todos los problemas de la violencia; así que el argumento de aquellos que tratan de prometer que con esta iniciativa casi se acabará el conflicto ¡es mentira! Pero sí hace justicia. Sin esta propuesta, incluso si hoy día identificaran a los culpables del asesinato de Juan Barrios, probablemente no existiría el tipo penal para poder juzgarlos como corresponde.
Lo que hace este proyecto no es subir las penas -aquí no se sube ninguna pena-, sino pretender, de alguna manera, emparejar la cancha para que en los lugares donde se cometa el delito de incendio, tratándose de un medio de transporte que efectivamente incluya personas, la pena que se aplique esté a la altura de las otras penas del mismo delito.
Por lo tanto, no solamente voto a favor; también agradezco que finalmente hoy día estemos avanzando en esta línea.
Pero, insisto, acá hay un tema político bien profundo, y ojalá todos los sectores, más allá de las diferencias políticas que tengamos en los distintos ámbitos, siempre cuidemos mucho nuestra democracia. Cuando se empieza a cruzar la línea roja de justificar la violencia como método para hacer política, sabemos dónde ello comienza, pero no dónde termina. Por eso es tan grave cuando se empiezan a generar proyectos de indulto o de amnistías para quienes utilizaron la violencia como forma de hacer política.
Yo voto a favor y espero que hoy día contemos con la unanimidad para sacar adelante este proyecto, que incluso tuvo mejoras en la Cámara de Diputados.
Gracias, Presidenta .";1
"41";"21402";142;2021;7;"CHAHUÁN";NA;"El señor CHAHUÁN.-
Señora Presidenta , la idea que tuvimos al presentar este proyecto de ley, que corresponde a una moción, a la que luego se sumó el mensaje presidencial, textos que fueron fusionados por acuerdo de esta Sala, respondió básicamente a un llamado urgente: acá no puede, ¡no puede!, haber impunidad.
Ciertamente, este proyecto de ley dice relación con la situación dramática de aquellos transportistas que hacen del habitáculo de sus camiones su casa, su hogar, pues tienen que trasladarse en ellos por largos días. Lo mismo ocurre respecto de los vehículos de transporte mayor de locomoción colectiva.
La inspiración fue terminar, ¡terminar!, con la impunidad.
Esto obedece también al hecho de que en los últimos años los ataques incendiarios a vehículos motorizados con o sin personas en su interior han ido aumentando sustantivamente, poniendo en riesgo la vida de los ocupantes y su seguridad física y psicológica, además de vulnerar la propiedad ajena y generar enormes perjuicios económicos.
Aquellos ataques han tenido distintas modalidades: interceptación de vehículos en tránsito con pasajeros, quema de vehículos con o sin personas en su interior y quema de vehículos motorizados para sustraer la madera que estos transportan.
Sin lugar a duda, la muerte de Juan Barrios, que fue producto de un ataque provocado el 9 de febrero de 2020, falleciendo por las quemaduras el día 4 de marzo del mismo año, dejó a su viuda y a sus dos hijas en la más completa indefensión. Y por eso queremos que se avance significativamente.
Esta es una señal política potente, para decir que no van a quedar en la impunidad estos actos deleznables, que deben ser condenados con toda la fuerza. Respecto de ellos, se incorpora al delito de incendio una agravante, por cuanto claramente acá hay una acción que busca sembrar terror, ¡una acción que busca sembrar terror!
Eso es lo que está pasando en La Araucanía, eso es lo que está ocurriendo en la macrozona sur. Hay que decir con toda la fuerza, con toda la certeza: ¡estos hechos no pueden seguir quedando en la impunidad!
Hasta ahora, el caso de la muerte de Juan Barrios está sin imputados. No ha habido claramente quién se haga responsable de ese deleznable acto.
Hago presente que nosotros somos firmes partidarios del texto que se originó en la Cámara de Diputados. De ahí que apoyamos la solicitud que hizo nuestro colega el Senador José García en términos de pedir votación separada para que podamos mejorar las normas pertinentes en una Comisión Mixta. Nos referimos fundamental a la letra c) del numeral 2 propuesto por la Cámara revisora, que fue rechazado por la Comisión de Seguridad Pública; al inciso segundo del artículo 475, contenido en el numeral 3 del texto sustitutivo de la Cámara revisora, y al numeral 1, también sustitutivo de la Cámara revisora, rechazado por la referida Comisión. En este último caso, se agrega un inciso final al artículo 268 sexies.
Creemos, sin lugar a duda, que la redacción que la Cámara le dio al proyecto mejoró sustantivamente su texto, y
0
por eso pedimos que la Comisión Mixta pueda reevaluar esas normas específicas.
Consideramos que, ciertamente, acá se está dando una señal política potente: que nunca más haya impunidad respecto de actos que buscan sembrar terror y que dejaron a una familia, en el caso puntual de Juan Barrios, en la más completa indefensión.
En tal sentido, agradecemos que el Gobierno le haya puesto urgencia al proyecto.
Quiero señalar que la idea de legislar a este respecto surgió de la Confederación Nacional del Transporte de Carga de Chile, cuyos representantes asistieron al Parlamento, donde se reunieron con quien ejercía la Presidencia del Senado en aquel minuto, que básicamente les señaló la disposición de la Cámara Alta a poder darle prioridad a la discusión.
Así que agradezco a la ex Presidenta Adriana Muñoz por recibir a la Confederación Nacional del Transporte de Carga de Chile; también a Sergio Pérez , quien impulsó esta idea y que nosotros la canalizamos presentando la moción parlamentaria respectiva, la cual se unió después al anuncio legislativo que hicieron los representantes de la Confederación del Transporte de Carga con el Presidente Piñera en La Moneda.
En tal sentido, quiero señalar que no podemos permitir que los transportistas que ejercen su labor deban circular por zonas donde está debilitado el Estado de Derecho, por lugares donde la violencia se ha hecho cotidiana, se ha naturalizado.
Por eso, junto con esperar que se haga justicia: ¡justicia para Juan Barrios!, debemos entender que el procurar todas las condiciones para que los tribunales de justicia y las fiscalías puedan ejercer su labor implica aprobar la presente modificación legislativa.
Por supuesto, vamos a aprobar en general el proyecto y con la petición de las votaciones separadas queremos que pueda ir a Comisión Mixta para mejorar su redacción.
He dicho, señora Presidenta.";1
"42";"21402";144;2021;7;"INSULZA";NA;"El señor INSULZA.-
Francamente me molesta demasiado que algunos Senadores -y no me estoy refiriendo al colega que acaba de antecederme en el uso de la palabra- hayan pretendido mostrar el proyecto como la clásica pugna entre los blandos y los duros.
Yo quiero solamente decir una frase para no alargar la discusión de más, Presidenta : si esta ley, tal como está escrita aquí, se hubiera aplicado al caso Juan Barrios -la que estamos aprobando ahora, sin las modificaciones; o sea, sin las votaciones separadas- el culpable sería castigado con presidio mayor en su grado máximo, que a lo menos son quince años, y presidio perpetuo. Así que no estamos jugando aquí a los duros y a los blandos. ¡No, por favor! ¡Que quede muy claro!
Lo que pasa es que algunas cosas fueron cambiadas en la Comisión, y es bien simple. Incluso hay una que está siendo aprobada aquí; por lo tanto, Comisión Mixta va a haber igual.
Pero resulta que existe una norma que tiene que ver con las barricadas, y que está enmendando el artículo que se modificó con la ley de barricadas. No estaba en la idea original del proyecto y fue incorporada aquí fundamentalmente para sancionar con penas bastante altas a los que obstaculizaren, a los tomaren un vehículo para obstaculizar la vía pública. ¡Y eso todos sabemos cómo se llama, pues! Y la pena es más alta que la aplicada por el robo de vehículos. O sea, el que quiera obstaculizar la vía mejor se roba el vehículo porque si solo obstaculiza el tránsito le va a salir más complicado.
0
Es la primera norma que estaremos discutiendo. Y es ajena al proyecto: no tiene nada que ver con el delito de incendio. ¡Nada que ver!
Y las otras dos materias efectivamente se refieren a temas que pueden ser muy delicados. Porque lo que hacen es aumentar la pena cuando la víctima sea un policía, o cuando se trate de un vehículo policial aunque no haya daño para las personas que estaban adentro. Y las penas contempladas son realmente muy altas; de nuevo se establecen penas realmente altísimas,
Entre paréntesis, estas cuestiones en el proyecto original estaban como las planteaba el Senado y no como las establece la Cámara de Diputados. Lo que sucedió es que, de pronto, un señor Diputado se entusiasmó y metió un artículo de más y todos aplaudieron. Esa es la realidad. Y estamos tratando de actuar con seriedad.
¡Las penas son muy altas en este proyecto! ¡Muy altas! Incluso algunos podrían señalar que ya son demasiado altas tal como están consideradas.
El delito de incendio se encuentra altamente penado en el Código Penal. Lo que ocurre es que no mencionaba a los camiones; por lo tanto, la ""Ley Juan Barrios"" incluía a los camiones, sin modificar mucho las penas. Y esa era la idea original, tal como lo explicó el Senador Chahuán .
Pero alguien quiso proponer más penas todavía, creando una falla de armonía muy importante en nuestro Código Penal. Y por esa razón nosotros preferimos quedarnos con las penas que estaban en la redacción original y no con las impuestas en la Cámara de Diputados. Porque lo que estamos haciendo es simplemente impartir justicia, solo eso, y no aprovechando la instancia.
En este mismo Hemiciclo, un señor Senador , al cual no nombraré; no estaba en el Senado en esa época, decidió aumentar las penas para la violación de menores y propuso algo que les estaba diciendo a los autores que mataran al niño, porque resultaba que las penas por violación de menores eran mayores que las aplicadas por asesinato de menores. Esas desarmonías tenemos que evitar. Por eso hemos corregido estos temas, pero manteniendo el carácter drástico que el proyecto presenta
Así que, por favor -por su intermedio-, que el Senador Moreira no juegue de nuevo a los bandidos; a los buenos y a los malos; a los duros y a los blandos. No estamos hablando ni de dureza, ni de blandura, sino de aplicar justicia. Y con este proyecto, el homicida de Juan Barrios, el que incendió el camión donde murió Juan Barrios se llevaría por lo menos quince años de cárcel. Si alguien piensa que eso es poco, que es blandura, quiere decir que estamos en un mundo punitivo que no tiene ningún sentido de existir.
Presidenta , muchas gracias.";1
"43";"21402";146;2021;7;"ARAVENA";NA;"La señora ARAVENA.-
Muchas gracias, Presidenta .
Primero, valorar que estemos votando este proyecto hoy día, principalmente porque no puedo evitar pedir la palabra para, de alguna manera, hacerme cargo de la violencia que hay en la macrozona sur, no solo en La Araucanía. Este primer semestre tenemos más de 866 hechos de violencia, de los cuales casi 600 corresponden a mi Región, lo que es muchísimo. Han aumentado casi en un 100 por ciento los actos violentos. Y en el caso de los camiones, de los vehículos motorizados de que estamos hablando hoy día, estos ilícitos han crecido muchísimo.
Es importante aclarar que Juan Barrios, quien ya no está con nosotros, representa a muchos camioneros que transitan por la macrozona sur con miedo. Juan Barrios falleció hace más de un año en un lugar donde esperaba entregar la cosecha. Porque, para aquellos que no saben, los molinos normalmente reciben carga hasta una hora determinada, y luego los choferes de los camiones duermen en algún lugar cercano de la carretera a la espera de que abran nuevamente. Era su trabajo habitual. Y muchos de los que estaban ahí ese día vieron cómo el vehículo
0
en que pernoctaba sufre un atentado incendiario que hace que hoy día ya no esté con nosotros.
Entonces, debemos lamentar lo que sucedió. Pero también debemos lamentar que muchas otras víctimas hoy día se acerquen a nuestras oficinas a solicitar apoyo, porque no se señala que muchos de los camioneros que han sufrido atentados son prestadores de servicios de grandes empresas. Cuando hay relatos e historias según las cuales se quiere atacar a las grandes empresas ocurre todo lo contrario: las grandes empresas hace muchos años: más de veinte o treinta, que subcontratan servicios de pequeños empresarios que están pagando en cuotas sus camiones, sus tractores, etcétera. Por lo tanto, se le hace daño al microempresario y a su familia, y no es un tema menor.
También coincido con lo que planteaba el Senador que me antecedió, en el sentido de que no estamos aumentando penas, es bueno reiterarlo; lo que modificamos, en el fondo, es la tipificación de la sanción del delito de incendio, agregando objetos y lugares en que dicho delito pueda ser cometido, en especial los vehículos motorizados. La iniciativa, en el fondo, de alguna manera mejora la redacción actual, que solo se refiere a locaciones y no a bienes muebles, por lo cual podría interpretarse que un vehículo motorizado -como en el caso de Juan Barrios- no estaría contemplado en dicha hipótesis.
Lo que estamos haciendo es mejorar la redacción. Y esa es la iniciativa que felicito. Porque el delito de incendio tiene una pena alta; el problema es que no estaba incorporada una situación que hoy día se produce lamentablemente con mucha frecuencia en la macrozona sur.
Felicitaciones a quienes tuvieron la idea de hacer justicia a través de esta moción y al hecho de que el Ejecutivo la acogiera como propia; solo deseaba aclarar cuál es el sentido de la norma que hoy estamos aprobando y lamentar profundamente no solo el fallecimiento de Juan Barrios, sino el de muchos otros camioneros que viven día a día la angustia y la incertidumbre de no saber si llegarán a sus casas.
Yo apruebo el proyecto, Presidenta .
Muchas gracias.";1
"44";"21402";148;2021;7;"NAVARRO";NA;"El señor NAVARRO.-
Gracias, Presidenta .
Sin duda, el asesinato de Juan Barrios, porque incendiaron su camión, es un delito, es un homicidio. Condenamos esa violencia: esos son los hechos reales, y esperamos, por cierto, que no vuelvan a repetirse.
Quiero señalar que este proyecto de ley, presentado para que no haya impunidad, tiene como un hecho real de la investigación el que no hay culpables; es decir, todavía no se sabe quién incendió el camión.
Y si en este Senado llegamos a establecer la norma pensando en que el alza de las penas va a resolver los delitos, incluyendo uno tan grave como el incendio de un camión que termina con la vida de un conductor inocente que solo cumplía con su trabajo, cometeremos un grave error. Y deseo advertir que en muchas ocasiones el Senado y también la Cámara de Diputados han actuado con populismo penal, o sea, subiendo las penas.
Hemos discutido sobre el robo a cajeros automáticos y un conjunto de delitos que ocurren a diario, en el contexto de un Ministerio Público -y aquí está el señor Subsecretario del Interior - en que el 70 por ciento de los delitos no se investigan. ¡El 70 por ciento!
Presentar los hechos es importante. Son hechos gravísimos. Esa es la realidad.
Lo que extraño en este debate y en la intervención de los Senadores es la causalidad; es decir, la realidad la condenamos todos, pero nadie va a la causalidad. Esta situación es recurrente en los medios de prensa, que
0
hablan de violencia rural, de terrorismo, y el propio Gobierno habla de terrorismo, y no van a la causa. Y este es un error que le puede costar y que le está costando muy caro a Chile.
Aquí hay una causalidad. ¿Cuándo pondremos el acento en ella? La causalidad es que hay una disputa por las tierras que ha adquirido la forma que hemos conocido y que está cobrando como víctimas a personas inocentes, como Juan Barrios, y también a mapuches y jóvenes que han tomado un camino de lucha que ha sido actuar con violencia.
Yo apelo al hecho de que el Estado de Chile ha actuado con violencia en contra de las comunidades mapuches. Les han robado su tierra las empresas forestales. ¿O conoce, señor Subsecretario -tengo a un Ministro y a un Subsecretario aquí, a mis espaldas-, un país del mundo en donde en un estado, llámenlo ""región"", el 90 por ciento del territorio sea de las forestales y que hayan arrinconado a las comunidades indígenas?
¡Eso ocurría hace cien años! Pero en Chile ocurre hoy en mi Provincia, en Arauco, y ocurre en la Región de La Araucanía. Hay robo de tierras a las comunidades mapuches.
Y mientras, los neoliberales que están en el Gobierno quieren disfrazar la realidad apelando solo ""a la violencia"". Sí, la violencia existe y la condenamos, pero tiene un origen, que es el robo histórico de tierras a las comunidades mapuches. Y en tanto no haya devolución de esas tierras, aunque pongan un carabinero en cada camión, seguirán existiendo atentados violentos. Porque el problema no se resuelve con subir las penas.
Esto no restituye la vida de Juan Barrios, esto no restituye las vidas de los muertos en La Araucanía. ¡Y el único que se ha atrevido a poner los puntos sobre las íes es Francisco Huenchumilla cuando fue Intendente, hoy día un gran Senador! Y un Gobierno democrático que lo había nombrado, el cual yo apoyé, le pidió el cargo a la persona que más sabe del tema en este Senado, a la que actuaba desde un cargo en el Ejecutivo , como los Ministros que tengo a mis espaldas, quienes solo se preocupan de aplicar la fuerza persecutoria y no de ir al origen del problema. ¡Ah!, ¿por qué? Porque tocan el modelo neoliberal, porque tocan la propiedad privada, porque tocan los intereses de las forestales. Por eso que este Senado no debate y hace aparecer como que existe un conflicto en el que hay violentos y pacíficos.
Y por cierto que hay violencia: la reconocemos y la hemos condenado, pero nadie se atreve. Y yo reclamo, por la historia de este país y la dignidad de este Senado, que discutamos el fondo del tema: la causalidad; no solo la realidad. Porque la realidad nos puede llevar a cometer errores.
Aquí lo han señalado: este es un proyecto que aumenta las penas. Y hay confusión al respecto. Algunos señalan: ¡Si este proyecto no aumenta las penas: ya existía el tipo penal! Y se transan en una terminología que escasos chilenos podrían comprender.
Lo que la gente siente en La Araucanía es miedo. Y en eso el Gobierno tiene razón. Lo que hay en las comunidades mapuches también es temor, pero a la vez hay rabia contenida. Porque han sido desalojados de sus tierras y el Estado insiste en militarizar la zona; en hacer montajes, como en el caso Huracán; en establecer represión y no solución, porque nadie quiere tocar el modelito.
Por eso confío tanto en la Nueva Constitución, porque nos obligará a discutir sobre el fondo de los temas. Como lo hizo Canadá en su oportunidad y ahora 2 millones de kilómetros cuadrados son administrados por los inuits, en un acuerdo entre el Estado de Canadá y los inuits; o como en el caso de Nueva Zelandia. Ahí ha habido acuerdos de respeto mutuo y se ha reconocido que existe un problema.
En cambio aquí, establecemos una ley que lleva el nombre de un conductor asesinado que no resuelve los problemas de fondo. Y si creemos por un minuto que vamos a quedar (comillas) con la conciencia tranquila, nos equivocamos plenamente.
¡Nos equivocamos plenamente!
Yo reclamo, para este Senado, abrir un debate sobre la causalidad de estos hechos de violencia en La Araucanía; reclamo por que se suban las penas. ¡Por favor!, le pregunto al Subsecretario del Interior : ¿en qué país el alza de las penas punitivas ha disminuido los delitos?: ¡En ninguno! No hay ninguna relación coherente ni progresiva que respalde la idea de que entre más penas, menos delitos. No, no terminan los delitos con alzar las penas.
0
Es la fórmula que insistentemente propone el Gobierno. Así ocurrió después de que los camioneros le hicieron un paro, después de que tuvo que negociar para que no se tomaran la carretera, y donde no hubo ninguna sanción contra quienes ocuparon las carreteras durante dos días porque el Gobierno sí negocia y cede con los camioneros, pero no se sienta a hacer lo mismo con las comunidades.
Y si se ha recurrido a la violencia en La Araucanía es porque todos los Gobiernos, incluyendo a los que he apoyado: los Gobiernos presididos por socialistas, por democratacristianos y hoy día por la Derecha, no han querido ver el fondo del asunto. ¡Ni uno! No han querido enfrentar el modelo neoliberal.
Entonces, seamos claros con la familia de Juan Barrios. Esta ley aumenta las penas, de manera excesiva en mi opinión: presidio perpetuo al que ataque una comisaría -en este caso me parece bien: hay que protegerlas-, pero por suerte hubo quien reparó en las tomas de camino en el caso del transporte público, acto en el cual muchos Senadores habrán participado. Yo participé en una acción contra la ""ruta de la muerte"" en Santa Juana, junto a la comunidad y al alcalde , con el fin de paralizar dicha ruta, porque la gente muere producto de que la vía se encuentra en pésimas condiciones de seguridad.
Si vamos a asimilar la retención de un vehículo de transporte público con las penas de este tipo, ¡le echamos más bencina al fuego nomás, Ministro !, no resolverá el problema. No nos pasemos de listos. Ya la Ley Antibarricadas fue un problema e intentar reponerla en esta normativa es otro grave problema.
Presidenta, yo apelo a la realidad y a la causalidad. Y hemos entrado en un proceso en el que nos volvemos comentaristas de la realidad, pero omitimos la causalidad. Aquí históricamente la prensa, incluyendo la realidad, omite la causalidad. Y este Senado no puede negar la causalidad.
Durante siglos este Senado ha tenido mapuches en el Congreso Nacional. Y lo saben los Senadores de La Araucanía. Y el tema se debatía.
Presidenta, quiero saber cuáles son la votaciones separadas que ha pedido la Derecha para saber si me voy a abstener; no las voy a rechazar. Pero si el resultado es la falsa ilusión de que con este proyecto no habrá impunidad, creo que engañamos a la ciudadanía.
Aquí tiene que haber un análisis profundo del tema y de la causalidad. Y la causalidad es el robo, ¡el robo!, el robo de tierras durante décadas a las comunidades mapuche por parte del Estado y hoy por parte de las forestales.
¡Patagonia sin represas!
¡Nueva Constitución, ahora!
¡No más AFP!";1
"45";"21402";150;2021;7;"COLOMA";NA;"El señor COLOMA.-
Muy brevemente, Presidenta .
La verdad es que a mí me dejó pensando el Senador Navarro . Yo no puedo quedarme en silencio ante su intervención y el tema de la causalidad. Respecto de la violencia en sí misma no le vi el mismo entusiasmo que
0
tiene para dispararle -voy a hacerlo gráfico, no quiero ser específico- al Gobierno, a la Fiscalía, al Ministerio, al Senado, al que se mueva, como si él fuera el gran acreedor de todas estas situaciones. Me gustaría que esa misma energía, esos mismos gritos, esa efusividad las use también para criticar a los violentistas, que son a quienes se intenta perseguir con esta norma.
Eso es lo que me gustaría y no que se buscara un empate permanente. Una cosa es la causalidad y otra, la responsabilidad personal, el dolo, el intento de generar la muerte, como sucedió en el caso de Juan Barrios, por el único delito de ser transportista. Y eso no está sancionado de buena manera conforme al antiguo Código Penal que tenemos.
Entonces, dediquémonos a los temas que sí le corresponden al Senado. Obviamente, es poder tener la capacidad de generar políticas públicas, pero resolver los conflictos legales, no psicológicos que pueden existir, que también hay que abordar. Pero nosotros tenemos herramientas: mandar, prohibir o permitir y generar sanciones. No basta con ser acreedor de todo y decir que el resto son malos, inútiles o tales por cuales -no sé qué otro calificativo pudo utilizarse-, sin usar ese mismo esfuerzo para condenar a quienes han cometido actos de violencia, que son aquellos a los que transversalmente se les está intentando poner alguna barrera, ¿a partir de qué? A partir de normas.
Y bien debe saber el Senador que me antecedió en el uso de la palabra que aquí lo que se está haciendo es algo diferente. Es una tipificación distinta. Es incorporar a tipos que ya existen conductas que no estaban incluidas, como es, precisamente, el hecho de que una persona sea quemada en un vehículo particular. ¡Eso es! Y que eso tenga una sanción equivalente a la que se aplica si esto le ocurre a una persona en el ámbito público. Eso es lo que pretende, en su médula, este proyecto.
En la Cámara se agregaron elementos que generaron responsabilidades adicionales. Pero vámonos al tema de fondo: ¿es bueno o malo que esté incorporado dentro de los delitos graves de incendio el hecho de que se atente contra un camionero, o debe tener una sanción diferente a otro tipo de situaciones? ¡Eso es lo que estamos viendo!
Yo fui invitado a ser uno de los suscriptores de este proyecto, que después se refundió con otras iniciativas, y se hizo una presentación común. Eso me parece superrazonable. ¿Desde qué perspectiva? De haber conversado con muchos camioneros. Sí, no tengo problemas: yo converso con los camioneros; para mí no son lepra; son trabajadores importantes y muy respetables de nuestro país. Y no digan ahora que porque el Gobierno o alguien habla con los camioneros es una especie de pecado. ¡No me siento pecador, Presidenta ! Me siento perfectamente razonable al hablar con personas que lo han pasado pésimo porque han sido objeto de actos violentistas que no merecen.
Y por eso me gusta que el nombre que se le ha dado a esta iniciativa sea precisamente el de Juan Barrios, porque representa un símbolo respecto de algo que nuestra sociedad debe contribuir a erradicar. Nunca vamos a ser capaces de eliminar todo acto delictual, pero sí por lo menos como sociedad debemos frenar estos actos violentistas que tanto daño generan.
Y me alegro -en otras ocasiones, he sido crítico- de que el Ejecutivo esté presente, de que el Subsecretario esté aquí haciendo un esfuerzo para que se llegue a buen término. Porque esto va más allá de un Gobierno. Este es un tema que tenemos que enfrentar como sociedad. Y me imagino que todos entendemos que la violencia y, en este caso, las acciones incendiarias son el tipo de cosas que precisamente debemos enfrentar con mayor fuerza.
Por eso, Presidenta , me parece que el proyecto está bien inspirado. Lo que buscan las votaciones separadas es asumir ideas que desde nuestra perspectiva parecen correctas, que surgieron en la Cámara de Diputados y que, por un lado, generan mejor determinación de las conductas, y por otra parte, se ponen más a tono con las normas que un Código Penal moderno debe tener en esta materia.
He dicho, Presidenta .";1
"46";"21402";155;2021;7;"HUENCHUMILLA";NA;"El señor HUENCHUMILLA.-
Bueno, yo lo voy a hacer más simple, señor Secretario : voy a votar a favor de todo lo que la Comisión de Seguridad aprobó y voy a rechazar todo lo que esta instancia rechazó.
No sé si queda claro.
La Comisión aprobó determinados artículos, los que yo también apruebo. Aquello que rechazó, yo también lo rechazo. O sea, estoy en la línea de la Comisión de Seguridad.";1
"47";"21402";159;2021;7;"MONTES";NA;"El señor MONTES.-
Yo voto a favor en los mismos términos que ha planteado recién el Senador Huenchumilla . Por el informe que se nos ha entregado, voto a favor de lo que aprobó la Comisión y en contra lo que rechazó.
Entre otras cosas, le aclararía al Senador Navarro que, hasta donde yo entendí, el tema de las barricadas, de la Ley Antibarricadas, fue rechazado por la Comisión.
Yo me siento muy solidario de Juan Barrios y de su familia. Creo que todo lo que se pueda hacer para por lo menos darle un cierto apoyo explícito tiene un significado para el mundo completo de los que cumplen la misma función y para su familia.
Pero quiero aprovechar la oportunidad para hacer una breve reflexión, a propósito de lo que planteó el Senador Navarro, cuya línea de fondo yo comparto.
Quiero decirles que la socialdemocracia en el mundo hace mucho tiempo que, frente a los problemas de seguridad pública, ha sostenido que es muy importante distinguir y actuar de una manera específica y diferenciada sobre las causas que provocan esas situaciones, así como también en el control y en la contención del delito, en enfrentar los delitos mismos.
Es bueno preguntarse qué produce esta situación y cómo actuar respecto al origen, a la base, como decía también el Senador. Y, además, hay que enfrentar la contención. Aquí se está tratando de tipificar mejor un delito. Algunos piensan que aumentar o redefinir algunas penas va a tener algún efecto.
Lo concreto es que hay un incremento de los incendios de camiones y de otros incendios en La Araucanía. Hay que ver qué produce esto. Yo no tengo una explicación. Pero en La Araucanía hay un problema económico, social, cultural e histórico. Y a mí me interpreta mucho la visión que tiene normalmente el Senador Huenchumilla, que posee un conocimiento bastante más cabal de todo lo que ocurre.
En este contexto, los incendios de camiones han adquirido el carácter casi simbólico -y lo decía la Senadora Aravena-, ligado a problemas de las grandes empresas y de la madera. Ella decía que tiende a vincularse como símbolo de eso.
Yo creo que lo que está ocurriendo en La Araucanía requiere mucha más reflexión y respuesta.
Uno se pregunta qué le pasa al Parlamento chileno que no logra asumir, profundizar el debate y buscar alternativas para la situación de La Araucanía en todos los años que esto lleva. ¿Qué nos pasa? ¿Qué es lo que no hacemos bien? ¿Qué es lo que tenemos que modificar en la forma de actuar? Eso hay que preguntárselo al menos.
O sea, ¿por qué no estamos a la altura de esta necesidad? No vamos a tener la respuesta operativa, porque no nos corresponde, pero sí hay que tener capacidad de objetivar y enfrentar la situación. Estamos divididos en posiciones que a veces no responden a la profundidad de los hechos y de lo que está ocurriendo ahí.
Cuando en escenarios como este aparecen los M16 de la manera que aparecen, hay que preguntarse para dónde va esto. ¿Va en el sentido de lo que ocurre u ocurrió en México, en la zona de pueblos originarios, y toda una situación que se generó, que tuvo una expresión política muy contundente, o no?
Yo voto a favor porque comparto estas normas. Pero sé que esto no resuelve el problema. Eso dice Navarro. Esto ayuda, en fin, a algunas cosas. Pero de repente uno tiene la sensación de bastante pedaleo en banda en muchas
0
de estas medidas.
No tengo claro si esto resuelve el problema o no. Me da la impresión de que todavía nos falta ir al fondo, responder a las causas, como decía el Senador Navarro. Hay que responder para construir respuestas de fondo y, a su vez, tener medidas para contener el delito.
Yo voto a favor porque creo que la Comisión ha hecho un intento de transformar un proyecto en algo más ponderado, más global y que se hace cargo de una situación. Eso lo comparto.
Sin embargo, digo que nos falta en la manera de trabajar como Parlamento. ¡No puede ser que no enfrentemos estos problemas! ¿Qué significa esto? ¡Cambio en la forma en que trabajamos! Porque estas sesiones especiales para ver lo relativo a La Araucanía al final se transforman en algo que no da cuenta de los temas. ¿Y cómo construimos un Parlamento que dé cuenta, que responda, que contribuya a elevar, y si se equivoca, volver a trabajar para superar eso?
Voto a favor, señora Presidenta .
Creo que tenemos desafíos bastante grandes para fortalecer el Parlamento, porque la democracia requiere un Parlamento a la altura de los desafíos que se plantean en la sociedad.
Gracias, Presidenta .";1
"48";"21402";163;2021;7;"GALLI";"Ministro del Interior y Seguridad Pública subrogante";"El señor GALLI ( Ministro del Interior y Seguridad Pública subrogante).-
Muchas gracias, Presidenta .
0
Muy brevemente.
Quiero, en primer lugar, agradecer la votación de esta Sala, en tercer trámite, de este proyecto de ley. Se trata de una iniciativa que, tal como lo decía el Senador Chahuán, tiene su origen en una moción parlamentaria y un mensaje del Presidente de la República , en una intención que es compartida.
Presidenta, la verdad es que nos encontramos con un aumento en los ataques incendiarios a vehículos motorizados. Por eso quiero hacer tres precisiones respecto del tenor de la discusión.
Creo que el Senador Insulza, Presidente de la Comisión , lo expresó muy correctamente. En este proyecto de ley lo que estamos corrigiendo es la descripción típica de un delito que es grave y que es correcto que lo sea: el delito de incendio.
El delito de incendio es gravísimo, porque lo que nos enseñan a los abogados muchas veces en la universidad es que el delito de incendio es un delito pluriofensivo. Porque si fuera solamente por el daño que puede producir el fuego en las cosas, sería un delito contra la propiedad; pero el problema es que aquella persona que inicia el fuego no sabe a quién puede dañar, y eventualmente el riesgo a que expone a la sociedad aquella persona que inicia dolosamente el fuego puede incluso causar la muerte.
Ese es precisamente el caso de Juan Barrios. Ese es precisamente el caso del que se trata este proyecto de ley: una persona que resultó fallecida como consecuencia de un delito doloso de incendio. Por eso mismo, Presidenta , nosotros lo que quisimos era tipificar de manera muy clara que aquellas personas que cometieran el delito de incendio y lo hicieran en contra de vehículos motorizados debían ser penados de manera más grave, porque claramente hay un mayor riesgo cuando se atenta en contra de vehículos motorizados, porque dentro de estos pueden ir personas.
Ese es todo el sentido, Presidenta. Por eso mismo creemos que es tan relevante el apoyo unánime que le dio el Senado a este texto, más allá de lo que se defina en las tres votaciones separadas.
Sí quiero hacer tres prevenciones, Presidenta .
Una respecto a lo señalado por el Senador Navarro. Creo que no se pueden confundir medios y fines. Porque, más allá de cuál sea la causa, ¡más allá de cuál sea la causa!, Presidenta , los medios aquí son relevantes. Y si hay algo que es de la esencia del Estado de derecho y de una democracia es que renunciamos a la violencia como un medio legítimo para perseguir fines.
Me pareció escuchar señales equívocas en las palabras del Senador Navarro -por su intermedio, Presidenta - respecto de la validación de la violencia para la persecución de fines, que pueden ser muy legítimos, pero la violencia nunca es un medio legítimo para perseguir fines.
En segundo lugar, Presidenta , me quiero referir a las penas como un medio para generar prevención o prevenir delitos.
Efectivamente, con el Senador Navarro y con el Senador Montes podemos discutir largamente respecto de eso. Sin embargo, yo reviso, por ejemplo, iniciativas de Su Señoría en que tipifica delitos y aumenta las penas, incluso algunas sobre el maltrato animal. Y en ese contexto pareciera que los animales son más importantes que las personas que conducen camiones en La Araucanía, porque en un caso es inefectivo el aumento de penas y en el otro lo propone a este Honorable Senado.
Por eso, Presidenta , agradezco a la Sala por el avance en este proyecto, y esperemos que podamos resolver las divergencias y sea ley prontamente.
Gracias.";1
"49";"21402";167;2021;7;"GARCÍA";NA;"El señor GARCÍA .-
Muchas gracias, señora Presidenta .
Muy breve.
Nos parece que el texto que despachó hacia el Senado, en tercer trámite, la Cámara de Diputados es mucho mejor que el que viene en el informe de la Comisión de Seguridad Pública del Senado. ¿Y por qué decimos esto? Porque en la redacción propuesta por la Cámara Baja se recogen las sugerencias realizadas por dos destacados profesores penalistas: don Jean Pierre Matus y don Jaime Couso .
Se realiza una diferenciación en la penalidad entre la retención de medios de transporte público de pasajeros y la del resto de los vehículos motorizados. Nos parece que esta distinción es útil y necesaria, como también lo es diferenciar las penas respectivas cuando, por supuesto, corresponda.
Consideramos que lo propuesto está mucho mejor logrado en la redacción de la Cámara de Diputados, y por eso proponemos rechazar lo que viene de la Comisión de Seguridad del Senado, de tal manera que en una Comisión Mixta se pueda volver a analizar y concordar un texto.
Ese es nuestro parecer, señora Presidenta.
Muchas gracias.";1
"50";"21402";169;2021;7;"INSULZA";NA;"El señor INSULZA .-
Tengo una duda, señora Presidenta .
Entiendo que la frase a que se refiere el Senador García es: ""se castigará al incendiario con presidio mayor en su grado mínimo"".
¿A esa se refiere? No entendí muy bien.";1
"51";"21402";171;2021;7;"GARCÍA";NA;"El señor GARCÍA.-
Gracias, Presidenta.
Me refiero al inciso final que se agrega al artículo 268 sexies.
Presidenta , no sé si facilita el despacho de la iniciativa si hacemos una sola votación, incluyendo las otras dos solicitudes de votación separada, porque probablemente -como ya lo anunció el Senador Huenchumilla- hay quienes van a votar a favor de todo el informe y hay quienes hemos pedido votación separada precisamente porque lo que buscamos es rechazar estas normas como vienen de la Comisión de Seguridad a fin de permitir que sea una Comisión Mixta quien las vuelva a analizar y proponga una redacción que ojalá nos interprete a todos.";1
"52";"21402";173;2021;7;"HUENCHUMILLA";NA;"El señor HUENCHUMILLA.-
Gracias, Presidenta .
Mire, la Comisión de Seguridad -según entiendo- rechazó por mayoría de votos cuatro cuestiones que venían del segundo trámite de la Cámara de Diputados.
Si queremos Comisión Mixta, entonces tenemos que votar igual como lo hizo la mayoría de la Comisión de Seguridad, o sea, rechazando lo que viene de la Cámara de Diputados, o, en otras palabras, votando exactamente como se pronunció la Comisión de Seguridad Pública. De esa manera se va a tener Comisión Mixta, para que en ella puedan resolverse las diferencias.
Eso es lo que hay que hacer.";1
"53";"21402";175;2021;7;"MOREIRA";NA;"El señor MOREIRA.-
Presidenta, estamos votando el proyecto en tercer trámite y el informe respectivo de la Comisión.
Nosotros pedimos que se hicieran estas tres votaciones separadas. Entendemos que nosotros vamos a rechazar lo que aprobó la Comisión por 3 votos a 2, que son tres votaciones. Entonces, no es que estemos rechazando lo que aprobó la Comisión.
No sé si el Senador García está en la Sala, porque sería bueno que pudiese explicar lo que yo estoy sosteniendo, o el mismo Secretario, si fuera tan amable.
Lo que hacemos -por su intermedio, al Senador Huenchumilla- es rechazar lo que ustedes aprobaron. Por lo tanto, nosotros somos los que tenemos que votar rechazo.
0";1
"54";"21402";177;2021;7;"HUENCHUMILLA";NA;"El señor HUENCHUMILLA.-
Tiene razón el Senador Moreira, porque estamos en el tercer trámite, y por lo tanto, entiendo que lo que quieren el Senador García, el Senador Moreira y los Senadores de Derecha es aprobar lo que hizo la Cámara de Diputados en el segundo trámite.
Aprobando eso, en consecuencia, y si tuviera mayoría, no habría Comisión Mixta.
Lo que vamos a hacer nosotros, los Senadores de Oposición, es rechazar lo que viene de la Cámara de Diputados en esos tres o cuatro aspectos, o, en otras palabras, aprobar el actuar de la Comisión de Seguridad, que rechazó lo que venía de la Cámara de Diputados, para que se entienda bien.
Eso es, reglamentariamente.";1
"55";"21402";179;2021;7;"GARCÍA";NA;"El señor GARCÍA.-
Presidenta, estamos todos de acuerdo.
Nosotros vamos a rechazar el informe de la Comisión de Seguridad Pública del Senado, porque queremos mantener el texto que viene de la Cámara de Diputados. Eso es, y lo he planteado desde el primer momento.
Así que estamos claros en que en las tres votaciones separadas que hemos solicitado vamos a rechazar lo propuesto en el informe de la Comisión de Seguridad del Senado, pues de esa manera terminamos aceptando lo que viene de la Cámara Baja.
Nosotros votamos por acoger lo acordado por la Cámara de Diputados.";1
"56";"21402";181;2021;7;"INSULZA";NA;"El señor INSULZA.-
Presidenta, nosotros estamos pidiendo que se apruebe el informe de la Comisión de Seguridad del Senado. Es tan simple como eso. Es decir, dicha instancia informa que rechazó cuatro aspectos de la postura de la Cámara de Diputados, y por ello tendría que haber Comisión Mixta. Naturalmente, si aquí se rechazan los rechazos, por así plantearlo, quiere decir que quedaría aprobado el proyecto de la Cámara de Diputados. Eso está claro.
Entre paréntesis, respecto de una parte que no fue objetada por las bancadas de minoría creo que hay un error en el texto. Pero eso me gustaría verlo con la Secretaría después.
El Senador García pidió votación separada de tres aspectos, y en realidad se objetaron cuatro. Lo que pasa es que
0
hay uno que no está muy claro, y tengo la impresión de que no se rechazó la propuesta que venía de la Cámara de Diputados respecto de eso. Pero, en todo caso, vamos a ver el punto después y lo aclararemos.
Sin embargo, efectivamente lo que se puede votar en un solo acto son las tres cosas propuestas por la Comisión de Seguridad del Senado que el Senador García pidió que se rechazaran.";1
"57";"21402";183;2021;7;"RINCÓN";NA;"La señora RINCÓN.-
Gracias, Presidenta .
La verdad es que estoy un poco confundida, porque si escucho al Senador García, mi inclinación es a aprobar lo que dice la Comisión; y si escucho al Senador Huenchumilla, mi inclinación es a rechazar los puntos propuestos por la Comisión para provocar la Comisión Mixta y buscar una redacción que logre confluir las miradas que hay en esta materia.
Entonces, Presidenta , le pediría a mi colega de bancada Francisco Huenchumilla , miembro de la Comisión, que nos aclarara el punto.
Yo me inclinaría a hacer lo que él nos dice, esto es, a votar en contra de estas tres materias, pero quiero que se aclare este asunto.
Gracias.";1
"58";"21402";187;2021;7;"HUENCHUMILLA";NA;"El señor HUENCHUMILLA.-
Presidenta, mire, todo depende de cómo se presente la votación.
Una manera es que se vote el informe de la Comisión de Seguridad Pública. Si se pone en votación su informe, hay que aprobarlo, desde nuestro punto de vista, y el Senador José García y los miembros de su sector rechazarán lo de la Comisión de Seguridad. Y si se presenta lo que viene de la Cámara de Diputados, lógicamente nosotros lo rechazaremos y el Senador José García y compañía, con el colega Iván, lo votarán a favor.
Entonces, todo depende de cómo lo presente la Secretaría.
Creo que lo más sencillo es votar el informe de la Comisión de Seguridad, y, por lo tanto, nosotros lo aprobaremos, y don Iván y don José lo votarán en contra.
Eso es lo más simple, Presidenta .";1
"59";"21402";229;2021;7;"ELIZALDE";NA;"El señor ELIZALDE.-
Gracias, Presidenta.
Yo quisiera recalcar la importancia de que estos temas vayan a la Comisión Mixta, porque ello nos permite tener una visión adecuada.
Las tres normas que se está pidiendo votar a favor no son de la misma naturaleza. Y la razón por la cual la
0
Comisión decidió finalmente votarlas en contra estriba en hacer una adecuada revisión de las mismas.
Una de ellas, por ejemplo, se refiere a los vehículos policiales, que fue aprobada en Sala y que ni siquiera había sido discutida en la Cámara de Diputados.
Por lo tanto, desde el punto de vista estrictamente legislativo, creo que el darse el tiempo necesario para que la Comisión Mixta resuelva cuál es la mejor normativa parece ser la forma más adecuada de llegar a una redacción que no genere una incorrecta interpretación del sentido de la modificación que aquí se está discutiendo.
No cabe duda de que todos nosotros rechazamos de manera enérgica la violencia. Creemos que bajo ninguna circunstancia actos de esta naturaleza pueden ser justificados. Y, más aún, este proyecto lo que pretende es modernizar la legislación vigente, haciéndola aplicable a los tiempos actuales.
Ese es el sentido de la norma
Pero, en los tiempos que vivimos, a veces una modificación que aparece como más dura termina generando un clima de desconfianza que finalmente no contribuye a que actos de esta naturaleza, que todos condenamos, no sigan ocurriendo en el futuro.
Ese es el sentido de la modificación que se ha planteado, y por eso la Comisión de Seguridad Pública votó en contra de la propuesta de la Cámara de Diputados.
Reitero: el debate en la otra rama legislativa no fue realizado con profundidad en cuanto a los efectos de esta modificación.
Y si bien esta fue aprobada finalmente por la Sala, el hecho de que nosotros no la llevemos a la Mixta va a generar una controversia que, a mi entender, no contribuye a que una norma de esta naturaleza cuente con la legitimidad necesaria para que nadie el día de mañana cuestione su aplicación.
De más está decir que esta normativa se aplica a hechos que están aconteciendo en el país, que tienen un claro tinte de carácter político, y que dicen relación con un conflicto que se ha prolongado por mucho tiempo, frente al cual el Estado no ha tenido la capacidad de dar una respuesta adecuada ante las legítimas demandas de un sector importante de nuestra sociedad.
En ese contexto, una normativa que separe en forma clara los hechos estrictamente criminales de las demandas que puedan existir en esta materia va en la línea de generar condiciones para que actos de esta naturaleza no queden en la impunidad.
Sin embargo, la normativa tiene que estar concebida de manera tal que contribuya a generar un clima en que frente a la sanción de estos hechos, que son de carácter punible, no haya ningún sector que pueda cuestionar la aplicación de la misma.
Es por eso que, de las tres modificaciones que plantea la Cámara de Diputados, hay dos que han generado particular controversia y que no contribuyen a generar un clima, que es imprescindible en esta materia.
En consecuencia, Presidenta , me parece necesario dar una revisión adicional a la aplicación.
Asimismo, si finalmente se rechaza el informe de la Cámara de Diputados, lo que vamos a tener en muy poco tiempo más es un cuestionamiento a por qué se aprobó esta norma, cuáles fueron el impacto y la aplicación que finalmente ella tuvo. Y se va a interpretar, desafortunadamente, en un sentido contrario al proyecto, es decir, como una criminalización de la protesta social y no como un instrumento que proteja de mejor forma a las víctimas de estos delitos.
Desde esa perspectiva, el hecho de que se radique este debate en la Comisión Mixta permite darle una mirada distinta, con mayor profundidad, para que la técnica legislativa sea adecuada, para que se pueda dar una visión que conduzca -insisto- a que hechos de esta naturaleza sean sancionados, y no a que la modificación legislativa se interprete como una norma ad hoc tendiente a resolver conflictos de otra naturaleza que requieren soluciones políticas.
0
Por todo ello, siendo muy categórico en cuanto al rechazo enérgico a todos los actos de violencia y de carácter delictivo, creo que la mirada de la Comisión Mixta podría permitirnos tener una legislación que cuente con mayor apoyo, mayor legitimidad, sin cuestionamientos en su aplicación, a fin de que estos hechos sean efectivamente sancionados y no se genere...";1
"60";"21402";233;2021;7;"NAVARRO";NA;"El señor NAVARRO.-
Señora Presidenta, se ha dado este empate y hay un punto que, por cierto, genera debate.
Yo no estuve en la primera votación, y he votado a favor hoy.
Pero hay un punto, Subsecretario Galli , que si tiene a bien...";1
"61";"21402";241;2021;7;"NAVARRO";NA;"El señor NAVARRO.-
... hay un punto preocupante: todavía no hay antecedentes sobre el homicidio y el asesinato de Juan Barrios.
0
Y la verdad es que ese es un tema que debiéramos profundizar con la acción de las policías.
Esta ley tiene un proceso hacia adelante.
Se dice que con aumentar las penas habrá disuasión. Es decir, bajo el precepto de que se aumentan las penas, se cree que la comisión de estos delitos va a ser pensada, repensada, evaluada, meditada, reflexionada. O sea, ello va a disuadir.
Pero tras este hecho, con la gravedad y la connotación pública que ha tenido, ¿qué avances hay en específico? Porque la reparación -la vida es irreparable- para la familia, para los hijos, para la señora de Juan Barrios es, sin duda, encontrar a los responsables.
Y esa tarea depende de la seguridad, de las policías y del Gobierno, Presidenta . ¡Ahí ni el Senado ni una ley van a avanzar en ello! Depende de la acción de las policías buscar a los responsables de estos hechos gravísimos.
Por lo tanto, me gustaría que el Subsecretario , si lo tiene a bien, pudiera entregarnos antecedentes, siempre y cuando sean de carácter público y no interfieran en la investigación.
Hemos visto largos períodos en que las investigaciones no avanzan o parecen no prosperar, no solo en casos donde lamentablemente han fallecido personas bajo la fórmula del homicidio, sino también en otros hechos que han afectado la vida de peñis, lamienes, werkenes, mapuches y comuneros de La Araucanía.
El Gobierno, sobre este caso, siempre debería tener una línea directa de colaboración con los colegisladores, pues a veces no logra entender que debe colegislar para elaborar estos proyectos y para enfrentar la delincuencia, particularmente en la comisión de delitos, donde se requiere la contribución de todos.
Por lo tanto, Presidenta, cada vez que haya una votación se debe advertir a los señores Senadores lo que el proceso no establece ni regula en caso de que ella tenga que repetirse.
En tal virtud, me gustaría que el señor Secretario nos ilustre sobre un nuevo empate en la votación. La votación realizada fue un empate 14 a 14, sin abstenciones ni rechazos, y se ha repetido.
Entonces, quiero saber qué viene, qué procede si esta votación resultara en un nuevo empate. ¿Queda para la próxima sesión? ¿Cuál es el procedimiento y qué consecuencia tiene un nuevo empate en esta votación?
Esa es mi consulta, Presidenta .";1
"62";"21402";251;2021;7;"INSULZA";NA;"El señor INSULZA.-
Presidenta, quizá sea un poco tarde para fundamentar lo que hemos planteado ya.
Como lo dijo un Senador, existen aquí dos...
Perdón, ¿me permiten los Senadores, por favor?";1
"63";"21402";253;2021;7;"INSULZA";NA;"El señor INSULZA.-
Como se dijo aquí, hay dos asuntos de distinta naturaleza.
Hay una propuesta que -francamente yo no sé por qué razón; ya habrá momento de cuestionarlo a la hora de la tercera votación- no decía relación con el objetivo principal del proyecto.
Por algo esta se llama ""ley de incendios"".
El agregar un inciso al artículo 268 sexies no tiene nada que ver con incendios; es absolutamente fuera de los
0
incendios. Se refiere a barricadas, una vez más.
Tanto es así que si ustedes ven dónde se insertó la norma relativa a la Ley de Barricadas, ese es un artículo 268 septies, y el texto que se metió en la Cámara está prácticamente delante del otro, a continuación. O sea, lo que se está haciendo es agregar aquí una nueva disposición a la Ley de Barricadas. Y además esto que se está planteando es profundamente negativo desde el punto de vista de que se aumentan las sanciones sin haber por qué. Se está diciendo que las personas serán penadas por hacer una barricada más que si se robaran los vehículos. En otras palabras, si se hubieran detenido todos los vehículos y se los llevaran, tendrían una pena menor que la pena que merecen por haber armado una barricada durante veinte, treinta minutos.
Entonces, es una norma, a mi juicio, insensata, que va a provocar muchos problemas, porque si se aprueba aquí, ya queda en la ley.
El otro aspecto dice relación, fundamentalmente, con unas alzas de penas con las que uno normalmente podría estar de acuerdo, porque yo también estoy por proteger a la policía, desde luego; pero, cuando estamos hablando de presidio perpetuo, significa que quien incendie un vehículo policial va a ir a la cárcel de por vida aun sin haberle causado daño a alguien, aun sin víctima alguna.
A mi juicio, son desproporciones. Bien sabemos que se trató de un solo Diputado que llegó a última hora sin haber participado en la discusión y agregó esto, que rápidamente fue votado.
Por consiguiente, creo que debemos reflexionar aquí. Algún Senador ha propuesto que reflexionemos un poco respecto de la racionabilidad con que estamos haciendo las cosas. Este Senado se caracteriza generalmente por tener un cierto grado de racionalidad. Y aquí estamos haciendo las cosas de manera irracional.
Por eso, yo quiero pedir que al momento de votar entendamos que aquí no estamos haciendo nada que vaya a terminar con la Ley Juan Barrios, ni mucho menos. Simplemente, lo que estamos haciendo es moderar algunos aspectos que son exagerados en una ley que en sí -quiero repetirlo- condenaría a quien incendia un vehículo con resultado de muerte a un mínimo de 15 años de cárcel. Y, sin embargo, eso no parece suficiente para algunos.
Así que yo pediría, Presidenta, que antes de terminar la votación se reflexione un poco respecto de este asunto.
Muchas gracias.";1
"64";"21402";257;2021;7;"COLOMA";NA;"El señor COLOMA.-
Gracias, Presidenta.
Yo quiero referirme brevemente a una cuestión reglamentaria y reflexiva, porque ha ocurrido en otras oportunidades; no es la primera vez. Me refiero a este sistema de tener información respecto de cómo va la votación para efectos de que algunos colegas vayan demorando, con el conocimiento del resultado eventual. No me parece que ese sea el mejor sistema, Presidenta .
Lo voy a dejar hasta ahí.
Yo le pediría que busquemos una fórmula, como funciona en la Cámara, en que los resultados se dan; no se van auscultando; y la duración de los tiempos en general -puede haber excepciones- no se maneja. Acá, más que fundamentos, se trataba de esperar que llegara un Senador para evitar un resultado.
Entonces, cuando uno tiene una información, a mí no me parece que sea la fórmula de generar los resultados.
Insisto: esto sé que ha pasado otras veces, pero yo buscaría una fórmula para que en las votaciones cada uno se reserve el conocimiento de los resultados y que no se den espacios para extender el tiempo a la espera de que llegue el que falta.
Gracias, Presidenta .";1
"65";"21402";259;2021;7;"ELIZALDE";NA;"El señor ELIZALDE.-
Sobre este punto, a propósito de lo que dijo el Senador Coloma.
Es legítimo que los Senadores argumenten. Y así como él hace uso del Reglamento y a veces se niega a la apertura de la votación, es legítimo que los Senadores, cuando votemos, argumentemos. Y la Presidenta no puede cerrar la votación mientras haya alguien que está haciendo un uso legítimo para fundamentar su voto, establecido en el Reglamento.
Es evidente que en la normativa que se pretendía aprobar hay dos normas en particular que establecían penas absolutamente desproporcionadas respecto del tipo de delito; en algún caso incluso era mayor. Y lo que hicimos el Senador Insulza, el Senador Navarro, quien habla y otros más fue simplemente argumentar la razón por la cual éramos partidarios de aprobar el informe de la Comisión y, por tanto, rechazar lo que venía de la Cámara de Diputados, para que el proyecto fuera a Comisión Mixta.";1
"66";"21402";261;2021;7;"GALLI";"Ministro del Interior y Seguridad Pública subrogante";"El señor GALLI ( Ministro del Interior y Seguridad Pública subrogante).-
Muchas gracias, Presidenta .
Encantado de responder, pero, como sabrá muy bien el Senador Navarro -por su intermedio, Presidenta -, porque he visto varias de sus iniciativas que reforman el Código Procesal Penal, en ese cuerpo legislativo se le da la dirección exclusiva de las investigaciones penales al Ministerio Público, que las desarrolla a través de las policías.
Podría ser considerado una intromisión impropia del Gobierno el pedir cuenta del avance de las investigaciones penales al Ministerio Público. Sí lo pueden hacer los Honorables Senadores a través de oficios, como he recibido también en la Subsecretaría del Interior oficios para que se dé cuenta del curso de las investigaciones penales.
Coincido, eso sí, con el Senador Navarro en la frustración que tienen todas la víctimas de La Araucanía y de la provincia de Arauco por el escaso avance de sus investigaciones. Probablemente, más que el caso de Juan Barrios, el propio Senador Navarro debe de conocer el caso de Moisés Orellana , quien falleció baleado en la comuna de Cañete, en su circunscripción.
Por lo mismo, yo creo que deberíamos pedir celeridad en la investigación de todas las causas a que se haya dado lugar en la provincia de Arauco, particularmente en el último tiempo, en contra de fuerzas policiales, Presidenta , pues hay funcionarios que han resultado heridos, algunos de ellos de gravedad, como dos cabos de Carabineros en el día de ayer en Carahue, uno de los cuales recibió un disparo en la cara, uno de ellos dentro de su ojo, y está siendo sometido a cirugía en este momento en el hospital de Carabineros, y el otro recibió un bolón en su brazo, Presidenta , que probablemente genere la pérdida y la amputación de su brazo, si es que los equipos médicos del hospital de la Región de La Araucanía no logran salvarlo.
Así que comparto plenamente la preocupación del Senador Navarro por las víctimas de la violencia en la macrozona sur.
Gracias, Presidenta .";1
"67";"21402";267;2021;8;"INSULZA";NA;"El señor INSULZA.-
Señor Presidente , como se ha informado bien en esta Sala, este proyecto, que se ha dado en llamar la ""Ley Juan Barrios"", fue planteado para reformar las normas del Código Penal referidas al delito de incendio, que están en los artículos 474, 475 y 476 del mencionado cuerpo legal.
El objetivo fundamental de esta iniciativa es incluir o explicitar dentro de las sanciones, porque muchos pensaban que esto ya estaba en la ley, el incendio de camiones y otros vehículos.
Para recordarlo bien, el texto original decía ""El que incendiare edificios, tren de ferrocarril, buques u otro lugar cualquiera"". A esto se le quería agregar -y se le agregó- ""edificio, aeronave, buque, plataforma naval, vehículos motorizados, instalaciones de servicios sanitarios, de almacenamiento o transporte de combustibles, de distribución"", etcétera. Es decir, una cantidad de otros elementos que no estaban considerados en la norma.
Esto se halla en el capítulo del Código Penal, denominado ""Del incendio y otros estragos"".
En realidad, se trata de una sola modificación, que consta acá, consistente en una reducción de la pena cuando el incendio no tiene víctimas, porque las penas son muy altas cuando en el lugar puede haber personas y cuando ellas fallecen o sufren lesiones muy graves. Y es difícil encontrar penas más altas, pues se llega hasta el presidio perpetuo.
En cambio, la Cámara de Diputados redujo (y eso se aceptó) la pena para el incendiario que debió prever que el lugar estaría habitado, pero igual realizó el incendio y no le causó daño a ninguna persona.
Ese es el único cambio que existió en lo fundamental.
Algunos señores Diputados propusieron incluir penas más altas para algunos vehículos especiales -los policiales, en concreto-, pero en realidad se estimó que estas ya eran lo suficientemente altas como para no incluir más.
Estamos hablando de penas que van de diez o quince años para arriba.
La única diferencia, como digo, es la reducción de la pena para el incendio de algunos de estos vehículos, claramente ampliada, que va desde cinco años y un día hacia arriba.
Esa es la situación que está planteada en los aspectos gruesos del proyecto en examen y que constituye la mayor parte de la llamada ""Ley Juan Barrios"".
0
Sin embargo, en el proyecto de ley se incorporó una norma que corresponde más bien al Título Sexto del Código Penal ""De los crímenes y simples delitos contra el orden y la seguridad públicos cometidos por particulares"". Este contiene el párrafo I, que se denomina ""Retenciones o toma de control de vehículo de transporte público de pasajeros"", y se señala ahí, entonces, que ""Los que mediante violencia o intimidación retuvieren o tomaren el control de un vehículo de transporte público de pasajeros serán sancionados con la pena de presidio mayor en su grado mínimo"".
Ese es el texto legal vigente y se agrega un inciso que aumenta sustantivamente las penas cuando las personas retienen o toman en control de automóviles de dos plazas o de camiones, impidiendo su libre circulación.
No obstante, señor Presidente , algunos Senadores consideraron que esa modificación correspondía a otro proyecto de ley, toda vez que no tiene nada que ver con los incendios y está fuera de ellos.
Ignoro realmente por qué se declaró admisible esa indicación. Pero en vista de que fue declarada admisible fue necesario votarla aparte en la Comisión Mixta, a pesar de lo cual se aprobó.
Por lo tanto, aquí hay dos votaciones, Presidente, que se pueden hacer en el orden que usted señale.
Primero, votar el texto completo, que es el que salió de la Comisión, con la excepción del artículo 1, o votar el artículo 1 y luego el resto del proyecto.
Esas son las dos votaciones que corresponden por decisión de la Comisión Mixta: la de los artículos 474, 475 y 476, que aparecen en el proyecto, y la que corresponde al artículo 268 sexies del Código Penal.
Es cuanto puedo señalar, señor Presidente.";1
"68";"21402";269;2021;8;"GALLI";"Subsecretario del Interior";"El señor GALLI (Subsecretario del Interior).-
Muchas gracias, Presidente.
La verdad es que ya estamos en la última fase de la tramitación de este proyecto de ley, que a nuestro juicio es muy relevante porque, tal como dijo el Senador Insulza, apunta a perfeccionar el tipo de incendio, contemplando figuras que no estaban en nuestra legislación.
Lo dijo muy bien el Senador Insulza, Presidente : el tipo penal hablaba de cualquier otro lugar. Y el dramático caso de Juan Barrios se da en un vehículo motorizado, en un camión que, como lo hacen muchos camioneros, es utilizado como morada por los transportistas de carga en nuestro país.
Por eso mismo nosotros avanzamos en este proyecto de ley en el perfeccionamiento del tipo penal del incendio en los artículos 474, 475 y 476 del Código Penal.
0
Se hicieron, además, dos cambios adicionales a raíz de la discusión que se dio en este Parlamento.
Es por eso que, en la votación separada que se solicitó, se hace un perfeccionamiento y se agrega un inciso final al artículo 268 sexies, que amplía el tipo penal a cualquier vehículo motorizado en el cual haya una persona, de tal manera que el obstáculo se pueda considerar desde interrumpir o de retener un vehículo no solo de transporte de pasajeros, sino de cualquier vehículo que pueda traer personas en su interior. Y nosotros creemos que es positivo avanzar a una mejor tipificación de ese tipo penal.
En segundo lugar -y eso sí lo hicimos ver en la Comisión-, a raíz de la sugerencia de cambiar la penalidad del delito de incendio, contenido en el artículo 475, quedará una incoherencia en nuestro Código Penal, de aprobarse tal como está el proyecto de ley.
Digo esto porque, solo para ponerlo en palabras simples, el artículo 474 del Código Penal contempla el incendio que termina con la muerte de una persona; el artículo 475 establece el incendio de lugares donde puede haber personas o -digámoslo así- lugares que pueden estar destinados a la habitación o en que se puede prever la existencia de personas; y el 476 se refiere a aquellos lugares donde es difícil prever la existencia de personas como los pastizales, las mieses, etcétera.
El problema es que la norma que se aprobó modifica y reduce únicamente la penalidad del artículo 475, generando una incoherencia en la punibilidad de los distintos tipos de incendio.
Yo entiendo que la intención original del Congreso era corregir completamente la pena del delito de incendio, pero ello no quedó así en el proyecto de ley.
Y es por eso que las modificaciones que se introdujeron en la Comisión Mixta no deberían generar una inconsistencia en la penalidad de nuestro Código Penal con respecto al delito de incendio.
Es por eso que nosotros estamos de acuerdo con la modificación del artículo 268 sexies, pero no con el cambio de penalidad en el artículo 475.
Gracias, Presidente .";1
"69";"21402";273;2021;8;"MOREIRA";NA;"El señor MOREIRA.-
¡Ah! Perfecto.
Gracias, Presidente .
0
Se ha invertido la votación con el artículo 475 y, como miembro de la Comisión de Seguridad Pública, quiero señalar que desde hace pocos meses me ha tocado conocer, en el tercer trámite y en el de Comisión Mixta, este proyecto, que se conoce como ""la Ley Juan Barrios"" en honor a una víctima inocente de la violencia instalada en algunas zonas del sur de Chile.
La iniciativa viene a llenar un vacío en la legislación nacional, que en ese punto ya está resuelto y votado de manera favorable.
Los nudos que llegaron a la Comisión de Seguridad Pública fueron pocos, pero todos ellos relevantes y con miradas distintas desde nuestra vereda y también de la Oposición.
La Cámara de Diputados aprobó en Sala el aumento de las penas cuando el vehículo o inmueble atacado era de Carabineros, con o sin ocupantes en su interior.
Sin embargo, tal modificación fue rechazada en la Comisión Mixta por los Diputados y Senadores de Oposición.
Nosotros consideramos relevante dar la señal pública de apoyo a una institución que hoy, más que nunca, es necesaria para la existencia de la república. ¡Porque sí somos república! Y aunque no sea necesaria para lo mismo y aunque a algunos convencionales no les guste ponerlo en el Reglamento, somos una república.
No obstante, y dado que no formaba parte de las ideas matrices del proyecto y que fue agregada como indicación parlamentaria en la Cámara, creemos que esa modificación no altera de manera sustancial la idea de la iniciativa, y en esa parte vamos a apoyar el informe de la Comisión.
Con todo, hay un aspecto de la mayor gravedad que no podemos dejar pasar y que originó la necesidad de una votación separada, lo que no es frecuente en una Comisión Mixta: la rebaja, aprobada en la Sala de la Cámara, de los hechos sancionados en el artículo 475 del Código Penal.
Entendemos que la idea era disminuir proporcionalmente todas las penas de los delitos asociados al incendio donde no hay resultado de muerte, que -y digamos la verdad- son extraordinariamente altas, tal como lo recordaba de manera permanente el Presidente de la Comisión de Seguridad , don José Miguel Insulza . Así se hizo en la Comisión de la Cámara, pero el diablo metió la cola y en la Sala se realizó una votación separada, aprobando esta rebaja.
¿Por qué es grave, señor Presidente ? Porque desordena el criterio establecido para sancionar estos delitos; se pierde la proporcionalidad. Vale decir, de aprobarse esta norma, sería menor el rango de sanción para aquel que quema un bus con personas en su interior que para quien incendia un galpón, lo que a todas luces es indefendible.
Pero aún más grave es que al introducir tal modificación quedan habilitados para pedir rebaja de sus penas todos los condenados por hechos enmarcados en este artículo. Esto obedece al principio pro reo, es decir, la aplicación de la norma penal más favorable.
Según una primera información del Gobierno, con esto más de doscientas personas podrían quedar en libertad o ver reducida de manera importante su condena.
Eso no lo podemos permitir. Estamos en una encrucijada. De aprobarse este artículo como viene de la Comisión Mixta, se rebaja la pena y surgen todos estos efectos indeseados. Y de rechazarse quedaría un tipo penal sin sanción, porque se votaron de manera separada el tipo y la pena aplicable.
Yo prefiero lo segundo, a la espera de que el Gobierno envíe un veto aditivo que resuelva el tema. Nos estamos acostumbrando a los vetos, pero, lamentablemente, aquí es necesario.
Finalmente, no voy a dudar de la buena fe en las actuaciones y votaciones de los miembros de la Comisión Mixta.
Tal vez nos faltó, como dijo un Diputado , darnos más espacio para conversar y resolver de mejor manera las diferencias, pero debemos reconocer que tampoco había mucho lugar para ello, dadas la naturaleza, las implicancias y las sensibilidades de la materia del proyecto en discusión.
Dado lo anterior y lo latamente expresado, yo voy a votar a favor del informe, salvo en lo referente a la rebaja establecida en el artículo 475 del Código Penal.
0
Rechazo el artículo 475, y espero que así también lo haga mi bancada.
He dicho, señor Presidente.";1
"70";"21402";277;2021;8;"HUENCHUMILLA";NA;"El señor HUENCHUMILLA.-
Muy amable, Presidente .
A raíz de lo que acaba de decir el Senador Moreira, yo creo que es necesario aclarar que el informe de la Comisión Mixta se vota como un todo, salvo el artículo 268 sexies, que se tiene que votar separadamente. Por lo tanto, no es posible hacer la separación respecto del artículo específico a que aludía el señor Senador.
Entonces, en lo relativo al primer paquete -por así decirlo-, que comprende los artículos 474, 475 y 476, voy a votar favorablemente el informe de la Comisión Mixta, porque creo que de esa manera estamos cerrando un capítulo de la denominada ""Ley Juan Barrios"", que surgió de un crimen aberrante, aunque no soy partidario de que cada vez que se produzca un hecho dañoso inmediatamente haya parlamentarios que corran a dictar una nueva legislación. Me parece que el derecho penal debe ser más sistémico e irse modificando en la medida que tengamos una cierta cultura de cambio sobre cómo va funcionando la sociedad en ese tipo de materias.
De tal manera que dejo ese tema a un lado y me quedo con la explicación que dio al respecto el Senador Insulza, Presidente de la Comisión.
Sin embargo, quiero llamar la atención de la Sala en lo referente al artículo 268 sexies, norma que no tiene nada que ver con las ideas matrices del proyecto, con los preceptos referidos a la situación de incendio. ¿Cómo se introdujo ese artículo? Se incorporó conforme a una proposición que hizo el profesor Jean Pierre Matus cuando fue a la Comisión de Seguridad. Entiendo que él acudió invitado por los Senadores de Derecha y el Gobierno, y formuló una propuesta en orden a hacerle ciertos agregados al artículo 268, precepto que fue introducido por la Ley de Violencia en los Estadios, del año 2015, y que tenía por objeto la protección del transporte público cuando los fanáticos iban a los estadios y se producía violencia en estos recintos. Por lo tanto, esa norma no tiene nada que ver con este proyecto sobre incendio. Pasó sobre la inadmisibilidad probablemente por la postura de autoridad que siempre tienen los profesores de derecho penal cuando concurren a esas instancias. Pero así es como nace el estudio relacionado con ese artículo.
Ahora bien, quiero ser muy franco: dicho artículo significa una Ley Antibarricadas 2.0, porque el verbo rector que usa es el de ""retener"" en la vía pública un vehículo. ¡Retener! O sea, cualquier marcha que haya en la calle y que por lo tanto impida la circulación de los vehículos, o de los camiones en este caso, más allá del transporte público, va a caer en el artículo 268 sexies que se está introduciendo.
Yo no estoy disponible para hacer una Ley Antibarricadas 2.0, porque eso significa criminalizar cualquier protesta social. Miren, la gente que salió a protestar con ocasión de la aprobación del proyecto Dominga en las calles del norte caería bajo esta ley. También los padres, apoderados y profesores del Liceo Camilo Henríquez -paralizado cinco meses, de marzo a agosto, por persistencia del sostenedor de no querer arreglar la situación- que salieron a
0
la calle a protestar y donde muchos vehículos estuvieron retenidos caerían bajo esa normativa.
Por tanto, yo les pido a los Senadores de centroizquierda que tengamos claridad en esto y no criminalicemos la protesta social con la introducción de este artículo, que va en contra de lo que es la realidad social de que mucha gente sale a protestar legítimamente por sus derechos sin ánimo de causar un delito.
Señor Presidente , termino pidiéndole si puedo votar anticipadamente, porque tengo que hacer una diligencia impostergable -por eso decidí adelantar mi voto-, solicitándoles al mismo tiempo a los señores Senadores y señoras Senadoras que me permitan la licencia que me estoy tomando en el sentido de votar favorablemente los artículos 474, 475 y 476, que es el informe global de la Comisión Mixta, y en contra el artículo 268 sexies.
Muchas gracias, Presidente .";1
"71";"21402";281;2021;8;"EBENSPERGER";NA;"La señora EBENSPERGER.-
Gracias, Presidente.
Seré muy breve.
Quiero hacer algunas precisiones en cuanto a lo que señalaba el Senador que me antecedió, a quien respeto mucho, porque creo que hay temas distintos.
Primero, este proyecto de ley inicialmente era la denominada ""Ley Juan Barrios"", porque su objetivo consistía única y exclusivamente en modificar, aclarar y yo diría ampliar el tipo penal del delito de incendio. Entonces, si uno quisiera señalar cuáles eran sus ideas matrices, tendría que decir que esa era exclusivamente su idea matriz: el tipo penal del delito de incendio, la descripción de cuál sería la conducta que se iba a considerar en ese delito.
Sin embargo, ¿qué resulta de ello?, ¿qué se agrega? Se modifican y se rebajan además todas las penas. Entonces, yo también podría decir ""esto no estaba en las ideas matrices del proyecto"", porque, insisto, entre ellas se encontraba el especificar o ampliar el tipo penal. De modo que así como se modifican las penas y de esta forma se amplía la idea matriz del proyecto en algo que no venía, también se introducen otras modificaciones, como las relacionadas con el artículo 268 sexies, con las cuales yo estoy de acuerdo.
Creo que es importante señalar que la Ley Antibarricadas está muy lejos de esto. Tuvimos una larga discusión aquí en lo que respecta a criminalizar la protesta social. Todas las personas tienen asegurado y el Estado debe garantizar el derecho a manifestarse libre y pacíficamente acerca de los temas y materias que se estimen pertinentes. Cosa distinta es que cuando uno salga a manifestarse cometa ciertas conductas que vayan mucho más allá de lo que se garantiza, que es este derecho de expresión. Porque lo que se garantiza tanto en la Constitución como en todos los tratados internacionales es el derecho a manifestarse pacíficamente, sin entrar en
0
conductas que violenten de alguna manera a otras personas que tienen los mismos derechos que aquellas que se están manifestando: derecho a estar en la calle, a transitar libremente, a pasar por donde ellas se encuentren sin que otras tengan la posibilidad de arrasar con su dignidad, como pudimos verlo, incurrir en ciertas conductas, o simplemente meterles miedo.
Entonces, Presidente , cuando hablamos de una ""Ley Antibarricadas"", no estamos -quiero repetirlo y ser enfática en este sentido, y con esto termino- criminalizando la protesta social. La protesta social o la manifestación social, la libertad de manifestarse está garantizada en la Constitución y en todos los tratados internacionales que Chile ha suscrito. Pero lo que se garantiza es esa manifestación pacífica.
Por lo tanto, Presidente, nosotros vamos a votar en contra del informe de la Comisión, porque no estamos de acuerdo con la rebaja de penas, y sí vamos a votar favorablemente el artículo 268 sexies, que perfecciona la Ley Antibarricadas.
Muchas gracias.";1
"72";"21402";314;2021;8;"EBENSPERGER";NA;"La señora EBENSPERGER.-
Gracias, Presidente.
Como usted bien señalaba, es importante tener claro lo que se está votando.
No estamos votando todo el proyecto; hay normas que ya están aprobadas. El informe de la Comisión recae en algunos artículos, y en él lo que se hace es bajar las penas, algo con lo que nosotros no estamos de acuerdo. Por lo tanto, no los podemos aprobar.
Entonces, Presidente , es importante que si se llega a aprobar este artículo y los anteriores, o como salga el proyecto, con las normas ya aprobadas -no las que formaron parte de la Comisión Mixta, las normas ya aprobadas al haberse rechazado el informe-, efectivamente se estará creando un tipo penal que va a quedar sin sanción. Por lo tanto, hay que pedirle al Ejecutivo que introduzca un veto y solucione ese tema, para que el Congreso se pronuncie sobre eso y lo resuelva, y no quede solo el tipo penal descrito, solo la conducta, sin la sanción. Pero no nos pueden pedir a nosotros que seamos partidarios de aprobar un informe que rebaja penas, que significaría dejar a más de doscientas personas, hoy día condenadas por el delito de incendio, en libertad. Para eso no estamos disponibles.
Por eso era importante que hablara el Subsecretario, Presidente, para que el Ejecutivo se comprometa a resolver el vacío que va a quedar al verse rechazado el informe de la Comisión Mixta en relación con la pena. Pero ello es absolutamente solucionable con la voluntad del Ejecutivo.
Gracias, Presidente .";1
"73";"21402";316;2021;8;"INSULZA";NA;"El señor INSULZA.-
0
Quisiera que nos explicara esto el Secretario , porque yo tengo, por ejemplo, varios puntos que fueron introducidos por la Cámara de Diputados y fueron a la Comisión Mixta, y esta los rechazó. Ahora, yo entiendo que, al rechazar el informe de la Comisión Mixta, ese rechazo ya no vale. Entonces, ¿qué pasa con las propuestas de la Cámara de Diputados que fueron rechazadas en la Comisión Mixta? ¿Quedan en el proyecto de ley?
Yo creo que es una pésima interpretación la que se está haciendo aquí. La verdad es que la Derecha ha rechazado el proyecto de ley Juan Barrios, Presidente . ¿Por qué no lo dicen de una vez por todas? Porque no les gustó que bajaran una pena...
Ahora, si quieren buscar interpretaciones, está bien, pero vetos no. Porque los vetos se mandan a las leyes que se aprueban, no a las que no se aprueban. A las leyes que se rechazan no se les mandan vetos, Presidente.
Así que seamos claros de una vez por todas, para que no tengamos interpretaciones falsas.
Gracias.";1
"74";"21402";318;2021;8;"INSULZA";NA;"El señor INSULZA.-
Según lo que yo recuerdo -no tengo el acta; tendríamos que verla-, se votó el informe de la Comisión Mixta completo, y después se pidió una votación separada de un artículo, que fue exactamente lo que hemos trasmitido aquí.
Entonces, no veo cómo se puede venir a decir ahora lo que hemos oído en esta Sala. Naturalmente, cuando uno les plantea el tema a los Senadores parte de la base de que algunas cosas les gustan más que otras. Por eso se vota una vez solamente, y se vota el texto completo. Algunas cosas a algunos les parecieron mejor, tanto que usted recordará, Presidente , que las votaciones no fueron las mismas para cada artículo; fueron distintas, aunque el número haya sido igual: hay tres a dos que son algunos Senadores y tres a dos que son otros Senadores. Ahora, si aquí se dice que se va a separar la votación de todos los artículos, eso ya no es Comisión Mixta, pues; eso ya no es de resolución de la Sala.
La norma es clara: si se rechaza el informe de la Comisión Mixta, no hay ley sobre la materia. Por supuesto, uno podría argumentar que efectivamente, como usted dijo muy bien, Presidente , el texto del artículo 268 sexies se mantiene. Por lo tanto, hemos reformado la Ley Antibarricadas; la ley penal sobre incendio no la hemos reformado, a mi juicio.
Esa es mi opinión, Presidente.";1
"75";"21402";320;2021;8;"COLOMA";NA;"El señor COLOMA.-
Presidente, yo comparto plenamente su interpretación.
Creo que tiene razón, porque aquí -y en eso tengo una discrepancia con el Senador informante - nadie rechazó la Ley Juan Barrios, como se planteó; esto estaba aprobado. Había acuerdo entre la Cámara y el Senado en tres cuartas partes del texto y solo una pequeña parte fue sometida a la Comisión Mixta. Y lo que se vota en esa instancia es únicamente eso; no lo otro, porque ya está aprobado legalmente.
Si uno dice ""A"" en la Cámara y ""A"" en el Senado, ese ""A"" quedó resuelto; si hay un ""B"" y un ""C"" en los que hay discrepancias, eso va a la Mixta. O sea, le encuentro razón, Presidente , en que eso nunca debió haber estado, y en el informe no aparece; es en el comparado donde se enreda la situación.
Y ahí usted tiene toda la razón; o sea, cuando uno rechazó no es que rechace lo que estaba aprobado, lo que no estaba en la Mixta, porque si no, tendríamos como seis trámites en la ley. Y eso sería absolutamente improcedente.
Entonces, la única forma de entenderlo es que la Mixta solo puede tener un informe respecto de las discrepancias, porque si no, se agregarían trámites. Y en esas discrepancias -eran dos-, una se rechazó y la otra es la que se está votando en este escenario.
Así que a mí me parece que la única interpretación correcta es la que hace, en este caso, el Presidente .
Y, efectivamente, indujo a error la forma de ser redactado el comparado, porque estamos de acuerdo en que la
0
Mixta solo puede abocarse a aquello en lo que hay discrepancia. Si no, no existiría un proceso legislativo razonable.";1
"76";"21402";322;2021;8;"ELIZALDE";NA;"El señor ELIZALDE.-
Presidente , yo creo que sería bueno precisar cuál va a ser el efecto de la votación.
Ocurre que en rigor la Mixta solo puede someter a consideración de la Sala los aspectos en que hubo controversia entre la Cámara y el Senado, pero como se señaló que estábamos votando la sexta columna, es ahí donde se produce el error, porque lo que se debería haber dicho es que se votaba la quinta columna, que contiene los aspectos sobre los cuales la Mixta se pronunció.
Entonces, yo no sé, Presidente , si es posible recabar un acuerdo para volver a votarlo ahora o en la próxima sesión, a fin de quede claro cuál es el efecto que tendrá la votación y no existan errores de interpretación.
Si hubiera unanimidad, porque si no, se armará una controversia. Es importante que se vea cuál será el efecto, porque entiendo que lo que se debería haber sometido a votación es la quinta columna, que contiene la forma como la Mixta resolvió las diferencias entre la Cámara y el Senado, pero se dijo y se informó que se estaba votando la sexta columna.
Entonces, al final eso indujo a error a los parlamentarios que ya votaron y que, por haberse cumplido el Orden del Día, no están presentes ahora en la Sala. Yo sugeriría que esta votación la dejemos sin efecto y que eventualmente se ponga en primer lugar en la próxima sesión. Y que el efecto jurídico -esto es muy relevante- de lo que se está votando quede claro de antemano. No va a cambiar la intención de voto, no va a cambiar el voto de los Senadores, pero por lo menos vamos a tener claridad respecto de los efectos de la votación.
Lo que se vota son las diferencias que resolvió la Mixta, porque se había generado una controversia entre la Cámara y el Senado, y no aquello en que hubo coincidencias, independiente de que yo no comparta algunas cosas que están consideradas dentro del proyecto de ley.
Insisto: al señalar que se estaba votando la última columna se indujo a error y eso, obviamente, generó un problema en la votación.";1
"77";"21402";331;2021;8;"EBENSPERGER";NA;"La señora EBENSPERGER.-
Presidente , entendemos que usted ha actuado absolutamente de buena fe, al igual que todos acá, y que, en
0
definitiva, probablemente lo que había que haber sometido a votación era la quinta columna, no la sexta, porque el comparado lleva a error. No así el informe, porque lo explica el Secretario y parte señalando que en caso de aprobarse el informe de la Mixta en la Sala, el proyecto de ley quedaría de tal y cual forma.
En todo caso, nosotros como bancada de la UDI aceptamos lo que usted ha propuesto: que por transparencia y claridad de todos se mejore el informe y se haga una nueva votación. O lo que la Sala acuerde. A lo mejor, se desea volver a votar ahora, entendiendo la explicación. Pero, sí creemos necesario volver a votar, con todos los antecedentes, como usted lo ha aclarado.";1
"78";"21402";337;2021;8;"HUENCHUMILLA";NA;"El señor HUENCHUMILLA.-
Tiene razón: no creo que sea para tanto.
Pero a mí me parece lamentable lo que estamos viviendo, porque nos encontrábamos en plena votación. Aquí ya se efectuó una votación: ¡ya fue proclamada! Y estábamos ahora realizando la votación del artículo 268 sexies.
Entonces, ¿se puede suspender el proceso en medio de una votación? ¿Se puede revisar el procedimiento por parte del Senado cuando ya se había sancionado por la Mesa y por la Secretaría una primera votación?
Le quiero señalar una cosa: en estas materias puede haber errores de hecho o errores de Derecho. Probablemente, si algunos Senadores o la Mesa cometieron un error de hecho, la pregunta es ¿cómo se subsana eso? Ahora, si el error fuera de Derecho, la pregunta es la misma.
Pero a mí no me parece adecuado que en medio de una votación, y cuando ya se proclamó una anterior, la Mesa, en forma unilateral, diga: ""Esto queda sin efecto"". Porque estaríamos sentando un precedente inadecuado. Lo que estamos votando, más allá de especificar las columnas, porque el concepto de ""columna"" no está en ninguna parte del Reglamento, es el informe de la Comisión Mixta; eso es lo que se vota en la Cámara de origen cuando la Comisión Mixta manda un informe a la Sala.
Y, a propósito de ese informe, introducir un análisis respecto de cada artículo, o de qué comprende cada norma, es entrar a un debate que a la Sala no le corresponde, porque simplemente debe votar el informe de la Comisión Mixta como un paquete completo, sin entrar al análisis del articulado respectivo; a menos que alguien pida una votación separada y que esa solicitud la proponga la Comisión Mixta.
En este caso, la Comisión Mixta propuso votar un primer paquete de normas que comprendía los artículos 474 y siguientes: proposición que voté favorablemente. Y formuló una segunda proposición respecto del artículo 268 sexies, que es lo que estamos votando ahora.
Entonces, si se producen errores se tienen que subsanar por la vía del veto. Ese procedimiento le dará regularidad a la tramitación del presente proyecto de ley.
Aquí vamos a pasar un bochorno como Senado, en orden a que nos equivocamos todos: la Mesa y la Secretaría, porque lo que debía haberse hecho, como ha sido siempre, es colocar en votación la proposición de la Comisión Mixta. Eso es lo que se vota.
Por lo tanto, está vedado entrar a picar respecto del articulado, de los incisos, de lo que vino o no vino desde la Cámara. Aquí lo que debemos votar es la proposición de la Comisión Mixta.
Presidente , le quiero decir que, con muy buena voluntad, no me opongo al procedimiento propuesto, pero le hago presente el punto de vista jurídico, en el sentido de que me parece que no se puede operar así, más cuando ya en una votación anterior usted tocó la campanilla para sancionarla.
Resulta imposible que, de buenas a primeras, señalemos: ""Esta votación queda sin efecto"". Y que cuando estamos en plena votación de la otra parte del articulado por buena voluntad digamos: ""Bueno, suspendamos la votación"".
Es verdad que existe el artículo del Reglamento que usted señala. No quiero hacer mayor problema porque tenemos que legislar sobre este asunto, pero hagámoslo bien. Mi punto es que legislemos bien, que hagamos las cosas bien.
No me voy a oponer a que esta situación la arreglemos. Pero creo que hoy día hemos sufrido un bochorno.
Presidente, termino diciendo que quienes estamos participando telemáticamente tenemos el mismo derecho para opinar y para hablar que quienes se encuentran en la Sala. Por tanto, debe haber un mecanismo para asegurarlo.
¡Yo poco menos que me tuve que poner a saltar arriba de la silla para que vieran en Secretaría que estaba
0
pidiendo la palabra! ¡Considero que no procede eso! Me asiste el mismo derecho de hablar que las señoras Senadoras y los señores Senadores que están sentados en la Sala para dar a conocer mi punto de vista.
Esa es toda mi preocupación.
Lamentablemente, en una cosa tan importante para nuestra Región estamos dando una señal equívoca respecto de algo donde la gente no sabe a qué atenerse hoy día. Quienes nos está escuchando piensan: ""¿Qué están haciendo los Senadores?, ¿cómo están legislando?"", sobre todo tratándose del caso de un asesinato que rechazo absolutamente por deleznable.
Por eso, hagamos las cosas bien. Porque aquí hemos sufrido un verdadero bochorno.
Así que no me opongo a la decisión que usted tome, Presidente, pero deben asumir la responsabilidad por los errores aquellos que han llevado a la Sala del Senado a sufrir el bochorno que estamos presenciando.
Gracias.";1
"79";"21402";339;2021;8;"ELIZALDE";NA;"El señor ELIZALDE.-
Presidente , muy simple.
Primero, lo que pasa es que cuando se hizo la consulta respecto de qué se estaba votando, se señaló que era el texto que aparecía en la sexta columna del comparado. Eso indujo a error, y por una razón muy simple: la Comisión Mixta debe ver solo aquellos aspectos que generaron controversia entre la Cámara y el Senado, y no lo que aprobaron la Cámara y el Senado. Pero la Comisión Mixta está autorizada para reabrir el debate en donde hubo acuerdo entre la Cámara y el Senado para resolver lo que quedó pendiente.
Entonces, cuando se dice que se vota la sexta columna, los que no somos parte de la Comisión Mixta no tenemos cómo saber si, independiente de que no hubiera controversia, ella acordó, para resolver lo pendiente, incorporar otras materias en donde no había controversia.
Aquí se señaló que se estaba votando la sexta columna. Eso indujo a error. Porque lo que se debería haber votado es la quinta columna, que es la que establece cómo se resolvieron las diferencias entre una y otra Cámara.
0
Y, claro, efectivamente aparece en el informe correspondiente, pero no todos los parlamentarios que estamos aquí presentes formamos parte de la Comisión Mixta y no conocemos el detalle.
Insisto, porque si bien la Comisión Mixta solo resuelve las diferencias entre ambas Cámaras, puede reabrir debate sobre otros temas para resolver tales diferencias cuando existe acuerdo. Además, puede señalar cómo se vota. Y en este caso indicó que se votaba por separado la propuesta de incorporar un nuevo inciso final al artículo 268 sexies del Código Penal.
Y lo segundo que quiero indicar es que respecto del inciso que se agrega al artículo 268 sexies, me parece que es claramente inadmisible porque está fuera de las ideas matrices y se trata de una nueva norma antibarricadas.";1
"80";"21402";341;2021;8;"ELIZALDE";NA;"El señor ELIZALDE.-
Concluyo altiro, Senador Coloma , por el tiempo.
Claro, uno asocia las barricadas al fuego, al delito de incendio, pero aquí no es así. Esta norma penaliza el corte de tránsito, lo cual evidentemente está fuera de las ideas matrices porque no tiene ninguna relación con el delito de incendio.
Y eso se está votando ahora.
Entonces, sugiero que acojamos la propuesta del Presidente . Y, como hubo un error, se realice la consulta necesaria y se explique adecuadamente, para una próxima sesión, cuál es el efecto que se produciría y qué estamos votando.";1
"81";"21402";343;2021;8;"INSULZA";NA;"El señor INSULZA.-
Presidente , en el informe está clarísimo cuáles fueron los puntos de discrepancia y cómo se resolvieron.
Está claro, por ejemplo, que dos propuestas de la Cámara de Diputados fueron rechazadas en la Comisión Mixta: una por un doble empate en la votación y la otra por la diferencia de un voto.
La otra cosa que sucedió es que se aceptó la propuesta de la Cámara de Diputados respecto de una rebaja de penas.
Y una última cosa es que en un artículo venía un inciso que, como ha dicho el Senador Elizalde, no correspondía a las ideas del articulado, pero estaba incorporado. Por esa razón, el Presidente de la Comisión Mixta no puede declararlo inadmisible y desde luego debe ponerlo en votación.
Esos eran los cuatro puntos de discrepancia que existían, Presidente.
Ahora, si se quieren votar aparte los cuatro puntos de discrepancia, no correspondería a las normas que conozco respecto de las Comisiones Mixtas.
Ustedes mismos me han enseñado aquí que el informe de la Comisión Mixta se vota en su conjunto, a menos que se pida una votación separada. Y se pidió la votación separada del artículo 268 sexies.
Por lo tanto, el resto del informe de la Comisión Mixta se rechazó y se fue el proyecto. ¡Si lo demás son cuentos, realmente!
Eso fue lo que pasó.
0
A veces hemos conformado Comisiones Mixtas donde hemos estado esperando a que llegue el informe y nos señalan: ""la Cámara lo rechazó"". Y nadie viene a decir que rechazó esta parte, esta otra o lo de más allá.
¡No, se acabó el asunto!
Entonces, asumamos las cosas como son. Aquí lo que ha ocurrido es que se rechazó toda una parte del informe de la Comisión Mixta menos el artículo para el que se solicitó votación separada, la cual estamos realizando ahora -y donde todavía no tenemos un resultado, entre paréntesis- y que si se aprueba, quiere decir que el proyecto sobre incendios quedó reducido al artículo 268 sexies, pues.";1
"82";"21402";345;2021;8;"INSULZA";NA;"El señor INSULZA.-
¡Pero, bueno, esa es la realidad! Esa es la realidad.
Ahora, podemos cambiar de opinión y pensar que a lo mejor está mal diseñada la mecánica para las Comisiones Mixtas y que habría que votar artículo por artículo.
Pero así lo escuché. Porque nadie durante el debate señaló ""yo voy a rechazar el artículo"", sino que se indicó: ""yo voy a rechazar el informe de la Comisión Mixta porque no me gusta tal cosa"". Eso fue lo que escuché en los argumentos.
Por lo tanto, se rechazó el informe de la Comisión Mixta, pues.
Ahora, ¿cuáles son las consecuencias jurídicas del tal rechazo? Bueno, lo podrá interpretar la Cámara, si se quiere; o la Secretaría, y lo escucharé con mucho gusto. Pero ojalá no lo hagamos esta noche porque es un poquito complicado.
Por ahora pediría que concluyéramos la votación; que quede rechazado el informe de la Comisión Mixta, y que se termine la votación separada del artículo 268 sexies para saber cuál es el resultado.
Eso es lo que corresponde.";1
"83";"21402";347;2021;8;"COLOMA";NA;"El señor COLOMA.-
Señor Presidente , yo tengo una interpretación.
¿Qué es lo que se votó? El informe. Y el informe de la Comisión Mixta está bien presentado y no es lo mismo que el comparado.
El informe señala que se votan dos cosas: el número 1, que ya se votó, y el número 3, que se está votando ahora.
Incluso, si ustedes ven el informe, al final dice: ""A título meramente ilustrativo, y de ser aprobada la proposición de la Comisión Mixta, el texto de la iniciativa legal quedaría como sigue"". Y ahí incorporan todo el resto. Y por eso se incluye en el comparado.
Pero si uno aplica el principio jurídico -por eso quiero actuar de buena fe-, técnicamente lo que se vota no es el comparado, sino el informe. Y el mismo Presidente de la instancia lo mencionó: se vota el informe de la Comisión Mixta. Y el informe es claro: solo se refiere a aquellos puntos donde hubo discrepancia entre ambas Cámaras.
La otra fórmula de resolverlo es entender que está votado el informe respecto al número 1, que se rechazó, y que se está votando ahora el artículo 475, donde nos encontramos en plena proceso; más bien es al revés: eso ya fue resuelto, y estamos ahora en el artículo 268 sexies.
0
Pero como lo entiendo, Presidente , y quiero actuar completamente de buena fe, puede que alguien haya votado de una manera, y podría cambiar su votación al mirar el informe y no el comparado: podría ocurrir, pero también puede que no suceda.
Yo siempre entendí que al rechazar en la votación anterior no estaba rechazando la ""Ley Juan Barrios"". Porque he hecho un esfuerzo, al igual que muchos, y soy uno de los autores de uno de los proyectos que fueron refundidos, y considero que todos queremos aprobar la ley.
Si la única cosa que quiero señalar es que otra forma de solución es entender que las votaciones están hechas en conformidad al informe. Ahí no habría problema.
Y considero que la mejor solución es que el Senador Huenchumilla esté presencial. Lo invito, don Francisco , para que nos inspire y no se produzcan problemas por falta de visión. Así que considero que debemos volver lo antes posible a lo presencial, porque eso nos evita algunos conflictos.
Pero, y quizás dejaría más en paz al Senador Huenchumilla -y puede tener razón- otorgarle a la votación anterior el sentido que le daba el informe es la otra forma de resolver el asunto, porque el informe está bien presentado.
Por eso, el proyecto no debe volver a ninguna Comisión. Si está bien el informe.
Lo que pasa es que la interpretación que se pudo haber hecho de la sexta columna podría haber generado...";1
"84";"21402";349;2021;8;"COLOMA";NA;"El señor COLOMA.-
De su título, más bien, es lo que pudo haber generado la confusión. Eso es lo que ocurrió.
La otra fórmula es simplemente darlo por aprobado conforme al informe, que es lo que entendí, para ser bien honesto, pero puede que alguien no haya actuado con ese sentido, y con buenas razones, por una confusión respecto de su interpretación.
Es lo que le quería señalar, Presidente , para que lo tenga en consideración para la resolución.";1
"85";"21402";354;2021;8;"COLOMA";NA;"El señor COLOMA.-
Presidente , quiero ayudarlo; o sea, más bien no es un problema suyo. Pero entiendo que cuando se repite una votación o pasa algo así, la resolución no se toma por simple mayoría, sino por unanimidad, ¿o no? Yo estoy de acuerdo, en todo caso.";1
"86";"21402";377;2021;8;"EBENSPERGER";NA;"La señora EBENSPERGER.-
Presidente , yo estoy de acuerdo con todo lo que usted señaló. Solo quiero plantear una cosa para tener mayor claridad.
Vamos a repetir la votación sin que el proyecto vuelva a la Comisión, y si fuera a la Comisión, sería solo para arreglar el informe, no para cambiarlo en cuanto al fondo.";1
"87";"21402";412;2021;8;"LAGOS";NA;"El señor LAGOS .-
Señor Presidente , para estar claros, yo entendí -y he seguido este debate de la mejor manera que he podido, sin moverme de la Sala- que se iba a pedir a la Comisión de Seguridad que aclare el punto para votar de nuevo, por todo lo que usted explicó, basado en el artículo 176 del Reglamento.
A tal punto lo asumí que en la votación que acaba de terminar yo había marcado en contra, mi votación era ""no"", pero en el último minuto cambié mi voto, dado que entendí que se iba a repetir porque había una confusión. No vamos a entrar en detalles, ¡pero había una confusión! Al menos, eso es lo que salió por las pantallas de televisión.
En ese sentido, me abstuve en esta votación, entendiendo que se iba a repetir. Es lo que hice. Ya está consignado que cambié de ""no"" a ""abstención"", producto de que se iba repetir.";1
"88";"21402";436;2021;8;"EBENSPERGER";NA;"La señora EBENSPERGER.-
¡Hace como dos años que no he participado en Incidentes...!
¡Me he quedado todos los miércoles acompañando a los Senadores en la hora de Incidentes, y resulta que ahora se van...!
--(Risas en la Sala).";1
"89";"21402";463;2021;8;"CHAHUÁN";NA;"El señor CHAHUÁN.-
Presidente , simplemente para ilustrar un poco la votación quiero señalar lo siguiente.
Todos sabemos del conflicto en cuanto a la redacción que hubo en la Comisión Mixta respecto de este proyecto.
Entonces, lo que les quiero pedir a los colegas de mi propia coalición es que podamos votar favorablemente para que el texto sea corregido en virtud de un veto del Ejecutivo , pues ya hemos conversado con el mismo Gobierno para que esto sea así.
Si rechazamos el texto de la Comisión Mixta efectivamente podemos quedarnos en el peor de los casos, esto es, quedarnos sin ley.
Entonces, quiero pedirles a los colegas de mi propia coalición -por su intermedio, Presidente- que votemos favorablemente y esperemos el veto del Ejecutivo para corregir el texto.
He dicho.";1
"90";"21402";474;2021;8;"INSULZA";NA;"El señor INSULZA.-
Señor Presidente , solo quiero recordar que este proyecto de ley tiene por objeto adecuar a las necesidades contemporáneas los tipos penales de incendio del Código Penal, para asegurar su aplicación y evitar vaguedades en su interpretación.
Esta norma no tiene absolutamente nada que ver con los incendios, ¡absolutamente nada que ver con los incendios!, sino con otros temas y nunca debió haber sido admitida a tramitación en este proyecto.
Muchas gracias.";1
"91";"21402";518;2021;8;"MELLADO";"don Miguel";"El señor MELLADO (don Miguel).-
Señor Presidente, el 9 de febrero de 2020 Juan Barrios no alcanzó a escapar de las llamas que envolvieron el camión en el que descansaba, cuando desalmados le prendieron fuego. Semanas después Juan Barrios falleció, dejando sueños, planes y una familia.
Este proyecto de ley, que agrava las penas referidas al delito de incendio, busca que los terroristas y desquiciados lo piensen dos veces antes de asesinar a conductores o camioneros, pero a su vez es un homenaje a Juan Barrios, y espero que esta iniciativa pueda entregar algo de paz y reconocimiento a sus seres queridos. Por ello, estoy conforme, pero sigo sin creer que es suficiente.
La ley Juan Barrios es un paso entre miles que aún hay que dar en La Araucanía. Es una gran batalla, ganada por la seguridad de muchos conductores y camioneros. Sin embargo, aún seguimos sin saber quiénes fueron los asesinos de Juan Barrios ni si algún día tendrán una condena ni si la familia de Juan tendrá justicia.
Aplaudo que hoy podamos votar este proyecto, aunque tuvo que pasar un año desde que fue presentado, en agosto de 2020. Se hicieron presentes 47 urgencias calificadas para que recién hoy estemos discutiendo su aprobación. Demasiado tiempo para los tres conductores que fueron golpeados y baleados en febrero del año pasado en la Ruta 5, en la localidad de Pidima; mucho tiempo para un conductor que recibió un disparo en el hombro, tras el ataque a cinco camiones en un servicentro, en la comuna de Victoria; mucho tiempo para tantos otros trabajadores, no solo camioneros, sino también forestales y agrícolas, como el señor Ceferino González, que ya cumplió dos meses en la UCI, tras ser baleado en la espalda por los terroristas de la CAM.
Por ello, es importante que aceleremos las leyes que resguardan la vida de las personas y, en particular, los trabajadores, pero sigo creyendo que no basta con que existan leyes poderosas, si, al final del día, no se encuentra a los asesinos o a los responsables. Por mucho que se hagan leyes y aumenten las penas, de nada servirá si no se fortalece la anticipación, la inteligencia, la actuación conjunta para detener y lograr condenas ejemplificadoras.
¿Por qué digo esto? Porque el lunes El Mercurio publicó los resultados del estudio correspondiente al tercer informe del Observatorio Judicial, sobre procesos penales asociados al conflicto de violencia en la Macrozona Sur. Escuchen bien: desde el 2018 al 2020, se ingresaron 391 causas por ataques incendiarios en la Macrozona Sur, es decir,
0
regiones de Biobío, La Araucanía, Los Ríos y Los Lagos.
De estas 391 causas, solo se formalizaron cargos en diez de ellas.
A su vez, el 88 por ciento no cuenta con un imputado conocido y estas se dirigen contra quienes resulten responsables. De hecho, apenas un cinco por ciento de las causas cuenta con un imputado conocido.
Asimismo, en siete causas se ha decretado prisión preventiva, pese a la gravedad de los delitos. Por su parte, solo el uno por ciento tiene sentencia; hay dos condenados. También se observa que el veinticuatro por ciento de las causas fueron archivadas provisionalmente y el 44 por ciento terminó porque no se perseveró.
De las 391 causas, en 156 los atentados son cometidos contra trabajadores; 121, contra personas que residen en la Macrozona Sur, y 59, contra camioneros.
Estas cifras dan cuenta de que el acento no solo debe colocarse en el aumento de penas e iniciativas de ley, sino que es urgente fortalecer la investigación, la anticipación, la inteligencia. Debemos poner atención en qué dificultades tienen las policías y el Ministerio Público para lograr encontrar a los responsables y ponerlos con evidencias de peso a disposición de la justicia.
Si el Estado con todos sus poderes no logra poner allí los esfuerzos, entonces nunca nunca encontraremos a los responsables del asesinato de Juan Barrios y, por ende, cualquier nueva ley que apunte a aumentar las penas será un eufemismo o un mero fuego artificial que no logrará traer paz ni justicia a las víctimas.
He dicho.";1
"92";"21402";521;2021;8;"BOBADILLA";NA;"El señor BOBADILLA.-
Señor Presidente, solo haré un par de reflexiones respecto de esta iniciativa.
Mi primera reflexión es para valorar este proyecto y, desde ya, anunciar que nuestra bancada de la Unión Demócrata Independiente la votará favorablemente, porque todo lo que hagamos para terminar con la impunidad con que están actuando los terroristas o narcoterroristas en la provincia de Arauco y en la Región de La Araucanía, sin duda, debemos apoyarlo decididamente, porque creo que no basta con rechazar la violencia con la que operan estas bandas, sino que hay que entregar los instrumentos legales para que la autoridad que corresponda aplique con la máxima severidad la máxima sanción posible para erradicar definitivamente la violencia en nuestro país.
En esa línea, encuentro lamentable la impunidad con que actúan estos grupos terroristas, no solo, como aquí se ha dicho, quemando vehículos, sino que también quemando casas, instalaciones, galpones, maquinaria y, por cierto, también quemando vivas a personas.
En ese sentido, sin duda, esta iniciativa apunta en la dirección correcta por lo que lo apoyaré, por lo que la votaré favorablemente con mucho entusiasmo.
No solo debemos dotar de herramientas o instrumentos legales para perseguir, procesar y condenar a esos terroristas, sino que también cabe hacer un llamado a quien está a cargo de aplicar estos instrumentos. Me refiero a la fiscalía.
0
Normalmente aquí se responsabiliza a las fuerzas policiales de que no capturan y no entregan a los tribunales a esos terroristas, pero creo que también falta una crítica o una autocrítica de un actor relevante, como es el Ministerio Público, quien es el encargado de perseguir, procesar y llevar a los tribunales a esos delincuentes que atentan gravemente contra el Estado de derecho.
Por eso, reitero que votaré favorablemente. Creo que instrumentos como este, sin duda, son una herramienta importante para combatir a los terroristas que operan en la provincia de Arauco y en la Región de La Araucanía.
He dicho.";1
"93";"21402";524;2021;8;"MOLINA";"vía telemática";"El señor MOLINA (vía telemática).-
Señor Presidente, cuando escuchamos a la estimada colega Andrea Parra, nos damos cuenta de que ahí está la gran diferencia que tenemos.
Si creemos que todos los que están detrás de estos hechos de narcotráfico y terrorismo se van a calmar porque vamos a dialogar o vamos a tener escaños reservados, es cosa de escucharlos y de leer las declaraciones de muchos de los que están detrás de estos hechos. No nos equivoquemos.
Además, donde se han comprado y hecho adquisiciones de tierras mucho más allá de los desmedros, es donde está la mayor cantidad de problemas, como es el caso de Temucuicui y los casos que hoy tenemos cercanos a Temuco.
Dicho eso, creo que es superimportante que entendamos lo siguiente: primero tenemos que avanzar en leyes que realmente fortalezcan la persecución penal, y no solo en leyes, porque en esto se ve claramente una falta de persecución y una impunidad que reina en La Araucanía y en toda la macrozona sur que no tiene que ver solo con mejorar los tipos legales.
¡Cómo es posible -aquí hago un llamado a mi gobierno- que los fiscales a través de los diarios digan que no tienen los recursos necesarios y que no se les pidan cuentas -así dicen los dirigentes gremiales, y que están siendo amenazados, y que nosotros no nos demos cuenta, nos tapemos los ojos con las manos y, en definitiva, no vemos lo que está pasando!
El gobierno debería poner todos los recursos a los fiscales y llamar al fiscal nacional y preguntarle ahora, en la próxima discusión de presupuestos, ¿qué le falta a usted para poder hacer una persecución penal como corresponde y no tener trescientos noventa y tantos casos y tres condenados? Eso debería hacer mi gobierno.
Al mismo tiempo, también sentarse con el general de Carabineros de Chile, y no permitir que un carabinero nos diga hoy “mis pantalones tienen cinco años”, “ahí traigo catorce carros de Carabineros de los seiscientos.”. ¿Qué es eso? El 5 por ciento de la población está en La Araucanía, debieron haber llegado, mínimo, treinta y tantos vehículos y llegaron catorce y se hace todo un lanzamiento.
Perdónenme, aquí no se quieren entregar los recursos necesarios a las instituciones; perdónenme, aquí, cuando uno revisa comuna por comuna se da cuenta claramente que no tienen ni linternas ni vehículos. Hay un problema de pobreza brutal en Carabineros.
Si realmente hoy, por un lado, estamos actuando de esa manera, y, por otro, no tengo duda, y en esto comparto la idea de la diputada que me antecedió en el uso de la palabra, de que sí debemos avanzar en muchos temas políticos; pero no nos equivoquemos, el narcotráfico y el terrorismo van a seguir más fuerte cuando avancemos en el diálogo, va a ser peor; porque ellos no tienen ningún interés en avanzar en los temas políticos. Este es otro
0
negocio. Son personas que se alojan en estas causas y claramente no tienen absolutamente ningún interés de avanzar en la participación y en lo que es más profundo de la región, y esto tiene que ver con el reconocimiento, con entender que tenemos riquezas, con entender que tenemos una gran oportunidad como región. Eso no les importa. Aquí hay un gran negocio detrás.
¿Qué está haciendo el Servicios de Impuestos Internos? Me hago la pregunta. ¿Hay alguna causa que el Servicios de Impuestos Internos haya seguido? Cuando uno mira y ve la cantidad de compras, las camionetas, hay infraestructura detrás de los robos, no hay persecución por parte de nuestras instituciones. Entonces, hoy tenemos instituciones que no están funcionando, y lo primero que debemos hacer, como gobierno, es lograr que funcionen y poner interés en resolver este problema.
Creo que no es solo esta iniciativa; también debemos avanzar con el tema de la usurpación. En ninguna parte del mundo se usurpan bienes y no les pasa nada a las personas que lo hacen. ¡Por favor, esto no puede pasar! Y no es solo en La Araucanía. No mezclemos los temas.
Si hay una persona que tiene un dominio de una propiedad vigente y está reconocida por el Estado de Chile, esa propiedad no se puede usurpar. ¿Por qué se van a poder usurpar las propiedades en La Araucanía y no en otras partes? ¿Por qué? ¿Qué derecho le estamos conculcando a la gente de La Araucanía? ¡Por favor!
Por otro lado, persigamos la ruta de la plata. Ya está bueno con el robo de madera. En este caso llevamos cuarenta y siete urgencias; entonces, claramente no se quiere avanzar en las leyes que van a permitir perseguir este tipo de hechos. ¿Por qué no? Porque hay una historia detrás, debemos una causa. No nos equivoquemos, avancemos. Sin duda, hay que avanzar, ya está bueno de compromisos sin cumplir.
Aquí no se trata solo de eso, debemos avanzar en los dos frentes y separarlos muy bien, porque aquí son ellos, nuestras comunidades las que están sufriendo al igual que todos los ciudadanos de nuestra macrozona sur.
He dicho.";1
"94";"21402";526;2021;8;"NORAMBUENA";NA;"El señor NORAMBUENA.-
Señor Presidente, estamos, una vez más, tratando de ayudar y de dar una respuesta a muchas personas que sienten que las instituciones y que el Estado de derecho no funciona en nuestro país, particularmente en la Región de La Araucanía y en la Región del Biobío, en la provincia de Arauco.
Este proyecto que introduce diversas modificaciones a las normas del Código Penal referidas al delito de incendio va encaminado, por lo menos en parte, a dar una respuesta, cuyo objetivo es adecuar a las necesidades contemporáneas los tipos penales de incendio establecidos en el Código Penal, para asegurar su aplicación y evitar vaguedad en su interpretación, que es lo que muchas veces hemos tenido y no hemos recibido una respuesta concreta.
Aquí, en nuestra zona, hay angustia, sobre todo en la provincia de Arauco, donde muchas familias viven por generaciones y han tenido una actividad permanente en la zona; pero estos actos delictivos, terroristas han creado un ambiente de drama, de angustia, de incertidumbre, por la acción que se ve y no vemos un respuesta de protección y de tranquilidad, que es lo que queremos. Se queman casas, vehículos, se roban vehículos, se roban animales, atacan y matan a personas y, al final, la respuesta es nula.
Por este motivo, proyectos como este es lo que nos pide la gente, leyes que los protejan, leyes nos protejan.
Por eso, considero importante resaltar que cuando estamos dando una respuesta, y aprobamos este proyecto, no debemos irnos por las ramas.
Escuché a una parlamentaria de la zona de La Araucanía que habiendo sido autoridad en gobiernos anteriores, todo esto lo transforma en un tema político. En este caso, pediría, que si bien tiene un condimento político y decisión de acuerdos políticos, es una situación absolutamente humana y de eso debiéramos preocuparnos.
0
Lamento que en la provincia de Arauco, particularmente en la comuna de Cañete, se concentre la mayor cantidad de denuncias en 2020: Cañete con treinta denuncias, Collipulli veintitrés, Contulmo catorce, Victoria, en fin, varias comunas.
Lamento que estemos en esta situación. El llamado es a que nos podamos centrar y avancemos en decisiones que aun cuando puedan incomodar a algún sector político del país le hagamos frente a este tipo de situaciones, hagamos frente a la delincuencia, al terrorismo y al abuso que hay, sobre todo en el robo de madera en nuestra zona.
Respecto de la eliminación de sanción al ataque incendiario contra vehículos y recintos policiales, resulta lamentable que en la comisión mixta se haya eliminado la sanción al ataque contra vehículos y recintos policiales.
¿Cuál puede ser la respuesta de la eliminación? Aquí hay un sector político que debe dar una respuesta a la ciudadanía de lo que muchas veces lamentan, sale el discurso, lo pronuncian, buscan el titular, pero, en concreto, cuando hay que defender a la gente, cuando hay que defender a nuestros policías, que son humanos, que tienen familias, que entregan parte de su vida para defender al prójimo, también nosotros debemos tener mucho cuidado.
Por eso, vamos a votar a favor este proyecto, y esperamos seguir avanzando en todos los otros proyectos de ley que, de alguna manera, han tendido obstáculos de un sector político de aquí del Congreso Nacional para avanzar y darle respuesta a la ciudadanía, sobre todo en la zona sur de la provincia de Arauco, que se ve afectada por estos atentados.
Mi voto es a favor.
He dicho.";1
"95";"21402";528;2021;8;"SOTO";"don Leonardo";"El señor SOTO (don Leonardo).-
Señor Presidente, me tocó integrar la comisión mixta que se constituyó para resolver las divergencias entre la Cámara de Diputados y el Senado respecto de este proyecto de ley que algunos han denominado “ley Juan Barrios”.
Este proyecto de ley básicamente busca revisar los delitos de incendio con resultado de fallecimiento, lesionados o daños a bienes, y busca mejorar su tipificación, sin alterar, en general, las penas que están establecidas, que ya son muy altas, porque vienen del siglo XIX, cuando el delito de incendio podía devastar ciudades enteras. Pero hoy, que tenemos grandes y buenos Cuerpos de Bomberos, con redes de incendios en edificios, prácticamente estas normas están un poquito anacrónicas. Las revisamos en profundidad y pudimos tomar decisiones importantes para este proyecto de ley.
Lo primero fue rechazar una norma que había sido introducida en la Cámara de Diputados -parece- que no tenía nada que ver con el delito de incendio, que castigaba con penas altísimas a los que con violencia o intimidación retuvieren o tomaren el control de automóviles de dos o más plazas o de camiones en la vía pública, impidiendo la libre circulación.
No sé qué tiene que ver esto con el delito de incendio. Lo habían introducido. Es una norma que tiene que ver con temas de orden público, por eso está en un capítulo relacionado con el orden público, y más bien perseguía criminalizar lo que se llama la protesta social, que en ocasiones produce estas alteraciones, pero lo hacía con un castigo penal gigantesco, con una pena de cinco años y un día a diez años; era estimado como un crimen, solo por el hecho de retener o tomar el control de un vehículo y obstruir la libre circulación.
Es parte del fanatismo con que algunos quieren resolver problemas que a veces son políticos, que tiene que ver con el rompimiento de nuestro pacto social aquí y en La Araucanía, a través del establecimiento de penas que son claramente desproporcionadas y que no tienen un mínimo de sensatez.
Se avanzó en la Comisión Mixta en una modificación que me parece muy interesante y que será lo medular del informe, que es rebajar la pena del delito de incendio.
0
A pesar de que la idea de los mocionantes y del gobierno era aumentar la severidad de las penas, lo que hicimos fue bajarlas, porque tenía mucho más sentido, tenía mucho más respaldo dentro de los expertos, de la academia.
Todo el mundo estuvo de acuerdo en que si queríamos hacer alguna modificación, debíamos rebajar la pena del artículo 475 del Código Penal, que castiga a los que ejecutan incendios en edificios, aeronaves, buques, vehículos, transporte público de pasajeros, automóviles, camiones, etcétera, siempre que hubiese personas en su interior y su presencia allí se pudiere prever.
Este delito tenía una pena que era más grave que el homicidio. Era una pena mayor o tan alta como el homicidio y castigaba al que produjere un incendio habiendo personas en algún lugar, pero sin causarle ningún daño efectivo, sin causar ninguna lesión, sin causar ninguna lesión leve siquiera. Entonces, no se podía castigar con una pena que partía en diez años y un día, como si fuera homicidio.
Si uno ponderaba esta sanción, salía, por así decirlo, más fácil asesinar a una persona que cometer un incendio sin resultado de lesiones para nadie. Por eso, por una cosa racional, de proporcionalidad, se rebajó la pena de este delito de incendio.
Por último, hago presente que puede haber un error en la norma del artículo 476 del Código Penal, que castiga el delito de incendio genérico, que es aquel que se comete en lugares no habitados y que no resulta, evidentemente, en lesiones para nadie.
En estos casos, que es el delito más básico, se dejó una pena que es de presidio mayor en cualquiera de sus grados, es decir, tiene una pena superior al delito de incendio, incluso causando lesiones graves a las personas.
Hay allí una inconsistencia en cuanto a la escala natural de gravedad que tienen las penas y se debe corregir.
Esto se discutió en la Comisión Mixta y la norma en cuestión, el encabezado del artículo 476 del Código Penal, debió haber quedado con presidio menor en cualquiera de sus grados, porque es el delito de incendio que tiene el menor reproche.
De esa manera, se produce una escala de gravedad con aumentos de penas que van desde esta, cuando hay incendio sin peligro para nadie en lugares no habitados, hasta el incendio con resultado de muerte, que tiene una penalidad que incluso llega a la pena más alta, que es de cadena perpetua. Pero si no se modifica quedará una discordancia sobre la que advierto de antemano que hay que corregir, y ojalá lo hagamos durante la mañana.
Por último, debo decir que toda esta modificación al Código Penal del delito de incendio no tiene ninguna posibilidad de solucionar los problemas de violencia en La Araucanía. El problema que tiene esta región, sin duda, es mucho más complejo y no tiene una raíz en el Código Penal, y el que crea esto simplemente está engañando a los ciudadanos. Es un problema histórico, cultural, político, de tierras, que ha despojado a un pueblo originario relevante en nuestro país. Son cerca de dos millones de chilenos que se definen pertenecientes al mundo mapuche, y durante siglos han sido desplazados, despojados de prácticamente todos sus bienes culturales y materiales.
Por eso, la violencia en La Araucanía tiene una raíz muy profunda. Ya está bueno de buscar paliativos para intentar resolverlo, como este, a través de modificaciones al Código Penal o simplemente militarizando las policías, es más, militarizando La Araucanía.
Ese no es el camino; el camino es sentarse, conversar, dialogar, parlamentar con ellos y buscar acuerdos de paz que puedan resolver, respetando que Chile es un Estado o es una sociedad plurinacional, respetando el derecho que ellos tienen como cualquier pueblo, que tiene su propia comunidad e identidad, a tener un espacio vital para desarrollarse. Mientras eso no ocurra, la violencia se va a mantener.
Por lo mismo, pido que abandonemos este camino y busquemos una solución política a La Araucanía, a través del diálogo con los pueblos originarios.
He dicho.";1
"96";"21402";529;2021;9;NA;NA;"Fecha 07 de septiembre, 2021. Diario de Sesión en Sesión 75. Legislatura 369. Discusión Informe Comisión Mixta.
Se aprueban algunas y se rechazan otras.
MODIFICACIONES DE NORMAS DEL CÓDIGO PENAL REFERIDAS AL DELITO DE INCENDIO (PROPOSICIÓN DE LA COMISIÓN MIXTA. BOLETINES NOS 13716-07 Y 13719-07, REFUNDIDOS)";1
"97";"21402";532;2021;9;"MELLADO";"don Miguel";"El señor MELLADO (don Miguel).-
Señor Presidente, el 9 de febrero de 2020, Juan Barrios no alcanzó a escapar de las llamas que envolvieron el camión en el que descansaba, cuando desalmados le prendieron fuego. Semanas después, Juan Barrios falleció, dejando sueños, planes y una familia.
Este proyecto de ley, que agrava las penas referidas al delito de incendio, busca que terroristas y desquiciados lo piensen dos veces antes de asesinar a conductores o camioneros, pero, a su vez, es un homenaje a Juan Barrios , y espero que la aprobación de esta iniciativa pueda entregar algo de paz y de reconocimiento a sus seres queridos.
Por ello, estoy conforme, pero sigo sin creer que es suficiente.
La “ley Juan Barrios ” es un paso entre miles que aún hay que dar en La Araucanía. Es una gran batalla, ganada por la seguridad de muchos conductores y camioneros. Sin embargo, aún seguimos sin saber quiénes fueron los asesinos de Juan Barrios ; tampoco sabemos si algún día recibirán una condena y si la familia de Juan obtendrá justicia.
Aplaudo que hoy podamos votar este proyecto, aunque tuvo que pasar un año -¡un año!desde que fue presentado, en agosto de 2020. Se hicieron presentes 47 urgencias calificadas y recién hoy estamos finalizando su discusión.
Ha pasado demasiado tiempo para los tres conductores que fueron golpeados y baleados en febrero del año pasado en la ruta 5, en la localidad de Pidima; mucho tiempo para un conductor que recibió un disparo en el hombro, tras el ataque a cinco camiones en un servicentro en la comuna de Victoria; mucho tiempo para tantos otros trabajadores, no solo camioneros, sino también trabajadores forestales y agrícolas, como el señor Ceferino González , que ya cumplió dos meses en la UCI, tras ser baleado en la espalda por los terroristas de la CAM.
Por ello, es importante que aceleremos las leyes que resguardan la vida de las personas, y, en particular, de los trabajadores. Sigo creyendo que no basta con que existan leyes poderosas si al final del día no se encuentra a los asesinos o a los responsables. Por mucho que se elaboren leyes y aumenten las penas, ello de nada servirá si no se fortalece la anticipación, la inteligencia, la actuación conjunta para detener y lograr condenas ejemplarizadoras.
0
¿Por qué digo esto? Porque el lunes El Mercurio publicó los resultados del estudio correspondiente al tercer informe del Observatorio Judicial sobre procesos penales asociados al conflicto de violencia en la macrozona sur. Escuchen bien: entre 2018 y 2020 se ingresaron 391 causas por ataques incendiarios en la macrozona sur, es decir, regiones del Biobío, de La Araucanía, de Los Ríos y de Los Lagos. De esas 391 causas, solo se formalizaron cargos en diez de ellas. A su vez, el 88 por ciento de las causas no cuenta con un imputado conocido. De hecho, apenas un 5 por ciento de las causas cuenta con un imputado conocido. Asimismo, solo en siete causas se ha decretado prisión preventiva, pese a la gravedad de los delitos.
Por su parte, solo el 1 por ciento de las causas registra sentencia y hay dos condenados. También se observa que el 24 por ciento de las causas fueron archivadas provisionalmente y el 44 por ciento de ellas se dieron por terminadas porque no se perseveró.
De las 391 causas, 156 corresponden a atentados contra trabajadores, 121 contra personas que residen en la macrozona Sur y 59 contra camioneros.
Esas cifras dan cuenta de que el acento no solo debe colocarse en el aumento de penas e iniciativas de ley, sino que es urgente fortalecer la investigación, la anticipación, la inteligencia. Debemos poner atención en qué dificultades tienen las policías y el Ministerio Público para encontrar a los responsables y ponerlos con evidencias de peso a disposición de la justicia.
Si el Estado con todos sus poderes no logra poner allí los esfuerzos, entonces nunca encontraremos a los responsables del asesinato de Juan Barrios y, por ende, cualquier nueva ley que apunte a aumentar las penas será un eufemismo o un mero fuego artificial que no logrará traer paz ni justicia a las víctimas.
He dicho.";1
"98";"21402";535;2021;9;"BOBADILLA";NA;"El señor BOBADILLA.-
Señor Presidente, solo haré un par de reflexiones respecto de esta iniciativa.
Mi primera reflexión es para valorar este proyecto. Desde ya, anuncio el voto favorable de la bancada de la Unión Demócrata Independiente. Todo lo que hagamos para terminar con la impunidad con que están actuando los terroristas o narcoterroristas en la provincia de Arauco y en la Región de La Araucanía, sin duda, debemos apoyarlo decididamente. No basta con rechazar la violencia con que operan estas bandas, sino que hay que entregar los instrumentos legales para que la autoridad que corresponda aplique, con la máxima severidad, la máxima sanción posible para erradicar definitivamente la violencia en nuestro país.
En esa línea, encuentro lamentable la impunidad con que están actuando estos grupos terroristas, no solo quemando vehículos, como aquí se ha dicho, sino también quemando casas, instalaciones, galpones y maquinaria, y, por cierto, también quemando vivas a personas.
En ese sentido, sin duda, esta iniciativa apunta en la dirección correcta, y la voy a apoyar y votar favorablemente con mucho entusiasmo.
0
No solo debemos dotar de las herramientas o los instrumentos legales para perseguir, procesar y condenar a esos terroristas, sino que también cabe hacer un llamado a quien está a cargo de aplicar esos instrumentos. Me refiero a la Fiscalía.
Normalmente aquí se responsabiliza a las fuerzas policiales de que no capturan y no entregan a los tribunales a esos terroristas, pero creo que también falta una crítica o autocrítica de un actor relevante, como es el Ministerio Público, que es el encargado de perseguir, procesar y llevar a los tribunales a esos delincuentes que atentan gravemente contra el Estado de derecho.
Por eso, reitero que votaré favorablemente. Creo que instrumentos como este, sin duda, son una herramienta importante para combatir a los terroristas que operan en la provincia de Arauco y en la Región de La Araucanía.
He dicho.";1
"99";"21402";538;2021;9;"MOLINA";"vía telemática";"El señor MOLINA (vía telemática).-
Señor Presidente, cuando escuchamos a la estimada colega Andrea Parra , nos damos cuenta de que ahí está la gran diferencia que tenemos.
Si creemos que todos los que están detrás de los hechos del narcotráfico y del terrorismo se van a calmar porque vamos a dialogar y a tener escaños reservados, es cosa de escuchar y de leer las declaraciones de muchos de los que están detrás de esos hechos. No nos equivoquemos.
Además, donde se han comprado y hecho adquisiciones de tierras mucho más allá de los desmedros es donde está la mayor cantidad de problemas, como es el caso de Temucuicui y los casos que hoy tenemos cercanos a Temuco.
Dicho eso, creo que es superimportante que entendamos lo siguiente: primero tenemos que avanzar en leyes que realmente fortalezcan la persecución penal, y no solo en leyes, porque en esto vemos claramente una falta de persecución y una impunidad que reina en la Araucanía y en toda la macrozona sur, que no tiene que ver solo con mejorar los tipos legales.
¡Cómo es posible -aquí voy a hacer un llamado a mi gobiernoque los fiscales digan a través de los diarios que no tienen los recursos necesarios, que no se les pidan cuentas -así dicen los dirigentes gremiales y que están siendo amenazados, y que nosotros no nos demos cuenta, que nos tapemos los ojos con las manos y, en definitiva, no veamos lo que está pasando!
El gobierno debería poner todos los recursos a los fiscales y llamar al fiscal nacional para preguntarle ahora, en la próxima discusión del presupuesto, qué le falta para poder hacer una persecución penal como corresponde y no tener trescientos noventa y tantos casos, y tres condenados. Eso debería hacer mi gobierno.
Al mismo tiempo, también debiera sentarse a conversar con el general director de Carabineros de Chile, y no permitir que un carabinero nos diga hoy: “Mis pantalones tienen cinco años”. O que les digan a carabineros de la Araucanía: “Ahí les traigo 14 carros de Carabineros de los 600 que se adquirieron”. ¿Qué es eso? El 5 por ciento de la población está en la Araucanía. Debieron haber llegado, mínimo, treinta y tantos vehículos; sin embargo,
0
llegaron 14, y se hizo todo un lanzamiento.
Perdónenme, aquí no se quieren entregar los recursos necesarios a las instituciones; perdónenme, aquí, cuando uno revisa comuna por comuna, se da cuenta claramente de que los carabineros no tienen ni linternas ni vehículos.
Hay un problema de pobreza brutal en Carabineros.
Si realmente hoy, por un lado, estamos actuando de esa manera, y, por otro, no tengo dudas -en esto comparto la idea de la diputada que me antecedió en el uso de la palabrade que sí debemos avanzar en muchos temas políticos, pero no nos equivoquemos: el narcotráfico y el terrorismo van a seguir más fuerte. Cuando avancemos en el diálogo, va a ser peor, porque ellos no tienen ningún interés en avanzar en los temas políticos. Este es otro negocio. Son personas que se alojan en estas causas y que claramente no tienen absolutamente ningún interés en avanzar en la participación y en lo que es más profundo de la región. Esto tiene que ver con el reconocimiento, con entender que tenemos riquezas y con entender que tenemos una gran oportunidad como región. Eso no les importa. Aquí hay un gran negocio detrás.
¿Qué está haciendo el Servicio de Impuestos Internos? Me hago la pregunta. ¿Hay alguna causa que el Servicio de Impuestos Internos haya seguido? Cuando uno ve la cantidad de compras, por ejemplo de camionetas, y la infraestructura detrás de los robos, comprueba que no hay persecución por nuestras instituciones. Hoy tenemos instituciones que no están funcionando. Lo primero que debemos hacer como gobierno es lograr que funcionen y poner interés en resolver este problema.
Creo que no solo debemos avanzar en esta materia; también debemos avanzar con el tema de la usurpación. En ninguna parte del mundo se usurpan bienes y no les pasa nada a las personas que lo hacen. ¡Por favor, esto no puede pasar! Y no es solo en La Araucanía. No mezclemos los temas.
Si hay una persona que tiene un dominio vigente de una propiedad, reconocido por el Estado de Chile, esa propiedad no se puede usurpar. ¿Por qué se van a poder usurpar las propiedades en la Araucanía y no en otras partes? ¿Por qué? ¿Qué derecho le estamos conculcando a la gente de La Araucanía? ¡Por favor!
Por otro lado, persigamos la ruta de la plata: el robo de la madera. Ya está bueno. En este caso llevamos 47 urgencias. Entonces, claramente no se quiere avanzar en las leyes que van a permitir la persecución de este tipo de hechos. ¿Por qué no? Porque hay una historia detrás: debemos una causa. No nos equivoquemos; avancemos en eso. Sin duda, hay que avanzar; ya está bueno de compromisos sin cumplir.
Pero aquí no se trata solo de eso. Debemos avanzar en los dos frentes y separarlos muy bien, porque aquí son nuestras comunidades las que están sufriendo, al igual que todos los ciudadanos de nuestra macrozona sur.
He dicho.";1
"100";"21402";540;2021;9;"NORAMBUENA";NA;"El señor NORAMBUENA.-
Señor Presidente, estamos, una vez más, tratando de ayudar y de dar una respuesta a muchas personas que sienten que las instituciones y el Estado de derecho no funcionan en nuestro país, particularmente en la Región de La Araucanía y en la Región del Biobío, principalmente en la provincia de Arauco.
Este proyecto que introduce diversas modificaciones a las normas del Código Penal referidas al delito de incendio va encaminado, por lo menos en parte, a dar una respuesta por la vía de adecuar a las necesidades contemporáneas los tipos penales de incendio establecidos en el Código Penal, para asegurar su aplicación y evitar vaguedad en su interpretación, que es lo que muchas veces ha ocurrido y respecto de lo cual no hemos recibido una respuesta concreta.
En nuestra zona hay angustia, sobre todo en la provincia de Arauco. Muchas familias han vivido por generaciones y han tenido una actividad permanente en la zona, pero estos actos delictivos, de terroristas, han creado un
0
ambiente de drama, de angustia y de incertidumbre, pues ante ellos no se ve una respuesta de protección que dé tranquilidad, que es lo que todos queremos. Se queman casas, vehículos, se roban vehículos, se roban animales, se ataca y mata a personas y, al final, la respuesta es nula.
Por este motivo, proyectos como este es lo que nos pide la gente: leyes que la protejan, leyes que nos protejan.
Por eso, creo importante resaltar que cuando estamos dando una respuesta y aprobamos este proyecto, no nos vamos por las ramas. Escuché a una parlamentaria de La Araucanía que, habiendo sido autoridad en gobiernos anteriores, todo esto lo transforma en un tema político. Si bien esta materia tiene un condimento político y requiere decisión de acuerdos políticos, también involucra una situación absolutamente humana y de eso debiéramos preocuparnos.
Lamento que en la provincia de Arauco, particularmente en la comuna de Cañete, se concentre la mayor cantidad de denuncias en 2020. En Cañete se han presentado 30 denuncias; en Collipulli, 23; en Contulmo, 14; también hay denuncias en Victoria y en varias otras comunas.
Lamento que estemos en esta situación. El llamado es a que nos centremos y avancemos en decisiones que, aun cuando puedan incomodar a algún sector político del país, permitan que hagamos frente a este tipo de situaciones, que hagamos frente a la delincuencia, al terrorismo y al abuso que hay sobre todo en el robo de madera en nuestra zona.
Es lamentable que en la Comisión Mixta se haya eliminado la sanción al ataque contra vehículos y recintos policiales. ¿Cuál puede ser la respuesta a la pregunta de por qué fue eliminada? Aquí hay un sector político que debe dar una respuesta también a la ciudadanía de lo que muchas veces lamenta. Sale el discurso, lo pronuncian, buscan el titular, pero, en concreto, hay que defender a la gente, hay que defender a nuestros policías, que son humanos, que tienen familias y que entregan parte de su vida para defender al prójimo. Entonces, debemos tener mucho cuidado.
Por eso, vamos a votar a favor este proyecto, y esperamos seguir avanzando en todos los otros proyectos de ley que, de alguna manera, han tenido obstáculos de un sector político del Congreso Nacional, para dar respuesta a la ciudadanía, sobre todo en la zona sur de la provincia de Arauco, que se ve afectada por estos atentados.
Votaré a favor.
He dicho.";1
"101";"21402";542;2021;9;"SOTO";"don Leonardo";"El señor SOTO (don Leonardo).-
Señor Presidente, me correspondió integrar la Comisión Mixta que se constituyó para resolver las divergencias entre la Cámara de Diputados y el Senado respecto de este proyecto de ley que algunos han denominado “ley Juan Barrios ”.
Este proyecto de ley básicamente busca revisar los delitos de incendio con resultado de personas fallecidas o lesionadas, o de daños a bienes, y mejorar su tipificación, sin alterar, en general, las penas que están establecidas, que ya son muy altas, porque vienen del siglo XIX, cuando el delito de incendio podía devastar ciudades enteras.
Pero hoy, que tenemos grandes y buenos cuerpos de bomberos, con redes de incendios en edificios, prácticamente esas normas están un poquito anacrónicas. Pero las revisamos en profundidad y pudimos tomar decisiones importantes para este proyecto de ley.
Lo primero fue rechazar una norma que había sido introducida en la Cámara de Diputados -parece-, que no tenía nada que ver con el delito de incendio, que castigaba con penas altísimas a los que con violencia o intimidación retuvieren o tomaren el control de automóviles de dos o más plazas o de camiones en la vía pública, impidiendo la libre circulación. No sé qué tiene que ver eso con el delito de incendio; pero lo habían introducido. Es una norma
0
que tiene que ver con temas de orden público -por eso estaba en un capítulo relacionado con el orden público-, y más bien perseguía criminalizar lo que se llama la protesta social, que en ocasiones produce esas alteraciones, pero lo hacía con un castigo penal gigantesco, con una pena de cinco años y un día a diez años. Era estimado como un crimen solo por el hecho de retener o tomar el control de un vehículo y obstruir la libre circulación.
Es parte del fanatismo con que algunos quieren resolver problemas que a veces son políticos, que tienen que ver con el rompimiento de nuestro pacto social aquí y en La Araucanía, a través del establecimiento de penas que son claramente desproporcionadas y que no tienen un mínimo de sensatez.
Se avanzó en la Comisión Mixta en una modificación que me parece muy interesante, que será lo medular del informe, que tiene por objeto rebajar la pena del delito de incendio. Escuche lo que digo.
A pesar de que la idea de los mocionantes y del gobierno era aumentar la severidad de las penas, lo que hicimos fue bajarlas, porque eso era lo que tenía mucho más sentido y lo que concitaba más respaldo dentro de los expertos. Todo el mundo estuvo de acuerdo en que si queríamos hacer alguna modificación debíamos rebajar la pena del artículo 475 del Código Penal, que castiga a los que ejecutan incendios en edificios, aeronaves, buques, vehículos, transporte público de pasajeros, automóviles, camiones, etcétera, siempre que hubiese personas en su interior y su presencia allí se pudiere prever.
Este delito tenía una pena que era más grave que el homicidio. Era una pena mayor o tan alta como el homicidio y castigaba al que produjere un incendio habiendo personas en algún lugar, pero sin causarle ningún daño efectivo, sin causar ninguna lesión, sin causar ninguna lesión leve siquiera. Entonces, no se podía establecer una pena que partía en diez años y un día, como si fuera homicidio.
Si uno ponderaba esta sanción, salía, por así decirlo, más fácil asesinar a una persona que cometer un incendio sin resultado de lesiones para nadie. Por eso, por un aspecto de racionalidad, de proporcionalidad, se rebajó la pena de este delito de incendio. En todo caso, hago presente que puede haber un error en la norma del artículo 476 del Código Penal, que castiga el delito de incendio genérico, que es aquel que se comete en lugares no habitados y que no resulta, evidentemente, en lesiones para nadie.
En estos casos, que es el delito más básico, se dejó una pena de presidio mayor en cualquiera de sus grados, es decir, tiene una pena superior al delito de incendio, incluso en el caso de ocasionar lesiones graves a las personas.
Hay allí una inconsistencia en cuanto a la escala natural de gravedad que tienen las penas y se debe corregir.
Ese punto se discutió en la Comisión Mixta y la norma en cuestión, el encabezado del artículo 476 del Código Penal, debió haber quedado con presidio menor en cualquiera de sus grados, porque es el delito de incendio que tiene el menor reproche.
De esa manera, se produce una escala de gravedad con aumentos de penas que van desde esta, cuando hay incendio sin peligro para nadie en lugares no habitados, hasta el incendio con resultado de muerte, que tiene una penalidad que incluso llega a la pena más alta, que es la cadena perpetua. Pero si no se modifica, quedará una discordancia sobre la que advierto de antemano que hay que corregir, y ojalá lo hagamos durante la mañana.
Esta modificación al Código Penal del delito de incendio no tiene ninguna posibilidad de solucionar los problemas de violencia en La Araucanía. El problema que tiene esta región, sin duda, es mucho más complejo y no tiene una raíz en el Código Penal, y el que crea esto simplemente está engañando a los ciudadanos. Es un problema histórico, cultural, político, de tierras, que ha despojado a un pueblo originario relevante en nuestro país. Son cerca de dos millones de chilenos que se definen pertenecientes al mundo mapuche, y durante siglos han sido desplazados, despojados de prácticamente todos sus bienes culturales y materiales.
La violencia en La Araucanía tiene una raíz muy profunda. Ya está bueno de buscar paliativos para intentar resolverlo, como este, a través de modificaciones al Código Penal o simplemente militarizando las policías o, es más, militarizando La Araucanía.
Ese no es el camino; el camino es sentarse, conversar, dialogar, parlamentar con ellos y buscar acuerdos de paz que puedan resolver, respetando que Chile es un Estado o una sociedad plurinacional, respetando el derecho que ellos tienen, como cualquier pueblo, que tiene su propia comunidad e identidad, a tener un espacio vital para desarrollarse. Mientras eso no ocurra, la violencia se va a mantener.
0
Por lo mismo, pido que abandonemos este camino y busquemos una solución política a La Araucanía, a través del diálogo con los pueblos originarios.
He dicho.";1
"102";"21402";549;2021;9;"SOTO";"don Leonardo";"El señor SOTO (don Leonardo).-
Señor Presidente, en el proyecto que acabamos de aprobar hay una inconsistencia evidente y grosera en el texto aprobado, toda vez que por un error, que entiendo puede ser del Senado, quedó una norma que se refiere a una conducta menos reprochable con una sanción muy superior a la de otras conductas que son más reprochables.
Hay una inconsistencia en las penas.
El artículo 476 del Código Penal, que castiga el incendio en lugar no habitado, atribuye una pena superior que la pena contenida en el artículo 475, que castiga el incendio en lugar habitado.
Eso constituye una desproporcionalidad en las penas que, evidentemente, es inconstitucional.
Por ello, le pido que se oficie al Senado para que se tenga presente ese error y lo podamos remediar. En caso contrario, que se oficie al Ejecutivo para que, a través de un veto presidencial, se corrija algo que, evidentemente, es un error.
He dicho.";1
"103";"21402";555;2021;11;"INSULZA";NA;"El señor INSULZA.-
Gracias, Presidenta.
En realidad, este es un tema simple, aunque no siempre fácil de explicar.
Como ustedes recordarán, nosotros tuvimos un debate bastante completo sobre los acuerdos adoptados por la Comisión Mixta, los que finalmente la Sala rechazó. En tal virtud, ese órgano suprimió, en algunos casos por votos de los Senadores de Gobierno y en otros por votos de Senadores de la Oposición, algunas modificaciones que la Comisión Mixta le había hecho al proyecto.
Como una de esas modificaciones fue rechazada, por razones de carácter técnico al no aceptarse la nueva norma - en otra parte de la tramitación de ley también se derogó una disposición-, se dejó sin pena un delito, que en este caso es el de incendio.
Los lugares susceptibles de incendio se mantienen -una de las ampliaciones importantes que tiene la norma es la Ley Juan Barrios, como se sabe-, pero la parte que cayó fue la que señala la pena. La pena era de presidio mayor en su grado medio a presidio perpetuo y pasó a ser, en la propuesta que venía de la Cámara de Diputados, de presidio mayor en su grado mínimo, si no me equivoco. Pero luego eso se cayó y simplemente desapareció de la norma porque fue rechazado por la Sala.
Y, por lo tanto, tenemos un vacío en la ley.
0
Entonces, perfectamente una persona que, habiendo incendiado un recinto y previendo que en su interior había una o más personas, podría no ser castigada porque nadie murió ni nadie sufrió lesiones.
De lo que se trata, entonces, es de reponer la pena que existía antes.
Uno podría pensar que la propuesta de la Cámara de Diputados en el sentido de reducir un poco la pena era buena, pero como eso fue rechazado por la Sala no tenemos más alternativa que aceptar el veto y reponer la pena que ya existía.
De lo contrario, eso podría ocasionar la libertad de una cantidad de personas que están presas por delito de incendio y que podrían apelar a la pena menor, el principio pro reo, para salir de la cárcel. Y ese es un número no menor de personas.
Con respecto a la segunda parte, referida al artículo transitorio, la verdad es que esta responde a una idea del Ejecutivo en el sentido de que podría quedar un tramo o un período sujeto a interpretación que podría ser usado nuevamente de manera indebida.
Yo no compartí esto -otros tampoco lo compartieron-, pero finalmente se aceptó poner un artículo transitorio que establece claramente cuál norma rige, en qué momento. Y a mí me parece que eso está bien.
Repito: la discusión fue si era necesaria o no era necesaria tal disposición. Todos estaban de acuerdo en el efecto que se iba a producir, pero, ante la insistencia del Ejecutivo, optamos por adoptar ese precepto, el que, como digo, no produce ningún perjuicio, ningún problema, pues reproduce la interpretación que muchos damos a las normas sobre continuidad o discontinuidad de las leyes.
Por lo tanto, me permito sugerir que el veto se apruebe sin mayor discusión. Es absolutamente necesario, porque, de lo contrario, habría un delito (el grave delito de incendio en lugar habitado, con personas dentro, que no haya producido lesiones pero que sí las pudo haber producido, siendo factibles de prever) sin sancionar.
Gracias, Presidenta .";1
"104";"21402";557;2021;11;"GARCÍA";NA;"El señor GARCÍA.-
Gracias, Presidenta.
Quiero pedir autorización a la Sala para que ingresen el Subsecretario Galli -está aquí el Ministro del Interior - y también el Subsecretario General de la Presidencia .";1
"105";"21402";562;2021;11;"ARAVENA";NA;"La señora ARAVENA.-
Presidenta, muchas gracias.
Solamente quiero reforzar lo que ha dicho el Presidente de la Comisión, porque este es un proyecto que tiene una referencia importante a mi región, dado que hubo que modificar el delito de incendio debido a la constante quema de vehículos motorizados en La Araucanía, donde se produce la mayor cantidad de incendios de manera intencional.
En este caso, la ley lleva el nombre de Juan Barrios, persona que falleció en la cabina de un camión esperando poder ingresar la cosecha del año, desgracia fatal que ocurrió hace dos años.
Solo debo agregar que el veto era necesario, porque, de lo contrario, íbamos a quedar en una condición complicada al rebajarse las penas de incendio. Era absolutamente ilógico que, por querer incorporar una situación que no se daba antiguamente, como la quema de un vehículo motorizado, en tránsito o estacionado, hoy día tuviésemos que aprobar la rebaja de la sanción para un delito tan grave como el de incendio, que en el caso de La Araucanía, reitero, es permanente, es frecuente, y solo ha disminuido gracias al estado de emergencia aprobado por este Senado.
Así que voy a aprobar el veto.
Gracias";1
"106";"21402";564;2021;11;"DELGADO";"Ministro del Interior y Seguridad Pública";"El señor DELGADO (Ministro del Interior y Seguridad Pública).-
Muchas gracias, Presidenta.
Saludo, por supuesto, a la Mesa y también a los Senadores y Senadoras presentes.
Tal como se ha explicado, las observaciones que hoy se deben resolver fueron presentadas a propósito de algunos problemas surgidos durante la tramitación del proyecto, puesto que el artículo 475 del Código Penal, referido al delito de incendio en lugar habitado sin resultado de muerte, también debe ser modificado para asegurar la coherencia con las otras dos figuras sobre el incendio, dado que la propuesta de la Comisión Mixta sobre este punto, que incluía una rebaja de penas, no fue aprobada por las Cámaras, alusión a la cual se hizo referencia hace algunos minutos.
El texto aprobado por este Honorable Congreso no incluía entonces la modificación al artículo 475, pero sí las demás figuras de incendio existentes en el Código Penal.
Debemos recordar que el fundamento de esta iniciativa, lo mismo que el acuerdo construido en este Senado, radican en la necesidad de actualizar el catálogo de bienes, lugares e instalaciones en que se puede cometer un incendio. Y justamente, respecto de las tres figuras relacionadas con este delito contempladas en el Código Penal, hubo consenso en ambas Cámaras para actualizarlas de manera homogénea.
También cabe recordar que lo único en que se discrepó en este Honorable Senado fue en lo relativo a la pena asignada al delito, la cual fue rebajada por la Cámara de Diputados, pero manteniendo la descripción de la conducta típica.
Sin embargo, por la forma en que se planteó la propuesta en el informe de la Comisión Mixta, el resultado fue que, al no ser aprobado este punto por la Cámara de Diputados, no hubo modificación en esta materia.
0
Por lo tanto, Presidenta , en cuanto al delito de incendio en lugar habitado sin resultado de muerte, no se está incluyendo, entre otros lugares donde este delito también se comete, por ejemplo, los camiones, que el proyecto de ley incorporaba producto del asesinato de que fue víctima don Juan Barrios, por lo que no se está cumpliendo con el espíritu del texto inicial. Pero, como ello no se está cumpliendo solamente respecto del artículo 475 del Código Penal, corresponde, por tanto, por el trámite constitucional en que nos encontramos, que el Presidente de la República proponga una solución al efecto.
Ya entrando en el contenido del veto, cabe mencionar que la propuesta formulada se compone de dos partes. La primera consiste en la introducción de un nuevo numeral al artículo único, para sustituir el artículo 475 del Código Penal por otro nuevo, en línea con los textos aprobados tanto por el Senado como por la Cámara de Diputados, aunque con algunas simples diferencias de redacción. De esta manera, se incorpora el catálogo de bienes en los mismos términos de los demás artículos, manteniéndose la pena vigente hoy.
La segunda propuesta respecto del texto ya aprobado consiste en la incorporación de un precepto que permite regular la transición de la norma penal y relacionar el antiguo tipo penal con el nuevo. Si la propuesta se aprueba, por supuesto, aquí también hay que tener claro que esto es para el caso de la transición de la norma más antigua a la nueva norma.
Una de las aprensiones del Gobierno en este aspecto se refiere a la rebaja de la pena del delito del artículo 475, ya que, producto de ella, por efecto del principio constitucional de la ley penal más favorable, un total de doscientas catorce personas condenadas por el delito de incendio en lugar habitado podrían ver reducidas sus condenas o quedar en libertad. Esto es, justamente, lo que motiva el envío de este veto, que pretende equiparar la posibilidad de que estas personas no queden en libertad si la norma se acoge.
Finalmente, al no ser aprobado este punto por una de las Cámaras, no hubo modificación al respecto. Como ya se ha señalado, la sustitución total del tipo penal puede tener diversas interpretaciones, por lo cual resulta necesario fijar en la ley, de forma transitoria, los criterios necesarios para evitar una interpretación abusiva de la norma.
Al sustituirse los tipos penales de esta ley, podría entenderse por algunos que las anteriores conductas se encuentran derogadas y solicitar, en consecuencia, la revisión de sus condenas por existir una ley penal más favorable, que es justamente lo que queremos evitar. Sin embargo, todos estaremos de acuerdo en que solo se ha perfeccionado la redacción de la conducta y se ha cuidado que, pese a tales cambios, no haya espacio para suponer que la sustitución de las conductas típicas implica una derogación.
Por tanto, la norma propuesta busca dejar claramente establecido, primero, que los delitos cometidos bajo la tipificación anterior se rigen por ella a pesar de la modificación posterior, es decir, cada cual será juzgado por la norma vigente al momento de cometerse el delito, sin perjuicio de que sobre dicha norma proceda aplicar el principio de la ley penal más favorable, si correspondiere.
En segundo lugar, y para que no quepa ninguna duda al respecto, se reitera que, si correspondiere, se aplicará el principio de la ley más favorable, para lo cual un tercero, en este caso el juez, deberá analizar y considerar las normas aplicables, tanto de la ley anterior como de la ley posterior.
Por último, se incorporan disposiciones relativas a la determinación de la vigencia de la ley para los casos en que los delitos estén ocurriendo mientras ella se encuentra en vigencia.
Las propuestas que este veto aditivo contiene, Presidenta , son esenciales para poder comprender el proyecto de ley en un punto que, como señalé, generó acuerdo en las Cámaras, que es, justamente, la actualización de la descripción de los bienes, lugares e instalaciones donde puede cometerse el delito de incendio en lugar habitado sin resultado de muerte, en particular porque apunta al espíritu de la iniciativa, cual era la incorporación de los camiones dentro de dicho catálogo.
Asimismo, la disposición transitoria permite una adecuada implementación para el período de transición.
Por ello, pido a este Honorable Senado, en nombre del Gobierno, tener a bien aprobar ambos vetos del Presidente de la República, a fin de que las herramientas que he descrito puedan entrar en vigencia y podamos contar con ellas.
Gracias, Presidenta .
0";1
"107";"21402";566;2021;11;"NAVARRO";NA;"El señor NAVARRO.-
Presidenta , esta ley tuvo un espíritu que muchos compartimos: cómo enfrentar la violencia y particularmente el delito de incendio en el Wallmapu, la llamada ""macrozona sur"" por el Gobierno, que le cambia el nombre histórico y pretende crear una territorialidad que no dice relación alguna ni con la cultura ni con la historia.
Hemos señalado que no queremos más incendios, que no queremos más vehículos quemados, que condenamos la violencia, y que, para eliminarla, no basta decir que se va a poner a los militares, como lo ha hecho el candidato Kast , quien ha afirmado que habrá más militares.
Ahora el debate es cómo tipificamos si el vehículo es motorizado, si es vehículo de pasajeros, si el delito se comete en poblados. Este es un debate que niega la realidad, el típico debate de quienes quieren ocultar el tema de fondo: los que están con las forestales; los que están con el desalojo del pueblo mapuche; una Derecha neoliberal que oculta su intencionalidad de ir a los temas de fondo y que utiliza la figura de Juan Barrios para poder decir que está intentando hacer algo.
¡Condenamos ese asesinato! ¡Fue un asesinato! Pero reclamamos que este Senado gaste su tiempo en una legislación que resuelva el problema. Porque, si es un vehículo motorizado o un vehículo de pasajeros, si el incendio se comete en poblados, ¡esta pinche ley de incendio no va a resolver el problema de la violencia en La Araucanía, como tampoco lo va a resolver Kast , el candidato de la extrema Derecha! ¡No lo van a resolver! Porque hubo desalojo, ¡desalojo!, usurpación de tierras, y nadie quiere entrar a los temas de fondo.
Cuando el Senador Huenchumilla fue intendente intentó hacerlo, pero nuestro Gobierno lo sacó. Y hoy día lo que hacen los gobiernos de Derecha es utilizar electoralmente un problema histórico para luego, con el orden y la seguridad, ocultar el problema de fondo y así evitar el diagnóstico y resolver el asunto de una buena vez. ¿Por qué creen que en treinta años, incluidos los ocho de Piñera, no lo hemos resuelto? Porque se oculta la causalidad, se oculta la realidad.
Cuando alguien quiere ocultar el tema de fondo y pasar piola, no develar sus mezquinos intereses, entonces evade la realidad; la describe, la condena, la legisla, pero mete debajo de la alfombra la realidad. Y la realidad es que, mientras no haya tierra para el pueblo mapuche, mientras las comunidades del Wallmapu no sientan que recuperaron aquello de lo que las despojaron, no habrá paz.
Entonces, más allá de hablar del veto presidencial -el Presidente ya nos tiene acostumbrados a los vetos-, solo quiero decir que el Wallmapu pertenece al pueblo mapuche, a los pueblos originarios, y que, si restituimos las tierras usurpadas, vamos a tener paz en La Araucanía, vamos a tener paz en el Biobío, habremos saldado una deuda histórica.
Hoy día esto se ha transformado en un tema electoral. Kast arrasó en la zona, arrasó en Cañete, arrasó en mi región y en La Araucanía, ¡con una promesa que Piñera no cumplió en dos gobiernos! ¡En dos gobiernos! ¡Ocho años tuvo la Derecha para enfrentar este tema y no lo hizo! La Concertación tuvo veintidós años, ¡y tampoco lo hizo!
Entonces, como han fracasado todos los gobiernos, sinceremos el debate y digamos francamente que esta ley Juan Barrios es para hacer homenaje a un conductor, a un hombre de trabajo víctima de una situación que ni la Derecha ni la Izquierda ha sido capaz de resolver.
Creo que lo que corresponde, Presidenta , es que vayamos a la causa originaria, que es la usurpación de tierras, y pensemos en cómo logramos un gran acuerdo con las forestales; en cómo el Estado de Chile, que es dueño del 52 por ciento del territorio nacional, alcanza un gran acuerdo, por un millón de hectáreas, para poder restituir las tierras usurpadas.
0
¡Solo así habrá paz en La Araucanía!
Pónganle el nombre que quieran, ""violencia rural"", ""violencia en la macrozona sur"", pero allí no se resuelven los problemas si no existe la valentía, los cojones (que ningún gobierno ha tenido) para enfrentar el tema de fondo.
Las mentiras de Kast no van a resolver el problema en La Araucanía, ni van a resolverlo en la Región del Biobío, porque nadie quiere tocar los intereses de las forestales.
Es por eso, Presidenta , que voy a votar en contra de este veto, porque da exactamente lo mismo. Este es un debate irreal, ilusorio, que oculta la realidad, que oculta la causalidad.
Voto en contra, señora Presidenta.";1
"108";"21402";568;2021;11;"MOREIRA";NA;"El señor MOREIRA.-
Gracias, Presidenta.
Bueno, yo no sé por qué hablan tanto del candidato presidencial Kast cuando ni siquiera entramos a la segunda vuelta y no sabemos el resultado. Pero no da lo mismo, como dice el Senador Navarro, que me antecedió en la palabra y que le da la espalda a una ley que hoy día es importante para Chile.
La seguridad pública se ha vuelto un tema no solo importante sino también urgente para todos los chilenos, que han visto cómo la delincuencia ha aumentado a causa de diversos factores, como el lamentable incremento de la pobreza y el despliegue que han debido efectuar las fuerzas policiales a causa de la pandemia.
El proyecto, denominado, como bien se ha dicho, ""Juan Barrios"", se originó por el lamentable asesinato de un transportista en la llamada ""zona roja de La Araucanía"" y forma parte de la agenda antidelincuencia del Gobierno.
Probablemente el Presidente Piñera , en sus dos mandatos, no ha logrado el éxito en muchas cosas, pero, como bien dijera el Senador Navarro, la Concertación gobernó veintidós años, con distintos presidentes, y el problema sigue siendo el mismo.
El proyecto, que ya lleva más de un año de tramitación, modifica diversas normas respecto del delito de incendio, en diversas estructuras, de acuerdo con si hay o no personas al interior del lugar.
Lamentablemente, la buena disposición de una parte de la Oposición no bastó para cerrar una buena iniciativa y las sospechas instaladas fueron más fuertes, sin importar las explicaciones o las cifras sobre los efectos del rechazo o de la aprobación de ciertas normas.
El veto busca solucionar algunos aspectos. Y los vetos que se han presentado a los distintos proyectos de ley son quizás producto de que no hemos legislado de buena manera. En este caso, lo que se busca es solucionar los aspectos más apremiantes que quedaron pendientes en lo que era un buen texto (el artículo 475), respecto de los hechos punibles y su sanción, para hacer que tengan equivalencia.
También el Gobierno se ha preocupado de que una interpretación pro reo extrema pueda significar la libertad de condenados en virtud de la modificación de los hechos que dan forma al tipo establecido y a la luz de la vigencia de cada una de las normas. Votar en contra de este veto, por las razones que sea, es claramente no entender que podrían salir libres asesinos y homicidas, dada la falencia que exhibía el proyecto en un principio y que ahora se corrige.
Yo lo voy a aprobar, no solo porque viene del Gobierno, sino porque lo considero necesario y urgente.
La delincuencia es un tema que no reconoce ideología o clase social; es una llaga que lastima, en especial, a los más vulnerables. Y dentro de las categorías delictuales, el incendio es una de las peores, porque es un delito que no solo puede afectar a inmuebles y personas, sino que el criminal que enciende un fuego solo es capaz de
0
controlar su inicio, pero jamás los alcances que puede tener.
Termino, Presidenta .
Esto no solo es por La Araucanía -la Oposición quiere llevarlo solo a La Araucanía-; es por todos los chilenos que sufren a manos de delincuentes.
La agenda antidelincuencia no acaba solo con sanciones penales ni con la construcción de más cárceles. Se requieren enfoques de prevención y rehabilitación, pero, mientras tanto, debemos hacernos cargo de las preocupaciones de la gente; aumentar la seguridad en nuestras calles, en nuestras poblaciones, carreteras y caminos rurales. No podemos permitir que el Estado de derecho no se aplique a todo el territorio nacional y a todos los habitantes de la república. No puede haber impunidad, no puede haber lugares donde las policías y el Estado se vean impedidos de ingresar. ¡Eso es inaceptable!
Y en esa misma senda, el Presidente Piñera ha enviado a este Congreso -lo está viendo la Comisión en que yo participo, la de Seguridad Pública- el nuevo Ministerio de Seguridad. Es un ministerio importante para Chile y es un paso que hay que valorar.
Voto a favor.";1
"109";"21402";573;2021;11;"ALVARADO";NA;"El señor ALVARADO.-
Muchas gracias, Presidenta.
Quisiera recordar que esta iniciativa de ley, que en su tramitación en este Congreso fue generando amplios consensos, surge de una situación dramática, de un hecho de carácter delictivo que afecta la vida de personas. Y no podemos ser indiferentes a esa realidad, ni mucho menos ser parte de la impunidad.
Por esa razón, señora Presidenta , yo no comparto gran parte de los dichos del Senador Navarro -por su intermedio-, porque él, al final, no se hace cargo de una realidad. Y de una realidad delincuencial que está presente, que genera angustia, que genera temor, que genera mucha inseguridad y que no estaba tipificada correcta o adecuadamente como un delito.
En ese sentido, lo que estamos haciendo hoy día aquí, en el Congreso, es, precisamente, colocarle sanción, para que estos hechos ojalá nunca más vuelvan a repetirse. Y esa sensibilidad que estamos demostrando hoy día en este Senado a lo mejor no es la solución perfecta, pero contribuye de alguna manera a bajar este tipo de delitos, ojalá a apuntar hacia la paz social y a no dejar en la impunidad estos hechos.
0
Así que, señora Presidenta, a diferencia del Senador Navarro, voto a favor.";1
"110";"21402";575;2021;11;"INSULZA";NA;"El señor INSULZA.-
Yo estoy muy de acuerdo con que se abra la votación, Presidenta , porque no podemos dar el espectáculo, una vez más, de estar hablando de política cuando en este Senado se está discutiendo un veto para resolver un problema en un proyecto de ley detrás del cual hay una tragedia, una tragedia humana, una cosa que realmente nunca debió ocurrir y que no tiene justificación alguna.
El incendio del camión de Juan Barrios le quemó el 30 por ciento de su cuerpo, fundamentalmente sus vías respiratorias, y murió casi un mes después. Esa es la verdad, eso es lo que ocurrió.
Ahora, no era un comunero mapuche. Su esposa, doña Sandra Coñonahuel, sí lo es, evidentemente, y ella es la que ha pedido justicia por esto.
El problema es que, cuando se revisan las cosas para hacer justicia, en ese momento este vehículo y algunos otros no estaban incluidos entre aquellos que merecen pena agravante por incendio. Por eso, el único homenaje que desde este Congreso se le puede ofrecer es cerrar un vacío en la ley. Y por eso se pensó dictar la Ley Juan Barrios, por eso se hizo. Ahora todo lo que estamos haciendo es corregir un error que hubo en la iniciativa de ley, y estamos todos de acuerdo en que fue un error. Porque en un delito como este que no hubiera producido la muerte -este produjo la muerte-, podría haber dejado impune al hechor.
Todavía falta la investigación y, por cierto, todavía falta resolver una cantidad de problemas más; entre ellos, el tema de La Araucanía. Pero, por favor, no habrá legislación alguna que pueda relativizar siquiera el castigo de una persona que comete semejante crimen.
Entonces, yo, la verdad, Presidente, es que pediría que no discutamos más esto y lo votemos simplemente.
Yo sé que el Senador Huenchumilla va a hablar, y me parece muy bien; él es de la región, además. Pero, ojalá después reflexionáramos un poco. No podemos pasarnos dos horas haciendo política electoral de un lado y otro cuando estamos hablando de una tragedia como lo que ocurrió con el camionero Juan Barrios ; así que pido que votemos, Presidenta .
Yo voto a favor y pido el voto de todos a favor.
Gracias.";1
"111";"21402";577;2021;11;"HUENCHUMILLA";NA;"El señor HUENCHUMILLA.-
Presidenta, siempre en los debates todos tenemos algo de razón, dependiendo del punto de vista con que uno lo mire, ¿no? El Senador Navarro hace una intervención desde el punto de vista político respecto de la situación que vive La Araucanía, cuestión que yo comparto, como muchas veces lo he hecho presente, no tan solo en el Senado, sino que en todos los lugares en que me ha correspondido hablar sobre el tema.
Pero hoy día en este proyecto estamos viendo específicamente un problema procesal penal que se presentó en su momento: se cometió un error en la tramitación y, en consecuencia, corresponde buscarle una salida. Y es lo que se está haciendo acá mediante este veto en su primera parte.
0
El artículo 475 de Código Penal sufre una variación respecto de las plataformas en las cuales se puede cometer este delito, pero mantiene exactamente la misma pena actualmente vigente, que establece el artículo 475 del Código Penal, de tal manera que ahí no hay una innovación.
En ese sentido, tanto el Senador Insulza como el Ministro tienen razón, de tal manera que en esa primera parte yo no tengo inconveniente en que así procedamos.
Sin embargo, yo tengo una prevención en relación con la otra parte del veto, respecto del artículo transitorio, pues no logro entender cómo va a jugar con la clara norma que establece el artículo 19, número 3°, inciso séptimo, que señala: ""Ningún delito se castigará con otra pena que la que señale una ley promulgada con anterioridad a su perpetración, a menos que una nueva ley favorezca al afectado."".
Esa es la piedra angular del principio pro reo y del efecto retroactivo de la ley penal, y, por lo tanto, a mí no me parece, como técnica legislativa ni como política criminal, que por medio de una ley nosotros estemos glosando una norma constitucional.
Yo le pronostico que esta norma, si se aprueba, va a tener muchos problemas constitucionales en su interpretación, y que va a terminar en el Tribunal Constitucional, porque no es llegar, así como así, a horadar la norma constitucional que establece claramente el momento en que quedan establecidas las condiciones en que una persona puede ser castigada. Por lo tanto, en esa segunda parte del veto no estoy de acuerdo.
Termino, señora Presidenta, señalando simplemente una cosa. Mucha gente que nos escucha, a propósito de este proyecto y de otros, siempre piensa que elevando las penas los problemas se van a solucionar. La lucha contra la delincuencia no es tan simple.
Si fuera tan simple y bastara con elevar las penas, ¿por qué no colocamos derechamente a todos los delitos del Código Penal la pena de muerte? Probablemente, con eso se terminaría la delincuencia, según aquellos discurseros que sostienen esa tesis.
La lucha contra la delincuencia es multisistémica, tiene que ver con muchos aspectos de la sociedad; es algo que nos persigue desde los primeros tiempos del ser humano y de la sociedad, y nos va a seguir persiguiendo mientras no tengamos una política integral respecto de lo que hay detrás de todos estos hechos que suceden.
Por lo tanto, el derecho penal no es una cosa tan simple como colocar penas a gusto del consumidor. Si así fuera, no existiría el Código Penal en los términos en que lo tenemos.
Señora Presidenta, voto de la manera que he señalado.
Muchas gracias.";1
"112";"21402";579;2021;11;"GARCÍA";NA;"El señor GARCÍA .-
Muchas gracias, señora Presidenta .
Quiero partir señalando algo bastante obvio, y es que esta ley es para ser aplicada en todo el país, en todo el territorio de la república, y no solo en la Región de La Araucanía.
Nace como consecuencia de un hecho doloroso, lamentable, fatal que ocurrió en la Región de La Araucanía: la muerte de don Juan Barrios, quien, como todos ya sabemos, falleció luego de que fuera incendiado su camión estando él dentro.
Fue necesaria esta muerte para darnos cuenta de que en nuestro Código Penal había una tremenda deficiencia.
El delito de incendio siempre ha sido severamente sancionado y castigado en nuestro ordenamiento jurídico. Hoy
0
ocurre cuando se trata de incendios en edificios, tren de ferrocarril, buque o lugar habitado en que hubiere uno o más personas, pero como no está señalado expresamente cuando sucede en un camión, entonces, lo que puede hacer el juez es algo que queda sujeto a su interpretación.
Por eso estamos corrigiendo la ley.
Si se incendia un bus con pasajeros dentro en la Región Metropolitana, ¿me van a decir que eso no es un delito que amerita las sanciones más graves de nuestro ordenamiento jurídico? Por supuesto que sí. Y eso es lo que estamos haciendo con este proyecto de ley y en la forma como el veto que ha aprobado la Comisión de Seguridad del Senado lo está proponiendo a la Sala.
Por esa razón, voto, por supuesto, favorablemente esta iniciativa, que corrige un lamentable vacío de nuestra legislación y es algo que, por desgracia, resulta absolutamente necesario. Además, es para que rija en todo el territorio de Chile.
Gracias, Presidenta .";1
"113";"21402";598;2021;11;"ELIZALDE";NA;"El señor ELIZALDE.-
No sé si será posible pedirle al Ejecutivo que explique el sentido de esta observación, porque la pregunta es por qué no se aplican las normas generales respecto de la irretroactividad de la ley penal.
El principio general es la irretroactividad de la ley penal, salvo que la ley promulgada sea más favorable al reo.
Pero, en este caso, mi pregunta es por qué se establece una norma especial y no se aplican las normas generales.
No sé si el Ejecutivo o algún integrante de la Comisión pueden aclarar el punto, siguiendo además lo que en su momento planteó el Senador Huenchumilla .";1
"114";"21402";603;2021;11;"HUENCHUMILLA";NA;"El señor HUENCHUMILLA .-
Gracias, Presidenta .
Conversábamos recién con el Ministro y el Senador Elizalde, porque sobre el principio pro reo hay una norma constitucional de larga data, y aquí, mediante una ley de jerarquía inferior, se pretende glosar esta norma constitucional.
Entonces, ahí hay un problema.
Yo creo que introducir una norma legal, de jerarquía inferior, en un principio que viene desde tiempos inmemoriales respecto de la ley vigente al momento de la perpetración de los hechos, inserta un ruido en este proyecto.
Por lo tanto, creo que hay que rechazar este texto, porque va a terminar en puros juicios y recursos ante el Tribunal Constitucional, los que seguramente se van a acoger.
Por eso, señora Presidenta, mi sugerencia es votar en contra de la observación número 2).
Gracias.";1
"115";"21402";605;2021;11;"DELGADO";"Ministro del Interior y Seguridad Pública";"El señor DELGADO ( Ministro del Interior y Seguridad Pública ).-
Presidenta, a ver. El artículo transitorio no afecta el principio pro reo, porque lo que hace es regular el efecto de la norma en el tiempo. Y, de este modo, queda explícito que deberá aplicarse la ley vigente al momento de la comisión de los hechos, a menos que la nueva ley resulte más favorable para el imputado o acusado por hechos cometidos con anterioridad a su entrada en vigor.
En este caso, deberán aplicarse todas las normas que sean más favorables, considerando tanto la normativa vigente al momento de la comisión del hecho como también la contenida en la nueva ley.
Esa es nuestra interpretación, Presidenta.";1
"116";"21402";607;2021;11;"NAVARRO";NA;"El señor NAVARRO.-
Presidenta , no sé si el Presidente de la Comisión de Constitución o el Gobierno nos pudieran explicar mejor esta norma transitoria, porque, tal como lo ha señalado el Senador Huenchumilla, esta se va a prestar para diversas interpretaciones y alegatos.
Yo no sé si el Gobierno quiere que efectivamente haya una acción favorable pro reo o, en definitiva, mezclar procesos con condena, porque está clara cuál es la fecha desde la comisión del delito. ¡No puede haber una ley retroactiva! La Constitución lo señala clara y nítidamente. No se le puede aplicar una ley que no esté vigente a la fecha de la comisión del delito.
0
Yo no soy abogado. Aquí hay muchos abogados, muy destacados varios de ellos. Entonces, espero que alguien pueda aclarar este punto.
Yo voy a votar en contra, porque creo que lo que hace esta norma es enredar todo esto con esta ilusión de que mediante una ley van a bajar los delitos de incendio.
Lo señalé la vez pasada. Se lo digo al Senador García, y está presente el Ministro , al que emplazo una vez más: ¡en qué país del mundo el alza de las penas ha conllevado una disminución de los delitos! Ni siquiera en Estados Unidos, el país que tiene el mayor número de presos per cápita: cientos de miles. Los meten presos, los delitos continúan.
Lo que tenemos en Chile es una situación que la gente legítimamente ha dejado muy clara en esta elección presidencial: quiere que termine la delincuencia, ¡quiere que termine la delincuencia! Y la única respuesta del Congreso es aumentar las penas. O sea, si había un robo a un cajero automático, un alunizaje, aumentábamos las penas. Y lo dije: ¡que los pinches bancos tengan mayor seguridad es la única manera de evitar aquello!, porque el aumento de las penas no trae la disminución de los delitos.
Entonces, ¡no le mintamos a la ciudadanía!
Durante décadas venimos diciendo ""más penas, más años"", como si los delincuentes pensaran antes de pegarse el alunizaje o robarse el cajero automático si les van a dar cinco, diez o quince. ¡Les importa un bledo! ¡Nada!
Este tema es importante, porque nadie quiere que haya un nuevo Juan Barrios ; no queremos ningún camionero quemado. Y yo agrego: no quiero ningún comunero mapuche muerto; quiero paz en La Araucanía.
Por eso reitero que debemos ir a las causas basales y no quedarnos solo con la realidad. Pero en este caso, Presidenta , claramente la norma, a pesar de mi esfuerzo -algún tiempo llevo en el Parlamento-, no logro comprenderla en su aplicabilidad. No hablo del tenor literal, sino de cómo va a funcionar cuando esta norma sea discutida por abogados defensores o acusadores. Porque después van a decir: ""El Parlamento legisló a la rápida. Le aprobaron un veto a Piñera que era más enredado que un paquete de virutilla"".
¿Alguien podría tratar de explicarlo? Incluso, estaría dispuesto a revisar mi voto, Presidenta , si lo llego a comprender, porque no logro hacerlo. Es ambiguo.
He dicho, Presidenta .
¡Patagonia sin represas!
¡Nueva Constitución, ahora!
¡No más AFP!";1
"117";"21402";611;2021;11;"EBENSPERGER";NA;"La señora EBENSPERGER.-
0
Gracias, Presidenta .
Muy breve.
Lo que yo entiendo de este artículo transitorio es precisamente lo que ha señalado el Senador Huenchumilla, pero al revés. En materia penal siempre rige el principio pro reo, es decir, cuando se modifica una ley siempre se aplicará al imputado la normativa vigente al momento en que se realizó el delito. Y si con posterioridad a eso hay una ley más beneficiosa, se le va a aplicar esta última.
Eso es lo que se trata de decir acá. ¿Por qué? Porque si este artículo no se aprobara, igual va a regir el principio pro reo, porque está en nuestra legislación. Pero, efectivamente, en materia penal aquí se deroga o se crea un tipo penal completo. Entonces, eso es lo que puede producir o inducir al error, si no existiera esta norma, al no estar en el Código el tipo penal anterior. Pero aquí, simplemente, lo que se persigue es hacer más claro y mantener vigente el principio pro reo. No hay otra interpretación.
Por lo tanto, Presidenta , siendo un principio general, no creo que pueda llevar a confusión, porque cualquier magistrado, cualquier juez, cualquier ministro que tenga que pronunciarse sobre determinada sentencia o un juez cuando aplique una pena, tiene que considerar entre eso los principios básicos de nuestro derecho, uno de los cuales en materia penal es el principio pro reo.
Y vuelvo a decir: lo único que hace este artículo transitorio es consagrarlo nuevamente para no tener ninguna duda y, precisamente, porque dejará de estar vigente en nuestro código la descripción o el tipo penal anterior.
Gracias, Presidenta .";1
"118";"21402";618;2021;11;"CHAHUÁN";NA;"El señor CHAHUÁN.-
Presidenta, simplemente quiero señalar que las dos observaciones aprobadas por la Comisión de Seguridad Pública dicen relación con dos temas que todos conocemos: primero, el principio pro reo, como ya se ha señalado profusamente en este debate; y el segundo decía relación, fundamentalmente, con incorporar algunos bienes muebles en virtud de lo cual se pudiera aplicar la ley.
Como ya se ha señalado, acá no se está subiendo el rango de penas, sino que se está haciendo una aclaración, para que algunos hechos no queden finalmente en la impunidad.
Por tanto, respaldo ambas observaciones. Me parece que están en la dirección correcta.
Y, por supuesto, vamos a aprobar ambas observaciones. Ya aprobamos la primera, ahora también aprobaremos la segunda.
Gracias, Presidenta .";1
"119";"21402";625;2021;11;"MELLADO";"de pie";"El señor MELLADO, don Miguel (de pie).-
Señor Presidente, en representación de la Comisión de Constitución, Legislación, Justicia y Reglamento, paso a informar sobre las observaciones formuladas por su excelencia el Presidente de la República al proyecto de ley refundido que introduce diversas modificaciones a las normas del Código Penal referidas al delito de incendio. El proyecto se inició en moción de los senadores Francisco Chahuán, Juan Antonio Coloma, Alejandro García-Huidobro y Jorge Pizarro, y en mensaje de su excelencia el Presidente de la República.
El proyecto recibió observaciones de su excelencia el Presidente de la República.
Al respecto, en los fundamentos de las observaciones se señala que el texto finalmente aprobado solo contiene modificaciones a dos de las tres figuras calificadas del delito de incendio, contenidas en los artículos 474 y 476 del Código Penal.
Respecto del artículo 475 del Código Penal, dado que en tercer trámite constitucional se aprobaron las modificaciones propuestas al catálogo de lugares, pero sin la pena asociada, y que posteriormente fue rechazado el informe de la Comisión Mixta que proponía una sanción rebajada para dicho delito, no se logró acuerdo en la materia y la iniciativa no contiene modificación al artículo 475 del Código Penal.
El escenario expuesto es preocupante, ya que genera una inconsistencia y una incongruencia tanto con el espíritu mismo de las iniciativas de ley como también con el texto ya aprobado por este honorable Congreso Nacional.
El núcleo principal de las modificaciones aprobadas en los artículos 474 y 476 del Código Penal consistió en actualizar el catálogo de bienes, lugares e instalaciones sobre los cuales se pueden cometer las figuras calificadas del delito de incendio, ya que la redacción vigente del Código Penal data del año 1874, y en consecuencia hay lugares y bienes no considerados.
Bajo dicha lógica, durante toda la tramitación legislativa se tuvo presente la necesidad de actualizar también el
0
artículo 475 del Código Penal. Sin embargo, dado que la discusión se centró en la sanción a dicho delito, no se llegó a un acuerdo integral en la redacción del mismo.
Producto de lo anterior, y de acuerdo a las ideas matrices del proyecto, es necesario introducir la modificación correspondiente al artículo 475 del Código Penal, ya que, de lo contrario, las tres figuras calificadas del delito de incendio quedarían incongruentes, ya que el artículo 474 (incendio con resultado de muerte, mutilaciones o lesiones graves gravísimas) y el artículo 476 (incendio sin personas en su interior) contemplarían los incendios cometidos en determinados lugares o bienes, como, por ejemplo, vehículos motorizados o instalaciones eléctricas, mientras que dichos bienes o lugares no quedarían cubiertos en el artículo 475 (incendio de lugares con personas en su interior, sin resultado de muerte, mutilaciones ni lesiones graves gravísimas).
Por otra parte, se debe tener presente que el Código Penal sanciona con mayor o menor rigor los delitos de incendio atendiendo, por una parte, al principio de lesividad, es decir que la conducta deba lesionar o poner en riesgo un bien jurídico penalmente protegido y, por otra parte, al principio de proporcionalidad, es decir, la gravedad de la pena ha de ser proporcional a la gravedad del hecho antijurídico.
En virtud de lo anteriormente expuesto, el mensaje explica que las observaciones que se formulan al proyecto de ley aprobado por el honorable Congreso Nacional tienen por objeto, por una parte, volver sobre las propuestas aprobadas por las cámaras para la descripción de los bienes, lugares e instalaciones sobre los cuales debe recaer este delito, en el artículo 475 del Código Penal, en los mismos términos aprobados para las otras figuras calificadas de incendio, de los artículos 474 y 476, manteniendo la proporcionalidad entre las penas actualmente vigentes; y por otra parte, introducir un artículo transitorio, con una regulación de derecho intertemporal respecto de la aplicación de la ley, en virtud de los principios penales de ley vigente y de ley más favorable.
Las observaciones son las siguientes:
1) Para adicionar un numeral 2), nuevo, pasando el actual a ser numeral 3), del siguiente tenor: “2) Sustitúyese el artículo 475 por el siguiente: “El que incendiare edificio, aeronave, buque, plataforma naval, vehículos de transporte público de pasajeros, automóviles de dos o más plazas, camiones, instalaciones de servicios sanitarios, de almacenamiento o transporte de combustibles, de distribución o generación de energía eléctrica, portuaria, aeronáutica o ferroviaria, incluyendo las de trenes subterráneos, u otro lugar, medio de transporte, instalación o bien semejante, siempre que allí hubiere una o más personas y su presencia se pudiese prever, será castigado con presidio mayor en su grado medio a presidio perpetuo”.
Siendo sometida a votación en la comisión, esta observación fue aprobada por mayoría de 2 votos.
2) Para adicionar un artículo transitorio, nuevo, del siguiente tenor: “Artículo transitorio. Los hechos perpetrados con anterioridad a la entrada en vigor de la presente ley, así como las penas y las demás consecuencias que correspondiere imponer por ellos, serán determinados conforme a la ley vigente al momento de su perpetración.
Si la presente ley entrare en vigor durante la perpetración del hecho, se estará a lo dispuesto en ella, siempre que en la fase de perpetración posterior se realizare íntegramente la nueva descripción legal del hecho.
Si la aplicación de la presente ley resultare más favorable al imputado o acusado por un hecho perpetrado con anterioridad a su entrada en vigor, se estará a lo dispuesto en ella.
Para determinar si la aplicación de la presente ley resulta más favorable, se deberán tomar en consideración todas las normas en ella previstas que fueren pertinentes al juzgamiento del hecho.
Para efectos de lo dispuesto en los incisos primero y segundo precedentes, el delito se entiende perpetrado en el momento o durante el lapso en el cual se ejecuta la acción punible o se incurre en la omisión punible”.
Habiendo sido sometida a votación en la comisión, esta segunda observación fue rechazada por no reunir el quorum reglamentario requerido para su aprobación.
Es todo cuanto puedo informar.
He dicho.
0";1
"120";"21402";627;2021;11;"SCHALPER";NA;"El señor SCHALPER.-
Señor Presidente, don Juan Alfredo Barrios Farías, hombre de 54 años, padre de tres hijos, dedicado al rubro del transporte, camionero, parte de esa inmensa cantidad de hombres y mujeres que permiten que chilenos y chilenas, todos los días, dispongan de los bienes que necesitan para sobrellevar sus vidas. Don Juan era un hombre de trabajo, un hombre de esfuerzo, un hombre que simplemente, el día 9 de febrero, se encontraba reposando al costado de la ruta, al interior de su vehículo, cuando un grupo de personas, muchas veces amparadas por la complicidad pasiva de esta Corporación, le prendieron fuego a su camión.
Después, don Juan Barrios fue conducido al hospital San José de Victoria, donde finalmente falleció, a los 54 años, el día 4 de marzo del año pasado, dejando a tres hijos sin su padre.
Señor Presidente, no se trata de una ley cualquiera. Se trata de una ley que tiene tres cosas muy significativas. La primera busca enviar una señal sobre un tema tremendamente importante, que es la violencia en La Araucanía -sé que a los colegas del Partido Comunista esto, quizás, no les importa tanto, pero les pido que me escuchen-, busca dar una señal potente en torno al combate de la violencia y del terrorismo en una zona tremendamente golpeada en nuestro país; busca también enviar una señal acerca de si uno va estar del lado de las víctimas o del lado de los victimarios.
Hoy, Chile va a ser testigo, a pocos días de la elección presidencial, de cuál va a ser el posicionamiento que van a tener los bloques políticos que forman parte de esta Corporación, si van a estar del lado de las víctimas o van a estar del lado de los terroristas y victimarios. En esto, lamentablemente, no hay puntos intermedios –y tenemos un candidato que se ha hecho campeón de los puntos intermedios-. Aquí se está del lado de las víctimas o se está del lado de la violencia.
Por lo mismo, ojalá hoy les regalemos al país, y a la memoria de don Juan Alfredo Barrios Farías, una aprobación unánime de este proyecto, que es un mínimo homenaje a tantas personas que trabajan día a día al servicio de la Patria, temiendo por su integridad física por la incapacidad nuestra de generar las condiciones de seguridad que merecen.
Cuando ustedes, hoy día, chilenos y chilenas, miren el tablero, miren con atención quiénes están del lado de las víctimas y quiénes están del lado de la violencia, porque en esto no caben puntos medios.
Al menos desde Renovación Nacional, lo tenemos claro y vamos a votar a favor este proyecto en homenaje a don Juan Alfredo Barrios Farías.
He dicho.";1
"121";"21402";629;2021;11;"WALKER";NA;"El señor WALKER.-
Señor Presidente, voté a favor del veto a la ley Juan Barrios en la Comisión de Constitución y volveré a hacerlo hoy en la Sala respecto de las dos observaciones del Presidente de la República. ¿Por qué? El artículo 474 ya establece la máxima pena para el incendio con resultado de muerte, pero efectivamente en el artículo 475 faltaban por incorporar los vehículos de transporte de pasajeros, los automóviles de dos o más plazas o los camiones, que muchas veces se transforman en la casa habitación de quienes laboran en el transporte público.
¿Por qué quiero recordar que el delito de incendio tiene una pena altísima? Porque cada vez que el gobierno de la Presidenta Bachelet, a través del Ministerio del Interior -y aprovecho de saludar al nuevo ministro de esa cartera-, invocó el delito de incendio para perseguir penalmente los ataques en La Araucanía fue cuestionado por quienes
0
tengo a mi derecha. Ellos no entendieron que era una cuestión coordinada con el Ministerio Público, desde el punto de vista de estrategia procesal, porque hoy el delito de incendio tiene una pena altísima, por lo que no era necesario invocar la ley antiterrorista, que además no era conveniente. ¿Sabe por qué, señor Presidente? Porque con la reforma que sufrió la ley antiterrorista en el primer gobierno del Presidente Piñera, hoy es mucho más difícil probar el ánimo terrorista, es mucho más complejo probar un delito como terrorista, pero para el Ministerio Público, y para el propio Ministerio del Interior, es mucho más simple y más efectivo, desde el punto de vista de la persecución penal -si lo que buscamos efectivamente es que este tipo de ataques no queden en la impunidad- invocar el delito de incendio.
Entonces, está bien el veto del Presidente de la República, por eso fue aprobado, porque había que incluir particularmente esta situación, donde el posible riesgo a personas cuya presencia pudiera ser prevista, en la frase “siempre que allí hubiere una o más personas y su presencia se pudiera prever”, tiene que estar como un elemento propio del tipo, precisamente para proteger a quienes laboran en el transporte y a sus familias.
Espero que aprobemos también la norma procesal que acota la posible interpretación del principio pro reo, para efectos de la efectividad de la ley y su persecución.
He dicho.";1
"122";"21402";631;2021;11;"MOLINA";NA;"El señor MOLINA.-
Señor Presidente, la verdad es que este proyecto asimila lo que es hoy el delito de incendio en una casa habitación, a lo que significa justamente el resultado de muerte de una persona al interior de su camión, vehículo que en muchos casos efectivamente tiene su camarote; hacen claramente la función de un hogar, de un lugar donde muchos pasan varios días, alejados de sus familias y con el peligro de ser atacados.
Solo el 2021 llevamos más de 106 camiones quemados en la macrozona sur. Probablemente estamos hablando de miles de camiones durante todo este período de quince años, donde esto se ha hecho costumbre.
Sin duda espero que podamos hoy sacar adelante este proyecto de ley y ponernos del lado de las víctimas.
Asimismo, espero que ojalá no haya ningún colega que empiece a dar explicaciones justamente por no votar a favor de las observaciones del Presidente de la República.
Sinceramente hoy los camiones que están siendo atacados no tienen absolutamente ninguna diferencia unos de otros en el sentido de decir que son camiones forestales o que son camiones que trabajan en los áridos, en construcción, con distintos productos. La gran mayoría de los ataques se perpetran en la Ruta 5, nuestro eje principal, donde claramente no se distingue ni siquiera la carga ni la persona que va conduciendo ni la actividad que esa persona ejerce.
La verdad es que muchos de los días que estuvimos en campaña, cuando nos tocaba entregarles una información a los camioneros que paraban en la esquina, nos pedían a gritos: “Por favor, no sabemos si vamos a llegar a nuestra casa; ayúdenos. Hoy nuestra gente, nuestra familia sufre todos los días de pensar que nos va caer ese incendio, nos va caer ese ataque y no vamos a volver a nuestro hogar”.
Esa era la respuesta de muchos de esos camioneros que nos recibieron información durante nuestra campaña; esta es una realidad. Espero que hoy todos seamos capaces de ponernos del lado de las víctimas y de entender la profundidad de este tipo de crimen.
Hoy por hoy es un ataque diario en nuestra Región de La Araucanía y en nuestra macrozona sur, donde tenemos que lamentar estos ataques, así que espero sinceramente que demos una demostración clara de estar en contra de este tipo de delitos; en contra de la violencia; en contra de que efectivamente, a través de este tipo de delitos, se quiera de alguna manera mezclar una causa que puede tener mucha legitimidad, pero que no tiene nada que ver con estos delitos.
He dicho.
0";1
"123";"21402";633;2021;11;"CELIS";"don Ricardo";"El señor CELIS (don Ricardo).-
Señor Presidente, nadie de los que somos representantes de las personas de la Región de La Araucanía puede permanecer ausente o indolente frente a una situación tan grave como la que hemos visto en dicha región, donde personas absolutamente inocentes han fallecido producto de incendios y otro tipo de ataques y lesiones.
En esta Sala se aborda este tema justamente para aumentar las penas, con el propósito de inhibir la acción de la violencia. Lo que no parece correcto es asociar la violencia y este tipo de cuestiones tan graves, tan miserables en contra de las personas, estos ataques que han significado muerte, violencia y daño a las personas, a personas del mundo mapuche sin saber aún quienes son los que han estado realizando este tipo de ataques.
Claramente, yo por lo menos, voy a aprobar las observaciones del Presidente de la República a este proyecto, porque me parece que es necesario dar una señal en la Región de La Araucanía respecto a la necesidad del restablecimiento del Estado de derecho y el cuidado a las personas. Creo que ninguna de las personas que vivimos en La Araucanía valida la violencia, menos aún la violencia que ha significado la muerte, la pérdida de vidas, las lesiones graves a las personas, pero quiero insistir en que aún no conocemos los que han estado detrás de este tipo de atentados y graves daños a las personas.
Por cierto, en ocasiones también ha habido daños a los bienes, pero siempre, siempre, el valor de la vida, el valor de la integridad física de las personas son bienes que debemos cuidar, y me parece que en este sentido no nos podemos equivocar.
También pido que no hagamos presunciones a priori respecto a quiénes son los que están detrás de este tipo de atentados y ataques que hemos visto en la Región de La Araucanía, porque insisto en que aún, de modo increíble, no conocemos quiénes son, en tanto no se ha sido capaz de hacer nada respecto a las acciones de inteligencia necesarias para identificar quiénes son los que producen el daño, la muerte, las lesiones a las personas y a los bienes en la Región de La Araucanía, en la Región del Biobío, especialmente en Arauco, como hemos sabido durante ya muchos años, pero que en este tiempo, particularmente en este gobierno, se han incrementado de un modo increíble. Solo se ha recurrido a los estados de excepción constitucional para detener esta violencia que es inaceptable.
He dicho.";1
"124";"21402";635;2021;11;"MELLADO";"don Miguel";"El señor MELLADO (don Miguel).-
Señor Presidente, la verdad es que esta es una deuda que tenemos con la familia del señor Juan Barrios, una deuda de muchos años, mismo tiempo que ha llevado ya la tramitación de este proyecto de ley, donde el Presidente ha presentado este proyecto para empujar una moción que había por parte de los senadores.
La verdad es que por técnica legislativa se ha retrasado una enormidad esperando que la justicia pueda dictaminar y también enumerar o tipificar algunos puntos que no estaban, como la quema de camiones con gente en su interior, como le sucedió a Juan Barrios, quien es un mártir de los camioneros. No obstante, la Fiscalía todavía no encuentra a los culpables de ese crimen, y estamos al debe y, más aún, está al debe este Congreso Nacional, porque debería atender con mayor celeridad este tipo de proyectos de ley.
Hoy estamos discutiendo el veto del Ejecutivo; no estamos discutiendo el proyecto de ley en general, sino que un veto que adiciona algunas cosas que dentro de la tramitación no estuvieron, porque la tipificación del delito de incendio data del año 1874, y es por este motivo que la actual redacción de las figuras calificadas de ese delito, en los artículos 474 a 476, las hace aplicables a los incendios cometidos en edificios, trenes de ferrocarril y buques, que es lo que había en ese tiempo, ya que estos últimos eran los medios de transporte utilizados por la población.
0
Por lo tanto, el problema detectado, que ya fue expuesto en el mensaje, radica en que los vehículos motorizados no quedan comprendidos dentro de los conceptos de edificio, trenes de ferrocarril, buques ni lugares, ya que son bienes distintos de aquellos contemplados en la norma.
El espíritu tanto del mensaje del Ejecutivo como de la moción fue modificar el catálogo de lugares en los cuales se podía cometer delitos de incendio, para actualizarlos a medios de transporte y lugares modernos, toda vez que la tipificación actual –como señalé- data de 1874 y no resulta suficiente.
Por lo tanto, debemos votar esa técnica legislativa por unanimidad en esta Sala, para de una vez por todas dar muestra de que este Congreso también está a la altura de lo que la Región de La Araucanía necesita, para entregarle justicia a la familia del señor Juan Barrios.
He dicho.";1
"125";"21402";637;2021;11;"ILABACA";NA;"El señor ILABACA.-
Señor Presidente, este ha sido un tema que, desde que ingresó a la Comisión de Constitución, Legislación, Justicia y Reglamento, le dimos la mayor celeridad y, en eso, qué lástima que el diputado Miguel Mellado no haya reconocido que efectivamente la tramitación de este proyecto, tal cual él lo solicitó expresamente y el gobierno, fue un proceso de discusión rápido al interior de la comisión en cuestión, porque son temas que nos interesan y nos preocupan.
Creo que hoy día hacemos bien en llevar adelante un proceso de discusión que en particular a la macrozona sur le complica, pero tengo algunas dudas respecto a este proyecto de ley. Primero, y ayer estuvimos discutiendo respecto a otras figuras penales, queda pendiente la figura de amenaza; asimismo, la pregunta que uno se hace es por qué en estos cuatro años de gobierno este Ejecutivo en particular nunca se preocupó de establecer un código orgánico moderno, un código penal nuevo.
Tuvimos algunas reuniones con el ministro de Justicia, en que nos dio a conocer que efectivamente íbamos a tener un Código Penal moderno y no seguiríamos sufriendo con estos diversos parches de populismo penal a los que este gobierno nos tiene acostumbrado. Porque las figuras de incendios y de homicidios existen en nuestra legislación.
Entonces, cuando algunos dicen: “¿Sabe qué?, producto de esto recién podremos perseguir a los autores del delito de incendio”, eso es falso, eso es no saber o no tener idea de derecho penal.
Hoy se está generando una figura agravada con altas penas que, en definitiva, empieza a generar estos parches en nuestro Código Penal.
Pero, a pesar de eso, y por la señal que algunos quieren dar de que el gobierno está muy preocupado respecto de los graves problemas de delincuencia que ocurren en la macrozona sur, uno podría decir: “Okey, se lo acepto”.
Pero ahí nace inmediatamente la pregunta siguiente, cual es, ¿existe determinación de quiénes son los responsables de la comisión de estos ilícitos?
Uno tendería a pensar que, más allá de estar generando nuevas figuras penales, que ya existen, colocar mayores penas a las figuras penales es ver qué tan eficientes son nuestras policías y qué tan eficiente es el Ministerio del Interior para poder enfrentar este tipo de procesos, y allí claramente tenemos un tremendo problema. No sacamos nada con seguir parchando el Código Penal, con seguir creando figuras agravadas, muchas veces excesivamente agravadas, si no somos capaces de determinar que tenemos que mejorar todo el sistema. Y, lamentablemente, este gobierno pasará a la historia como un mal gobierno respecto de la persecución penal, porque no son capaces de perseguir nada.
Por lo tanto, en particular, la bancada del Partido Socialista de Chile en esta materia, espero representarlos a todos, vamos a apoyar el proyecto en discusión. Pero, lamentablemente, en el tema de fondo este gobierno nunca ha hecho nada.
He dicho.
0";1
"126";"21402";639;2021;11;"RATHGEB";NA;"El señor RATHGEB.-
Señor Presidente, efectivamente, hace bastantes años que estamos con los parches al Código Penal, y se pregunta por qué no se dicta un código penal nuevo, porque finalmente se van descuadrando las penas, lo que es un tema complejo. Y se habla también de la ineficiente persecución penal.
Hay que recordar que el actual procedimiento procesal penal fue establecido durante el gobierno socialista de don Ricardo Lagos, y, como abogado, me tocó tramitar en el antiguo sistema y en el actual sistema, y si uno compara la cantidad de recursos que se entregaban en uno y otro caso, con los pocos recursos que tenía el antiguo sistema válgame que realmente sacaban adelante el sistema con muy pocos recursos en comparación con los que se tienen en la actualidad.
Hoy vemos cómo a veces los fiscales no hacen la pega, o archivan provisionalmente, o aplican el principio de oportunidad, y finalmente, las condenas son muy pocas, y particularmente lo que ocurre en la Región de La Araucanía es algo así.
Por lo tanto, creo que quienes se admiran por este tema deberían criticar a todos los gobiernos anteriores, de los cuales ellos fueron parte, por esta situación en que finalmente se pone en tela de juicio la falta de eficiencia de la persecución penal.
Pero yendo particularmente a esta normativa, claramente el catálogo de lugares donde se comete el delito de incendio está restringido, y había que ampliarlo, en especial porque hoy los vehículos de transporte también son lugares donde pernoctan las personas, y don Juan Barrios, que en paz descanse, se encontraba ahí pernoctando. Y ahí hay una cosa que nadie ha señalado acá: él no transportaba materiales de construcción, madera, escombros o basura, sino trigo, con el cual se produce la harina y el pan que se consume en nuestro país.
Por eso, dada la cantidad de hechos de violencia que ocurren en la Región de La Araucanía, donde se atenta contra agricultores y transportistas que transportan alimentos, cada día la gente produce menos. Y es por eso es que hoy día sube el precio del pan, de la harina, lo que finalmente afecta el bolsillo de todos los chilenos.
Con esta normativa se pretende hacer justicia, al menos en parte, a un transportista que entregó su vida por transportar los alimentos que llegan a la mesa de todos los chilenos, y con ello también dar un poquito de seguridad a aquellos transportistas que lo siguen haciendo, con lo cual verán al menos una luz de esperanza respecto de su seguridad para trasladarse de un lugar a otro.
¿Hay que avanzar mucho? Mucho hay que avanzar.
¿Hay que dialogar todavía? Hay que hacerlo.
¿Hay que condenar la violencia venga de donde venga? Hay que hacerlo, porque no todos lo hacen.
He dicho.";1
"127";"21402";642;2021;11;"BERGER";NA;"El señor BERGER.-
Señor Presidente, claramente, las observaciones ingresadas por el Ejecutivo se hacen cargo de la omisión provocada en la Comisión Mixta al no contemplar la ampliación del catálogo de lugares, bienes o instalaciones sobre los cuales puede recaer el delito de incendio descrito en el artículo 475, situación que naturalmente debe ser corregida, no solo para mantener la coherencia entre los tres artículos que se pretendió modificar en el proyecto inicial, sino también para incluir la vida de las personas como un bien jurídico de relevancia y digno de protección cuando se perpetran actos incendiarios, aun cuando estos no tengan efectivamente resultado de muerte o de lesiones, ya que el solo hecho de poder prever la presencia humana reviste de dolo e intencionalidad a la persona del infractor, situación que en los hechos se ha venido dando en la mayoría de los ataques incendiarios perpetrados en la región de la macrozona y ahora más recientemente también en otras regiones, como la Región de Los Ríos, hacia la cual ya se han desplazado los ataques incendiarios a través de ataques terroristas perpetrados durante el fin de semana en la comuna de Lanco.
Estos ataques incendiarios se hacen cada vez más frecuentes y ponen en riesgo constante la vida de los adultos y niños. Estos atentados representan conductas inaceptables y deben ser perseguidos con fuerza y condenados con el máximo rigor de la ley.
Sin bien en la comisión se cuestionó la proporcionalidad de la pena del artículo 475, frente al delito de homicidio, es importante considerar que estos artículos que regulan el delito de incendio pretenden proteger la vida de las
0
personas, ya que, tal como se plantea en la doctrina, el delito de incendio es pluriofensivo, es decir, en su origen puede tener un impacto contra la propiedad, pero con la naturaleza incontrolable del fuego puede terminar afectando la salud, la integralidad física y la vida de las personas.
Por ello, el reproche que se ha hecho al decir que la sanción del artículo 475 es similar al delito de homicidio puede ser fácilmente descartado, pues responde precisamente a estas características incontrolables del fuego en su capacidad de daño y riesgo en la vida de las personas.
Por lo tanto, llamo a mis colegas a aprobar esta modificación introducida por el Ejecutivo, para darle aprobación con la mayor brevedad posible.
He dicho.";1
"128";"21402";644;2021;11;"DÍAZ";NA;"El señor DÍAZ.-
Señor Presidente, gracias por su comprensión. Estábamos hablando precisamente respecto de este proyecto, de este veto del Ejecutivo, que desde el punto de vista de la técnica legislativa, incluso de su solidez constitucional es bien mediocre, bien malo; porque la norma transitoria con la que pretenden resolver una suerte de bucle legislativo penal está resuelta por la Constitución y por el Código Penal y por más que esto diga lo que dice, finalmente, van a ser los Tribunales de Justicia los que van a resolver y los jueces serán quienes apliquen la norma.
Parece una construcción jurídica muy extraña en una intervención de ultima ratio, como es un veto presidencial, observaciones del Presidente de la República, que no resuelven el problema, la controversia o lo que el Ejecutivo quiere que ocurra; es decir, que no se vaya a interpretar que con esto sea modificado el delito anterior, por tanto, es un delito nuevo, en consecuencia, aplicando el principio in dubio pro reo, aquellos que hubiesen sido juzgados por el delito que eventualmente se entienda derogado, no sea ese el efecto que tenga. Esto finalmente puede ocurrir si es que así lo determinan los jueces. Por lo tanto, el problema que el Ejecutivo quiere resolver con una de las observaciones, con uno de los vetos presentados, no se resuelve.
Respecto de la primera norma, más allá del uso político o político-electoral que escuchábamos recién, y los alegatos que constantemente hace el diputado Luciano Cruz-Coke respecto de la interpelación al resto de los sectores políticos, es muy legítimo que lo haga, pero la verdad es que el problema no está ahí, lo que se nos está pidiendo que aprobemos es una norma que establece que el piso de la sanción, ampliada a estos objetos en los que puede cometerse el delito de incendio, parta más arriba que el delito de homicidio, eso hay que tenerlo presente. Decía bien el diputado Walker, quien me antecedió en el uso de la palabra, que los ejecutivos generalmente, en este tipo de casos, invocan ese delito, precisamente por las ya elevadas penas que tiene.
Entonces, en los segundos que me restan quiero pedirle, por su intermedio, al Ejecutivo, al ministro del Interior, a quien aprovecho de saludar, al igual que al ministro Ossa y al subsecretario Galli y a todos los representantes presentes, que nos aclaren las dos cuestiones: si tienen la certeza de que lo segundo va a resolver algo, que finalmente va a ser resorte de los jueces -creo que saben que así va a ser-, que el juez será quien finalmente va a determinar, por más que la ley establezca esta suerte como de tinglado de interpretación, porque no es una ley interpretativa, es una norma en un proyecto que no va a tener efecto interpretativo, y si lo que ellos quieren es que el delito de incendio, incluso en estos casos, ampliado a los objetos que ahí se señalan, parta con una pena superior al delito de homicidio, si tienen conciencia de eso y si es eso lo que están proponiendo que aprobemos, porque el Código Penal establece jerarquía de bienes jurídicos protegidos y la vida es el principal, aquí están planteando una norma distinta respecto de un delito de incendio, incluso aunque no haya gente…";1
"129";"21402";646;2021;11;"SOTO";"don Leonardo";"El señor SOTO (don Leonardo).-
0
Señor Presidente, estamos en la última etapa de tramitación del proyecto que hace diversas modificaciones al Código Penal, referido al delito de incendio, que es más conocido como ley Juan Barrios, que buscaba establecer una penalidad especial para los casos en que el delito de incendio se comete respecto de vehículos de transporte, en este caso de camiones, donde se puede presumir la presencia de personas.
Censuramos y repudiamos completamente la violencia como acción política en ese caso y en todos. Creemos que la democracia per se necesita de la paz para desarrollar sus virtudes y evidentemente la violencia es el antónimo de una actitud y una conducta democrática. Por eso, nosotros aprobamos la ley Juan Barrios.
Quiero ser reiterativo en la última etapa de este proyecto de ley que se denomina ley Juan Barrios, en la penalidad del delito de incendio con resultado de muerte, ya fue aprobada por la Cámara de Diputados y por el Senado, la ley Juan Barrios está ya aprobada.
Entonces, nos preguntaremos qué estamos haciendo acá; estamos en un veto presidencial, que es una iniciativa del Presidente de la República en la última etapa, donde quiere corregir otra situación que no es la ley Juan Barrios.
Hoy estamos revisando el artículo 475 del Código Penal, que ha sido modificado por acción del Ejecutivo, y que establece que en caso de incendio en algunos lugares, entre ellos camiones y medios de transporte público y pasajero, donde se podría prever la presencia de personas, si se comete un incendio ahí, la pena -y aquí está el cuestionamiento- parte de diez años y un día hasta cadena perpetua.
Considero que la propuesta del veto presidencial, que no es la ley Juan Barrios, es imperfecta, está mal hecha y puede tener un problema severo de constitucionalidad; porque lo que se está proponiendo -para que lo escuchen bien los colegas- es que si alguien inicia un incendio en un lugar como estos, sin que exista lesiones para nadie, ni muerte, ni mutilaciones, ni lesiones graves, ni siquiera lesiones levísimas para alguien, la persona va a tener una pena de diez años y un día hacia arriba, hasta cadena perpetua. Es una pena superior al delito de homicidio, será lo mismo que asesinar a alguien. Entonces, no tiene mucha lógica.
Dentro de nuestro sistema de pena es desproporcionado. Le hemos hecho este cuestionamiento al Ejecutivo y ellos insisten en seguir adelante. Tiene problemas severos de constitucionalidad y se lo hemos hecho ver. La ley Juan Barrios no los tenía, la aprobamos, pero este contrabando del gobierno, tratando de introducir una pena excesiva va a traer más problemas que soluciones.
Quiero que el Ejecutivo lo vea, para que lo corrijan y podamos revisarlo, así, establecer una pena más razonable.
He dicho.";1
"130";"21402";648;2021;11;"TORREALBA";NA;"El señor TORREALBA.-
Señor Presidente, la verdad es que este proyecto de ley lamentablemente se ha demorado mucho en salir y estamos en la última etapa antes de que sea ley.
En el trámite completo se ha intentado bloquear o rechazar este proyecto con distintas acciones, sobre todo por el Partido Comunista y el Frente Amplio. Les recuerdo a ambos que este proyecto de ley nace porque el 9 de febrero de 2020, Juan Barrios fue atacado y asesinado en La Araucanía por terroristas que dejaron a tres niños sin su padre.
Por eso, hoy estamos legislando sobre este proyecto de ley. Además, porque luego de ese ataque, el 9 de febrero, han sido innumerables los ataques incendiarios en La Araucanía, en la macrozona, que han dejado como víctimas a miles de familias aterrorizadas por el terrorismo.
Este proyecto es el desde, para darle seguridad a miles de personas que quieren trabajar en paz y en libertad en nuestro país, que quieren llegar tranquilos a sus casas y no ser emboscados en la mitad de su trayecto por un grupo de terroristas que tiene la sangre fría para asesinar a personas escudándose en una lucha del pueblo mapuche.
0
Este proyecto de ley hay que aprobarlo, porque es de sentido común. Y como digo, es “el desde”, porque todavía tenemos cosas pendientes respecto del terrorismo. Por ejemplo, el proyecto de ley antiterrorista que está en el Senado, sobre el cual ya no sé cuántas veces han vencido sus urgencias, discusiones inmediatas que en el Senado no se han respetado.
Entonces, lo importante no solamente es aprobar este proyecto de ley, sino todos los actos ocurridos en la Macrozona Sur y en La Araucanía, para que de una vez por todas tengan justicia. Porque la familia de Juan Barrios todavía busca justicia, desde el 9 de febrero de 2020.
Con la votación de este proyecto de ley, hoy va a quedar en evidencia quiénes están con los violentistas y quiénes están con las familias que quieren vivir y trabajar tranquilas, y con todos esos hijos que buscan que sus padres lleguen sanos y salvos a sus casas después del trabajo.
He dicho.";1
"131";"21402";650;2021;11;"IBÁÑEZ";NA;"El señor IBÁÑEZ.-
Señor Presidente, efectivamente hoy tenemos un problema en Chile respecto de la persecución penal de ciertos delitos que, al final del día, no arrojan culpables.
Creemos que ese es un problema, porque responde a un modelo de persecución que no está siendo eficaz, cuestión que reconocemos y estamos a favor de mejorar ese sistema, de que las investigaciones encuentren responsables y de que las familias que han sido afectadas, que han sido víctimas de violencia de esta clase de delitos, también encuentren justicia. No sé si paz, mediante una justicia que llega tarde, pero sí una justicia que debe ser oportuna y que debe ser eficaz a la hora de combatir el delito.
Hemos dicho en innumerables ocasiones que quienes cometen delitos tipificados efectivamente por el Código Penal deben ser perseguidos y aplicárseles la ley siempre, sin excepciones, sin miramientos respecto de alguna visión política que se tenga, sea de izquierda, de derecha o de donde sea, se debe aplicar la ley.
Justamente, hoy estamos revisando la ley, porque esta debe cumplir ciertos principios que en un Estado democrático de derecho corresponden a los principios que fundan el Derecho Penal, que tienen que ver con el principio de proporcionalidad y también con el ordenamiento jurídico, que apunta a satisfacer ciertos bienes jurídicos de determinadas maneras en otros tipos penales. Desde esta premisa parto este análisis.
Este artículo 475, primero que todo no exige un resultado de muerte o de lesiones, pero determina una pena que está establecida para el homicidio que justamente es un resultado de muerte y equipara ambas conductas. A nuestro juicio, esa es una desproporción muy grande, de cara a los principios que ordenan el Derecho Penal en un Estado democrático de derecho.
Por otro lado, también establece la misma penalidad que el homicidio cuando se trata de un caso en que la presencia de las personas no necesariamente tenga que ser con conocimiento efectivo, sino simplemente con un “se pudiese prever”.
En ese sentido, remitiéndome a lo señalado al principio, creemos que todos los delitos deben ser castigados de la misma manera, aplicando la ley, persiguiendo. Pero en este caso, cuando se trata de delitos en que lamentablemente la persecución penal ha fallado, creemos que, además de mejorar la ley, se debe perseguir con inteligencia policial y mejorando los mecanismos del Ministerio Público.
En este proyecto, en particular…";1
"132";"21402";652;2021;11;"BOBADILLA";NA;"El señor BOBADILLA.-
Señor Presidente, intervengo en este proyecto en nombre de la bancada de la UDI para anunciar que votaremos favorablemente esta iniciativa, porque la UDI siempre ha estado del lado de las víctimas y no del lado de los victimarios.
La UDI siempre ha estado para terminar con la impunidad para los narcos, los terroristas y los delincuentes. Somos consecuentes, a diferencia de lo que ocurre particularmente con el Partido Comunista y con el Frente Amplio, y particularmente –valga la redundancia- con el candidato del Partido Comunista, que hoy dice que está en contra de los violentistas, pero durante la tramitación de esta ley votó con mucho entusiasmo en contra.
Ya no llama la atención la inconsecuencia del candidato Boric, lo que dice a través de los medios y cómo termina votando en la Sala. Siempre, siempre vota a favor de los victimarios y en contra de las víctimas.
En nombre de la UDI expresamos nuestra solidaridad con la familia de Juan Barrios, y también con los cientos de víctimas que existen en La Araucanía y en la provincia de Arauco que esperan justicia. En definitiva, este proyecto pretende entregar herramientas a los tribunales de justicia y particularmente al Ministerio Público para perseguir, procesar y condenar, con el máximo rigor de la ley, a quienes han atentado contra la vida.
Como Unión Demócrata Independiente, siempre hemos votado a favor de las víctimas y en contra de los victimarios.
He dicho.";1
"133";"21402";654;2021;11;"GALLI";"subsecretario del Interior";"El señor GALLI (subsecretario del Interior).-
Señor Presidente, intervengo para aclarar algunas dudas.
En primer lugar, ¿qué estamos discutiendo hoy? ¿De qué se trata el proyecto de ley denominado Juan Barrios y de qué se trata el veto que introdujo el Presidente de la República al proyecto?
El proyecto de ley Juan Barrios es una norma modificatoria de nuestro Código Penal, que viene a solucionar un problema muy específico.
Después del lamentable y criminal evento sucedido a Juan Barrios, nos dimos cuenta de que, como consecuencia de un incendio de un camión que estaba estacionado, el conductor que estaba en su interior perdió la vida.
Para el delito de incendio, nuestra ley penal establece distintas penalidades, de acuerdo con el mayor reproche que puede tener ese delito respecto de su autor. De ahí, la distinción que hacía el diputado Leonardo Soto.
Los artículos 474, 475, 476 y 477 del Condigo Penal establecen distintas hipótesis. La más grave, naturalmente, es el incendio con resultado de muerte. El artículo 475 se pone en la siguiente circunstancia, aquella en que el incendio se cause en un lugar donde la presencia de personas se puede prever; pero lamentablemente nuestro Código Penal actual no se ponía en la hipótesis de que dentro de un vehículo motorizado se encontrara una persona y que, como consecuencia del incendio de ese vehículo, falleciera esa persona.
Entonces, ¿qué hace este proyecto de ley? Perfecciona el tipo penal de tal manera que quede claro que el reproche penal que le hacemos como sociedad a quien inicia un incendio en un lugar o en un vehículo, donde se puede representar que hay una persona, no puede desconocer que el inicio de ese fuego puede causar la muerte de una persona y, por eso, nuestro Código Penal es consistente.
Iniciar un fuego donde puede morir una persona es equivalente en su reproche penal a un homicidio; es equivalente quemar un vehículo donde puede haber una persona, porque ahí puede morir una persona, ¿y cuál es la gran característica del delito de incendio?
0
El delito de incendio se estudia como un delito pluriofensivo, porque más allá de que el fuego pueda afectar la propiedad o un bien en particular, la persona que inicia el fuego no es capaz de controlar los efectos del incendio y, por lo tanto, lo que puede iniciarse como una quema de un bien cualquiera puede terminar afectando a casas y ciudadanos, y causando muertes.
En los últimos días hemos visto cómo la irresponsabilidad de algunos generó un incendio de proporciones en Castro.
Entonces, aquí no hablamos de aumentar las penas, sino de perfeccionar el tipo penal de incendio en todas sus hipótesis: aquel que termina con resultado de muerte, aquel donde se quema un bien y se prevé la presencia de una persona o aquel donde simplemente se queman bienes, y la penalidad es proporcional a ello. De eso se trata el proyecto de “ley Juan Barrios”.
Ahora, ¿por qué fue necesario un veto presidencial? En esta Sala algunos miembros de la oposición solicitaron que el Presidente de la República vetara el proyecto, porque había quedado con una inconsistencia. Las penas son exactamente las mismas para el incendio con resultado de muerte o para la figura residual de incendio. Sin embargo, se había eliminado la pena para la figura creada en el artículo 475 del Código Penal, es decir, la pena de incendio en lugar habitado o en un lugar en que se podía prever la existencia de personas.
Por lo tanto, lo que hace este veto es hacer consistente las penas y los delitos de todos los tipos de incendios. Eso es lo que se va a votar hoy en esta Cámara: el veto presidencial para hacer consistente las penas, no para aumentar las penas. Las penas son las mismas que tiene el Código Penal actual.
En segundo lugar, para evitar cualquier interpretación errónea de este proyecto de ley, se incorpora una norma que le dice al juez: “No tome por derogada la antigua figura de incendio por esta modificación, porque lo que viene a hacer es ampliar las conductas tipificadas para incorporar dentro del tipo penal de incendio a los vehículos en que puedan haber personas”. Por tanto, lo que ese artículo final dice al juez es que hay continuidad entre la figura de incendio del actual Código Penal y la figura de incendio que va a quedar como consecuencia de la aprobación de este proyecto de ley, a fin de evitar que puedan haber revisiones de condenas en virtud de la antigua figura del delito de incendio. Simplemente, eso es lo que se someterá a votación.
Por eso, le pido a la honorable Cámara que avancemos con el propósito de dar una señal de tranquilidad a la ciudadanía de que si se comete un delito de incendio en contra de un vehículo donde pudiera haber una persona, ese delito va a estar penado.
Honremos a Juan Barrios, quien falleció como consecuencia de un atentado incendiario en contra del vehículo en que él dormía y que terminó causándole la muerte como consecuencia de las quemaduras producidas por el fuego.
De eso se trata el veto presidencial que ingresó el gobierno y que se someterá a votación.
Muchas gracias.
He dicho.";1
"134";"21402";658;2021;12;"MELLADO";"de pie";"El señor MELLADO, don Miguel (de pie).-
Señor Presidente, en representación de la Comisión de Constitución, Legislación, Justicia y Reglamento, paso a informar sobre las observaciones formuladas por su excelencia el Presidente de la República al proyecto de ley, iniciado en moción y mensaje, refundidos, que introduce diversas modificaciones a las normas del Código Penal referidas al delito de incendio.
El proyecto se inició en moción de los senadores Francisco Chahuán, Juan Antonio Coloma , Alejandro García- Huidobro y Jorge Pizarro , y en mensaje de su excelencia el Presidente de la República.
El proyecto de ley recibió observaciones de su excelencia el Presidente de la República.
Al respecto, en los fundamentos de las observaciones se señala que el texto finalmente aprobado solo contiene modificaciones a dos de las tres figuras calificadas del delito de incendio, contenidas en los artículos 474 y 476 del Código Penal.
Respecto del artículo 475 del Código Penal, dado que en tercer trámite constitucional se aprobaron las modificaciones propuestas al catálogo de lugares, pero sin la pena asociada, y que posteriormente fue rechazado el informe de la Comisión Mixta que proponía una sanción rebajada para dicho delito, no se logró acuerdo en la materia y la iniciativa no contiene modificación al artículo 475 del Código Penal.
Se considera que el escenario expuesto es preocupante, ya que genera una inconsistencia y una incongruencia tanto con el espíritu mismo de las iniciativas de ley como también con el texto ya aprobado por este honorable Congreso Nacional.
Se agrega que el núcleo principal de las modificaciones aprobadas en los artículos 474 y 476 del Código Penal
0
consistió en actualizar el catálogo de bienes, lugares e instalaciones sobre los cuales se pueden cometer las figuras calificadas del delito de incendio, ya que la redacción vigente del Código Penal data del año 1874 y, en consecuencia, hay lugares y bienes no considerados.
Bajo dicha lógica, durante toda la tramitación legislativa se tuvo presente la necesidad de actualizar también el artículo 475 del Código Penal. Sin embargo, dado que la discusión se centró en la sanción a dicho delito, no se llegó a un acuerdo integral en la redacción del mismo.
Producto de lo anterior, y de acuerdo con las ideas matrices del proyecto, es necesario introducir la modificación correspondiente al artículo 475 del Código Penal, ya que, de lo contrario, las tres figuras calificadas del delito de incendio quedarían incongruentes, ya que el artículo 474 (incendio con resultado de muerte, mutilaciones o lesiones graves gravísimas) y el artículo 476 (incendio sin personas en su interior) contemplarían los incendios cometidos en determinados lugares o bienes, como, por ejemplo, vehículos motorizados o instalaciones eléctricas, mientras que dichos bienes o lugares no quedarían cubiertos en el artículo 475 (incendio de lugares con personas en su interior, sin resultado de muerte, mutilaciones ni lesiones graves gravísimas).
Por otra parte, se debe tener presente que el Código Penal sanciona con mayor o menor rigor los delitos de incendio atendiendo, por una parte, al principio de lesividad, es decir, que la conducta deba lesionar o poner en riesgo un bien jurídico penalmente protegido, y, por otra parte, al principio de proporcionalidad, es decir, la gravedad de la pena ha de ser proporcional a la gravedad del hecho antijurídico.
En virtud de lo anteriormente expuesto, las observaciones que se formulan al proyecto de ley aprobado por el honorable Congreso Nacional tienen por objeto, por una parte, volver sobre las propuestas aprobadas por las cámaras para la descripción de los bienes, lugares e instalaciones sobre los cuales debe recaer este delito, en el artículo 475 del Código Penal, en los mismos términos aprobados para las otras figuras calificadas de incendio, de los artículos 474 y 476, manteniendo la proporcionalidad entre las penas actualmente vigentes; y, por otra, introducir un artículo transitorio con una regulación de derecho intertemporal respecto de la aplicación de la ley en virtud de los principios penales de ley vigente y de ley más favorable.
Las observaciones son las siguientes:
Al artículo único.
1) Para adicionar un numeral 2), nuevo, pasando el actual a ser numeral 3), del siguiente tenor:
“2) Sustitúyese el artículo 475 por el siguiente:
“Art. 475. El que incendiare edificio, aeronave, buque, plataforma naval, vehículos de transporte público de pasajeros, automóviles de dos o más plazas, camiones, instalaciones de servicios sanitarios, de almacenamiento o transporte de combustibles, de distribución o generación de energía eléctrica, portuaria, aeronáutica o ferroviaria, incluyendo las de trenes subterráneos, u otro lugar, medio de transporte, instalación o bien semejante, siempre que allí hubiere una o más personas y su presencia se pudiese prever, será castigado con presidio mayor en su grado medio a presidio perpetuo.”.”.
Sometida a votación en la comisión, esta observación fue aprobada por mayoría de 2 votos.
Artículo transitorio, nuevo.
“2) Para adicionar un artículo transitorio, nuevo, del siguiente tenor:
“Artículo transitorio. Los hechos perpetrados con anterioridad a la entrada en vigor de la presente ley, así como las penas y las demás consecuencias que correspondiere imponer por ellos, serán determinados conforme a la ley vigente al momento de su perpetración.
Si la presente ley entrare en vigor durante la perpetración del hecho, se estará a lo dispuesto en ella, siempre que en la fase de perpetración posterior se realizare íntegramente la nueva descripción legal del hecho.
Si la aplicación de la presente ley resultare más favorable al imputado o acusado por un hecho perpetrado con anterioridad a su entrada en vigor, se estará a lo dispuesto en ella.
0
Para determinar si la aplicación de la presente ley resulta más favorable, se deberán tomar en consideración todas las normas en ella previstas que fueren pertinentes al juzgamiento del hecho.
Para efectos de lo dispuesto en los incisos primero y segundo precedentes, el delito se entiende perpetrado en el momento o durante el lapso en el cual se ejecuta la acción punible o se incurre en la omisión punible.”.”.
Sometida a votación en la comisión, esta segunda observación fue rechazada por no reunir el quorum reglamentario requerido para su aprobación.
Es todo cuanto puedo informar.
He dicho.";1
"135";"21402";660;2021;12;"SCHALPER";NA;"El señor SCHALPER.-
Señor Presidente , don Juan Alfredo Barrios Farías , hombre de 54 años, padre de tres hijos, dedicado al rubro del transporte, camionero, era parte de esa inmensa cantidad de hombres y mujeres que permiten que chilenas y chilenos, todos los días, dispongan de los bienes que necesitan para sobrellevar sus vidas. Don Juan era un hombre de trabajo, un hombre de esfuerzo, un hombre que simplemente el día 9 de febrero se encontraba reposando al costado de la ruta, al interior de su vehículo, cuando un grupo de personas, muchas veces amparadas por la complicidad pasiva de esta Corporación, le prendieron fuego a su camión.
Don Juan Barrios fue conducido al Hospital San José de Victoria, donde finalmente falleció, a los 54 años, el día 4 de marzo del año pasado, dejando a tres hijos sin su padre.
Esta no es una iniciativa cualquiera. Se trata de una iniciativa que tiene tres cosas muy significativas: la primera es que busca enviar una señal sobre un tema tremendamente importante, que es la violencia en la Araucanía -sé que a los colegas del Partido Comunista esto, quizás, no les importa tanto, pero les pido que me escuchen-, busca dar una señal potente en torno al combate a la violencia y al terrorismo en una zona tremendamente golpeada en nuestro país, y busca también enviar una señal acerca de si uno va a estar del lado de las víctimas o del lado de los victimarios.
Hoy, Chile va a ser testigo, a pocos días de la elección presidencial, de cuál va a ser el posicionamiento que van a tener los bloques políticos que forman parte de esta Corporación, esto es, si van a estar del lado de las víctimas o van a estar del lado de los terroristas y victimarios. En esto, lamentablemente, no hay puntos intermedios, y tenemos un candidato que se ha hecho campeón de los puntos intermedios. Aquí se está del lado de las víctimas o se está del lado de la violencia.
Por lo mismo, ojalá hoy les regalemos al país y a la memoria de don Juan Alfredo Barrios Farías una aprobación unánime de este proyecto, que es un mínimo homenaje a tantas personas que trabajan día a día al servicio de la patria, temiendo por su integridad física, por la incapacidad nuestra de generar las condiciones de seguridad que merecen.
Cuando hoy ustedes, chilenos y chilenas, miren el tablero de votación, miren con atención quiénes están del lado de las víctimas y quiénes están del lado de la violencia, porque en esto no caben puntos medios.
Al menos desde Renovación Nacional lo tenemos claro y vamos a votar a favor este proyecto en homenaje a don Juan Alfredo Barrios Farías .
He dicho.
0";1
"136";"21402";662;2021;12;"WALKER";NA;"El señor WALKER.-
Señor Presidente, voté a favor el veto a la “ley Juan Barrios” en la Comisión de Constitución y volveré a hacerlo hoy en la Sala; votaré a favor las dos observaciones del Presidente de la República. ¿Por qué? El artículo 474 ya establece la máxima pena para el incendio con resultado de muerte, pero efectivamente en el artículo 475 faltaba por incorporar los vehículos de transporte de pasajeros, los automóviles de dos o más plazas y los camiones, que muchas veces se transforman en la casa habitación de quienes laboran en el transporte público.
¿Por qué quiero recordar que el delito de incendio tiene una pena altísima? Porque cada vez que el gobierno de la Presidenta Bachelet , a través del Ministerio del Interior -aprovecho de saludar al nuevo ministro de esa cartera-, invocó el delito de incendio para perseguir penalmente los ataques en la Araucanía, fue cuestionado por quienes tengo a mi derecha. Ellos no entendieron que era una cuestión coordinada con el Ministerio Público desde el punto de vista de la estrategia procesal. Hoy, el delito de incendio tiene una pena altísima, por lo que no era necesario invocar la ley antiterrorista, que además no era conveniente.
¿Saben por qué? Porque con la reforma que sufrió la ley antiterrorista en el primer gobierno del Presidente Piñera, hoy es mucho más difícil probar el ánimo terrorista, es mucho más complejo probar un delito como terrorista. Pero para el Ministerio Público y para el propio Ministerio del Interior es mucho más simple y más efectivo, desde el punto de vista de la persecución penal -si lo que buscamos efectivamente es que este tipo de ataques no queden en la impunidad-, invocar el delito de incendio.
Entonces, está bien el veto del Presidente de la República. Por eso lo aprobamos, porque había que incluir particularmente en la situación del posible riesgo a personas cuya presencia pudiera ser prevista -el artículo 475, nuevo, dice: “… siempre que allí hubiere una o más personas y su presencia se pudiese prever…”-, lo cual tiene que estar como un elemento propio del tipo, precisamente para proteger a quienes laboran en el transporte y a sus familias.
Espero que también aprobemos la norma procesal que acota la posible interpretación del principio pro reo, para efectos de la efectividad de la ley y su persecución.
He dicho.";1
"137";"21402";664;2021;12;"MOLINA";NA;"El señor MOLINA.-
Señor Presidente, la verdad es que este proyecto asimila lo que es hoy el delito de incendio en una casa habitación con lo que significa el resultado de muerte de una persona al interior de su camión, vehículo que en muchos casos efectivamente tiene su camarote y que cumple la función de un hogar, de un lugar donde muchos pasan varios días, alejados de sus familias y con el peligro de ser atacados.
Solo el 2021 llevamos más de 106 camiones quemados en la macrozona sur. Probablemente estamos hablando de miles de camiones durante todo este período de quince años, donde esto se ha hecho costumbre.
Sin duda, espero que hoy podamos sacar adelante este proyecto de ley y ponernos del lado de las víctimas.
Asimismo, espero que ojalá no haya ningún colega que empiece a dar explicaciones justamente por no votar a favor de este proyecto.
Sinceramente, hoy los camiones que están siendo atacados no tienen absolutamente ninguna diferencia unos de otros, en el sentido de decir que son camiones forestales o que son camiones que trabajan con áridos, en construcción, con distintos productos. La gran mayoría de los ataques se perpetran en la ruta 5, nuestro eje
0
principal, donde no se distingue ni siquiera la carga ni la persona que va conduciendo ni la actividad que esa persona ejerce.
La verdad es que muchos de los días que estuvimos en campaña, cuando nos tocaba entregarles una información a los camioneros que paraban en la esquina, nos pedían a gritos: “Por favor, no sabemos si vamos a llegar a nuestra casa; ayúdenos. Hoy nuestra gente, nuestra familia sufre todos los días por pensar que nos afectará un incendio, un ataque y no volveremos a nuestro hogar”.
Esa era la respuesta de muchos de esos camioneros que nos recibieron información durante nuestra campaña; esta es una realidad.
Espero que hoy todos seamos capaces de ponernos del lado de las víctimas y de entender la profundidad de este tipo de crimen.
Hoy por hoy, hay un ataque diario en nuestra Región de La Araucanía y en nuestra macrozona sur, donde tenemos que lamentar estos ataques.
Espero sinceramente que demos una demostración clara de que estamos en contra de este tipo de delitos, en contra de la violencia, en contra de que, a través de este tipo de delitos, se quiera de alguna manera relevar una causa que puede tener mucha legitimidad, pero que no tiene nada que ver con estos delitos.
He dicho.";1
"138";"21402";666;2021;12;"CELIS";"don Ricardo";"El señor CELIS (don Ricardo).-
Señor Presidente, nadie de los que somos representantes de las personas de la Región de La Araucanía puede permanecer ausente o indolente frente a una situación tan grave como la que hemos visto en dicha región, donde personas absolutamente inocentes han fallecido producto de incendios y otro tipo de ataques y lesiones.
En esta Sala se aborda este tema justamente para aumentar las penas, con el propósito de inhibir la acción de la violencia. Lo que no parece correcto es asociar la violencia y este tipo de cuestiones tan graves, tan miserables en contra de las personas, estos ataques que han significado muerte, violencia y daño a la gente, a personas del mundo mapuche sin saber aún quienes son los que han estado realizando este tipo de ataques.
Claramente, yo por lo menos voy a aprobar este proyecto, porque me parece que es necesario dar una señal en la Región de La Araucanía respecto a la necesidad del restablecimiento del Estado de derecho y el cuidado a las personas. Creo que ninguno de quienes vivimos en La Araucanía valida la violencia, menos aún aquella que ha significado la muerte, la pérdida de vidas, las lesiones graves a las personas, pero quiero insistir en que aún no conocemos quiénes son los que han estado detrás de este tipo de atentados y graves daños a las personas.
Por cierto, en ocasiones también ha habido daños a los bienes, pero siempre siempre el valor de la vida y de la integridad física de las personas es un bien que debemos cuidar, y en este sentido no nos podemos equivocar.
También pido que no hagamos presunciones a priori respecto a quiénes son los que están detrás de este tipo de atentados y ataques que hemos visto en la Región de La Araucanía, porque insisto en que aún, de modo increíble, no conocemos quiénes son, en tanto no se ha sido capaz de hacer nada respecto a las acciones de inteligencia necesarias para identificar quiénes son los que producen el daño, la muerte, las lesiones a las personas y a los bienes en la Región de La Araucanía, en la Región del Biobío, especialmente en Arauco, como hemos sabido durante ya muchos años, pero que en este tiempo, particularmente en este gobierno, se han incrementado de un modo increíble. Solo se ha recurrido a los estados de excepción constitucional para detener esta violencia que es inaceptable.
He dicho.
0";1
"139";"21402";668;2021;12;"MELLADO";"don Miguel";"El señor MELLADO (don Miguel).-
Señor Presidente, la verdad es que esta es una deuda que tenemos con la familia del señor Juan Barrios , una deuda de muchos años, el mismo tiempo que ha llevado ya la tramitación de este proyecto de ley, donde el Presidente ha presentado este proyecto para empujar una moción iniciada por senadores.
La verdad es que, debido a la técnica legislativa, se ha retrasado una enormidad, esperando que la justicia pueda dictaminar y también enumerar o tipificar algunos puntos que no estaban, como la quema de camiones con gente en su interior, como le sucedió a Juan Barrios, quien es un mártir de los camioneros. No obstante, la Fiscalía todavía no encuentra a los culpables de ese crimen, y estamos al debe y, más aún, está al debe el Congreso Nacional, porque debería tratar con mayor celeridad este tipo de proyectos de ley.
Hoy estamos discutiendo el veto del Ejecutivo; no estamos discutiendo el proyecto de ley en general, sino que un veto que adiciona algunas cosas que no estuvieron en su tramitación, porque la tipificación del delito de incendio data del año 1874, y es por este motivo que la actual redacción de las figuras calificadas de ese delito, en los artículos 474 a 476, las hace aplicables a los incendios cometidos en edificios, trenes de ferrocarril y buques, que es lo que había en ese tiempo, ya que estos últimos eran los medios de transporte utilizados por la población.
Por lo tanto, el problema detectado, que ya fue expuesto en el mensaje, radica en que los vehículos motorizados no quedan comprendidos dentro de los conceptos de edificio, trenes de ferrocarril, buques ni lugares, ya que son bienes distintos de aquellos contemplados en la norma.
El espíritu, tanto del mensaje del Ejecutivo como de la moción, fue modificar el catálogo de lugares en los cuales se podía cometer delitos de incendio, para actualizarlos a medios de transporte y lugares modernos, toda vez que la tipificación actual -como señalé data de 1874 y no resulta suficiente.
Por lo tanto, debemos votar esa técnica legislativa por unanimidad en esta Sala, para, de una vez por todas, dar muestras de que este Congreso también está a la altura de lo que la Región de La Araucanía necesita, para entregarle justicia a la familia del señor Juan Barrios .
He dicho.";1
"140";"21402";670;2021;12;"ILABACA";NA;"El señor ILABACA.-
Señor Presidente, este ha sido un tema al que, desde que ingresó a la Comisión de Constitución, Legislación, Justicia y Reglamento, le dimos la mayor celeridad, y qué lástima que el diputado Miguel Mellado no haya reconocido que la tramitación de este proyecto, tal cual él lo solicitó expresamente, al igual que el gobierno, fue un proceso de discusión rápido al interior de la comisión en cuestión, porque son temas que nos interesan y nos preocupan.
Creo que hoy día hacemos bien en llevar adelante un proceso de discusión que en particular a la macrozona sur le complica, pero tengo algunas dudas respecto a este proyecto de ley.
Primero -ayer estuvimos discutiendo respecto de otras figuras penales, y queda pendiente la figura de amenaza-, la pregunta que uno se hace es por qué en estos cuatro años de gobierno este Ejecutivo en particular nunca se preocupó de establecer un código orgánico moderno, un Código Penal nuevo.
Tuvimos algunas reuniones con el ministro de Justicia, en que nos dio a conocer que efectivamente tendríamos un Código Penal moderno y no seguiríamos sufriendo con los diversos parches de populismo penal a los que ya nos
0
tiene acostumbrados este gobierno, porque las figuras delictivas de incendio y de homicidio existen en nuestra legislación. Entonces, es falso cuando algunos dicen: “¿Sabe qué? Producto de esto recién podremos perseguir a los autores de los incendios”. Eso es no tener idea de derecho penal.
Hoy se está generando una figura agravada con altas penas, lo que, en definitiva, comienza a producir parches en nuestro Código Penal. Pero a pesar de eso y por la señal que algunos quieren dar de que, efectivamente, el gobierno está muy preocupado por los graves problemas de delincuencia que ocurren en la macrozona sur, uno podría decir “Okey, se lo acepto”. Pero ahí nace inmediatamente la siguiente pregunta: ¿se ha determinado quiénes son los responsables de la comisión de esos ilícitos? Al respecto, uno tendería a pensar que más allá de colocar mayores penas a las figuras penales que ya existen el camino es ver qué tan eficientes son nuestras policías y el Ministerio del Interior para enfrentar este tipo de procesos, y allí claramente tenemos un tremendo problema. No sacamos nada con seguir parchando el Código Penal, con seguir creando figuras agravadas, y muchas veces excesivamente agravadas, si no somos capaces de determinar que tenemos que mejorar todo el sistema. Y, lamentablemente, este gobierno pasará a la historia como un mal gobierno en materia de persecución penal, porque no son capaces de perseguir nada.
Por lo tanto, la bancada del Partido Socialista -espero representarlos a todos en estoapoyará el proyecto en discusión; pero reitero que, por desgracia, en el tema de fondo este gobierno nunca ha hecho nada.
He dicho.";1
"141";"21402";672;2021;12;"RATHGEB";NA;"El señor RATHGEB.-
Señor Presidente, efectivamente, desde hace bastantes años estamos con parches al Código Penal. En este sentido, uno se pregunta por qué no se dicta un código nuevo, porque finalmente las penas se van descuadrando, lo cual es un tema complejo. Y también se habla de la ineficiente persecución penal.
Hay que recordar que el sistema procesal penal vigente fue establecido durante el gobierno socialista de don Ricardo Lagos. Como abogado, me tocó tramitar tanto en el antiguo como en el actual sistema, y si uno compara la cantidad de recursos que se entregaban en uno y otro caso, con los pocos con que contaba el antiguo sistema, válgame Dios que lo sacaban adelante si lo comparamos con lo que ocurre en la actualidad.
Hoy vemos cómo a veces los fiscales no hacen la pega o archivan provisionalmente los antecedentes de las causas, o aplican el principio de oportunidad, por lo que finalmente son muy pocas las condenas. En particular, lo que ocurre en la Región de La Araucanía es algo así.
Por lo tanto, quienes se admiran por esta situación deberían criticar a todos los gobiernos anteriores de los cuales fueron parte, porque al final se pone en tela de juicio la ineficiencia de la persecución penal.
Pero yendo en particular a esta normativa, vemos claramente que el catálogo de lugares donde se comete el delito de incendio está restringido, razón por la cual había que ampliarlo, en especial porque hoy los vehículos de transporte también son lugares donde pernoctan las personas, que fue lo que estaba haciendo en su camión don Juan Barrios, que en paz descanse. Respecto de dicha situación hay algo que nadie ha señalado acá: don Juan Barrios no transportaba materiales de construcción, madera, escombros o basura, sino trigo, con el cual se producen la harina y el pan que se consumen en nuestro país. Entonces, dada la cantidad de hechos de violencia que ocurren en la Región de La Araucanía, donde se atenta contra agricultores y transportistas que llevan alimentos, la gente produce cada día menos, y por eso hoy suben los precios del pan y de la harina, lo que en definitiva afecta el bolsillo de todos los chilenos.
Con la normativa legal propuesta se pretende hacer justicia, al menos en parte, a un transportista que entregó su vida por llevar los alimentos que llegan a la mesa de todos los chilenos, y con ello también dar un poquito de seguridad a aquellos que lo siguen haciendo, con lo cual verán por lo menos una luz de esperanza respecto de su seguridad para trasladarse de un lugar a otro.
0
¿Hay que avanzar mucho? Hay mucho que avanzar.
¿Hay que dialogar todavía? Hay que hacerlo.
¿Hay que condenar la violencia venga de donde venga? Hay que condenarla, porque no todos lo hacen.
He dicho.";1
"142";"21402";675;2021;12;"BERGER";NA;"El señor BERGER.-
Señor Presidente, claramente, las observaciones ingresadas por el Ejecutivo se hacen cargo de la omisión provocada en la Comisión Mixta al no contemplar la ampliación del catálogo de lugares, bienes o instalaciones sobre los cuales puede recaer el delito de incendio descrito en el artículo 475 del Código Penal. Sin duda, dicha situación debe ser corregida, no solo para mantener la coherencia entre los tres artículos que se pretendió modificar en el proyecto original, sino también para incluir que se considerará la vida de las personas como un bien jurídico de relevancia y digno de protección respecto de los actos incendiarios, aun cuando estos no tengan efectivamente resultado de muerte o de lesiones, ya que el solo hecho de poder prever la presencia humana reviste de dolo e intencionalidad a la persona del infractor, lo que en los hechos se ha venido dando en la mayoría de los ataques incendiarios perpetrados en la región de la macrozona y, más recientemente, también en otras regiones, como la de Los Ríos, hacia la cual ya se han desplazado dichos actos a través de ataques terroristas ocurridos durante el fin de semana en la comuna de Lanco.
Estos ataques incendiarios se hacen cada vez más frecuentes y ponen en riesgo constante la vida, tanto de adultos como de niños. Los atentados representan conductas inaceptables y deben ser perseguidos con fuerza y condenados con el máximo rigor de la ley.
Si bien en la comisión se cuestionó la proporcionalidad de la pena consignada en el artículo 475 del Código Penal frente al delito de homicidio, es importante considerar que los artículos que regulan el delito de incendio pretenden proteger la vida de las personas, ya que, tal como se plantea en la doctrina, el delito de incendio es pluriofensivo, es decir, en su origen puede tener un impacto contra la propiedad, pero, dada la naturaleza incontrolable del fuego, puede terminar afectando la salud, la integridad física y la vida de las personas.
Por ello, el reproche que se ha hecho al decir que la sanción establecida en el artículo 475 es similar al delito de homicidio puede ser fácilmente descartado, pues responde precisamente a las características incontrolables del fuego en su capacidad de daño y de poner en riesgo la vida de las personas.
Por lo tanto, llamo a mis colegas a aprobar esta modificación introducida por el Ejecutivo.
He dicho.";1
"143";"21402";677;2021;12;"DÍAZ";NA;"El señor DÍAZ.-
Señor Presidente, este veto del Ejecutivo, desde el punto de vista de la técnica legislativa, incluso de su solidez constitucional, me parece más bien mediocre, malo. La norma transitoria con la que pretenden resolver una suerte de bucle legislativo penal ya está resuelta por la Constitución y por el Código Penal, y por más que esto diga lo que dice, finalmente serán los tribunales de justicia los que van a resolver y los jueces serán quienes apliquen la norma.
Parece una construcción jurídica muy extraña, en una intervención de ultima ratio, como es un veto presidencial o las observaciones del Presidente de la República, que no resuelve el problema, la controversia o lo que el Ejecutivo quiere que no ocurra, es decir, que no se vaya a interpretar que con esto se modifica el delito anterior, por tanto, es un delito nuevo. En consecuencia, aplicando el principio in dubio pro reo, aquellos que hubiesen sido juzgados por el delito que eventualmente se entienda derogado, no sea ese el efecto que tenga. Esto finalmente puede ocurrir si así lo determinan los jueces. Por lo tanto, el problema que el Ejecutivo quiere resolver con una de las observaciones, con uno de los vetos presentados, no se resuelve.
Respecto de la primera norma, más allá del uso político o político-electoral que escuchábamos recién, y de los alegatos que constantemente hace el diputado Luciano Cruz-Coke , interpelando al resto de los sectores políticos -
0
es legítimo que lo haga-, la verdad es que el problema no está ahí.
Se nos pide que aprobemos una norma que establece que el piso de la sanción, ampliada a estos objetos en los que puede cometerse el delito de incendio, parta más arriba que el delito de homicidio, y eso hay que tenerlo presente. Decía bien el diputado Walker , quien me antecedió en el uso de la palabra, que el Ejecutivo, en este tipo de casos, generalmente invoca ese delito, precisamente por las ya elevadas penas que tiene.
Señor Presidente, por su intermedio quiero pedir al ministro Delgado , al ministro Ossa y al subsecretario Galli , a quienes aprovecho de saludar, que aclaren dos cuestiones. La primera es si tienen la certeza de que esto va a resolver algo que finalmente va a ser resorte de los jueces -creo que saben que así va a ser-. El juez será quien finalmente va a determinar, por más que la ley establezca esta suerte de tinglado de interpretación, porque no es esta una ley interpretativa, sino una norma que no va a tener efecto interpretativo.
La segunda consulta es si lo que ellos quieren es que el delito de incendio, incluso ampliado a los objetos que se señalan, parta de una pena superior a la del delito de homicidio.
¿Tienen conciencia de eso? ¿Es eso lo que están proponiendo que aprobemos? Lo pregunto, porque el Código Penal establece la jerarquía de los bienes jurídicos protegidos. La vida es el principal de ellos, pero aquí están planteando una norma distinta respecto del delito de incendio, incluso aunque no haya gente…";1
"144";"21402";679;2021;12;"SOTO";"don Leonardo";"El señor SOTO (don Leonardo).-
Señor Presidente, estamos en la última etapa de la tramitación de una iniciativa que hace diversas modificaciones al Código Penal, referidas al delito de incendio. El proyecto, más conocido como “ley Juan Barrios”, buscaba establecer una penalidad especial para los casos en que el delito de incendio se comete en contra de objetos como vehículos de transporte, en este caso de camiones, donde se puede presumir la presencia de personas allí.
Censuramos y repudiamos completamente la violencia como acción política, en ese caso y en todos los demás.
Creemos que la democracia per se necesita de la paz para desarrollar sus virtudes, y evidentemente la violencia es el antónimo de una actitud y una conducta democráticas. Por eso, nosotros aprobamos la “ley Juan Barrios”.
Quiero ser reiterativo en la última etapa de este proyecto de ley y señalar que la denominada “ley Juan Barrios”, que establece la penalidad en el delito de incendio con resultado de muerte, ya fue aprobada por la Cámara de Diputados y por el Senado. Reitero: la “ley Juan Barrios” ya fue aprobada.
Entonces, cabe preguntarse qué estamos discutiendo ahora. Estamos discutiendo un veto presidencial, las observaciones del Presidente de la República, que es la última etapa en la tramitación de un proyecto. Aquí lo que se busca es corregir otra situación, no la “ley Juan Barrios”. Hoy estamos revisando el artículo 475 del Código Penal, que ha sido modificado por acción del Ejecutivo, por medio del cual se establece que en caso de cometerse un incendio en camiones y medios de transporte público y de pasajeros, donde se podría prever la presencia de personas, la pena -aquí está el cuestionamiento parta en diez años y un día hasta cadena perpetua.
Considero que la propuesta de este veto presidencial, que –reitero no es la “ley Juan Barrios”, es imperfecta, está mal hecha y puede tener problemas severos de constitucionalidad. Lo que se está proponiendo -que lo escuchen bien los colegas es que si alguien inicia un incendio en un lugar como los señalados en el veto, sin que existan lesiones para nadie -no muerte, no mutilaciones, no lesiones graves, ni siquiera lesiones levísimas-, el autor va a tener una pena que va desde los diez años y un día hasta cadena perpetua. Es una pena superior a la del delito de homicidio; será lo mismo que asesinar a alguien. No tiene mucha lógica. En nuestro sistema de penas es desproporcionada.
Le hemos hecho ver este cuestionamiento al Ejecutivo, pero este insiste en seguir adelante. Aquí hay problemas severos de constitucionalidad, que la “ley Juan Barrios” no tenía; por eso la aprobamos. Este contrabando que nos presenta el gobierno, tratando de introducir una pena excesiva a este delito, va a traer más problemas que
0
soluciones.
Quiero que el Ejecutivo lo revise, para que lo corrija y así podamos establecer una pena más razonable.
He dicho.";1
"145";"21402";681;2021;12;"TORREALBA";NA;"El señor TORREALBA.-
Señor Presidente, la verdad es que este proyecto de ley, lamentablemente, ha demorado mucho en su aprobación.
Hoy estamos en la última etapa antes de que se convierta en ley.
Durante toda su tramitación se ha intentado su bloqueo o rechazo con distintas acciones, sobre todo por parte del Partido Comunista y del Frente Amplio. A ambos les recuerdo que este proyecto de ley nace porque el 9 de febrero de 2020 Juan Barrios fue atacado y asesinado en la Araucanía por terroristas, quienes dejaron a tres niños sin su padre.
Por eso, hoy estamos discutiendo este proyecto de ley.
Además, es importante indicar que tras ese ataque, ocurrido el 9 de febrero de 2020, se han registrado innumerables ataques incendiarios en la Araucanía, en la macrozona sur, que han dejado como víctimas a miles de familias aterrorizadas por el terrorismo.
Este proyecto es “el desde” para dar seguridad a miles de personas que quieren trabajar en paz y en libertad en nuestro país, que quieren llegar tranquilas a sus casas y no ser emboscadas en la mitad de su trayecto por un grupo de terroristas que tiene la sangre fría para asesinar a personas escudándose en una lucha del pueblo mapuche.
Hay que aprobar este proyecto de ley, porque es de sentido común. Y como digo, es “el desde”, porque todavía tenemos cosas pendientes respecto del terrorismo, por ejemplo, el proyecto de ley antiterrorista que está en el Senado, sobre el cual ya no sé cuántas veces han vencido las urgencias de discusión inmediata, porque en el Senado no se han respetado.
Entonces, lo importante no solamente es aprobar este proyecto de ley, sino procurar que todos los actos ocurridos en la macrozona sur y en la Araucanía, de una vez por todas, encuentren justicia. Desde el 9 de febrero de 2020, la familia de Juan Barrios busca justicia.
La votación de este proyecto de ley demostrará quiénes están con los violentistas y quiénes están con las familias que quieren vivir y trabajar tranquilas, con todos esos hijos que buscan que sus padres lleguen sanos y salvos a sus casas después del trabajo.
He dicho.";1
"146";"21402";683;2021;12;"IBÁÑEZ";NA;"El señor IBÁÑEZ.-
Señor Presidente, efectivamente, hoy tenemos un problema en Chile respecto de la persecución penal de ciertos delitos que, al final del día, no arrojan culpables. Creemos que ese es un problema que responde a un modelo de persecución que no está siendo eficaz, cuestión que reconocemos. Estamos a favor de mejorar ese sistema, de que las investigaciones encuentren responsables y de que las familias que han sido afectadas, que han sido víctimas
0
de violencia de esa clase de delitos, también encuentren justicia. No sé si encontrarán paz mediante una justicia que llega tarde, pero sí una justicia que debe ser oportuna y que debe ser eficaz a la hora de combatir el delito.
Hemos dicho en innumerables ocasiones que quienes cometen delitos tipificados por el Código Penal deben ser perseguidos y aplicárseles siempre la ley, sin excepciones, sin miramientos. Cualquiera que sea la visión política que se tenga, sea de izquierda, de derecha u otra, se debe aplicar la ley.
Justamente, hoy estamos revisando la ley, porque esta debe cumplir ciertos principios que en un Estado democrático de derecho corresponden a los principios que fundan el Derecho Penal, que tienen que ver con el principio de proporcionalidad y, también, con el ordenamiento jurídico, que apunta a satisfacer ciertos bienes jurídicos de determinadas maneras en otros tipos penales. Desde esa premisa parto este análisis.
El artículo 475, primero que todo, no exige un resultado de muerte o de lesiones, pero determina una pena que está establecida para el homicidio, que, justamente, es un resultado de muerte, y equipara ambas conductas. A nuestro juicio, esa es una desproporción muy grande, de cara a los principios que ordenan el Derecho Penal en un Estado democrático de derecho.
Por otro lado, también establece la misma penalidad que el homicidio, cuando se trata de un caso en que la presencia de las personas no necesariamente tenga que ser con conocimiento efectivo, sino, simplemente, con un “se pudiese prever”.
En ese sentido, remitiéndome a lo señalado al principio, creemos que todos los delitos deben ser castigados de la misma manera, aplicando la ley, y persiguiendo a los culpables. Pero en este caso, cuando se trata de delitos donde, lamentablemente, la persecución penal ha fallado, creemos que, además de mejorar la ley, el delito se debe perseguir con inteligencia policial y mejorando los mecanismos del Ministerio Público.
En este proyecto, en particular…";1
"147";"21402";685;2021;12;"BOBADILLA";NA;"El señor BOBADILLA.-
Señor Presidente, intervengo en este proyecto en nombre de la bancada de la UDI para anunciar que votaremos favorablemente esta iniciativa, porque la UDI siempre ha estado del lado de las víctimas y no del lado de los victimarios.
La UDI siempre ha estado para terminar con la impunidad para los narcos, los terroristas y los delincuentes. Somos consecuentes, a diferencia de lo que ocurre, particularmente, con el Partido Comunista y con el Frente Amplio, y, particularmente -valga la redundancia-, con el candidato del Partido Comunista, que hoy dice que está en contra de los violentistas, pero durante la tramitación de este proyecto votó con mucho entusiasmo en contra.
Ya no llama la atención la inconsecuencia del candidato Boric , la que se evidencia a través de lo que dice por los medios y lo que finalmente termina votando en la Sala. Siempre, siempre vota a favor de los victimarios y en contra de las víctimas.
En nombre de la UDI expresamos nuestra solidaridad con la familia de Juan Barrios, y también con los cientos de víctimas que existen en la Araucanía y en la provincia de Arauco que esperan justicia.
En definitiva, este proyecto pretende entregar herramientas a los tribunales de justicia, particularmente al Ministerio Público, para perseguir, procesar y condenar, con el máximo rigor de la ley, a quienes han atentado contra la vida.
Como Unión Demócrata Independiente, siempre hemos votado a favor de las víctimas y en contra de los victimarios.
He dicho.
0";1
"148";"21402";687;2021;12;"GALLI";"subsecretario del Interior";"El señor GALLI (subsecretario del Interior).-
Señor Presidente, intervengo para aclarar algunas dudas.
En primer lugar, ¿qué estamos discutiendo hoy? ¿De qué se trata el proyecto de ley denominado “Juan Barrios” y de qué se trata el veto que introdujo el Presidente de la República al proyecto? El proyecto de ley Juan Barrios es una norma modificatoria de nuestro Código Penal, que viene a solucionar un problema muy específico.
Después del lamentable y criminal evento sucedido a Juan Barrios, nos dimos cuenta de que, como consecuencia de un incendio de un camión que estaba estacionado, el conductor que estaba en su interior perdió la vida.
Para el delito de incendio, nuestra ley penal establece distintas penalidades, de acuerdo con el mayor reproche que puede tener ese delito respecto de su autor. De ahí la distinción que hacía el diputado Leonardo Soto .
Los artículos 474, 475, 476 y 477 del Código Penal establecen distintas hipótesis. La más grave, naturalmente, es el incendio con resultado de muerte. El artículo 475 se pone en la circunstancia de que el incendio se cause en un lugar donde la presencia de personas se puede prever; sin embargo, lamentablemente, nuestro Código Penal no se ponía en la hipótesis de que dentro de un vehículo motorizado se podía encontrar una persona y que, como consecuencia del incendio de ese vehículo, esa persona falleciera.
Entonces, ¿qué hace este proyecto de ley? Perfecciona el tipo penal, de tal manera que quede claro que el reproche penal que le hacemos como sociedad a quien inicia un incendio en un lugar o en un vehículo donde puede haber una persona, no puede desconocer que el inicio de ese fuego puede causar la muerte de una persona.
Por eso, nuestro Código Penal es consistente. Iniciar un fuego donde puede morir una persona es equivalente, en su reproche penal, a un homicidio, es equivalente a quemar un vehículo donde puede haber una persona, porque ahí puede morir una persona.
¿Cuál es la gran característica del delito de incendio? El delito de incendio se estudia como un delito pluriofensivo, porque, más allá de que el fuego pueda afectar la propiedad o un bien en particular, la persona que inicia el fuego no es capaz de controlar los efectos del incendio, y, por lo tanto, lo que puede iniciarse como una quema de un bien cualquiera puede terminar afectando a casas y a ciudadanos, y también puede causar muertes.
Miren lo que hemos visto en los últimos días: la irresponsabilidad de algunos generó un incendio de proporciones en Castro.
Entonces, aquí no hablamos de aumentar las penas, sino de perfeccionar el tipo penal de incendio en todas sus hipótesis: aquel que termina con resultado de muerte, aquel en que se quema un bien y se prevé la presencia de una persona o aquel en que simplemente se queman bienes, y la penalidad es proporcional a ello. De eso se trata el proyecto de “ley Juan Barrios”.
Ahora, ¿qué pasó? ¿Por qué fue necesario un veto presidencial? En esta misma Sala así lo pidieron; incluso algunos miembros de la oposición pidieron que el Presidente de la República vetara el proyecto, porque había quedado con una inconsistencia. Las penas son exactamente las mismas para el incendio con resultado de muerte y para la figura residual de incendio. Sin embargo, se había eliminado la pena para la figura creada en el artículo 475 del Código Penal, es decir, la pena de incendio en lugar habitado o en un lugar en que se podía prever la existencia de personas.
Por lo tanto, este veto simplemente hace consistentes las penas y los delitos de todos los tipos de incendios. Eso es lo que se va a votar hoy en esta Cámara: el veto presidencial para hacer consistentes las penas, no para aumentarlas. Las penas son las mismas que tiene actualmente el Código Penal.
0
En segundo lugar, para evitar cualquier interpretación errónea de este proyecto de ley, se incorpora una norma que le dice al juez: “No tome por derogada la antigua figura de incendio por esta modificación, porque esta viene a ampliar las conductas tipificadas, para incorporar a los vehículos en que pueda haber personas dentro del tipo penal de incendio”.
Por tanto, ese artículo final dice al juez que hay continuidad entre la actual figura de incendio del Código Penal y la figura de incendio que va a quedar como consecuencia de la aprobación de este proyecto de ley, a fin de evitar que pueda haber revisiones de condenas en virtud de la antigua figura del delito de incendio. Simplemente, eso es lo que se someterá a votación.
Por eso, le pido a la honorable Cámara que avancemos con el propósito de dar la señal de tranquilidad a la ciudadanía de que, si se comete un delito de incendio en contra de un vehículo en donde puede haber una persona, ese delito va a estar penado.
Honremos a Juan Barrios, quien falleció como consecuencia de un atentado incendiario en contra del vehículo en cuyo interior él dormía y que terminó causándole la muerte como consecuencia de las quemaduras producidas por el fuego.
De eso se trata el veto presidencial que ingresó el gobierno y que se someterá a votación. Muchas gracias.
He dicho.";1
