"";"ley";"id";"año";"mes";"apellido";"rol";"texto";"discurso"
"1";"21675";3;2019;1;"CARIOLA";"de pie";"La señorita CARIOLA, doña Karol (de pie).-
Señor Presidente, en primer lugar, saludo a la ministra Isabel Plá , quien se encuentra presente en la Sala.
En representación de la Comisión de Familia y Adulto Mayor, me corresponde informar sobre el proyecto de ley, en primer trámite constitucional y primero reglamentario, iniciado en mensaje de la entonces Presidenta de la República, sobre el derecho de las mujeres a una vida libre de violencia.
Las ideas matrices del proyecto consisten en mejorar las respuestas institucionales a las víctimas de violencia en el contexto extrafamiliar, tanto a las mujeres como a otras personas que se encuentran en una especial situación de vulnerabilidad; regular las distintas formas que adopta la violencia contra las mujeres, niños, niñas y adolescentes, personas adultas mayores y personas en situación de discapacidad, y contribuir a la generación de un cambio cultural que logre la igualdad entre hombres y mujeres, y el fin de las relaciones de subordinación que estas padecen, raíz de la violencia de género.
El mensaje señala que la violencia contra las mujeres no es un fenómeno nuevo en nuestro país. Muy por el contrario, es quizá el reflejo más duro de una cultura discriminatoria que valida relaciones históricamente asimétricas entre hombres y mujeres, marcadas por el abuso. Como país, debemos enfrentar con fuerza este problema largamente arrastrado y de difícil solución.
Según se indica en el mensaje, nuestra legislación necesita tener una mirada más amplia de la violencia contra las mujeres y dejar en evidencia que este no es un problema entre particulares, sino más bien el reflejo de una estructura social y cultural discriminatoria contra las mujeres. Su condición estructurante determina que la violencia contra ellas afecte a todas, sin distinguir clase social, capacidad económica, nivel educacional, edad, pertenencia a pueblo originario, orientación sexual, religión u otra condición territorial o social.
De igual manera, el proyecto de ley hace explicito que la violencia contra las mujeres no solo se limita a la
01
manifestación física, sino que también adopta formas de control de naturaleza psicológica, económica, sexual e, incluso, simbólica. Todas esas formas de violencia les afectan y les impiden gozar plenamente de sus derechos fundamentales.
Este proyecto de ley responde al compromiso del Estado de Chile con los tratados internacionales sobre derechos humanos, en particular la Convención Interamericana para Prevenir, Sancionar y Erradicar la Violencia contra la Mujer, conocida como Convención Belém do Pará. Se ha considerado también la Convención para la Eliminación de Todas las Formas de Discriminación contra la Mujer, la cual, aprobada por la Asamblea General de la Organización de las Naciones Unidas en 1979, ha sido un instrumento pionero en alertar a la comunidad internacional sobre las múltiples formas de discriminación que sufren las mujeres y en marcar una hoja de ruta para avanzar hacia una igualdad real entre hombres y mujeres. Asimismo, se han tenido en cuenta las recomendaciones y observaciones de diversos organismos internacionales especializados.
Si bien el proyecto inició su tramitación durante el gobierno de la Presidencia Michelle Bachelet Jeria , continuó durante el presente año bajo el mandato del Presidente Sebastián Piñera Echenique . En principio fue remitido a la Comisión de Constitución, Legislación, Justicia y Reglamento, pero posteriormente, por acuerdo de la Sala, se entregó su conocimiento íntegro a la Comisión de Familia y Adulto Mayor. Cabe destacar que todavía no estaba constituida la Comisión de Mujeres y Equidad de Género, donde también podría haber sido tratado el proyecto.
En esta tarea, la comisión recibió la opinión de las autoridades de gobierno y de representantes de organizaciones y especialistas, quienes, en lo sustancial, plantearon que la violencia contra las mujeres es el reflejo más duro de una cultura discriminatoria que valida relaciones históricamente asimétricas entre hombres y mujeres. Sin embargo, por muchos años nuestra legislación no ha identificado la violencia contra las mujeres como un problema de derechos humanos en todas sus manifestaciones, entendiendo que se dan tanto en el ámbito privado como en el público, sino que se ha centrado en concebirla como un fenómeno privado perteneciente a lo doméstico o a las relaciones de pareja. Es así como el hecho de que el reconocimiento de la violencia contra las mujeres se halle acotado al espacio privado ha determinado que la respuesta que el Estado ofrece a las víctimas sea deficiente e insuficiente.
Durante el primer período de tramitación, la entonces ministra de la Mujer y la Equidad de Género señora Claudia Pascual Grau indicó que el Ejecutivo tuvo la intención de avanzar lo más rápidamente posible en este proyecto de ley, el que es resultado de la participación de una multiplicidad de actores, y que en vista de la gran cantidad de indicaciones presentadas por parlamentarios y parlamentarias y el Ejecutivo, los integrantes de la comisión estuvieron de acuerdo en otorgar un plazo para estudiarlas.
En su exposición, la entonces ministra indicó que existen espacios o ámbitos en los cuales las mujeres viven violencia que la legislación no cubre y, por tanto, esas víctimas no reciben protección del Estado, ni los ofensores u ofensoras, castigo.
Por otro lado, la legislación actual, al no reconocer en la violencia contra las mujeres un fenómeno cultural complejo, no asume el desafío de generar un cambio cultural como principal herramienta de prevención contra la violencia.
En razón de lo anterior y con el propósito de hacerse cargo de la creciente sensibilidad que la ciudadanía ha manifestado en torno a la violencia contra las mujeres, presentamos el proyecto de ley sobre “el derecho de las mujeres a una vida libre de violencia”.
Respecto de la forma en que se elaboró el proyecto de ley, manifestó que la iniciativa surgió a partir de los diagnósticos realizados en conversatorios con organizaciones de la sociedad civil en las quince regiones del país, así como de la participación del entonces Servicio Nacional de la Mujer en la “Comisión de Nudos Críticos y Fortalezas de la ley N° 20.066”, teniendo en cuenta las debilidades de la legislación vigente indicadas por diversas instancias, como la Comisión de Análisis de la Ley Nº 20.066 -ley que establece el plan nacional de acción contra la violencia-, que contó con la participación de más de treinta instituciones, distintos centros de estudios, organizaciones de la sociedad civil y organismos internacionales, así como también el informe de evaluación de la ley Nº 20.066, publicado en 2015 por el Comité de Evaluación de la Ley de la Cámara de Diputados. Así, este proyecto da cumplimiento al compromiso contraído por la entonces Presidenta de la República señora Michelle Bachelet en su programa de gobierno.
01
Continuó indicando que este proyecto tiene dos objetivos fundamentales: primero, favorecer la generación de un cambio cultural que ponga fin a la desigualdad entre hombres y mujeres, que se encuentra en la raíz de toda violencia entre hombres y mujeres. Para esto, el proyecto, entre otras modificaciones relevantes, asigna obligaciones a diversos organismos del Estado y reconoce las distintas manifestaciones que tiene la violencia.
Segundo, mejorar las respuestas que el sistema ofrece a las víctimas de violencia intrafamiliar. En este ámbito se apunta no solo a las mujeres, sino también a otras personas que se encuentran en una situación de vulnerabilidad al interior de la familia, como los adultos mayores, las personas con discapacidad y los niños y niñas.
Durante el período parlamentario anterior, la comisión aprobó el proyecto en general por unanimidad, y se avanzó en la discusión y votación en particular, llegando hasta el artículo 8 del mensaje.
Una vez finalizado el período parlamentario que se inició en 2014, en marzo de 2018 se constituyó la Comisión de Familia y Adulto Mayor, la cual, como consecuencia del diálogo que se sostuvo con la ministra de la Mujer y la Equidad de Género, señora Isabel Plá , tomó el acuerdo, por unanimidad, de reabrir el debate desde el artículo 1.
En la sesión celebrada el 2 de mayo de 2018, la ministra de la Mujer y la Equidad de Género señaló que el gobierno tiene un compromiso férreo contra la violencia que sufren las mujeres, y por lo mismo se encuentra convencida de que, aun existiendo diferencias, hay un piso mínimo que todos los sectores políticos compartimos: que tanto hombres como mujeres tienen la misma dignidad y derechos.
Lo anterior se traduce en varias cosas, destacando en particular una: que el Estado debe hacerse cargo de la violencia que sufren miles de mujeres, toda vez que la mujer es sujeto de derechos humanos. Por lo mismo, siendo uno de los pilares fundamentales del programa del gobierno terminar con la violencia contra la mujer, la primera medida que se estipuló dentro de este pilar es justamente impulsar el proyecto de ley sobre el derecho de las mujeres a una vida libre de violencia. Entonces, no es casualidad que el Presidente Piñera le haya asignado urgencia a esta iniciativa, que fue ingresada por la entonces Presidenta Michelle Bachelet .
Como indica su título, el proyecto propone una ley marco en materia de violencia contra la mujer, estableciendo firmemente el derecho de las mujeres a una vida libre de violencia, mediante la prevención de la violencia contra las mujeres, así como medidas en atención a la protección de las mujeres víctimas de violencia, y garantizando el acceso a la justicia por parte de ellas.
En concreto, la propuesta consiste en la creación de una ley sobre el derecho de las mujeres a una vida libre de violencia, compuesta por 31 artículos permanentes, distribuidos en los siguientes cuatro títulos: I. Objeto de la ley y definiciones generales, II. De la prevención de la violencia contra las mujeres, III. De la protección y atención de las mujeres víctimas de violencia, y IV. Acceso a la justicia. Además, se incluye una disposición transitoria.
Entre los aspectos más relevantes contemplados en los artículos 1 al 27, destaca la definición de violencia contra las mujeres como una “manifestación de las relaciones de poder históricamente desiguales entre mujeres y hombres” (Convención de Belém do Pará), reconociendo sus distintas formas y los ámbitos en que puede ejercerse, ampliando las concepciones actuales de nuestro ordenamiento jurídico.
Además, incluye un amplio catálogo de deberes para distintos órganos del Estado, que tendrán que adoptar las medidas apropiadas en favor del cumplimiento de los objetivos y disposiciones de esta ley en proyecto, según sus competencias y disponibilidad presupuestaria.
En tal sentido, se regula el deber de prevención de la violencia contra las mujeres, enfatizando las medidas pertinentes en el ámbito de la educación, en la labor de los medios de comunicación y, en general, todas aquellas que favorecen un cambio cultural conducente a superar la violencia contra las mujeres.
Por su parte, la protección y atención de las mujeres frente a la violencia genera obligaciones generales y particulares, especialmente en el ámbito de la salud, la educación y los deberes de protección que tienen los policías y fiscales. Por ello, el título sobre acceso a la justicia establece normas aplicables a diversos procedimientos en que las mujeres tienen la condición de víctimas de violencia, dentro o fuera del contexto intrafamiliar.
Se amplía la facultad del Servicio Nacional de la Mujer y la Equidad de Género en dos sentidos: aumenta el abanico de casos en que puede asumir el patrocinio y representación de las mujeres víctimas de violencia, y se le permite
01
deducir querella en casos de femicidio.
Luego, el artículo 28 contiene una serie de modificaciones a la ley N° 20.066, que establece la Ley de Violencia Intrafamiliar, ampliando su objeto a prevenir, sancionar y erradicar la violencia intrafamiliar, pero también todas las formas y manifestaciones de violencia que se ejercen dentro del espacio doméstico, de las familias y de las relaciones de pareja, otorgando protección efectiva a quienes la sufren.
Se amplía la competencia de los ministerios para participar prioritariamente en el cumplimiento de los objetivos de esta ley, transversalizando las acciones referidas a violencia intrafamiliar, además de ampliar la definición de violencia intrafamiliar.
Se agregan normas para quienes ejercen jurisdicción, incluyendo reglas que hacen prevalecer el interés superior del niño o niña, aun cuando no sean la víctima directa, tratándose de hechos de violencia entre los integrantes de la familia.
Se modifican las normas que reglan la suspensión condicional del procedimiento, adoptando una serie de medidas cuyo objetivo principal es cautelar la seguridad de la víctima.
Todo lo anterior es coherente con lo propuesto por el Ejecutivo en la tramitación legislativa de los boletines Nos 9279-07, 9849-07, 9877-07, 9904-07, 9908-07 y 9435-18, refundidos, que modifican el Código Penal, el Código Procesal Penal y el decreto ley Nº 645, de 1925, sobre el Registro General de Condenas, destinados a aumentar la penalidad y demás sanciones aplicables para el caso de delitos cometidos en contra de menores y demás personas en estado vulnerable.
El artículo 29 contempla modificaciones a la ley N° 19.968, que crea los Tribunales de Familia, destinadas a dar un correlato en el ámbito procedimental para las modificaciones de carácter sustantivo efectuadas a la ley N° 20.066.
El artículo 90 elimina la norma que actualmente regula las contiendas de competencia entre un tribunal de familia y el Ministerio Público o un juzgado de garantía.
Se introduce un nuevo inciso segundo al artículo 93 para establecer el expreso deber del tribunal de familia de comunicar las medidas cautelares decretadas, inmediatamente y por los medios más expeditos posibles, tanto a Carabineros de Chile como al Ministerio Público, además de notificar la medida cautelar al ofensor, cautelando que se resguarde la seguridad de la víctima, siendo posible requerir el auxilio de la fuerza pública.
Se establecen limitaciones para el sometimiento de las partes a mediación, tratándose de casos en que ha existido violencia o cuando existan medidas de protección o cautelares vigentes entre las partes.
Asimismo, se elimina el inciso final del artículo 369, que permite que los procedimientos incoados para perseguir delitos sexuales terminen a requerimiento del ofendido, cuando el ofensor sea el cónyuge o conviviente, pues esto normalmente responde a presiones o temores.
En relación con el abuso sexual cometido contra personas mayores de 14 años, se propone agregar un inciso tercero en el artículo 366, para sancionar dichas acciones sin necesidad de que haya existido violación o estupro.
Además, se agregan al Código Penal figuras que dan cuenta de realidades hasta hoy no cubiertas por nuestro ordenamiento jurídico. Entre ellas, destaca el artículo 494 ter, que regularía el acoso sexual sin contacto corporal como falta, por ejemplo, captación de registros audiovisuales de alguna parte del cuerpo de otra persona, sin consentimiento y con fines primordialmente sexuales, hostigamiento mediante actos o expresiones verbales de carácter sexual, u otros similares. Y con el mismo propósito, se incorporaría un nuevo artículo 161-C, que sancionaría la difusión no consentida y por cualquier medio de imágenes o videos de otra persona mayor de 18 años, obtenidos con su anuencia en un lugar que no sea de libre acceso al público, cuya divulgación menoscabe gravemente la intimidad de la víctima.
Finalmente, el artículo 31 del proyecto de ley modifica el artículo 5° del decreto ley N° 3.500, regulando mejor algunos aspectos vinculados con la pensión de sobrevivencia, mediante un nuevo inciso tercero, que quita la calidad de beneficiario a la persona que, perteneciendo al grupo familiar del o la causante, haya sido condenada por el homicidio de este o esta.
01
Es todo cuanto puedo informar.
He dicho.";1
"2";"21675";5;2019;1;"MELERO";"de pie";"El señor MELERO (de pie).-
Señor Presidente, por su intermedio saludo de manera muy especial a las ministras Isabel Plá y Pauline Kantor , y a las delegaciones que nos acompañan hoy en las tribunas.
En nombre de la Comisión de Hacienda, paso a informar, en lo que respecta a la incidencia en materia financiera o presupuestaria del Estado, sobre el proyecto de ley, originado en mensaje de la entonces Presidenta de la República, señora Michelle Bachelet Jeria , sobre el derecho de las mujeres a una vida libre de violencia.
La iniciativa ingresó a tramitación el 5 de enero de 2017 y fue informada, en primer trámite reglamentario, por la Comisión de Familia y Adulto Mayor.
Expusieron ante la Comisión de Hacienda el subsecretario de Hacienda, señor Francisco Moreno Guzmán , y la subsecretaria de la Mujer y la Equidad de Género, señora Carolina Cuevas Merino .
La idea matriz de la iniciativa consiste, por una parte, en plasmar en la ley -con las debidas herramientas legales y judiciales que mejoren la respuesta institucional a las víctimas- las manifestaciones crecientes de la ciudadanía de rechazo y sensibilidad ante la violencia en todas sus formas que sufren las mujeres, tanto en el ámbito de su vida privada como pública, que les impiden gozar plenamente de sus derechos fundamentales, y, por otra, en generar marcos de prevención, de formación y de cultura ciudadana que permitan transmitir principios de igualdad entre hombres y mujeres, reconociendo sus diferencias.
Sobre la materia, ha habido avances en prevención, protección y sanción de la violencia de género, aprobados por el Congreso, entre los que cabe destacar las primeras respuestas legislativas: la creación del Servicio Nacional de la Mujer, en 1991; la reforma constitucional que reconoció la igualdad ante la ley de hombres y mujeres; la justicia especializada de familia, en 2004; la Ley de Violencia Intrafamiliar que tipificó el delito de maltrato habitual; la ley N° 20.480, de 2010, que establece el femicidio, y la ley N° 20.820, de 2015, que crea el Ministerio de la Mujer y la Equidad de Género, que diseña, coordina y evalúa políticas y programas para promover la equidad de género y eliminar formas de discriminación contra las mujeres.
Desde 1991 hasta la fecha, tenemos una abundante legislación en materia de derechos de la mujer y equidad de género, y este nuevo proyecto avanza aun más en sancionar la violencia contra ellas.
En cuanto al efecto del proyecto sobre el presupuesto fiscal, la Comisión de Hacienda conoció el informe financiero elaborado por la Dirección de Presupuestos, que fue adjuntado al proyecto al momento de su ingreso, el 15 de enero de 2017, y a solicitud de la Comisión de Hacienda fue actualizado. La Dirección de Presupuestos precisó que, para actualizarlo a pesos de 2019, se utilizaron factores anuales de 2,5 por ciento de aumento para 2017 y de 2,4 por ciento para 2018, lo cual dio como resultado la siguiente actualización de costos, en pesos de 2019.
En materia de acciones que se van a llevar adelante, se aborda en primer lugar la atención de violencia en el sistema de atención primaria de salud, para lo cual se considera un aumento de cobertura anual de 22.811 casos de población femenina, en programas de violencia en la red nacional de salud primaria. Eso sería ejecutado por el Ministerio de Salud y su costo en moneda de 2019 sería de 1.751.905.000 pesos.
En la acción de acompañamiento de víctimas de violencia y seguimiento de casos se considera un profesional por región. El órgano encargado del Estado sería el Ministerio de la Mujer y la Equidad de Género, y su costo ascendería a 403.141.000 pesos.
Por último, en la acción de atención de víctimas en los contact center para seguimiento de víctimas de violencia y
01
ampliación de medidas de protección autónoma, que aumentará la cobertura de mujeres atendidas por las unidades regionales de atención a víctimas y testigos, que ejecutará, como corresponde, el Ministerio Público, el costo sería de 314.880.000 pesos, lo que implicaría destinar al presupuesto de 2019 la suma de 2.469.926.000 pesos, algo más de 100 millones de pesos por sobre lo considerado en el proyecto original ingresado en 20162017.
Los integrantes de la Comisión de Hacienda coincidimos en señalar que se trata de un proyecto positivo, que le hace bien a Chile, al mejorar los estándares de prevención, de protección y de atención de la violencia contra las mujeres, y necesario en la medida en que apunta, fundamentalmente, a educar a la sociedad, toda vez que la violencia abarca los más diversos ámbitos, tanto de índole público como privado, lo que reconoce el propio proyecto de ley.
Por su parte, la diputada Natalia Castillo , presente en la sesión y Presidenta de la Comisión de Familia y Adulto Mayor, indicó que esta iniciativa incluso podría reportar beneficios fiscales a partir de las multas que establece para determinadas conductas que incorpora en el Código Penal, lo cual fue aprobado por la comisión en cuanto tuvo en vista su incidencia presupuestaria.
En definitiva, los integrantes de la comisión, señores Pepe Auth , Andrés Celis , en calidad de reemplazante; Giorgio Jackson , Carlos Kuschel , Pablo Lorenzini (Presidente), José Miguel Ortiz , Leopoldo Pérez , Guillermo Ramírez , Marcelo Schilling , Gastón von Mühlenbrock y quien habla, Patricio Melero , aprobamos por unanimidad y en los mismos términos propuestos las materias sometidas a nuestro conocimiento.
Es todo cuanto puedo informar.
He dicho.";1
"3";"21675";7;2019;1;"OSSANDÓN";"doña Ximena";"La señora OSSANDÓN (doña Ximena).-
Señor Presidente, hoy leí en un diario que el 57 por ciento de las mujeres considera que la violencia contra ellas ha aumentado. En cambio, solo el 39 por ciento de los varones encuestados cree que eso ha sido efectivamente así.
Lo curioso de esa encuesta, que consideró un universo de 800 personas, es que los jóvenes hoy son más sensibles al tema de la violencia contra la mujer que los que son mayores.
A mi juicio, la siguiente pregunta es muy relevante: ¿Por qué se da este fenómeno? Tal vez porque en nuestra generación, muchas veces y por largos años, hemos normalizado situaciones de violencia que, como bien se ha dicho, tiene muchas caras: psicológica, física, laboral, ginecológica, etcétera. Creo firmemente que debemos terminar con esa injusticia.
Tenemos igual dignidad que los hombres, ni más ni menos. Somos complementarios y tenemos derecho a desarrollar libremente -repito: libremente- todas nuestras potencialidades.
El Estado y las empresas pierden cuando dejan a una mujer de lado. ¿Por qué es tan difícil, por ejemplo, que las mujeres entren en el ámbito laboral? Porque desde hace un tiempo, y hasta hace poco, las empresas han creado su modelo de negocios solo pensando en “él” y han dejado a “ella” afuera. De tal forma, se pierden las capacidades y las potencialidades que tenemos las mujeres.
Hombres -ojalá muchos intervinieran en esta discusión-, no hay nada más cobarde que maltratar a una mujer. No tengamos miedo a propiciar espacios para las mujeres. Un país que quiere vivir en paz y armonía trata bien a sus mujeres.
Podemos votar, firmar convenciones internacionales, pero, si no nos convencemos del alma, no cambiaremos esta triste realidad. Hombres y mujeres, juntos -porque somos recíprocos-, tenemos una gran tarea.
01
Es notable que hoy estemos legislando sobre el derecho de la mujer, entendida en todas las etapas de su vida, a vivir libre de violencia. Es notable y doloroso a la vez saber -o no saber exactamente- cuántas mujeres han padecido, muerto o vivido bajo la violencia a lo largo de nuestra historia.
Este es un gran desafío, mucho más grande que el de otros proyectos, mucho más grande, incluso, que el de una reforma tributaria, que se puede cambiar con el tiempo, porque debemos hacer un cambio cultural desde el seno de nuestras familias. Mientras más hombres y mujeres se convenzan de que ni hombres ni mujeres deben vivir bajo la violencia, más avanzaremos como sociedad y como Estado.
Invito -estoy segura de que todos vamos a votar a favor, pero que no sea solo por votar, sino por convicción- a que apoyemos este proyecto, porque sabemos que las leyes no terminan cambiando la cultura, pero sí van pavimentando de a poco el camino para ello. Así terminaremos con esta tremenda injusticia que existe hoy en día contra las mujeres. He dicho.";1
"4";"21675";9;2019;1;"NUYADO";"doña Emilia";"La señorita NUYADO (doña Emilia) .-
Señor Presidente, el proyecto que se discute hoy en la Sala es muy relevante para prevenir y, además, actuar en hechos de violencia contra las mujeres.
Quiero detenerme en las mujeres rurales. Si la violencia contra la mujer tiende a invisibilizarse en muchos espacios, en el mundo rural esa realidad es aún mucho más difícil. Muchas mujeres campesinas y que provienen de pueblos indígenas están materialmente aisladas y psicológicamente silenciadas, sin tener a nadie que las pueda ayudar cercanamente.
Las pocas mujeres que se atreven a denunciar, después de pasar por el proceso de dejar de naturalizar los actos de violencia, pueden obtener una medida cautelar, pero para muchas de ellas es solo un papel, cuyo contenido es muy difícil de cumplir en la práctica. La lejanía, la falta de redes de telefonía celular en ciertos lugares y la falta de recursos ni siquiera les permiten salir a la ciudad a realizar sus tratamientos psicológicos o a seguir los procesos judiciales. Es ahí donde necesitamos más recursos del Estado, porque tener un Ministerio de la Mujer y la Equidad de Género sin recursos suficientes para ejercer sus funciones es preocupante y no nos ayuda a resolver este problema. Por ello, considero que, como diputadas y diputados, tendremos una gran labor que realizar cuando se discuta el proyecto de ley de presupuestos, después de aprobada esta iniciativa.
En las zonas rurales necesitamos programas especiales del Ministerio de la Mujer y la Equidad de Género. Además, es fundamental el rol del Ministerio de Salud y el de los municipios, que por medio de postas y hospitales interculturales pueden hacer un trabajo más efectivo en red. Pero debe hacerse con la pertinencia que demanda el territorio y relacionado con los pueblos indígenas que lo habitan.
Las mujeres de la mesa rural de la provincia de Osorno recorren voluntariamente el territorio para dar charlas de prevención. Como señaló la diputada que me antecedió en el uso de la palabra, esto tiene que ver con un nivel de conciencia y con una mejor relación en la familia, en la comunidad y en el espacio en el que cada uno de nosotros habita.
Se requiere que, a través de este programa, y ojalá también desde el Indap, se hagan las coordinaciones necesarias para permitir que las mujeres rurales puedan liderar sus procesos y comentar, desde sus experiencias, las que se atrevieron a denunciar, las que por fin hoy tienen la posibilidad de alzar la voz y decir que se sienten mujeres libres, libres de violencia y son respetadas en su hogar.
Por lo tanto, con la mirada que proviene de la realidad, solicito revisar los programas con el Indap, tanto el Programa de Desarrollo Local (Prodesal) como el Programa de Desarrollo Territorial Indígena (PDTI).
Valoro la Mesa de la Mujer Rural de la Región de Los Lagos, conocida por el intendente, por el gobernador, por el director regional del Indap y por el director nacional de esta institución.
01
Es necesario acompañar a las mujeres en ese proceso; es necesario generar una política pública efectiva de prevención y de acompañamiento para las mujeres víctimas de violencia.
Con mucho dolor quiero decir que en la madrugada del lunes 14 de enero, una mujer del territorio de Pichilcura, provincia de Osorno, Región de Los Lagos, fue asesinada con nueve estocadas proferidas por su esposo, su compañero, quien debiera haber sido su complemento. Como consecuencia de este hecho, tres hijos han quedado sin madre.
Las indicaciones que se presenten y las medidas que se planteen respecto de este proyecto de ley deben permitir que los hijos e hijas cuenten con el apoyo correspondiente.
Por otro lado, también me detendré en la violencia que en muchas oportunidades ha provenido del Estado. Me referiré a Lorenza Cayuhán , una mujer mapuche que, por ciertas situaciones complejas, estaba en la cárcel cuando tuvo que dar a luz, y lo hizo engrillada. Espero que nunca más una mujer en Chile, cualquiera sea su origen racial, sea discriminada como ocurrió con Lorenza.
Es importante incorporar la pertinencia cultural y el respeto hacia las mujeres, tanto de parte de su compañero, esposo y familia, como también del Estado.
He dicho.";1
"5";"21675";11;2019;1;"SABAG";NA;"El señor SABAG.-
Señor Presidente, por su intermedio saludo a la señora ministra y a la señora subsecretaria de la Mujer y la Equidad de Género.
Como primer varón que interviene en este debate, quiero señalar que valoro profundamente este proyecto, porque constituye un paso gigantesco para prevenir y sancionar la violencia de género en contra de la mujer.
Se trata de una iniciativa que hemos esperado por mucho tiempo, cuya tramitación se inició en el gobierno de la Presidenta Michelle Bachelet , con la ministra Claudia Pascual , con quien tuvimos también bastante interacción, y ha venido avanzando en el presente gobierno con la ministra Isabel Plá .
Si bien son pocos los cambios que propone este proyecto de ley, son significativos, profundos y apuntan en la dirección correcta.
En el artículo 26 se disponen reglas especiales para los procedimientos judiciales en los casos de violencia sexual, por ejemplo la prohibición de indagar la conducta sexual previa de la víctima o considerar el tiempo transcurrido entre los hechos y la denuncia, así como el derecho de las mujeres víctimas de violencia sexual a que se resguarde su intimidad y privacidad.
Muchas veces, la mujer no ratificaba la denuncia por miedo a represalias. Ahora no será necesario que la ratifique, porque será el juez, un tercero, quien podrá hacerlo, y eso es un avance para que continúen las investigaciones y no terminen porque la mujer tuvo miedo y no pudo ratificar la denuncia. Consideramos que ese es un avance muy significativo que permitirá que los culpables, los responsables de esa violencia, den la cara y así avancemos en esta materia.
Del mismo modo, se modifica el sistema previsional regido por el decreto ley Nº 3.500, de 1980, para impedir que el autor del femicidio de su pareja pueda verse beneficiado con la pensión de sobrevivencia.
Se trata de medidas de sentido común, pero que la experiencia nos indica que no siempre son tomadas en cuenta y, por tanto, es positivo plasmarlas en una ley.
Valoro también que se haya incluido todo tipo de violencia contra la mujer, ya que durante la tramitación de este
01
proyecto ocurrieron femicidios en el pololeo, los cuales no pudieron ser sancionados, porque las relaciones de pololeo no estaban consideradas como violencia intrafamiliar. Esta ley recoge esa realidad, la de personas que, sin convivir, son víctimas de violencia proveniente de su pareja.
Posiblemente nos hemos demorado mucho en la tramitación de este proyecto y la realidad nos indica que hay que hacer modificaciones a su texto, pero si va a consolidarse como una ley marco en todo lo relativo a la violencia contra las mujeres, es posible que sea conveniente tomarse el tiempo necesario para legislar bien, sin preocuparnos de la contingencia.
Valoro lo que señaló la diputada Emilia Nuyado , pues la violencia contra la mujer rural es quizá la más brutal y las más invisibilizada. Necesitamos llegar también a la mujer rural a través de los convenios Indap-Prodemu, los que han hecho tan bien en esta materia. Lamentablemente, son pocos y cuentan con insuficientes recursos, como dijo el diputado Melero en su intervención. Siempre son pocos los recursos para las mujeres y esa situación debemos cambiarla si queremos llegar a todas partes para prevenir la violencia contra la mujer.
Actualmente vemos algunos signos positivos en el país, y debemos valorarlos. Ejemplo de ello es que el Colegio de Abogados ha decidido que el 40 por ciento de su directiva corresponda a mujeres, un avance que debiera ser replicado por todos los colegios profesionales y por todas las empresas. La mujer no solo es un aporte para la sociedad, sino lo mejor que tiene nuestra sociedad, así es que debemos cuidarla, porque así estaremos cuidando el futuro de nuestro país.
No más violencia contra las mujeres. Esa es una herida que tenemos en el corazón y en el alma nacional. Cada vez que se golpea a una mujer, se golpea el alma nacional. Por eso, todos y todas debemos respaldar este proyecto, porque constituye un avance que debemos seguir perfeccionando.
He dicho.
-Aplausos.";1
"6";"21675";13;2019;1;"CASTILLO";"doña Natalia";"La señora CASTILLO (doña Natalia).-
Señor Presidente, saludo a la ministra Isabel Plá . También a quien fue la ministra impulsora de este proyecto de ley, Claudia Pascual , y a la ex-Presidenta Michelle Bachelet , quien ingresó a tramitación esta iniciativa.
Asimismo, vaya mi saludo y reconocimiento a todas aquellas mujeres que a lo largo de la historia han promovido la lucha por la igualdad entre hombres y mujeres; a las feministas organizadas y a todas aquellas mujeres que han tomado la no violencia hacia la mujer como una bandera de lucha.
En lo poco que va de este año ya se han producido cinco femicidios. La última víctima falleció en la Región de Los Lagos en manos de su esposo, quien la apuñaló cerca de nueve veces, según ha trascendido en la prensa. Durante 2018 fueron cerca de 35 casos; en 2017, 36; y en 2016, 34, lo que tampoco fue una cifra feliz.
¿Qué podemos hacer como Estado para evitar que se sigan produciendo más muertes de mujeres a consecuencia de la violencia machista?
Una de ellas -de las muchas cosas que podemos hacer- es avanzar en nuestra legislación. Evidentemente, hay situaciones que no se podrán evitar. Si como Estado nos pusiéramos la meta de erradicar completamente la violencia hacia la mujer, probablemente seguirían existiendo casos, por lo que no nos queda otra solución que castigar, reprimir o encarcelar a sus autores.
Este proyecto es un tremendo aporte, porque establece una ley marco que define la violencia hacia la mujer no solo en el ámbito de la familia, que es donde históricamente se la ha entendido, sino que le da una connotación social e histórica.
01
Por eso es tan importante que el artículo 2, que fue modificado en la Comisión de Familia, se mantenga en los términos en que fue aprobado, porque reconoce que la violencia contra la mujer no es casual ni accidental, sino que es una reproducción histórica de estereotipos, lo cual ha permitido que se enquiste como un cáncer en nuestra sociedad. Ese cáncer está matando no solo a las mujeres, sino también a las familias, la felicidad de un pueblo, razón por la cual lo tenemos que erradicar.
Mientras no seamos capaces de tener una educación no sexista, que no siga reproduciendo esos estereotipos, vamos a seguir lamentando situaciones de violencia. Necesitamos que la educación concientice y se transforme en un motor para generar un cambio cultural. Mientras este no se produzca, vamos a seguir pensando que la cárcel es la única solución.
Este proyecto es un primer impulso en esa dirección.
Quiero destacar algunos aspectos significativos del proyecto. En primer lugar, reconoce distintos tipos de violencia que sufren las mujeres, como la violencia sexual, que ha sido invisibilizada durante mucho tiempo; la violencia psicológica, la violencia económica y la violencia simbólica. Ejemplo de ello es la denominada “ley del hielo”, que sufren muchas mujeres que son violentadas permanentemente no solo por sus parejas, sino por sus empleadores y por sus compañeros de trabajo.
En este sentido, se incorporaron diversas indicaciones que mejoraron la iniciativa.
También quiero destacar una indicación, de la cual soy autora, que reconoce el no pago de la pensión alimenticia como un mecanismo clásico para ejercer violencia económica e impedir que las mujeres puedan tomar una decisión libre, como por ejemplo terminar una relación de pareja. Muchas veces las mujeres son amenazadas con que sus hijos no van a tener qué comer. Ese ha sido el mecanismo clásico del machismo para impedir que las mujeres terminen con relaciones tóxicas, con relaciones que les hacen daño no solo a ellas, sino a todo su entorno familiar.
Otro aspecto destacado del proyecto es que modifica la ley de violencia intrafamiliar para incorporar situaciones que agravan los hechos de violencia cuando se realizan en presencia de niños, niñas y adolescentes. Los niños eventualmente podrían repetir ese modelo en el futuro, provocando que esa conducta se traspase de generación en generación, tal como ha sucedido históricamente.
Aprovecho la oportunidad para subrayar el aporte de una feminista histórica: Ángela Davis .
Respecto de las dimensiones institucionales que tiene la violencia en nuestra sociedad, si bien podemos establecer una legislación para evitar la violencia, esta se seguirá reproduciendo si los distintos ámbitos institucionales están saturados de violencia, por ejemplo, la violencia que ejerce el Estado sobre el pueblo mapuche en La Araucanía.
Para que esa violencia no se continúe naturalizando en nuestra sociedad, debemos erradicarla de raíz.
Debemos lograr una completa transformación de nuestra sociedad, desde las bases. Solo así podremos erradicar la violencia contra las mujeres, tanto en sus relaciones interpersonales como de parte de las instituciones. Hay que generar un debate sobre el funcionamiento de las instituciones estatales.
En suma, no podemos sino aprobar este proyecto, y esperar que el Ejecutivo cumpla con su compromiso de fortalecer los mecanismos que posibiliten lograr el efectivo cumplimiento de esta futura ley.
He dicho.
-Aplausos.";1
"7";"21675";15;2019;1;"CARIOLA";"doña Karol";"La señorita CARIOLA (doña Karol) .-
Señora Presidenta, saludo a la ministra de la Mujer, Isabel Plá ; a Vesna Madariaga , de la Asociación de
01
Funcionarios del Ministerio de la Mujer y Equidad de Género; a las concejalas Irací Hassler , de Santiago, y Natalia Cuevas , de Recoleta; a Virginia Palma, de la ONG Acción Mujer y Madre; a Soledad Acuña, de la Coordinadora Transversal de Mujeres Organizadas, y a las integrantes de la Coordinadora de Mujeres de Valparaíso, que están presentes, a pesar del aviso rápido que recibieron sobre la discusión de este proyecto. Esa actitud representa el compromiso que tenemos las mujeres para llevar adelante estos procesos de cambio y de transformación.
Asimismo, no puedo dejar de saludar a la mujer que me dio la vida y que está acompañándome en esta lucha tan importante: mi madre.
(Aplausos)
Estimada Presidenta y compañera Maya Fernández -qué significativo que una mujer presida la Cámara cuando se discute este proyecto-; estimadas mujeres, compañeras de organizaciones sociales y de distintas militancias políticas unidas en la causa que nos convoca y nos congrega:
Para iniciar mi intervención, quiero anunciar el voto favorable de la bancada ComunistaProgresista -incluido el de nuestra compañera Marisela Santibáñez , quien hoy no nos puede acompañar, pero me ha pedido que la represente en esta discusión- a este proyecto de ley, que propone una ley marco en materia de violencia contra la mujer, estableciendo firmemente el derecho de las mujeres a una vida libre de violencia, no solo mediante la prevención, sino también a través de la generación de medidas de protección a las mujeres que son víctimas de la violencia, y la garantía de acceso a la justicia en favor de ellas.
En pleno desarrollo de un nuevo impulso del movimiento feminista, que tiene una larga historia en nuestro país y en el mundo, y después de vivir este año el despertar del movimiento social en apoyo a las demandas del feminismo, es absolutamente necesario avanzar en la creación de un cuerpo legal que contenga y regule los derechos de las mujeres a no sufrir ningún tipo de violencia. Es imperativo que en Chile exista una ley integral para la defensa de esos derechos.
En ese sentido, con este proyecto buscamos contribuir a la generación de un cambio cultural cuyo horizonte es la igualdad entre hombres y mujeres, poniendo fin a las relaciones de subordinación que las mujeres padecen a raíz de la violencia de género, el machismo y el patriarcado que se han instalado históricamente en nuestro país.
Esa es la razón por la cual vamos a rechazar la indicación que a última hora ha ingresado el gobierno. Es más, no puedo dejar de mencionar que no corresponde, porque desconoce la subordinación histórica, el proceso cultural que ha significado la desigualdad de género, como figura en el artículo 2, que está claramente contenida en el proyecto original.
Por lo tanto, hago un llamado a ser coherentes, tanto a la oposición como a todos aquellos que consideren que la acción de desigualdad a la que las mujeres hemos estado sometidas responde a una estructura cultural que se llama patriarcado y machismo.
Frente a eso, quisiera que pudiéramos establecer armas jurídicas y legales que proscriban la violencia contra las mujeres y que eliminen la victimización y la revictimización. Esa es una tarea tremenda que solo puede abordarse con la decisión de impulsar grandes cambios.
Julieta Kirkwood , de quien tomamos el nombre para bautizar nuestra bancada feminista -aprovecho de saludar a cada una de mis compañeras que están en la Sala y con quienes tengo el orgullo de compartir esta lucha desde este frente- decía: “El feminismo rechaza la posibilidad de realizar pequeños ajustes de horarios y de roles al orden actual, pues eso no sería otra cosa que la inserción en un ámbito-mundo ya definido por la masculinidad (el otro término en la relación de opresión).
La incorporación de las mujeres al mundo será para el movimiento feminista un proceso transformador del mundo.”.
Establecer legislaciones como la que hoy impulsamos es un importante paso democratizador, pues no se puede entender una democracia en la que existen diferencias y opresiones de carácter patriarcal, en las cuales no se reconozca que las acciones y dominaciones en perjuicio de las mujeres -de todas las mujeres sin excepción, incluso de aquellas que merecidamente han logrado ser reconocidas como tales en su pleno derecho después de una transición- son causadas por un sistema estructural y son resultado de las asimetrías históricas.
01
El proyecto señala: “La violencia contra las mujeres comprende cualquier acción u omisión, sea que tenga lugar en el ámbito público o en el privado, basada en el género y ejercida en el marco de las relaciones de poder históricamente desiguales que emanan de los roles diferenciados asignados a hombres y mujeres, que resultan de una construcción social, cultural, histórica y económica, que cause o pueda causar muerte, menoscabo físico, sexual, psicológico, económico o de otra clase a las mujeres, incluyendo la amenaza de realizarlas, y en general cualquier conducta que menoscabe o amenace sus derechos”.
Como puede apreciarse, las formas de ejercer violencia hacia nosotras son múltiples. No podemos seguir acotando la definición de violencia contra las mujeres en el hecho de sancionar a que se les ponga un dedo encima. Eso ya es inaceptable. Partimos sobre esa base; pero la erradicación de la violencia tiene muchos más ámbitos que debemos resguardar y prevenir. Por eso, hemos impulsado la “ley Gabriela”, proyecto al que se le ha puesto urgencia simple. Quiero aplaudirlo y saludarlo, porque queremos tener una ley que de manera definitiva termine con el femicidio y que sancione el odio hacia las mujeres en cualquier condición.
Señora Presidenta, por su intermedio quiero agradecer a la ministra por asumir el desafío de dar continuidad a un proyecto impulsado por la Presidenta Michelle Bachelet .
He dicho.
-Aplausos.";1
"8";"21675";17;2019;1;"BELLOLIO";NA;"El señor BELLOLIO.-
Señora Presidenta, primero, quiero saludar a las ministras que nos acompañan, a las personas que asisten a la tribuna, en especial a la madre de la diputada Karol Cariola .
El tema que hoy nos convoca es relevante. En él hemos avanzado en los últimos cuatro o cinco años de manera sostenida. Por supuesto que ello ha sido fruto de un trabajo compartido y que va más allá de quien sea el presidente de la república o la presidenta de la república. En este caso, se trata de un proyecto de la Presidenta Bachelet . Al respecto, tuvo un rol relevante la exministra de la Mujer, tal como hoy lo tiene su titular, Isabel Plá , quien nos acompaña.
El proyecto establece un ordenamiento y una coherencia legislativa respecto de la violencia contra la mujer. El tema ha sido abordado a través de distintas formas, no solamente desde el ámbito de la intimidad, es decir, de aquello que suceda al interior de un hogar o al interior de la relación de familia. También puede considerarse que existe violencia en el ámbito social.
En los últimos tiempos también hemos abierto debate sobre lo que significa el lenguaje de odio, sobre lo que significa aplaudir asesinatos, sobre lo que significa menoscabar la dignidad de las personas. La violencia nunca puede ser un método legítimo para hacer política, y tampoco puede utilizarse como forma de menoscabo y sumisión en contra de las mujeres.
Sí quiero decir que tengo una diferencia con parte de las exposiciones que hemos escuchado acá. No soy un experto feminista ni pretendo serlo. Sin embargo, hay dos ámbitos en los cuales uno podría dividir la teoría feminista: la radical o marxista, y la teoría feminista liberal. La teoría feminista radical dice que es esencial e inmutable el hecho de que hay una lucha entre géneros, y que es permanente y que no puede cambiar.
No puedo estar más en desacuerdo con eso. Una cosa es que haya existido un contexto histórico de esa supuesta superioridad -digo “supuesta”, porque no digo que exista-, la que unida a la violencia menoscaba, violenta, asesina mujeres y las discrimina en distintos espacios, y otra es suponer que dada esa historicidad la lucha de géneros se tenga que mantener para siempre. La razón de ser de este proyecto es porque queremos contrarrestar aquello.
Por lo tanto, si en la definición de una ley permanente incluimos la noción de que existe una relación histórica que
01
va a permanecer para siempre, significa que estamos partiendo de la base que vamos a perder esa batalla. No puedo estar más en desacuerdo con esa definición. Parlamentarios de Chile Vamos han presentado una indicación sobre el particular. La leeré para que cuando nos toque votar nadie utilice la posverdad para decir que estamos en contra de esta materia. La indicación señala lo que nos parece más adecuado, dada la lógica y la coherencia legal.
Dice: “Artículo 2.- Definición de violencia contra las mujeres. La violencia contra las mujeres comprende cualquier acción u omisión, sea que tenga lugar en el ámbito público o en el privado, abusando el agresor de la superioridad que le conceda una diferencia de género, y que cause o pueda causar muerte, menoscabo físico, sexual, psicológico, económico o de otra clase a las mujeres, incluyendo la amenaza de realizarlas.”.
Nos parece que ese es un ordenamiento coherente con las legislaciones comparadas. Además, el texto tiene que ver con lo que ya hemos aprobado. No parte de la base de que vamos a perder la batalla cultural, sino que señala exactamente lo contrario, es decir, que hemos avanzado en la materia, aun cuando no es suficiente y todavía tenemos mucho trabajo que hacer en el ámbito de la prevención.
Aquí se hizo mención a algo que quiero rescatar, que señaló el diputado Jorge Sabag : hay una violencia contra la mujer que a veces es menos visible y que ocurre en sectores rurales, pero también muchas veces en las empresas, donde hay aprovechamiento de las mujeres más vulnerables, de menores recursos económicos o que no tienen otra alternativa laboral. Muchas veces sus jefes se acercan, las toquetean y las obligan a hacer cosas que las menoscaban, actos que no tienen ninguna intención de querer hacer, o no son consentidos.
Esa situación muchas veces está oculta. Ello se debe abordar a través de la educación, desde el cambio cultural.
Es evidente que se ha avanzado en esta materia. Allí están organizaciones como el OCAC, que combate el acoso callejero, y otras tantas que han trabajado en poner en evidencia que hay ciertos mitos que terminan transformándose en realidades. Por ejemplo, un hombre, cuando camina por la calle, puede tener temor de que lo asalten, pero no de que lo vayan a golpear o violar; un hombre puede tener temor de sentirse incómodo al subirse al bus o al metro, pero no de que lo vayan a manosear. Ese tipo de consideraciones son relevantes desde el punto de vista cultural.
El proyecto avanza sustantivamente en dar un ordenamiento jurídico y legal al derecho de las mujeres a una vida libre de violencia, y es coherente con lo que ya hemos hecho en otros cuerpos legales.
Por eso, la bancada de la UDI votará favorablemente la iniciativa.
He dicho.";1
"9";"21675";19;2019;1;"MARZÁN";"doña Carolina";"La señora MARZÁN (doña Carolina).-
Señora Presidenta, aprovecho la oportunidad para saludar a la ministra de la Mujer y a las autoridades presentes.
“Siete segundos, tan solo siete segundos, señorita.”. Así comienza el relato Juan , hoy interno en la cárcel de Valparaíso por el delito de femicidio. “No lo hagas, que es mal visto. No uses eso, porque te ves provocativa.”.
Con frases como esas demostramos lo arraigada que está la violencia simbólica, la manera profunda de cómo se ha enraizado y naturalizado la violencia en distintos ámbitos, cuestión que este proyecto de ley viene en consagrar como un tipo de violencia dentro de los muchos otros que sufrimos las mujeres día a día.
Mi pregunta es qué tan naturalizada se encuentra la violencia hoy y si esto responde a cómo somos hoy como sociedad.
Si rememoramos la antigua Grecia , el mito de la creación habla de hombres inmortales que vivían libres de todo mal y felices, hasta que los dioses los castigaron por la soberbia de Prometeo, que les robó el fuego. Por eso, Zeus envió a Pandora, dando origen a lo que Hesíodo llamó “la raza femenina”.
01
Han pasado milenios, pero las concepciones misóginas, vinculadas incluso a las ideas de la creación, abren el camino a espacios de naturalización de la violencia con argumentos, como “siempre ha sido así”, que son justificados con cuán diferentes somos unos de otros. Pueden pasar 70 o 700 años, pero la violencia sigue aquí; no importa la cantidad de tiempo, puesto que sus manifestaciones tienen tantas facetas que en breve la vida de una mujer se puede apagar.
En este trabajo que realicé para la universidad, Juan continúa relatándome: “Fueron siete segundos, señorita; siete segundos y pasó todo; incluso yo le dije a la jueza que no había sido más que eso: le enterré un cuchillo en el pecho, pero se lo enterré una sola vez; aunque mi abogado dijo que habían sido dos cuchilladas, le puedo jurar que fue otra persona la que se lo enterró por segunda vez”.
¿Cómo nos hacemos cargo de una realidad tan espantosa? Generando un cambio cultural con iniciativas tendientes a modificar las conductas de las personas, pero también a través de la educación y de la concientización de que todos somos iguales, de que todos nacemos con dignidad y los mismos derechos, de que lo único que nos diferencia es cómo actuamos, pues son nuestras acciones las que nos determinan.
En el concepto de esta futura ley, en la que trabajamos arduamente en la Comisión de Familia y Adulto Mayor con miras a desarrollarla de la mejor manera, hay distintos tipos de violencia y diversos espacios para su materialización, de manera que su erradicación responderá a un esfuerzo y compromiso que implique medidas preventivas, educativas y complementarias para que, de una vez por todas, eliminemos los escenarios de violencia. Debemos generar una nueva construcción cultural. No debemos silenciar la violencia, pues solo bastan siete segundos y, en muchos casos, menos que ese tiempo.
Vemos que el exceso de tiempo sin comprender la gravedad de plantearnos como distintos, en que un género se subyuga al otro, genera el contrasentido de violentarnos para perpetuar la subordinación, porque esta idea arraigada se ha internalizado de tal manera en la mente de muchos que ciega a la hora de comunicar, puesto que toda manifestación de violencia es un acto comunicativo en sí: el ejercicio de un poder de subyugación que no es tal, que no existe, y cualquier resabio de ese concepto malentendido debe ser eliminado de nuestros niños y niñas, a través de un mensaje educativo claro y directo en que todos seamos iguales y la violencia jamás tenga justificación, bajo ningún escenario.
El femicida agregó: “Yo me afeitaba y ella me molestaba; me sacaba de quicio, así que le tiraba agua -y continúa diciendo-, pero era de broma, para que se riera y no me molestara más”. Al rato me confesó que ella no se reía. El femicida jamás logró el objetivo de hacerla reír, pero sí de silenciarla para siempre.
No hay justicia en tanta diferencia, no hay justicia en ningún trato vejatorio. Pueden pasar siete segundos y nuestra vida no se acabará, pero sí la de muchas mujeres que guardan silencio por miedo, que viven oprimidas por la violencia, sea cual sea el tipo.
Que el mito de la creación no se traduzca jamás en el relato verídico de muerte. Por todas aquellas que han fallecido a lo largo de este y de tantos años, gritemos cada vez con más fuerza: ¡No más violencia!
He dicho.
-Aplausos.";1
"10";"21675";21;2019;1;"VELÁSQUEZ";"don Pedro";"El señor VELÁSQUEZ (don Pedro).-
Señora Presidenta, por su intermedio saludo a la ministra Isabel Plá -lamentablemente, no está presente en este momento-, a su colaboradora y a las mujeres que se encuentran en las tribunas que, con esfuerzo, luchan día a día para que este país tenga justicia de verdad para todas ellas.
(Aplausos)
01
Soy hijo de una mujer brutalmente golpeada por su cónyuge. Mi padre venía del campo y creía tener el derecho a golpear a mi madre las veces que quería y a veces, si era posible -lo digo abiertamente-, de arrastrarla por el piso.
Esa es la realidad que sufrimos todos aquellos que hemos visto llorar a nuestras madres golpeadas y mantenerse en esa situación por años producto de la falta de recursos para poder subsistir.
Ese no es un supuesto, sino la realidad, y, como ha dicho la diputada Emilia Nuyado , en el mundo rural la realidad es aún más fuerte.
Como diputado, tengo el honor de votar este proyecto y de adherir a algunas indicaciones que ha hecho un grupo de parlamentarias que considera necesario que la ley sea clara, precisa y dura, de manera que refleje la violencia que viven las mujeres. La violencia escrita en agua tibia no sirve. Por consiguiente, debe estar escrita con firmeza, claridad y sin desconocer que el hombre ha sido, en general, un yugo permanente para la mujer en todos los sectores. Aquí no escapa el sector más modesto ni el ABC1. Incluso, el silencio es peor en aquellos sectores de más alto prestigio.
Es necesario y urgente legislar para que en los organismos de seguridad, como Carabineros de Chile y la Policía de Investigaciones, tengan departamentos exclusivos y especializados para resguardar los derechos de las mujeres con policías dedicados, ciento por ciento, al resguardo, seguimiento, prevención y a todo aquello que afecte a nuestras mujeres, niñas, adolescentes, jóvenes, madres y adultas mayores. Todo lo anterior debe ser complementado con especialistas de primer nivel, con permanencia en sus cargos y no con programas que tengan vencimiento -es lo que ocurre habitualmente en los programas del Servicio Nacional de la Mujer y la Equidad de Género-, sino que tengan duración en el tiempo.
Asimismo, todos aquellos hombres que han sido denunciados y respecto de los cuales, por orden del tribunal, se ha decretado su alejamiento de la víctima deben ser permanentemente guiados y, a la vez, con preferencia, ingresados en un centro de rehabilitación, ojalá en el mismo momento, para que tomen conciencia del daño que están causando. Por lo tanto, no solo hay que incorporarles una tobillera electrónica, pues después toman venganza contra la denunciante sin importar si son esposas, parejas, pololas o madres.
Es urgente tomar ciertas medidas para que la mujer se pueda empoderar. Para ello, el Estado debe legislar, por ejemplo, para que los beneficios por ser carga familiar del marido o conviviente civil sean asignados directamente a las mujeres; para que todos los títulos de dominio de viviendas y de terrenos sean otorgados, prioritariamente, a las mujeres; para que los beneficios de los subsidios del mundo rural sean entregados a las mujeres, porque, como lo señaló la diputada Emilia Nuyado , ese es el sector más abandonado y donde existe mayor vulnerabilidad; para que las municipalidades y los diversos organismos públicos otorguen con preferencia patentes comerciales, permisos y otras autorizaciones a aquellas mujeres violentadas y humilladas, para que puedan generar sus propios recursos a través de un trabajo, toda vez que muchas veces el propio municipio les cierra la puerta; para que en todos los proyectos financiados por el Estado de Chile, a través de los ministerios, los gobiernos regionales o las municipalidades, a lo menos el 40 por ciento de la mano de obra sea realizada por mujeres, tal como ocurre en otros países, especialmente de Europa, donde el Estado es el principal motor para capacitarlas.
Todo lo anterior y mucho más se puede lograr con voluntad política. Por eso, pido a la ministra de la Mujer y la Equidad de Género, señora Isabel Plá , que proceda a aplicar estas medidas, tal como lo hizo la entonces ministra Claudia Pascual con este proyecto.
He dicho.";1
"11";"21675";23;2019;1;"OLIVERA";"doña Érika";"La señora OLIVERA (doña Érika).-
Señora Presidenta, por su intermedio saludo a la ministra de la Mujer y la Equidad de Género, señora Isabel Plá , y a la ministra del Deporte, señora Pauline Kantor , quien también se encuentra presente en la Sala.
Quiero comenzar mi intervención con una felicitación por esta iniciativa. Durante 2018 fuimos testigos de cómo las
01
mujeres se volcaron a las calles, junto a colegios, universidades y medios de comunicación, para alzar la voz y pedir a gritos terminar con la violencia hacia la mujer. También vimos a hombres solidarios apoyando esa causa.
Desde este hemiciclo quiero agradecer ese gran apoyo.
Hace un año, aproximadamente, el diario La Tercera tituló: “Chilenas entre las mujeres que más violencia y acoso sufren en el continente”. El artículo señalaba que un estudio a 5.982 mujeres en once países reveló que el 30 por ciento de las chilenas reconocía haber sufrido algún episodio de violencia física o psicológica, y 39 por ciento, algún evento de acoso sexual.
Hoy en la mañana, la televisión dio a conocer el caso de una mujer que fue acosada por un hombre en la calle. Ella, muy valientemente, persiguió al acosador y logró que lo detuvieran. Encuentro que lo que hizo es loable, pero también arriesgado. Por lo tanto, para mí es superimportante este proyecto. Reitero mis felicitaciones a quienes impulsan esta iniciativa, porque situaciones como esa se han naturalizado durante años.
Escuché al diputado que me antecedió en el uso de la palabra, quien contó parte de su historia. Así como él, muchos niños han sido testigos de cómo sus mamás u otras personas de su familia han sido violentadas. Por cierto, esos niños crecen y recuerdan esos episodios.
Valoro este proyecto porque busca erradicar la violencia física, psicológica, sexual, económica, simbólica, institucional, política, laboral, etcétera, contra las mujeres. También busca erradicar el abuso hacia la mujer en el ámbito privado y público, lo que es muy importante, porque hemos sido testigos de que en los establecimientos educacionales también existe violencia y abuso. En ese sentido, el Ministerio de Educación deberá cumplir un gran rol.
Valoro muchísimo que ello también se contemple en este proyecto.
Asimismo, se considera la violencia hacia la mujer en los servicios de salud. En la actualidad se están impulsando distintos proyectos que tienen que ver, por ejemplo, con la violencia obstétrica. Esto es muy importante, porque hay mujeres que, en el contexto de algo tan lindo como es la maternidad, también han sufrido algún tipo de violencia.
Para terminar, agradezco el compromiso del Servicio Nacional de la Mujer y la Equidad de Género y de la ministra Plá, que han trabajado en distintas campañas para erradicar la violencia hacia la mujer a nivel nacional, a través de la formación de monitoras y monitores, y de la atención reparatoria de mujeres víctimas de agresiones sexuales.
También es destacable que existan centros para hombres que ejercen la violencia hacia la pareja. Quizás no nos preguntamos por qué existe la violencia, qué la produce o qué hace que los hombres se sientan con el derecho a agredir a sus parejas.
Somos nosotras, las mujeres de hoy, quienes debemos continuar en esta lucha, en la cual tenemos la responsabilidad de educar a nuestros hijos e hijas para que en el futuro no sean víctimas de la violencia, pero que tampoco violenten a otros.
He dicho.";1
"12";"21675";25;2019;1;"ORSINI";"doña Maite";"La señorita ORSINI (doña Maite) .-
Señora Presidenta, ¿quién puede vivir soportando violencia en las escuelas, violencia mientras camina por la calle, violencia en el parto, violencia en el trabajo, violencia en la casa, violencia en la cama, violencia en los medios y violencia en las universidades? La mujer. Aunque esto no es del todo cierto, porque para millones de ellas toda esa agresión se transforma en una situación prácticamente insoportable. En un número que todavía no hemos podido frenar, a muchas de ellas esa violencia las asesina.
01
Algunos han tratado de instalar la idea de que el feminismo es lo mismo que el machismo, pero al revés. Eso no es verdad, señores. Nosotras no luchamos por que a ustedes les paguen menos por hacer exactamente el mismo trabajo que nosotras. Nosotras jamás pretenderíamos que si alguno de ustedes fuera violado, con diez, once o doce años de edad, y tuviese la capacidad de embarazarse, fuese obligado a parir. Lo nuestro tiene que ver con una cuestión muy sencilla: el derecho de toda mujer a vivir tranquila, sabiendo que habita en una sociedad donde no gobierna el machismo, sino la equidad de género; una sociedad en donde ningún género opaca o aplasta al otro. Eso es el feminismo, señores. Lo demás son mentiras y el resistir de una mirada patriarcal que sabe que ya no puede desplegarse así como si nada.
Aquí, de este lado, del lado de los corazones morados y de las pañoletas verdes, tenemos propuestas para hacer frente a lo que ya, en lo poco que va de 2019, nos ha traído cinco femicidios.
Como la equidad de género es fundamental, hacer frente a la violencia contra las mujeres es una cuestión de base, y sin aquello no podemos construir.
El proyecto sobre el derecho de las mujeres a una vida libre de violencia, presentado por la entonces Presidenta Michelle Bachelet y continuado por la ministra Isabel Plá , busca avanzar en erradicar aquella violencia tan extendida de la que hablamos. Espero que esta iniciativa no solo haga justicia donde hay impunidad, sino que vaya más allá: que sea parte de un enfoque integral del Estado de Chile para generar el cambio sociocultural que también necesitamos.
Asimismo, es clave que este proyecto, en su versión original, entiende que no se trata de “la violencia” que sufrimos las mujeres sino de “las violencias”; es decir, da un paso muy relevante al plantear que la violencia es en plural. En su marco general, el proyecto define la violencia contra las mujeres como una “manifestación de las relaciones de poder históricamente desiguales entre mujeres y hombres”. Esto es tremendamente importante, pues quienes creen que el patriarcado es una suerte de enemigo imaginario de las feministas, en esa definición pueden observar concretamente y entender de qué manera propicia tanto la discriminación por género en el ámbito laboral, como también una violación.
Es lamentable que el Ejecutivo haya presentado una indicación que nos haga retroceder de nuevo a negar la dimensión sociocultural histórica del patriarcado y del machismo, la que enérgicamente llamo a rechazar.
Ahora bien, uno de los grandes problemas a la hora de hacer frente a estas violencias se ha producido cuando ese camino genera, a la vez, un nuevo problema: la revictimización. Por lo mismo, el hecho de que el proyecto considere la prevención de la victimización secundaria es tanto un acto de empatía como de justicia.
Aprobaré este proyecto porque, aunque todavía deja abiertos desafíos, sobre todo en lo que se refiere a la violencia económica contra las mujeres -por ejemplo, cuando no se pagan las pensiones-, señala un camino que es el correcto y que va en línea con la ola feminista, con las sufragistas y con cientos de miles de luchadoras de ayer y de hoy, muchas de las cuales nos acompañan hoy desde las tribunas.
Aprobaré el proyecto porque me parece que es un mínimo ético dejar de considerar el silencio, la falta de resistencia o la historia sexual previa o posterior de la víctima como prueba de consentimiento de una conducta en su contra. Lo haré porque impulsa la educación no sexista y dispone cambios en nuestras policías y en el Poder Judicial. También lo haré porque el acoso sexual puede producirse sin contacto corporal. ¡Por supuesto que puede ser sin contacto corporal! Y si les parece raro, pregúntenle a cualquier diputada de este hemiciclo o a cualquiera funcionaria del Congreso o a cualquier estudiante. Y aprovechen de preguntarles también acerca de la gran diferencia que es caminar en una comuna donde el acoso callejero está prohibido, como en Recoleta o en Las Condes, que en una donde aún siguen creyendo que el acoso callejero es otro más de estos enemigos imaginarios de las mujeres.
De hecho, si algún colega está pensando en rechazar el proyecto, sería bueno que le preguntara a alguna de sus hijas adolescentes acerca de toda esta violencia del día a día que viven las mujeres. Estoy segura de que ellas les van a decir que no exagero; incluso, podrían decirles que me quedo corta.
He dicho.
-Aplausos.
01";1
"13";"21675";27;2019;1;"ROCAFULL";NA;"El señor ROCAFULL.-
Señora Presidenta, quiero partir mi intervención saludando y felicitando a Jacqueline Castillo , quien fue desvinculada del cargo de directora regional del Servicio Nacional de la Mujer de la Región de Arica y Parinacota y a quien la Corte Suprema hoy la ha repuesto en su cargo. Felicitaciones para ella, pues es una mujer que ha hecho una lucha transversal, más allá de su color político.
Sin duda, la materia que hoy estamos discutiendo es consecuencia de los movimientos que, valientemente y en forma perseverante, las mujeres de nuestro país han llevado adelante en favor de la lucha por sus derechos. Por supuesto, también debemos agradecer a la entonces Presidenta Bachelet , pues durante su gobierno fue enviada a tramitación legislativa esta iniciativa.
También saludo y felicito a la ministra Isabel Plá , por haber hecho propio este proyecto y trabajar junto con la Comisión de Familia y Adulto Mayor para que este proyecto se pusiera en tabla lo más rápido posible. Por lo tanto, nuestro reconocimiento para ella.
Este proyecto verdaderamente constituye un código que valida y reconoce los derechos inalienables de la mujer en una sociedad machista. Lo digo así porque fueron nuestras propias madres las que nos criaron en un ambiente machista.
La iniciativa aborda desde su prevención hasta las acciones judiciales especiales y las sanciones. Por ello, digo que es un código, e inspira y pretende construir un Chile distinto, un Chile más inclusivo, un Chile en el que nos podamos mirar cara a cara, un Chile más justo.
Hay leyes que marcan un crecimiento como sociedad, porque responden a un movimiento social legítimo y masivo.
Este proyecto es uno de ellos, pues hace mejores personas, porque pretende revocar el trato históricamente desigual que ha tocado justamente al género femenino.
La iniciativa no solo regula conductas humanas a través de los nuevos delitos y de la conceptualización de los distintos tipos de violencia, sino que también hace responsables a los organismos del Estado en la adopción de las medidas apropiadas en favor de una sociedad sin violencia para la mujer.
De todos los aspectos variados del proyecto, creo que quedamos al debe en una materia primordial, que puede ser corregida a través de un esfuerzo presupuestario: nos falta aportar y apoyar económicamente cuando la mujer denuncia, porque cuando lo hace muchas veces es chantajeada. Muchas de ellas no denuncian debido al chantaje económico de que son objeto, ya sea porque se van a quedar sin techo o sin comida, y eso sucede.
Por lo tanto, creo importante que en una próxima iniciativa esto realmente pueda ser presentado y discutido. La ministra se ha comprometido a que, de alguna manera, en la próxima tramitación del proyecto, en el Senado, podamos establecer esto. La mujer debe tener el valor y sentirse respaldada para denunciar, y para ello es obvio que debe tener el apoyo económico cuando queda desamparada.
Espero que la indicación que presenté en tal sentido, declarada inadmisible por incidir en una materia que es de iniciativa exclusiva del Presidente de la República, sea repuesta en el Senado. De ser así, la apoyaremos con gusto cuando corresponda tratarla en la Cámara.
Finalmente, agradezco a las colegas de la Comisión de Familia y Adulto Mayor por su incansable lucha feminista y por su apoyo a diario en aportar ideas para mejorar este proyecto. Es de ellas el gran mérito de que hoy lo estemos debatiendo en Sala y que respecto de él exista un acuerdo transversal. Por eso, debería haber concitado más interés de audiencia en la Sala.
Es un proyecto realmente importante y que, de alguna manera, cambia la visión de la sociedad como país.
Reitero mis agradecimientos a todas las mujeres que hoy han hecho posible, a través de su lucha, de sus
01
manifestaciones y de su fuerza, que hoy estemos debatiendo este proyecto que permite construir un país más justo.
He dicho.
-Aplausos.";1
"14";"21675";31;2019;1;"SANHUEZA";NA;"El señor SANHUEZA.-
Señora Presidenta, en primer lugar, felicito a la ministra Isabel Plá y a todo el equipo del gobierno del Presidente Sebastián Piñera que trabajó en sacar adelante este proyecto.
Como diputado integrante de la Comisión de Familia y Adulto Mayor, quiero valorar la tramitación de este proyecto de ley, que contribuye a derribar las asimetrías existentes entre hombres y mujeres, especialmente cuando en las relaciones se produce abuso y violencia en sus diversas manifestaciones: física, psicológica, económica, sexual e, incluso, simbólica.
La documentación que sustenta este proyecto es contundente. Alrededor del 35 por ciento de las mujeres del mundo han sufrido violencia física o sexual en algún momento de su vida, tasa similar a la existente en Chile, donde prácticamente 2.000 mujeres sufren cada año el delito de violación, y los casos de femicidios aumentan progresivamente año tras año.
Si bien este fenómeno es el reflejo de una estructura social y cultural discriminatoria contra las mujeres, una legislación eficiente en esta materia puede contribuir a una acción más fecunda del Estado en este ámbito.
¿Qué establece este proyecto de ley? A través de la modificación de la ley N° 20.066, se fortalece la participación de diversos organismos del Estado para que estos incorporen la problemática de la violencia contra la mujer como un criterio relevante en su gestión.
Por otra parte, esta iniciativa reconoce las distintas formas que adopta la violencia contra las mujeres y los distintos ámbitos en que puede ejercerse, ampliando las concepciones actuales que recoge nuestro ordenamiento jurídico. Además, considera un amplio catálogo de deberes para distintos órganos del Estado en estas materias, como el derecho a la prevención y a la protección, y el acceso a la justicia de las mujeres violentadas.
Asimismo, el texto legal promueve obligaciones generales y particulares para la protección y atención de las mujeres frente a la violencia -deberes en el ámbito de la salud, educación y protección policial y fiscal-, y amplía las facultades del Servicio Nacional de la Mujer y la Equidad de Género en dos sentidos: aumenta el abanico de casos en que puede asumir el patrocinio y representación de las mujeres víctimas de violencia, y se le permite deducir querella en casos de femicidios.
Valoramos también la nueva sanción del abuso sexual cometido contra personas mayores de 14 años, sin necesidad de que haya existido violación o estupro, y la regulación del acoso sexual sin contacto corporal como
01
falta.
Durante la discusión en la Comisión de Familia, incorporé diversas indicaciones para que el proyecto ampliara a la mayor cantidad de manifestaciones posibles la condición de violencia.
Adicionalmente, incorporé observaciones que buscaran acotar a la mínima expresión el grado de tolerancia frente a estos abusos.
Quiero manifestar que esta tarea no termina con estas modificaciones a la ley. Debemos consagrar definitivamente la inhabilidad para ejercer cargos públicos para todas las personas que sean sancionadas, por sentencia firme y ejecutoriada, así como restringir la posibilidad de optar a cualquier cargo de elección popular.
Por otra parte, si bien este proyecto introduce algunas modificaciones en materia de delitos de connotación sexual, quedan desafíos pendientes para perfeccionar las sanciones estipuladas en el Código Penal en relación con otras manifestaciones de violencia.
Para finalizar, solo me queda expresar que este proyecto de ley no solucionará todos los problemas generados por la violencia contra las mujeres, pero como Poder Legislativo nos debe asistir la convicción de que es un paso correcto que contribuirá al cambio gradual que esperamos se materialice en nuestra convivencia como chilenos.
He dicho.";1
"15";"21675";33;2019;1;"GALLEGUILLOS";NA;"El señor GALLEGUILLOS.-
Señor Presidente, por su intermedio saludo a la ministra de la Mujer y la Equidad de Género, que nos acompaña.
Me dirijo muy especialmente a todas las mujeres que me están escuchando, para felicitarlas, puesto que estoy seguro de que hoy aprobaremos uno de los proyectos más importantes de las últimas décadas en relación con la protección de las mujeres respecto de todos los tipos de violencia que han sufrido, sufren o que puedan sufrir.
Las cifras son tristemente impactantes. Según ONU para la Igualdad de Género y el Empoderamiento de la Mujer (ONU Mujeres), al menos el 35 por ciento de las mujeres han sufrido alguna vez violencia física o sexual en su vida, y cuando se suma la violencia psicológica, la cifra se eleva sobre el 70 por ciento. En otras palabras, dos de cada tres mujeres en el mundo han sufrido algún tipo de violencia.
En nuestro país, según las cifras de la Tercera Encuesta Nacional de Violencia Intrafamiliar contra la Mujer y Delitos Sexuales, el 38 por ciento de las mujeres entre 15 y 65 años de edad declara haber sido objeto de algún tipo de violencia en el transcurso de su vida. O sea, en Chile una de cada tres mujeres ha sufrido o sufre algún tipo de violencia.
Esas perturbadoras cifras, tanto mundiales como de nuestro país, no son más que el reflejo de la desigualdad de género que se viene produciendo desde hace siglos.
En la actualidad, ya conscientes como sociedad de esta situación, han surgido diversas convenciones de derechos humanos y de la mujer destinadas a enfrentar este problema. La más importante para nuestro país es la Convención Interamericana para Prevenir, Sancionar y Erradicar la Violencia contra la Mujer, conocida como Convención Belém do Pará , en referencia al lugar donde se firmó, de 1994, y que fue ratificada por Chile dos años después.
En cuanto al proyecto que estamos debatiendo, recoge definiciones claras y precisas, formas de violencia y ámbitos en los cuales se pueden ejercer, además de deberes y obligaciones de distintos estamentos del Estado para con las mujeres. Es importante mencionar que se modifican distintos cuerpos legales, como la ley de violencia intrafamiliar, el Código Penal, el Código Procesal Penal, entre otros.
01
Concretamente, solo por poner algunos ejemplos, se amplían las facultades del Servicio Nacional de la Mujer y la Equidad de Género para que pueda patrocinar más casos de violencia y de femicidio. Asimismo, se amplían las facultades de los tribunales de familia en orden a proteger a las víctimas denunciantes, por ejemplo, en materia de notificación a las policías y el auxilio de la fuerza pública.
Otro gran avance es la incorporación en el Código Penal de un tipo de acoso sexual que hasta ahora no estaba regulado, que es aquel que se ejerce sin contacto corporal, como hostigamientos o grabaciones no consentidas.
En honor al tiempo, solo he presentado algunos ejemplos, pero son muchas más las medidas concretas que están en esta futura ley.
Para finalizar, debo señalar que podemos decir que estamos dando un tremendo paso, real y concreto, para prevenir, sancionar y, ojalá, erradicar la violencia contra las mujeres de manera definitiva. Lo hemos dado todos de forma conjunta, de manera transversal y sin miramientos políticos.
Me honra decir que votaré a favor este proyecto de ley.
He dicho.";1
"16";"21675";35;2019;1;"HOFFMANN";"doña María José";"La señora HOFFMANN (doña María José).-
Señor Presidente, efectivamente estamos frente a una iniciativa muy positiva, que ingresó a tramitación en el gobierno anterior. Creo que debemos tener la capacidad de reconocer eso y de apoyar el proyecto.
Me llama la atención que no se haya tramitado con la urgencia debida. En esto valoro el liderazgo del Presidente Piñera , y de su ministra Isabel Plá , para darle la urgencia que requería la tramitación del proyecto para su pronto despacho. Aquí tenemos una lección que aprender, cual es que importa de quién es la firma que lleva un proyecto, sea de alguien de izquierda o de alguien de derecha, porque si son buenos, hay que apoyarlos.
Esta es una iniciativa que, por un lado, crea una nueva ley sobre el derecho que tenemos las mujeres a una vida libre de violencia. Hay aspectos bastantes notables que impulsan ese cambio cultural, como contemplar deberes de prevención en todos y el derecho de acceso a la justicia.
Asimismo, modifica otros cuerpos legales, lo que me parece muy relevante, porque es importante poder influir en las leyes que tienen que ver con la violencia contra la mujer.
En este sentido, establece un piso mínimo.
Hay un aspecto que me preocupa. Tiene que ver con el artículo 23, donde se habla de las atenuantes, específicamente respecto de qué pasa con aquellas personas victimarias que sufren de alguna enfermedad mental, que debieran considerarse como casos sumamente excepcionales. Conversé recién con la ministra sobre estos casos. Ella me dijo que en la práctica no ha habido casos de estos, lo que no implica que no se pueda revisar el contenido del proyecto a ese respecto.
En ese sentido, valoramos esta tramitación. La bancada de la Unión Demócrata Independiente está absolutamente comprometida a apoyar todas las iniciativas que apunten a proteger a las mujeres de la violencia, de proteger sus derechos. ¿Por qué estamos tan comprometidos? Porque entendemos que lo que estamos haciendo es proteger la dignidad de las personas, en este caso la dignidad de las mujeres, desde una visión humanista.
La dignidad de las mujeres no cambia por su edad, por su sexo o por alguna discapacidad; tampoco cambia si está a punto de nacer o no. Ojalá esta Sala defendiera con la misma fuerza el derecho de las mujeres que están por nacer. Me parece importante revisar esa distinción.
Valoramos este proyecto y lo vamos a votar a favor. Esperamos que tenga una tramitación rápida.
01
Finalmente, reitero las felicitaciones a la ministra Plá, por todos los esfuerzos que ha hecho para avanzar en materia de protección de las mujeres.
He dicho.";1
"17";"21675";37;2019;1;"PLÁ";"ministra de la Mujer y la Equidad de Género";"La señora PLÁ, doña Isabel (ministra de la Mujer y la Equidad de Género).-
Señor Presidente, por su intermedio saludo a todas las diputadas y a todos los diputados que se encuentran presentes en la Sala.
Quiero saludar y agradecer especialmente a la Comisión de Familia y Adulto Mayor porque durante todo el 2018, al menos desde abril en adelante, trabajó con mucha seriedad y celeridad, duplicando incluso el número de sesiones para destinar su trabajo exclusivamente a este proyecto de ley, que es una reforma profunda que necesitaba una discusión seria y responsable.
También quiero agradecer las conceptuosas palabras que han emitido varios diputados en la Sala respecto del trabajo de nuestro ministerio en esta materia.
Uno de los pilares de nuestro programa de gobierno y de nuestro proyecto político es el combate sin tregua contra la violencia que se ejerce sobre las niñas y las mujeres en Chile y la consolidación de una política para prevenirla, para proteger a las víctimas y para sancionar a los agresores. Parte de ese objetivo también es instalar y contribuir a consolidar un proceso de cambio cultural que se inició hace varias décadas en Chile, porque aquí no estamos inventando la rueda, sino consolidando un proceso de cambios para tener una cultura de tolerancia cero a la violencia.
Efectivamente, el proyecto surge de un mensaje de la entonces Presidenta Michelle Bachelet , que también forma parte de nuestro programa de gobierno, por lo que el Presidente Sebastián Piñera lo mantuvo durante todo el año pasado con urgencia y, en los últimos meses, con urgencia suma.
Desde el gobierno y desde el Ministerio de la Mujer y la Equidad de Género tenemos total convicción de que hay batallas y propósitos en nuestro país, como el derecho de las mujeres a vivir una vida libre de violencia, en las que tenemos más convergencias que diferencias. No vamos a ocultar las diferencias en el Congreso Nacional, pues justamente la democracia permite plantear las diferencias, para debatirlas y para definirse frente a ellas, pero también nos parece muy importante, cuando trabajamos en temas que son de profunda humanidad y tan necesarios para nuestra sociedad, dejar en claro que tenemos la capacidad de ponernos de acuerdo en temas esenciales.
Nos parece muy importante recalcar, como se señala en los fundamentos del proyecto, que este tiene dos grandes desafíos, dos grandes objetivos.
En primer lugar, mejorar las respuestas institucionales frente a la violencia contra las mujeres en toda la línea, desde la prevención, la denuncia y la investigación hasta todo lo que se relaciona con la existencia de un clima y de una cultura de violencia que afecta en nuestro país, principalmente a las niñas y a las mujeres. En ese sentido, el proyecto apunta tanto a la violencia que tiene lugar al interior del hogar, en las relaciones familiares, como también -y con ello damos un gran paso como país- reconocer que fuera del hogar, en la calle, en la universidad, en el colegio y en el trasporte público también las mujeres y las niñas son objeto de violencia, una violencia que debe ser visibilizada, prevenida y sancionada.
Un segundo gran propósito es contribuir a producir un cambio cultural, pero es muy importante tener presente que nos equivocamos como país si insistimos en poner únicamente sobre los hombros de una ley el fin de uno de los flagelos más arraigados en el siglo XXI.
Hay seis puntos que me parece importante destacar sobre los cambios que genera este proyecto.
01
En primer lugar, se crea una ley marco que unifica la legislación en materia de violencia en Chile.
En segundo término, visibilizamos los distintos tipos de violencia a las que se puede ver expuesta una mujer, desde la violencia física hasta la violencia simbólica.
En tercer lugar, se establecen deberes para el Estado y para todos sus organismos en relación con la prevención y protección.
En cuarto lugar, se amplían las facultades para el Servicio Nacional de la Mujer y la Equidad de Género, Sernameg .
Hoy, ese servicio no puede presentar una querella por femicidio o por otro delito de alta connotación pública si no contamos con el patrocinio de las víctimas. Es muy importante, como Estado, que demos un paso adelante en ese sentido, para fortalecer la institucionalidad y las facultades del Sernameg, un servicio que mantiene una unidad muy iportante. El Presidente Piñera ha fortalecido a esa institución, a través de la Ley de Presupuestos del Sector Público, con el objeto de que se haga cargo de manera integral de la atención a las víctimas de la violencia de género.
En quinto lugar, respecto de la modificación que se hace a la ley N° 20.066, de violencia intrafamiliar, se amplía su aplicación no solo a las personas que han mantenido una relación de pareja, sea conyugal o de otra naturaleza, sino que también a las relaciones sin convivencia, a propósito de los hechos que reiteradamente hemos visto en el país. En los últimos días ha circulado por redes sociales y por los medios de comunicación un video en el cual se muestra a una joven que es brutalmente violentada por su pololo, su pareja, pero, desgraciadamente, ese tipo de violencia hoy queda en el limbo, por lo que debemos buscar alguna figura legal en la cual esa conducta pueda ser encuadrada, dado que no está claramente tipificada como delito en nuestro Código Penal.
En sexto lugar, se incorporan varios tipos penales nuevos al Código Penal, que son necesarios para contribuir al cambio cultural y también para entregar al Poder Judicial herramientas que permitan sancionar distintas conductas que son, tal vez, desconocidas, como la difusión no autorizada de imágenes de connotación sexual y otras que han salido a la luz pública en el último año.
Para finalizar, quiero dejar testimonio, en representación de miles de mujeres y también como ministra, de que vivimos tiempos de luz para las mujeres de Chile y del mundo. Tenemos diferencias, sin duda, pero compartimos un propósito claro y esencial, como es el reconocimiento de la igual dignidad de mujeres y de hombres, situación que durante siglos se ha visto afectada por el ejercicio abusivo de la autoridad, por la arrogación exclusiva de los hombres de una autoridad que se ha ejercido de manera abusiva en contra de las mujeres y de las niñas.
Dicho lo anterior, esperamos contar con el respaldo necesario para aprobar esta iniciativa, no solo en este trámite en la Sala, que es un trámite muy importante, sino también en el Senado.
He dicho.
-Aplausos.";1
"18";"21675";39;2019;1;"LABRA";NA;"El señor LABRA.-
Señor Presidente, celebro esto como un avance del pueblo que crece, un pueblo que ha hecho gestos de manera increíble.
Este proyecto no sería posible si no hubiese sido presidenta de Chile una mujer, si Claudia Pascual no hubiese sido ministra y si diputadas y dirigentes de los movimientos por la mujer no hubieran trabajado profundamente para llegar a este punto.
Este proyecto será un triunfo de la paz activa si en los establecimientos educacionales se promueve la igualdad de derechos y dignidad entre hombres y mujeres, se fomenta una educación libre de significaciones sexistas y se
01
previene la violencia contra la mujer en todas sus formas; si en materia de comunicación se promueve la erradicación de distintas formas de violencia contra las mujeres, la protección de los derechos humanos y la dignidad y libertad de las mujeres víctimas de violencia y sus hijos, facultándose al Consejo Nacional de Televisión para regularlo; si se amplía la facultad del Servicio Nacional de la Mujer y la Equidad de Género en dos sentidos: aumentando el abanico de casos en que pueda asumir el patrocinio y representación de las mujeres víctimas de violencia y se le permite deducir querellas en casos de femicidio.
Avanzando en algo de inteligencia mínima, el femicidio es el asesinato de toda mujer, sin importar la relación de parentesco, intimidad o afinidad con el victimario.
Dentro de los derechos que se incorporan para la aplicación e interpretación de la ley, se agrega la Convención Internacional para la Eliminación de Todas las Formas de Discriminación hacia la Mujer.
El futuro es femenino. Si avanzamos profundamente en reconocer ese hecho, tendremos una sociedad mucho más justa e inclusiva.
¡Vivan las mujeres! ¡Vivan las mujeres! ¡Vivan las mujeres!
He dicho.
-Aplausos.";1
"19";"21675";41;2019;1;"GIRARDI";"doña Cristina";"La señora GIRARDI (doña Cristina).-
Señor Presidente, durante el año recién pasado celebramos varias sesiones en las que abordamos el tema de la mujer y la violencia contra las mujeres.
El diputado Bellolio ha planteado el debate -también lo conversé con el diputado Saffirio - de si en la definición de violencia que entrega el proyecto subyace una visión histórica o no.
El artículo 2 señala: “Definición de violencia contra las mujeres. La violencia contra las mujeres comprende cualquier acción u omisión, sea que tenga lugar en el ámbito público o en el privado, basada en el género y ejercida en el marco de las relaciones de poder históricamente desiguales que emanan de los roles diferenciados asignados a hombres y mujeres, que resultan de una construcción social, cultural, histórica y económica, que cause o pueda causar muerte, menoscabo físico, sexual, psicológico,…”.
¿Por qué esto es importante? Se lo traté de explicar al diputado Saffirio , porque él tenía una indicación en la que le parecía mucho más simple hablar solo del fenómeno de la violencia.
Lo que ocurre es que este tipo de violencia no es coyuntural, no es una violencia que surge en el minuto en que me enojo y le pego a otro, en el minuto en que me enojo y castigo a otro. Repito: no tiene que ver con la coyuntura, sino con la historia, con una violencia que se ha perpetuado y se ha eternizado a través de los tiempos y de las instituciones que así lo han procurado, como la familia, el Estado y la iglesia.
Pierre Bourdieu dice: “El sexismo es un esencialismo: al igual que el racismo, étnico o clasista, busca atribuir diferencias sociales históricamente construidas a una naturaleza biológica que funciona como una esencia de donde se deducen de modo implacable todos los actos de la existencia. De todas las formas de esencialismo, es la más difícil de desarraigar. El trabajo que busca transformar en naturaleza un producto arbitrario de la historia encuentra fundamento aparente tanto en las apariencias del cuerpo como en los efectos enteramente reales que ha producido en el cuerpo y en la mente, es decir, en la realidad y en las representaciones de la realidad.”.
No es lo mismo una violencia que se ha eternizado, que se ha prolongado y que se ha repetido y se ha sistematizado en el tiempo que una violencia coyuntural. Es importante entender que ello es así. Esto es parte de nuestra historia como humanidad; es parte de lo que hemos construido y es parte de lo que tenemos que
01
deconstruir.
Esto no es solamente abordar la violencia; es entender que esta violencia tiene que ver con lugares que la sociedad ha asignado a hombres y a mujeres. La sociedad y la historia han dicho que la mujer ocupa un rol inferior, un espacio inferior, y que el hombre ocupa uno superior. Desde esa relación de poder, de superioridad-inferioridad, se da esta violencia. No es una violencia coyuntural, sino histórica.
Es importante que entendamos eso, porque tiene que ver con la definición que se establece en este proyecto de ley, pues no solo vamos a tener que abordar el fenómeno de la violencia, sino también aquellas estructuras que permiten que esa violencia se haya eternizado por los siglos de los siglos, amén.
He dicho.
-Aplausos.";1
"20";"21675";43;2019;1;"ROJAS";"doña Camila";"La señorita ROJAS (doña Camila) .-
Señor Presidente, Chile y el mundo duelen. Nos encontramos en un escenario donde la violencia de género se toma la opinión pública. Brutales femicidios a mujeres y niñas abren el año 2019 en tan solo 17 días: María , de 56 años; Sandra , de 49 años; Laura , de 47 años; Aylin , de 18 años, y Delicienne , de 26 años. A ellas se suma un asesinato ocurrido el 14 de enero en la Región de Los Lagos.
Las cifras oficiales del Circuito Intersectorial de Femicidio Nacional y de la Red Chilena contra la Violencia hacia las Mujeres -organización que lleva a cabo un tremendo trabajo- entregan una radiografía social oscura y muy dura.
Si bien a nivel nacional entre 2010 y 2017 los femicidios consumados no presentan una tendencia clara, sí exhiben brutalidad en la ejecución.
En el 31 por ciento de los casos, las mujeres habían realizado al menos una denuncia por violencia ejercida por el agresor, lo que da cuenta de que el femicidio ha sido, en estos casos, el resultado de un continuum de violencia ejercido en contra de estas mujeres, la punta del iceberg de una espeluznante, cotidiana y normalizada realidad en nuestro país.
Esta culminación extrema de la manifestación de la violencia sobre nuestras vidas ilustra cómo la política y las instituciones no han sido suficientes ni eficientes para combatir la violencia hacia las mujeres.
Ni el enfoque proteccionista, que solo nos mira como víctimas aisladas y dependientes del marido, del Estado o del mercado, ni el enfoque punitivista, en que más penas no han significado menos violencia hacia nosotras y más amedrentamiento hacia los agresores, han resultado. En ambos casos, la violencia se entiende como un problema individual, del cual somos responsables nosotras mismas: nosotras debemos frenarlo, denunciarlo y probarlo. No se entiende como un fenómeno cultural y social que nos envuelve desde que nacemos, en que es necesario relevar la extrema indefensión en que se encuentran mujeres lesbianas y trans, que son absolutamente invisibles para nuestra legislación.
La ministra Isabel Plá y el Presidente Sebastián Piñera deben entender que llamar a las mujeres a denunciar en escenarios de impunidad, revictimización y descrédito de sus vivencias solo las expone más. En Chile, más de un tercio de las mujeres denuncia, e igualmente son asesinadas. Los dispositivos de seguridad no funcionan, debido a la precarización que los sucesivos gobiernos de la transición han mantenido respecto de sus trabajadoras y de las políticas públicas de mujeres.
Pero, ojo: el primer año de implementación de esta futura ley estará a cargo, en gran parte, del escuálido presupuesto recién aprobado para el Ministerio de la Mujer y la Equidad de Género.
Sin duda, proyectos como este son necesarios para enfrentar, como sociedad, la profundidad y complejidad de la
01
violencia que vivimos las mujeres y niñas, y por eso anuncio que votaré a favor el proyecto. Sin embargo, debemos avanzar con urgencia en mejorar las condiciones de vida de la mayoría de las mujeres, porque necesitamos autonomía para poder decidir sobre nuestras vidas y cuerpos; necesitamos poder tomar taxi solas y tranquilas; necesitamos poder salir de la casa común, para dejar una relación violenta, con recursos propios, sin dependencia y sin violencia económica; necesitamos poder decidir no continuar con un embarazo no deseado; necesitamos poder salir de esta desigualdad en que vivimos.
La política debe dejar de normalizar la desigualdad de género, para que las necesarias reformas sociales, que abarcan a las instituciones públicas, como el Poder Judicial, dejen de ser reproductoras de esa violencia. Queremos justicia social, no justicia patriarcal.
Por ello, buscamos renovar indicaciones que fueron rechazadas en la tramitación del proyecto y que consideramos vitales para avanzar en la comprensión de la complejidad de la violencia hacia las mujeres, que debe dejar de mirarse de manera fragmentada. No se entiende una ley que busca abordar esta problemática de manera integral, que deje fuera la autonomía sexual y reproductiva. Se debe reforzar, por ejemplo, la implementación de la ley de aborto en tres causales y la educación sexual integral y no sexista en el currículo nacional para todos los niveles.
En esa línea vamos a renovar la indicación de la diputada Carolina Marzán .
No puedo terminar mi intervención sin reivindicar que los femicidios que hoy se encuentran en la palestra llevan un silencio cómplice que es necesario denunciar.
Por último, agradezco a todas las compañeras que han dado una lucha incansable, así como a las organizaciones de mujeres y feministas que vuelven público lo privado, que salvan la vida de mujeres, que revelan relaciones de poder y desigualdad, y que construyen, sobre todo, nuevas formas de solidaridad y justicia…";1
"21";"21675";45;2019;1;"PÉREZ";"doña Joanna";"La señora PÉREZ (doña Joanna).-
Señor Presidente, por su intermedio saludo a la ministra Isabel Plá y a su equipo.
Sin duda, este proyecto de ley es un avance positivo, en términos de ordenar de mejor manera diversas normas y reglamentos que el país se ha venido dando en los últimos años, y de establecer definiciones claras y comunes para todos los casos.
En términos legislativos, hemos avanzado mucho en la protección de los derechos de las mujeres. Es necesario reconocer que ello ha sido posible gracias a la acción de muchas mujeres que llevan luchando años, décadas, siglos, y también a la visión de los últimos gobiernos y ministras, que han entendido que este tema no es un sello de uno u otro gobierno, sino una línea de trabajo que se debe seguir a corto, mediano y largo plazo, y se han puesto al servicio de aquello.
Por lo tanto, valoro el trabajo que está haciendo hoy la ministra Isabel Plá en la Comisión de Mujeres y Equidad de Género, escuchando las distintas visiones y dando celeridad a algunos proyectos de ley, como lo vimos el día de ayer.
En todo caso, hay que decir con fuerza que podemos dictar muchas leyes, reglamentos y ordenanzas, pero que el problema de fondo sigue siendo cultural, y lo vemos también aquí cuando no somos escuchadas. En algunos momentos más vamos a votar el proyecto, pero pido respeto por las pocas mujeres diputadas que estamos interviniendo en la Sala.
(Aplausos)
Como señalé, el problema de fondo sigue siendo cultural, porque hemos aceptado demasiado tiempo una sociedad machista, en que las mujeres fueron relegadas a un segundo plano, desconociendo sus capacidades y habilidades en todo orden de cosas.
01
Destaco la perspectiva de abordar de manera integral y sectorial este flagelo que se ha reproducido por generaciones. Esto, sin duda, no solo debe convocar al Ministerio de la Mujer y la Equidad de Género, sino a toda la institucionalidad pública y privada, y también a la sociedad civil.
Me hubiese gustado ver en esta Sala a muchos más ministros -así como los hemos visto en la discusión de otros proyectos de ley- luchando por este proyecto.
Ahora, me preocupa que el proyecto no sea más taxativo. Se usan mucho los verbos “promover” y “procurar”, lo que nuevamente significa dejar a criterio de la autoridad o del funcionario la aplicación de las normas que favorecen a las mujeres maltratadas y violentadas.
El texto debería ser más explícito en lo que se refiere a los deberes. Afortunadamente, gracias a los cambios que progresivamente se han introducido en nuestro ordenamiento legal, en el Parlamento hay muchas más mujeres dispuestas a velar por la protección de los derechos.
Debemos profundizar en diversos temas, como la calidad de las estrategias, la cantidad de recursos, dejar bien posicionadas a las mujeres en las regiones y comunas, y ayudar, como lo pidió la diputada Emilia Nuyado , a la mujer rural, a la mujer indígena, a la mujer pescadora, a la mujer emprendedora. En definitiva, entender que este tema importa a todo el país y no solo convoca a las esferas de poder.
Valoramos mucho haber tenido una Presidenta de la República y tener una Presidenta en la Cámara de Diputados, pero claramente hay espacios que son inexplorados por las mujeres. Quizá, eso seguirá siendo parte de ese discurso políticamente correcto o retóricamente convincente, pero no nos permitirá el cambio cultural ni -lo que es peor- disminuir los femicidios, y posiblemente aumentarán otros tipos de violencia más invisibles, pero igual o más dañinas.
Todos queremos ver a hombres y mujeres más felices, y que estas últimas también puedan contribuir sin barreras en sus comunidades, como siempre lo han hecho, pero sin la carga y el dolor de lo que significa la violencia para su desarrollo y el de sus hijos, hijas y toda su familia. Una mujer que es víctima de violencia, lamentablemente, ve coartada sus potencialidades y las de su familia.
Por lo tanto, voy a apoyar este proyecto, pero podemos hacer mucho más, a través de las bancadas políticas -lo dijo el diputado Jorge Sabag -, del gremio de la justicia, de los colegios. Asimismo, tenemos que avanzar en el área médica y también en el sector privado.
Felicito a quienes hicieron este trabajo y también a la ministra, quien está presente en la Sala.
Reitero: es necesario que veamos este tema entre todos. No solo es un tema de este gobierno, sino un tema de todos, en que debemos seguir avanzando y profundizando.
Voy a votar a favor el proyecto y me comprometo a seguir trabajando para romper todos los desequilibrios que se producen con la violencia que sufren las mujeres en todos los sectores del país.
He dicho.";1
"22";"21675";47;2019;1;"VALLEJO";"doña Camila";"La señorita VALLEJO (doña Camila) .-
Señor Presidente, por su intermedio saludo a las dirigentes de las organizaciones que nos acompañan enlas tribunas, a las concejalas Natalia Contreras e Irací Hassler ; a la presidenta de la ONG Acción, Mujer y Madre, Virginia Palma ; a la representante de la Coordinadora Transversal de Mujeres Organizadas, Soledad Acuña, y a la representante de la Asociación de Funcionarios del Ministerio de la Mujer y la Equidad de Género, Yasna Madariaga .
(Aplausos)
01
Les agradezco que nos hayan acompañado durante la tramitación de este proyecto de ley. Vaya para ellas un reconocimiento total y absoluto por toda la lucha que han estado dando.
Por supuesto, también saludo a la ministra de la Mujer y la Equidad de Género y a la subsecretaria, que hoy nos acompañan.
Aunque no estén presentes, también quiero reconocer y agradecer a la ex-Presidenta Michelle Bachelet y a la exministra de la Mujer y la Equidad de Género Claudia Pascual, porque trabajaron arduamente para empujar este proyecto de ley.
En este debate, quiero rescatar la discusión sobre la perspectiva histórica, la cual ha sido cuestionada. Ahora, a través de una indicación del Ejecutivo, se pretende eliminar de la definición el origen de la violencia y discriminación que sufren las mujeres de todo el mundo, no solo de Chile. De esa manera, nos estaríamos alejando no solo de la Convención de Belém do Pará, sino también de la Conferencia de las Naciones Unidas sobre la Mujer, que señalaron que esta violencia “Es una manifestación de las relaciones de poder históricamente desiguales entre hombres y mujeres, que han conducido a la dominación de la mujer por el hombre, a la discriminación contra la mujer y a la interposición de obstáculos contra su pleno desarrollo.”. No es algo que se nos ocurrió; es una declaración hecha en la Convención de Belém do Pará y en la Conferencia de las Naciones Unidas sobre la Mujer.
Es un acuerdo internacional; es algo que no podemos desconocer.
La cultura machista que impera no surgió de la noche a la mañana; tiene una construcción histórica que se ha ayudado de ideologías que se han impuesto, de religiones, de la mitología griega, del desarrollo de la filosofía escrita por hombres, de los cientistas, en fin. Ha sido una construcción histórica ideológica que se ha manifestado y se ha materializado en relaciones de poder desiguales. Es una construcción y un ordenamiento económico, político, social y cultural que no surgió de la noche a la mañana. Desconocer eso es faltar total y plenamente a la realidad.
Por ejemplo, en 1546 un texto que es parte de la fundación del derecho penal, llamado El martillo de las brujas, era el manual de la Inquisición. Los inquisidores dedicaron todo ese manual a justificar el castigo a la mujer y a demostrar su supuesta inferioridad biológica. Ya no bastaba con todo el daño que la Biblia y la mitología griega le habían hecho a la mujer: la mujer que salió de la costilla del hombre, la tonta Eva que hizo que renunciáramos al paraíso, o esta otra torpe mujer que abrió la caja de Pandora para esparcir todos los males en la sociedad.
Gustave Le Bon , uno de los fundadores de la psicología social, supuestamente pudo comprobar que una mujer inteligente es tan rara como un gorila con dos cabezas. Esto no es nada nuevo. Es una cuestión histórica, de hace siglos, el hecho de que a la mujer se la ha puesto en un plano de vulnerabilidad y de desprecio para justificar una relación y una supuesta dominación del hombre sobre ella.
En esa línea, obviamente tampoco han quedado ausentes todos los que se salen del patrón, como las lesbianas, porque son traidoras de la condición femenina, pues no están a disposición de reproducir a la sociedad y de tener hijos, porque ese es el rol de la mujer. En consecuencia, son traidoras del género femenino.
Para qué decir los homosexuales: son traidores del género masculino, porque solo les falta tener útero y tetas para parecerse a esa despreciable condición que portan las mujeres.
Insisto en que esta situación tiene una perspectiva histórica. No es nada nuevo cómo se ha invisibilizado a las mujeres a lo largo de nuestra historia en su participación en las luchas de independencia y en las revoluciones. Se ha invisibilizado a las mujeres escritoras y a las filósofas, y no se considera la importancia de la mujer en la generación del crecimiento económico del mundo. Recién ahora han aparecido algunos estudios que demuestran cómo la mujer ha participado en el producto interno bruto mundial sin ningún tipo de remuneración, por el simple hecho de trabajar en la casa criando hijos y haciéndose cargo de las labores domésticas.
Por ello, hay que mantener ese concepto en el proyecto. Si lo sacamos, vamos a desarmar toda posibilidad…
-Aplausos.";1
"23";"21675";49;2019;1;"CARVAJAL";"doña Loreto";"La señora CARVAJAL (doña Loreto).-
Señora Presidenta, al igual que las colegas que me antecedieron en el uso de la palabra, es de suma relevancia reconocer el trabajo que han hecho las organizaciones de mujeres y sus dirigentas, que están hoy presentes en las tribunas, que, dicho sea de paso, han sufrido la discriminación laboral, como muchas otras que hoy no pueden estar presentes porque fueron asesinadas o porque sienten que la sociedad no las reconoce.
Para bien de ellas y de quienes nos siguen a través del canal de televisión de la Cámara, al menos podemos decir que como Parlamento hemos hecho lo que ha estado a nuestro alcance, pero que también intentamos hacer más.
La posibilidad de avanzar de tener solo 15 por ciento de mujeres en el período parlamentario anterior a tener 23 por ciento en el actual se debió a la lucha de las mujeres parlamentarias, que queremos representar -no quiero decirlo con pretensión- a muchas mujeres que están invisibilizadas, que están calladas y que están sometidas por una sociedad que crea el problema. Esto hay que decirlo: la sociedad que permite la problemática de la desigualdad en materia laboral, en materia social, en materia de derechos políticos, etcétera, es tan responsable como el victimario de violencia.
Pero así como el Estado es parte del problema, el Estado debe ser parte de la solución. Este proyecto, nacido bajo el alero de la Presidenta Bachelet , busca precisamente aquello.
Esta sociedad daba como patrón máximo la Constitución Política de la República, que establece que los hombres y mujeres somos iguales en dignidad y derechos. Sin embargo, hemos reconocido a través de nuestra propia conquista, incluso antes de aquello, que eso no es así. Ha sido necesario que debamos tener una serie de normas que busquen de cierta manera compensar el daño histórico que las mujeres han recibido, no solo de violencia, sino también de desigualdad brutal. Así, más de 170 mociones parlamentarias buscan equiparar la cancha, pero con una sociedad observante.
Tuvimos que esperar más de doscientos años para que en el Congreso se conformara una Comisión de Mujeres.
Hoy la tenemos. Agradezco que hayamos sido capaces de crear una comisión técnica que se hiciera cargo en la Cámara, donde se supone que se representa la democracia de un país, pero donde, lamentablemente, las mujeres están subrepresentadas, de avanzar en aquellas temáticas históricas que hoy golpean no solo con puños y manos, sino que golpean el alma de Chile, porque hacen que nuestra sociedad sea igualmente discriminatoria y violenta.
Sin duda, el proyecto es importante, pero hay mucho por hacer todavía.
Solo daré a conocer algunos datos. Las mujeres representan el 60 por ciento de la pobreza en el mundo. En Chile, la pobreza ataca particularmente a las mujeres rurales. Ellas no tienen ninguna oportunidad de defenderse de la violencia; tampoco tienen una oportunidad para salir adelante por sí mismas.
A nivel mundial, menos del 16 por ciento de las mujeres forma parte de los parlamentos. Nosotros avanzamos de 15 a 23 por ciento de representación de mujeres; algo hemos hecho.
Las dos terceras partes de las mujeres en el mundo tienen altos índices de analfabetismo. En Chile también existe aún el analfabetismo.
La violencia sistemática ataca con mayor fuerza a las mujeres, tanto o más que los conflictos armados. Es decir, nosotras somos el objetivo de una sociedad asimétrica, en donde el hombre se siente con el poder de tener la voluntad, el cuerpo y la decisión de muchas veces invisibilizar, denigrar y asesinar a las mujeres.
Habría querido que hubiesen sido más las entidades que participaran en este tema, porque es relevante. Ojalá el país completo fuera parte de él. No podemos pretender -valoro la presencia de la ministra- hacernos cargo de esta problemática solo a través de un ministerio. Todos los ministerios de Chile debieran dar cuenta de qué están haciendo contra la violencia de género y de qué oportunidades van a dar a las mujeres.
Las mujeres son el futuro del mundo. Debemos reconocerlas; esa es nuestra labor.
He dicho.
01
-Aplausos.";1
"24";"21675";51;2019;1;"YEOMANS";"doña Gael";"La señorita YEOMANS (doña Gael ).-
Señora Presidenta, Miranda Moise , 29 años, haitiana, asesinada con arma blanca en San Ramón el 29 de mayo; carabinera intentó suicidarse en comisaría de San Miguel ; Rosa Martínez , 58 años, chilena, estrangulada con un alambre en la comuna de El Bosque; padrastro viola a niña de 14 años y la deja embarazada en San Ramón; sujeto de 37 años es detenido por abusar sexualmente, en la vía pública, de una joven de 17 años en El Bosque.
Violencia explícita, violencia implícita. Estas mujeres viven o vivieron en el sector sur de Santiago, así como otras que han vivido la violencia a nivel nacional. Fueron víctimas de dicha violencia machista mujeres migrantes, trabajadoras del Estado, niñas, jóvenes. Las víctimas de la violencia son mujeres, en plural, y a todas las debemos proteger, incluso, de aquellas instituciones que también las violentan. Estamos cansadas de ser víctimas y de ver víctimas entre nosotras.
Porque era necesario relevar y avanzar en una norma de estas características, necesitamos una ley marco que sistematice de manera integral y ordene las funciones y roles que les corresponden a los órganos del Estado en la prevención, sanción y reparación de la violencia contra las mujeres.
Así partió esta iniciativa: aumentaba la protección hacia las mujeres, pero no solo respecto a la violencia física, que es la más visible, sino también la simbólica, la económica y la cultural, entregando a distintos organismos del Estado ampliar la cobertura, tanto para las relaciones de pareja, como también en el espacio público.
Este proyecto de ley viene a hacer justicia, al reconocer que las mujeres no solamente sufren violencia puertas adentro: en sus casas y en la cama, sino también en la calle, en el trabajo, desde el Estado y desde las instituciones.
Asimismo, es violencia recibir menos sueldo que los hombres por efectuar el mismo trabajo y en determinados casos por llevar a cabo trabajos distintos, porque supuestamente las mujeres estamos concebidas naturalmente para cuidar a otros, para educar, para ejercer labores mal pagadas, en circunstancias de que también requieren gran trabajo y capacitación.
Por eso, es clave la descripción que hace el proyecto de violencia contra las mujeres. Esa violencia contra las mujeres, tal como lo dice el texto actual de la iniciativa, es ejercida en el marco de las relaciones de poder históricamente desiguales, que emanan de los roles diferenciados asignados a hombres y a mujeres.
Esa definición se altera con la indicación ingresada hoy por el Gobierno, pues desnaturaliza la violencia, desnaturaliza el proyecto. Quiero preguntar al gobierno: ¿Cuál es el problema con esa descripción? ¿Cuál es el problema de decir, con todas sus letras, de dónde proviene esta violencia históricamente, tal como lo hace la Convención Belem do Pará, que es la Convención Interamericana para Prevenir, Sancionar y Erradicar la Violencia Contra la Mujer?
No avanzaremos si no se comprende esto, porque la violencia contra las mujeres proviene del patriarcado y se necesita identificarla, porque no es lo mismo que las otras violencias, diputado Bellolio -no es lo mismo-, porque esta violencia se impone de forma explícita, pero también silenciosamente.
También lo vemos en el Congreso Nacional, con diputadas, con funcionarias, con periodistas. Si no somos capaces de identificar esa violencia de esta manera, perdemos el marco, perdemos el enfoque que se requiere para que esa manera silenciosa no pase “piola”, diputado Bellolio , sino que sea evidenciada.
Eso se pone en peligro con la indicación presentada por el gobierno, ministra, pero debemos avanzar. Esta norma no puede ser simbólica; tenemos que avanzar en el ejercicio real y pleno de derechos de las mujeres, y para eso esta futura ley no será suficiente.
01
Este avance debe ser un impulso, pero no puede quedarse en eso, pues necesitamos prevenir los femicidios y seguir avanzando en otras manifestaciones de violencia contra las mujeres, como la ginecoobstétrica, que lamentablemente quedó fuera de este proyecto de ley; la equidad salarial e iniciativas que también apunten a los hombres que ejercen violencia contra las mujeres. El reconocimiento de la labor doméstica y productiva sigue siendo deuda de una ley que permita a las mujeres un ejercicio y la vida libre de violencia.
Tomamos posición, porque representamos a las mujeres movilizadas en las calles en 2018 y visibilizaron las violencias. Debemos avanzar en una educación no sexista, que fue la principal demanda. Realmente, si queremos avanzar en la prevención de la violencia, esta es una demanda central y no puede ser olvidada por este gobierno.
He dicho.
-Aplausos";1
"25";"21675";53;2019;1;"MIX";"doña Claudia";"La señorita MIX (doña Claudia) .-
Señora Presidenta, soy mujer; y como toda mujer, he visto y sufrido en carne propia la violencia machista.
Créanme que es impactante ese momento en el que, como mujeres, tomamos conciencia y nos damos cuenta de la violencia que hemos sufrido durante toda nuestra vida. Porque la violencia hacia las mujeres no se expresa solamente en los golpes, las violaciones o los insultos, que podrían ser los tipos más graves, sino que se vive también silenciosamente, día a día, a través de las diferentes formas que toma el machismo extendido por toda nuestra sociedad patriarcal.
Venimos de un 2018 que fue marcado por una ola feminista que llenó las calles de nuestro país y nos obligó a repensar la manera en que debemos relacionarnos y entender cómo construimos la sociedad chilena del siglo XXI.
Pero también venimos de los 57 femicidios, registrados durante 2018 por la Red Chilena contra la Violencia hacia las Mujeres, y los ya cinco registrados durante lo que va de 2019. Venimos de casos impactantes y de una violencia exorbitante, como el de Nabila Riffo , y pese a eso seguimos sin entender cómo existen sectores de la sociedad y de la clase política que no entienden la importancia de una ley contra la violencia machista.
No podemos quedarnos solo en una visión superficial. Muchas veces quienes se ponen en contra de la violencia, lo hacen en relación con la violencia física específicamente, que suele ser la más notoria. Pero debemos tener claro que no es la única forma de violencia que sufrimos nosotras, las mujeres, sino que también nos acechan violencias de orden psicológico, sexual, económico e incluso simbólico. Y ante esta realidad no podemos quedarnos inmóviles.
Tres de cada cuatro mujeres dicen haber sufrido acoso sexual callejero, según cifras del Observatorio contra el Acoso Callejero (OCAC). Todas hemos sido testigos de la brecha salarial entre hombres y mujeres, y del “techo de cristal” que impide que mujeres lleguen a los altos cargos, lo que también es violencia. Somos afectadas en forma directa por los planes diferenciados de las isapres o las menores pensiones en las AFP. Eso también es violencia.
También es violencia que nos ninguneen, que siempre se dude de la opinión de una mujer, y que no nos tomen en cuenta de la misma manera que a los hombres. Eso también es violencia. Igualmente, son violentos los estándares de belleza y que seamos presionadas a tener una figura acorde a lo que esta sociedad determina como belleza, o incluso obligarnos a seguir conductas que supuestamente están determinadas para cada género y no lo que realmente cada una quiera para su vida y su futuro. De esta forma, la violencia se manifiesta de diversas formas.
¿Están dispuestos a combatir todas ellas en esta Cámara?
01
Así, por ejemplo, uno de los tipos de violencia que ha sido normalizado hasta invisibilizarlo hacia las mujeres es la violencia obstétrica, que sufren semana a semana cientos de compatriotas en todo nuestro territorio. Una violencia que les ha arrebatado a sus niños que estaban por nacer, hecho que ha quedado corroborado con la publicación de una serie de casos en las últimas semanas.
Por eso es que en octubre del año pasado ingresamos un proyecto de ley que tipifica la violencia ginecobstetra y que asegura el derecho a un parto respetado. Esperamos que en la Comisión de Salud empecemos en marzo a discutir esta iniciativa, que puede ser herramienta para miles de mujeres.
El Estado ya no puede seguir haciendo la vista gorda ante la realidad. Las mujeres estamos permanentemente expuestas a todos los tipos de violencia, y debemos exigir una legislación que nos proteja, nos respalde y nos dé herramientas para enfrentar legalmente al agresor. Y aquí se abre otro punto en la discusión. ¿Qué pasa con el agresor? ¿Cómo llevamos adelante el proceso cultural de dejar de ver a la mujer como un “ser inferior”? Es pertinente avanzar también en una legislación que permita tratar a quien agrede, más allá del castigo. Lo mismo para el desarrollo de programas de educación para que en las escuelas se trabaje junto con las familias para que nuestros niños y niñas puedan construir un nuevo trato.
Tenemos la convicción de que la erradicación de la violencia en todas sus formas debe ser el objetivo primordial de nuestra sociedad, y qué mejor que comenzar con el 50 por ciento de la población. Porque sí: este no es un problema de minorías; es un problema público, una problemática que cala en lo más profundo de las familias de nuestro país. Aquellos parlamentarios y parlamentarias que hacen la pega, habrán de entender que se tiene que proteger la vida de nosotras. ¿Han visto cuántas familias se encuentran destruidas por las relaciones de violencia en su interior, cuántas familias están destruidas porque perdieron una hija, una madre, una hermana?
Es nuestra responsabilidad generar todas las condiciones para que a las mujeres nos dejen de matar solo por el hecho de ser mujeres.
Lo hemos dicho: la construcción de un Chile democrático y más justo siempre va de la mano del fortalecimiento de los derechos humanos, pero no para unos pocos. La protección y garantía de sus derechos fundamentales debe ser para todos y todas, sin exclusiones.
Es por eso que votaremos a favor este proyecto de ley y todos aquellos que pongan en el centro la erradicación de la violencia hacia las mujeres y les garanticen su derecho a tener una vida libre de violencias.
He dicho.";1
"26";"21675";54;2019;1;"SABAT";"doña Marcela";"La señora SABAT (doña Marcela).-
Señora Presidenta, quiero comenzar reflexionando justamente en el proyecto que hoy está en discusión. Hoy estamos debatiendo un proyecto sobre el derecho de las mujeres a vivir una vida libre de violencia.
Resulta casi inexplicable que a estas alturas del siglo XXI tengamos que seguir generando todas las instancias que dicen relación con un mayor respeto y resguardo hacia las mujeres, por la vía legal.
Lamentablemente, en este país, señora Presidenta, la realidad habla de crear marcos jurídicos para todo, y particularmente para establecer una vida sin violencia para niños y niñas, adultos mayores y, por cierto, para nosotras.
Debemos entender que seguir legislando a base de situaciones particulares y hechos recientes, si bien ayuda en el corto plazo, lejos está de ir al problema de fondo, el cual es cultural, educacional, de bases erradas, que fueron creando conceptos muy equivocados de lo que es la convivencia, y del poder, y sobre todo querer vivir todos en paz y en tranquilidad en esta sociedad.
Señora Presidenta, este proyecto, el cual no tengo dudas se aprobará en forma unánime, viene del gobierno anterior. Y en esto no hay dobles discursos: los temas de género son transversales; no tienen dueños ni colores políticos. Por eso, no tengo problema alguno en decir que constituye un avance, al tiempo de agradecer también que mi gobierno estableciera las urgencias correspondientes también, para sacar adelante un texto que marca una hoja de ruta, en el camino de garantizar el derecho a una vida libre de violencia para las mujeres, tanto en el
01
ámbito público como en el privado.
El sacar adelante esta iniciativa responde también al programa de gobierno del Presidente Sebastián Piñera , quien asumió personalmente un compromiso de poner a las mujeres en el tope de sus prioridades, donde, bajo el alero de una robusta Agenda Mujer, se está trabajando en forma decidida para superar todo tipo de discriminaciones, y brindar un escenario de mayor protección para las mujeres chilenas.
Señora Presidenta, hoy espero respaldo, y un apoyo a la mujer chilena, a las familias de esas cinco mujeres víctimas de femicidios en estos pocos días que llevamos de 2019, para poner freno a la violencia, y decir que el Estado nos brindará mayor protección.
Reitero una vez más que todo lo anterior es letra muerta si no podemos generar verdaderamente cambios culturales, genuinos, en el trato hacia la mujer en Chile.
He dicho.
-Con posterioridad, la Sala se pronunció sobre este proyecto de ley en los siguientes términos:";1
"27";"21675";86;2019;6;"MUÑOZ";NA;"La señora MUÑOZ.-
Señor Presidente , este proyecto de ley, sobre el derecho de las mujeres a una vida libre de violencia, se inició en la Cámara de Diputados por mensaje de la ex Presidenta Michelle Bachelet . En sus considerandos señala que el proyecto busca cambiar la mirada social sobre la violencia ejercida contra las mujeres, ""haciéndose cargo de la creciente sensibilidad que la ciudadanía ha manifestado"" al respecto.
Dice el mensaje de este proyecto de ley que hoy día ""hombres y mujeres condenan públicamente actos que antes no eran considerados como manifestaciones de violencia. Este aprendizaje social, que cimenta un proceso de cambio cultural, debe tener un correlato en la legislación."".
01
La iniciativa en discusión se divide en un Título I, ""Objetivos de la ley y definiciones generales"", que comprende los artículos 1 a 7. En ellos se establece cuál es el objetivo del cuerpo legal; se señala qué se entiende por violencia contra las mujeres; se definen nueve tipos de violencia; se plantean los ámbitos en que se ejerce la violencia, y se establecen los deberes generales y particulares de los órganos del Estado en esta materia y los deberes de los funcionarios y personal de los órganos del Estado.
El Título II se denomina ""De la Prevención de la Violencia contra las Mujeres"" y abarca los artículos 8 a 11.
El Título III, ""La Protección y Atención de las Mujeres frente a la Violencia"", comprende los artículos 12 a 18. En ellos se consideran los deberes en el ámbito de la salud y la educación; las medidas de protección y los deberes de protección en el ámbito de la seguridad; las primeras diligencias que deberán efectuar la Policía de Investigaciones y Carabineros de Chile, y, finalmente, las medidas de protección y atención para mujeres víctimas de violencia sexual.
El Título IV se denomina ""Acceso a la Justicia"". En él se profundizan los ámbitos de aplicación del acceso a la justicia. A la vez, se consideran los principios de proactividad en la investigación penal y de prevención de la victimización secundaria; los derechos y garantías judiciales; el derecho de acceso a la información de las mujeres víctimas de violencia; la no aplicación de la atenuante de responsabilidad por arrebato y obcecación; los deberes de protección del Ministerio Público; las medidas cautelares; las reglas especiales para casos de violencia sexual, y la prestación de asesoría judicial.
Fueron invitados a nuestra Comisión académicos y representantes de entidades, entre otras, la Fiscalía Nacional, Carabineros, Investigaciones, el Instituto Nacional de Derechos Humanos, la Confederación Nacional de Profesionales Universitarios de los Servicios de Salud, además de magistradas y otros y otras personas cuyos nombres y presentaciones se consignan en el informe. Queremos agradecerles su tiempo y generosidad por entregar sus conocimientos y experiencia. Ellos, además de reconocer el avance que significa la iniciativa de ley, hicieron grandes aportes.
Voy a resumir los temas que abordaron nuestros invitados.
En primer lugar, advirtieron sobre el carácter meramente declarativo de varias disposiciones del proyecto de ley y sobre la falta de especificación de conceptos. Por ejemplo, no considerar a la mujer víctima de violencia que es sujeto activo en un delito (son conocidos por todos los casos de brutal violencia vivida por años por mujeres que llegan a tal estado que cometen homicidio de su agresor) y no regular apropiadamente la violencia contra las niñas y adolescentes.
Del mismo modo, llamaron la atención acerca de la utilización de verbos rectores no imperativos que debilitan el mandato legal.
Advirtieron sobre la poca claridad ante un caso de violencia de una mujer contra otra tratándose de una pareja de lesbianas, lo que podría desvirtuar el sentido de la figura del femicidio.
También previenen respecto de la no inclusión de las obligaciones de reparación de las víctimas de violencia.
El proyecto no aborda, de acuerdo con lo que escuchamos en nuestra Comisión, la protección y seguridad de las mujeres frente a cualquier clase de violencia y se limita a los casos de violencia constitutivos de ilícitos penales.
En cuanto a la no aplicación de la atenuante de responsabilidad penal de obrar por arrebato y obcecación, los expertos plantearon que se requieren pautas para determinar cuándo procederá, porque el texto exige que se funde en estereotipos que amparen o refuercen la violencia contra las mujeres y ello debe ser explicitado.
Por último, advirtieron sobre la posibilidad que se establece en la norma, en los casos de violencia sexual, de que el tribunal indague en la conducta sexual de la víctima, porque se estarían fomentando desde lo normativo los estereotipos de género.
Señor Presidente, el proyecto de ley, en una segunda parte, consigna una serie de modificaciones a la ley sobre violencia intrafamiliar, a la ley que crea los tribunales de familia, al Código Penal y al decreto ley N° 3.500.
Sobre dichas enmiendas, en el análisis de la Comisión Especial surgieron observaciones que también se tendrán en
01
consideración al momento de elaborar las indicaciones. A título enumerativo, tales observaciones son las siguientes:
En primer lugar, se requiere un fortalecimiento de las medidas cautelares y de la verificación de su cumplimiento.
Es de público conocimiento que hoy día muchas mujeres respecto de las cuales se han dictado a su favor medidas cautelares son víctimas de femicidio. No existe una plataforma de control y seguimiento de tales medidas.
En segundo término, se necesita una judicatura especializada en materia de violencia intrafamiliar y de género.
En tercer lugar, respecto del delito de maltrato habitual, este debe reflejar la sistematicidad en el maltrato y no la mera habitualidad o simple reiteración de conductas.
Y, por último, se precisa disponer de recursos suficientes para contar con personal capacitado en el Ministerio Público, en los tribunales de familia, en el área de la salud, en Carabineros y en Investigaciones.
Haciendo un balance de lo que han sido las dos leyes sobre violencia intrafamiliar, nos damos cuenta de que son cuerpos legales, como hemos dicho, que no tienen dientes. Son declarativos, conceptuales y, en muchas oportunidades, dejan absolutamente desprotegidas a las mujeres.
Sin recursos es realmente imposible avanzar en la construcción de dispositivos tanto para los operadores de justicia como para la investigación y el propio Ministerio de la Mujer, al objeto de que puedan contar con más funcionarios para implementar estos cuerpos legales.
La iniciativa legal en discusión es compleja, pero de gran importancia para todas las mujeres de Chile y también para los hombres, ya que con su dictación se quiere dar un paso más hacia el cambio cultural al cual nuestra sociedad debe encaminarse, para que se respeten los derechos de las mujeres, de las niñas y adolescentes, y en donde no tengamos que estar tomando conocimiento de hechos brutales de violencia y de muerte que nos degradan como país.
Así lo entendimos las integrantes de la Comisión Especial de la Mujer y la Igualdad de Género, que aprobamos la idea de legislar sobre esta materia por unanimidad, decisión que solicitamos adopte también esta Sala.
He dicho.";1
"28";"21675";88;2019;6;"BIANCHI";NA;"El señor BIANCHI.-
Señor Presidente , el principal valor de este proyecto de ley es tratar de hacerse cargo de manera integral del grave problema de discriminación y agresiones que sufren las mujeres en atención a su género, abarcando medidas tanto de prevención como de protección, además de establecer un conjunto de normas sobre persecución y castigo a los principales atentados que se cometen en este ámbito.
Sin duda, es una iniciativa ambiciosa, por la amplitud y diversidad de materias que trata, pero necesaria para definir un estatuto general que se haga cargo de este problema, además, en un contexto en que la discriminación de género en nuestro país tiene un arraigo cultural profundo, el cual debe ser modificado a partir de políticas públicas encaminadas en tal sentido.
Resultan especialmente destacables las normas sobre prevención de la violencia en contra de las mujeres, a partir de las cuales se busca que el Estado, en su conjunto, deba tener obligadamente en cuenta la dimensión de género al elaborar e implementar políticas públicas, las que precisamente deben permitir generar conciencia en la comunidad sobre este problema e impulsar medidas que al final logren enfrentarlo de manera eficaz, pero también con una mirada de largo plazo.
En esta materia se debe tener en consideración no solo la situación de mujeres adultas que viven en nuestras ciudades, sino también la de las niñas, jóvenes y especialmente la de las mujeres adultas mayores de zonas rurales o alejadas de los centros económicos y políticos de nuestro país, quienes muchas veces son invisibilizadas
01
y deben enfrentar problemas propios que también están marcados por consideraciones de género.
Un tema que se deberá tratar durante la discusión en particular del proyecto se vincula con la coherencia que este debe tener con un conjunto de otros cuerpos legales vigentes.
Por ejemplo, en el ámbito de la persecución criminal de los delitos cometidos por razones de género se establece el deber de protección del Ministerio Público a las víctimas en términos equivalentes a aquellos que ya están incorporados en la ley vigente, aplicables para cualquier víctima de un delito. Lo mismo ocurre en cuanto al deber de persecución de estos ilícitos por parte de la Fiscalía.
También se debe analizar la forma en que esta iniciativa dialoga con otros proyectos tratados hace poco en el Congreso Nacional, algunos de los cuales ya se han convertido en ley, como el que castiga el acoso sexual callejero, solo por nombrar uno.
La voluntad de regular algunas materias en términos idénticos o equivalentes a lo establecido en leyes vigentes se podría explicar en el ánimo de reunir en una sola legislación una suerte de estatuto de protección a la mujer, lo que puede ser una buena iniciativa, pero se debe hacer tratando de mantener la debida armonía y coherencia con nuestro ordenamiento jurídico en general.
Con todo, este proyecto, más allá de los aportes que se puedan hacer para perfeccionarlo durante su discusión en particular, va en el sentido correcto, al hacerse cargo de manera integral del problema de discriminación que sin duda existe de forma muy arraigada en nuestro país, el cual debe ser superado no solo en beneficio de las mujeres, sino también de la sociedad en su conjunto, si realmente queremos que ella enfrente en serio estos importantes desafíos del siglo XXI.
Por eso, voy a votar favorablemente en general este proyecto de ley.";1
"29";"21675";90;2019;6;"HUENCHUMILLA";NA;"El señor HUENCHUMILLA.-
Señor Presidente , escuché muy atentamente el informe de la Senadora señora Muñoz y también la intervención del Senador Bianchi, y, por lo que me doy cuenta, este proyecto es de alto contenido jurídico y abarca asimismo atribuciones de los tribunales de justicia.
Entonces, quiero saber si se dio cumplimiento a lo dispuesto en el artículo 77 de la Constitución y en el artículo 16 de la Ley Orgánica del Congreso Nacional, en cuanto a que, antes de la votación del proyecto en la Sala, debería escucharse la opinión de la Corte Suprema.
Como no se hizo referencia en el informe respecto a dicho trámite, hago la consulta respectiva.
Creo que en ese sentido el artículo 16 de la Ley Orgánica es bastante claro.
Esa es mi pregunta, señor Presidente.";1
"30";"21675";97;2019;6;"PROVOSTE";NA;"La señora PROVOSTE.-
Señor Presidente, solicito la palabra solo en virtud de la consulta del Senador Huenchumilla, porque deseo hacer uso de ella más adelante para referirme al fondo del proyecto.
Efectivamente, esta iniciativa se inició en la Cámara de Diputados. Y dentro de los documentos que contiene nuestro pupitre digital está la respuesta de la Corte Suprema, que se pronuncia a requerimiento de la Cámara en esta materia. Y señala lo siguiente:
""Por resolución dictada el día 15 de mayo de 2017 y, en respuesta a vuestro oficio N° 548-2016 de 13 de abril del presente año, por el cual se solicita opinión acerca del proyecto sobre el derecho de las mujeres a una vida libre de violencia, informo a VS. que, considerando que la solicitud ha sido planteada fuera de la hipótesis prevista en el artículo 77 de la Constitución Política de la República, se acordó desestimar la petición, sin perjuicio de lo que a esta Corte Suprema le corresponda informar en su oportunidad, conforme a la norma antes citada"".
El oficio viene firmado por el Presidente de ese período, don Hugo Dolmestch Urra.";1
"31";"21675";99;2019;6;"ALLENDE";NA;"La señora ALLENDE.-
Señor Presidente , como señalaba la Senadora Muñoz, Presidenta de la Comisión Especial de la Mujer y la Igualdad de Género, el objetivo del proyecto es prevenir, sancionar y erradicar la violencia contra las mujeres mediante el establecimiento de mecanismos de protección, acceso a la justicia y atención a las víctimas tanto en el ámbito público como en el privado.
En realidad, este es un objetivo bastante amplio e importante. Lamentablemente, en muchas partes, como lo veremos cuando nos toque la discusión en particular, me parece que es más declarativo -o demasiado genérico- que contundente en la prevención de la lamentable violencia que todavía se ejerce hacia las mujeres en nuestro país.
Este tipo de violencia proviene de una desigualdad histórica, de un patrón cultural que nos ha colocado el sistema patriarcal como una forma de sumisión al hombre. Este es un estereotipo cultural que poco a poco tenemos que ir superando.
Porque, tal como lo plantea el proyecto, la violencia no se acaba en lo físico, no es solo cualquier menoscabo físico; también es sexual o psicológica. Hay violencia simbólica, que se refleja en la cosificación del cuerpo de la mujer como una forma de vender productos, lo que vemos cotidianamente en los medios; y la hay en lo laboral, cuando somos víctimas de acoso por parte de nuestros jefes o compañeros; en lo político, cuando las opiniones de las mujeres quedan invisibilizadas o ni siquiera son tomadas en cuenta (hace poco, junto con terminar con el sistema binominal, hemos establecido por fin en este país una ley de cuotas que permite tener más mujeres candidatas); y en lo sexual.
01
Es así como los femicidios continúan. Y lo hemos conversado con la señora Ministra , a quien aprovecho de saludar.
Lamentablemente, ya llevamos 19 este año. Incluso, hace un año surgió una encuesta que coloca a nuestras compatriotas como las que más han sido víctimas de violencia de género: 30 por ciento reconoce haber sido víctima de violencia y 39 por ciento, de acoso sexual.
También debemos mencionar que gracias al movimiento feminista, que ha tenido una gran ola en los últimos años, diversos sectores han comenzado a tomar conciencia en cuanto a que es necesario poner fin a la discriminación y a la violencia. A todas las mujeres que marcharon estos años y que se han organizado para pelear por sus derechos, queremos decirles: ¡Muchas gracias!
Por eso, este proyecto tiene que ser nuestra herramienta legislativa para erradicar la violencia de género en el país y así terminar con los abusos, haciendo frente a la cultura machista que lamentablemente aún subsiste.
Deseo reconocer y valorar el trabajo de la Ministra Plá para impulsar la iniciativa, pero también quiero señalar la gran gestión que realizó la Presidenta Bachelet , quien la ingresó en su oportunidad.
La definición de violencia de la ley, que comprende cualquier acción u omisión basada en el género y ejercida en el marco de relaciones de poder históricamente desiguales, proveniente de una construcción social que puede causar, como decíamos, menoscabo físico, sexual o psicológico en las mujeres, ha sido valorada por los diversos exponentes, ya que recoge lo planteado en las diversas convenciones internacionales.
Pero además de incorporar y definir los distintos tipos de violencia, creando un catálogo extenso, aporta en el entendimiento de este mal. Algunos expositores señalaron -si no me equivoco, fue el Instituto Nacional de Derechos Humanos- que habría que incorporar la violencia obstétrica, que es la que se ejerce en los establecimientos de salud en el proceso de embarazo y parto, la cual ocurre con más frecuencia de la que quisiéramos.
Si bien el proyecto establece el deber de los órganos del Estado de desarrollar políticas, planes y programas, diversas organizaciones, como el Instituto Nacional de Derechos Humanos, han criticado que no se establezcan obligaciones legales para el Estado que concreten lo formulado en el proyecto, ya que no existen imperativos, sino que muchas veces se habla de ""promoción"" y se coloca en riesgo la real protección de la futura ley, que debemos mejorar en la discusión en particular.
El acceso a la justicia de las mujeres es uno de los temas que nos tienen que importar. Esto, debido a las faltas que presenta el sistema judicial, las que provocan que muchas mujeres sean víctimas de delitos mayores.
El Instituto Igualdad mencionó que la Cedaw, en 2018, manifestó preocupación por la obstrucción institucional y procedimental que afrontan las mujeres para acceder a la justicia, como son los estereotipos discriminatorios, la parcialidad judicial y escasos conocimientos de los operadores del sistema sobre los derechos de las mujeres. Esto se intensifica con los obstáculos económicos y culturales que hacen que las poblaciones más vulnerables sufran mayor violencia.
Por eso, uno de los enfoques de los que debemos hacernos cargo es el acceso a la justicia, el cómo la acercamos a las mujeres y cómo facilitamos el necesario compromiso de recursos por parte del Estado.
Muy bien lo señalaba la Presidenta de la Comisión . Lamentablemente, vemos que muchos de los deseos y objetivos del proyecto, al no ir asociados a un presupuesto real que permita avanzar en medidas administrativas, de capacitación, cautelares y de protección, hacen que sea bastante difícil salir adelante, como quisiéramos que ocurriera con esta iniciativa.
A propósito de la Cedaw, todavía espero que la Comisión de Relaciones Exteriores del Senado analice el protocolo facultativo que se comprometió a despachar el año pasado. Es una deuda que nuestro Congreso y nuestro país tienen pendiente hace más de quince años.
Esperamos ingresar diversas indicaciones para mejorar el proyecto.
Estamos recién en la discusión general. Sin embargo, quiero mencionar un par de observaciones.
Primero, esta iniciativa establece deberes generales para los órganos del Estado. Sin embargo, podríamos abordar
01
deberes de protección administrativa, para lo cual, por supuesto, se requiere mayor compromiso presupuestario, como ya señalamos.
Por otra parte, el proyecto no aborda la violencia en espacios laborales. Recordemos que existe la figura del acoso sexual en el Código del Trabajo, pero no hay mecanismos para su prevención y sanción.
En las reformas penales se podrían agrupar diversas figuras delictivas que se están tratando en otros proyectos.
Porque en este momento estamos viendo iniciativas relacionadas con el acoso sexual, la inducción al suicidio, los delitos de odio, de género, la violación, etcétera.
Deberían proponerse reformas al Código Procesal Penal para incorporar medidas de sensibilización sobre el acoso y que se escuche a la víctima ante medidas alternativas. Y ojalá sea vinculante el que se proteja la intimidad de las víctimas en los interrogatorios.
Faltan medidas de protección para asegurar el cumplimiento de las condiciones y penas de no acercamiento a las víctimas, como son los brazaletes electrónicos y otro tipo de aplicaciones. Porque en numerosas oportunidades, una vez que han ocurrido los femicidios, comenzamos a lamentar que si bien el agresor tenía la prohibición de acercamiento, ella no se cumplió.
Por lo anterior, por la importancia que tiene el poder avanzar en el tema de la violencia hacia la mujer, que atañe al conjunto de la sociedad, queremos mejorar el proyecto y, en lo posible, empujar hacia ese cambio cultural a través de una educación no sexista, que puede crear una conciencia acerca de este mal que debemos erradicar, mal que de alguna manera retrata a nuestra sociedad patriarcal, que se caracteriza por el machismo, que es el origen de la violencia de género.
Por eso, señor Presidente , estoy convencida de que podemos avanzar, siempre y cuando aterricemos en medidas concretas, reales, no solo declarativas. No estaría de más considerar las observaciones que nos hizo en la Comisión un profesor de Derecho de la Universidad de Chile, quien habló de la creación del observatorio contra la violencia de género.
Sería tremendamente importante hacerle un seguimiento estrecho, como también incorporar la violencia mediática y el acoso.
Por todas estas razones, señor Presidente, ya que estamos en la discusión general, anuncio mi voto a favor.
Creo que la Comisión Especial de la Mujer y la Igualdad de Género hizo un muy buen trabajo. Necesitamos ahora que esto se pueda concretar para que sea una real protección a las mujeres y no sigamos con declaraciones y buenas intenciones. Porque, lamentablemente, al mes de junio de este año ya llevamos 19 femicidios.
He dicho.
--(Aplausos en tribunas).";1
"32";"21675";104;2019;6;"HUENCHUMILLA";NA;"El señor HUENCHUMILLA.-
Señor Presidente , solamente una prevención.
Tengo entendido de que luego de ingresar el proyecto a la Cámara de Diputados se solicitó el informe de la Corte Suprema. No sé si en el curso del primer trámite constitucional el proyecto sufrió modificaciones, producto de indicaciones de todo tipo, por lo que, a lo mejor, se pueda llegar a sostener que ese primer informe no sea suficiente en el estado actual de la iniciativa.
Lo planteo, simplemente, para que lo verifiquen.
Nada más, señor Presidente .";1
"33";"21675";106;2019;6;"HUENCHUMILLA";NA;"El señor HUENCHUMILLA.-
Disculpe, señor Presidente . Lo que pasa es que no es posible votar en la Sala el proyecto sin despejar ese punto, de acuerdo a lo establecido en el artículo 16 de nuestra Ley Orgánica.";1
"34";"21675";108;2019;6;"MUÑOZ";NA;"La señora MUÑOZ.-
Señor Presidente , la Senadora Provoste leyó en la Sala el oficio de la Corte Suprema, dado que se había hecho esta consulta.
Nosotros recibimos este proyecto de la Cámara de Diputados; lleva largo tiempo debatiéndose. Entonces, tengo una pregunta reglamentaria: ¿Deben las dos Cámaras solicitar la opinión de la Corte Suprema?
Lo consulto para que no quede como duda permanente cuando se presenten estas situaciones.";1
"35";"21675";116;2019;6;"VON BAER";NA;"La señora VON BAER.-
Señor Presidente , estaba viendo si era posible dilucidar la situación para poder abrir la votación.
Entiendo que se pidió la opinión de la Corte Suprema. El punto es si hay modificaciones tan fundamentales -creo que no las hay- que requieran otro informe de la Corte, como me señala acá la Secretaría de la Comisión.
Señor Presidente , nosotros recibimos bastantes invitados en torno a este proyecto de ley. Y muchos de los planteamientos que hicieron se refirieron a los Títulos I y II. A mi juicio, será necesario revisar el texto en la etapa de indicaciones, porque hay muchos conceptos que son o vagos o contradictorios o que, incluso, desde la perspectiva de algunas personas que escuchamos, pueden significar una problemática para el fin que persigue la iniciativa de ley, que es la lucha en contra de la violencia hacia la mujer.
Por lo tanto, creo que debemos revisar en detalle los Títulos I y II, para dejarlos de manera tal que realmente puedan servir y no entorpezcan el objetivo de la iniciativa, que es, como dije, lograr erradicar la violencia contra la mujer.
Me parece que en esto, transversalmente, tenemos la mirada de seguir avanzando en la legislación para conseguir la erradicación de la violencia en contra de la mujer, especialmente la que se produce dentro de los hogares o en las relaciones íntimas.
La última parte del proyecto tiene varias normas que van en esa línea.
-Primero, se crea una nueva medida cautelar -creo que es muy relevante- en la ley N° 20.066, sobre violencia intrafamiliar, permitiéndoles a los tribunales de familia decretar que la víctima de la violencia intrafamiliar sea acompañada por personal de Carabineros de Chile durante el retiro o entrega de sus efectos personales, en el caso de que opte por no regresar al hogar común.
-Segundo, se mejora la comunicación de las medidas cautelares entre los tribunales de familia y Carabineros de Chile, exigiéndole al juez, en la ley N° 19.968, sobre tribunales de familia, que comunique inmediatamente a Carabineros las medidas cautelares decretadas.
-Además, se prohíbe que se sometan a mediación los asuntos de derechos de alimentos, cuidado personal y derechos de los padres e hijos que vivan separados, a mantener una relación directa y regular, cuando una de las partes haya sido condenada por delitos de violencia intrafamiliar.
-En seguida, se modifica el decreto ley N° 3.500, del Ministerio del Trabajo y Previsión Social, al establecer quiénes serán beneficiarios de la pensión de sobrevivencia, disponiendo que n podrá tener la calidad del beneficiario de dicha pensión la persona que, perteneciendo al grupo familiar, haya sido condenada por el homicidio o femicidio del causante.
Estas son algunas de las disposiciones que contiene esta iniciativa. No puedo detallarlas todas por un tema de
01
tiempo.
Señor Presidente , en ese sentido, pienso que el proyecto va en la dirección correcta en su última parte. ¿Por qué? Porque se hace cargo de temáticas complejas como las cautelares.
También se hace cargo de situaciones que se viven en la práctica en los tribunales de familia, y en general en nuestros tribunales, respecto a las mujeres víctimas de delitos de violencia.
Además, se hace cargo de esa realidad desde una perspectiva que uno puede pensar, a veces, que quizá es muy pequeña, muy chica, no tan relevante, pero sí es relevante para quien está viviendo esa situación de violencia.
Porque, señor Presidente , ¿cuántas mujeres han tenido que someterse a un trámite de mediación con la pareja que las había agredido anteriormente, para poder regular el pago de los alimentos o tener el cuidado de sus hijos? Creo que debemos hacernos cargo de esta realidad.
Por otra parte, ¿cuántas chilenas han continuado siendo víctimas de violencia intrafamiliar, a pesar de tener una medida cautelar o de protección decretada contra su agresor? ¿Cuántas personas han debido sufrir por la ineficacia y la mala comunicación de las medidas de protección que nuestros tribunales habían decretado?
Señor Presidente , ahí tenemos un problema grave. Muchas veces, las medidas cautelares no están ayudando a impedir una situación de violencia y, finalmente, mujeres que las habían obtenido, terminan siendo agredidas por los victimarios.
¿Cuántas mujeres han tenido que volver solas a reencontrarse con sus agresores cuando han regresado a su antiguo hogar para retirar sus efectos personales luego de decidir reemprender nuevamente sus vidas?
Respecto de esta última parte, este proyecto de ley es un avance.
Como se puede ver, se proponen pequeñas modificaciones, que pueden parecer cuestiones específicas y meramente procesales, pero en la vida de muchas mujeres van a significar un cambio muy profundo.
Habrá que corregir algunos artículos, especialmente de los dos primeros títulos, durante la discusión en particular.
Señor Presidente , creo que esta iniciativa de ley es un avance, sobre todo su último título, y la voy a votar a favor.
He dicho.";1
"36";"21675";118;2019;6;"RINCÓN";NA;"La señora RINCÓN.-
Señor Presidente , una mujer chilena, casada con un ciudadano austriaco, quienes tuvieron un hijo en Italia y que viven en Viña del Mar, fue convencida por su marido de viajar de vacaciones a dicho país.
¡Ella no quería!
Esta mujer hoy día no solo está siendo víctima de violencia, de maltrato, sino que también, según relata su abogado en la presentación que se ha hecho -está llegando a nuestro conocimiento-, ha sido violada. Y ahora espera un hijo -tiene cuatro meses de embarazo-, producto de esa violación.
Por eso este proyecto de ley sobre el derecho de las mujeres a una vida libre de violencia es pertinente.
No cabe duda de que el flagelo de la violencia contra la mujer debe ser urgentemente atendido.
Chile, desde el año 1994, cuenta con leyes dictadas con el fin de atender este problema; pero, lamentablemente, la realidad nos señala que ninguna de estas normas resulta efectiva.
Los inconvenientes generados por esa falta de efectividad de la legislación dictada en protección de las mujeres
01
víctimas de violencia, en especial, se han centrado, señor Presidente , en dos puntos:
1. En la falta de comprensión del carácter estructural, transversal y multidisciplinar de la violencia de género.
2. En la falta de compromiso financiero por parte del Estado para hacer frente a los recursos materiales y asistenciales requeridos en favor de las víctimas.
El proyecto de ley, que hoy discutimos en general, destina un total de 2.469 millones de pesos a esta temática:
-1.751 millones del Ministerio de Salud para la atención de poco más de 22 mil casos en atención primaria, en un país de más de 17 millones de habitantes.
-403 millones del Ministerio de la Mujer y la Equidad de Género para el acompañamiento de víctimas, ¡con un profesional por región!
-314 millones del Ministerio Público para la atención de seguimiento de víctima mediante un contact center.
¡Ello es absolutamente insuficiente!
Señor Presidente , Chile no ha comprendido que la violencia de género es un fenómeno social de carácter estructural.
Medio en broma, medio en serio, la colega Senadora Yasna Provoste señalaba que hace un rato había dado cuenta de un informe y simplemente no se le había oído.
Ello refleja una forma de relación entre hombres y mujeres que forma parte de la cultura política tradicionalista patriarcal en torno a lo que es, cómo es y lo que se espera de un hombre, y lo que es, cómo es y lo que se espera de una mujer.
Esa comprensión política del hombre y la mujer ha estructurado el modo de relación entre hombres y mujeres en la sociedad, concibiendo a nuestro género como inferior y subordinado al masculino.
Luego de siglos instalados en esta concepción, DEBE COMPRENDERSE que no es el carácter violento o la falta de control de impulsos de ciertos hombres la que determina la existencia, normalización y perpetuación de la violencia contra la mujer en sus diferentes formas: física, psicológica, sexual, económica o simbólica.
Como sujetos apéndices de un hombre al que las mujeres le deben subordinación y obediencia, pero sin las cuales el hombre tampoco puede vivir pues ellas ""le sirven de necesario e imprescindible complemento"", se entiende que la violencia pueda instalarse tan férreamente en una relación.
Ambos seres se complementan en sus roles. Ninguno puede vivir separado del otro, pues , sino como seres interdependientes en los que uno es el que manda y la otra, la que obedece; uno es el que provee y la otra, la que recibe.
no se conciben como seres autónomos iguales entre sí
Esa misma concepción minusvalorada de la mujer es la que permite que se ejerzan otras violencias sociales contra nosotras, no solo en las relaciones de pareja entre personas que no se entienden como seres iguales, sino también en materia laboral, política, de salud, obstétrica, etcétera, y que pasan casi como normales.
Por lo mismo, ¡los presupuestos que se asignan a este tema son exiguos!
Estas otras formas de violencia social las padecemos todas las mujeres, de cualquier edad, razón o condición, aunque no tengamos relaciones de pareja asimétricas que nos condenen, además, a una vida de violencia doméstica.
Dentro de esta última, las leyes contra la violencia de género, sin embargo, , que es la que explica la existencia del llamado ""maltrato habitual"", que se constituye en la forma más grave de violencia, pues lleva a femicidios, seguidos de suicidios e, incluso, de asesinatos de hijos.
01
no se hacen cargo de esa violencia relacional
Señor Presidente , tal es la falta de comprensión de esta violencia ""estructural asimétrica"" que incluso nuestro delito de ""maltrato habitual"" exige a las víctimas que prueben que hubo varios actos de violencia y la proximidad de estos, en vez de que .
el juez ordene a peritos psicólogos la elaboración de una pericia acerca de la relación de desigualdad o igualdad que vive la pareja, peritos que deben estar claramente capacitado al efecto
Los peritos especializados en la materia deben existir en gran número a lo largo del país para facilitar la proporción de pruebas en estos juicios, y deben ser gratuitos. Ello, porque otra prueba no es útil, ni hay .
Señor Presidente, al no poder configurar el delito, la causa se cierra; se acaban las medidas cautelares, y las mujeres muchas veces mueren.
Creo que la importancia de esta iniciativa radica en evitar aquello.
Sin embargo, en su texto no se aborda todo lo que se debiera en esta materia.
Quien me antecedió en el uso de la palabra, la Senadora Ena von Baer, ha relatado un sinnúmero de situaciones que requieren ser mejoradas, y deberemos hacerlo en la discusión en particular.
Este tipo de violencia, relacional y asimétrica, por lo demás, es la que, sí o sí, requiere la separación inmediata de la víctima y sus hijos del agresor.
Pero ¿dónde se irán a vivir si en Chile no existen las casas de acogida suficientes para recibirlos, ni en todas las regiones, o nunca tienen espacio para esas mujeres y sus hijos?
Este Gobierno, así como los anteriores, no han comprometido presupuesto suficiente para resolver tal problema.
También esta violencia es la que requiere ; más aún, cuando es la propia víctima la que, dada la interdependencia sicológica existente entre ambos, muchas veces no evita encuentros con él o, incluso, se autoculpabiliza por los castigos que recibe.
medidas fuertes de control de no acercamiento del hombre agresor a su víctima
Sin embargo, los brazaletes electrónicos, como medida para hacer más efectiva la cautelar de no acercamiento del agresor a la víctima, NO SON aún una realidad. Ni este Gobierno ni los anteriores han presupuestado lo suficiente para su adquisición e implementación masiva.
Por tanto, señor Presidente, es urgente votar a favor en general este proyecto de ley, aunque nos queda mucho por hacer en la materia. Esta iniciativa representa, sin lugar a dudas, una oportunidad para mejorar , pero no como se presenta a la Sala. Habrá que introducirle mejorías en la discusión particular para que resulte efectivo y eficaz.
Las mujeres ya sabemos que la violencia se ejerce en todos los espacios, públicos y privados; sabemos de todas las formas que asume y cuáles son sus costos, y también sabemos cuáles son los deberes del Estado. Todo eso ya lo consagra la Convención de Belém do Pará, obligatoria en Chile.
Lo que necesitamos, entonces, son medidas correctas y efectivas.
Lo que necesitamos son serios compromisos financieros.
Esperamos que se concreten en la discusión en particular de este proyecto.
He dicho.
)----------(";1
"37";"21675";120;2019;6;"GIRARDI";NA;"El señor GIRARDI.-
Señor Presidente , solicito autorización para que la Comisión de Medio Ambiente pueda funcionar en paralelo con la Sala el próximo martes, a mediodía, pues tenemos que ver el proyecto de Pro Inversión que el Gobierno nos ha solicitado analizar.";1
"38";"21675";129;2019;7;"PROVOSTE";NA;"La señora PROVOSTE.-
Señor Presidente , esta intervención había quedado suspendida hace ya varias sesiones y me alegro de que podamos iniciar la jornada de hoy finalizando el ciclo de intervenciones y llegando a la tan anhelada votación general del proyecto.
En primer lugar, quiero saludar, por su intermedio, a la Ministra de la Mujer y a la Subsecretaria, quienes han estado permanentemente en la propia Comisión aportando al debate y escuchando a los diversos invitados e invitadas.
""La violencia contra las mujeres no es un fenómeno nuevo en nuestro país. Muy por el contrario, es quizás el reflejo más duro de una cultura discriminatoria que valida relaciones históricamente asimétricas entre hombres y mujeres, marcadas por el abuso"". Así comienza el mensaje de este proyecto de ley. Sin duda, se trata de un tipo de violencia que constituye una violación fundamental del derecho a la vida, a la libertad, a la seguridad, a la dignidad, a la igualdad entre hombres y mujeres, a la no discriminación y a la integridad física y mental. No
01
obstante, en pleno siglo XXI estamos todavía muy lejos de erradicar la violencia de género, que sigue afectando a una de cada tres mujeres en Chile.
Evidentemente, nuestro país ha realizado importantes avances en este campo, al ratificar instrumentos del sistema internacional de derechos humanos en los que se compromete a erradicar la violencia contra las mujeres e incorporar marcos conceptuales y recomendaciones en la perspectiva de asegurar a las mujeres y niñas una vida sin violencia. Además de los tratados internacionales, Chile cuenta con un marco jurídico legal sobre prevención y sanción de la violencia hacia las mujeres.
Sin embargo, pese a la existencia de los mencionados avances, la violencia contra las mujeres continúa, invisibilizada en sus diversas expresiones y sostenida en un orden patriarcal que, a través de una multiplicidad de formas y dimensiones, mantiene y recrea una institucionalidad marcada por la jerarquía masculina, que sitúa a las mujeres, de acuerdo con esa lógica, en un estatus inferior. Además, subsisten diversas formas de violencia que no son abordadas por la legislación chilena y que corresponden a la llamada ""violencia estructural/institucional contra las mujeres"", practicada en el marco de las instituciones del Estado, por sus órganos y por sus agentes. Estas modalidades de violencia se aplican para ejercer control social, elemento que es central, pues el control social incluye -cuando se trata de género- la mantención de estructuras y relaciones de poder, así como de prácticas sociales que se hallan ""normalizadas"" en el orden de género hegemónico, que no reconoce, discrimina y vulnera derechos, principalmente de las mujeres, pero también de las minorías.
La naturalización de la violencia de género -tortura sexista cotidiana- cobra central relevancia como reflejo de la persistencia del dominio patriarcal. A pesar de la norma jurídica chilena ya citada, la incapacidad de esta indica que la legitimación de la violencia continúa vigente en la formación de la subjetividad masculina y que la tradición patriarcal atraviesa también los códigos y los hace vulnerables. La ley se erige como igualitaria para dirimir conflictos entre iguales, pero lo cierto es que está atravesada por la estructura jerárquica de sexo-género, que la permea por múltiples poros.
Vivir libres de violencia significa mucho más que no vivenciar golpes, humillaciones, violaciones y control abusivo en el cotidiano de la relación de pareja. Implica recuperar el estatus de ciudadanía sin recortes ni opacidades, escapar del miedo y la ansiedad, dejar el lugar de lo ambiguo e instalarse con autonomía en los diversos ámbitos de la vida en sociedad. La apropiación de poder por parte de las mujeres -mediante el conocimiento, la autonomía económica, el protagonismo y el reconocimiento social y la capacidad de decidir libremente- es requisito clave para lograr aquello. También lo es la erradicación de los mitos acerca de la familia, sobre todo aquel que dice que constituye el espacio de máxima protección y seguridad para las mujeres. Las estadísticas evidencian que, por el contrario, la familia es un ámbito de exposición permanente al riesgo de violencia de género, riesgo que también aparece como un continuo en el trabajo, en la calle, en las fronteras, en los establecimientos educacionales, en los medios de comunicación y en la publicidad sexista.
A diferencia de legislaciones de otros países latinoamericanos que han registrado avances sustanciales en la materia, como Argentina y México, la ley chilena no apunta central ni ampliamente hacia lo que se establece como un nudo esencial en la violencia contra las mujeres, sino que se concentra de manera exclusiva, como su nombre lo indica, en una violencia que sucede intrafamiliarmente. La tipificación de la violencia en ese cuerpo legislativo solo recoge las distinciones de violencia física y psicológica, para quien ""tenga o haya tenido la calidad de cónyuge del ofensor o una relación de convivencia con él; o sea pariente por consanguinidad o por afinidad (...)"". El último cambio a la ley, del año 2005, considera la inclusión de la violencia ""psíquica"". Aunque ello es un avance, resulta claramente insuficiente para proteger a las mujeres de la violencia que sucede en otros ámbitos. Además, la falta de integralidad de esta legislación queda demostrada en los casos de violencia sexual y abuso sexual, ya que son otras las disposiciones legales a las cuales se debe recurrir, las que tienen un carácter general y carecen de una mirada de género.
Con respecto al femicidio, la promulgación de la ley N° 20.480...
Le pido un minuto adicional, señor Presidente .";1
"39";"21675";132;2019;7;"PROVOSTE";NA;"La señora PROVOSTE.-
Con respecto al femicidio, la promulgación de la ley N° 20.480 constituyó un avance al reconocerlo como delito, modificando el Código Penal y la ley N° 20.066, sobre violencia intrafamiliar.
Pero, claramente, se requiere aún más.
La ausencia de una política nacional, integral e intersectorial que permita desarrollar acciones consistentes de prevención, protección y reparación de los daños ocasionados por la violencia de género contraviene los acuerdos internacionales suscritos por el Estado en materia de protección de los derechos de las mujeres, en especial lo señalado en la Convención de Belém do Pará, que en su artículo 8 especifica que para evaluar la eficacia de las medidas para prevenir, sancionar y erradicar la violencia contra las mujeres los Estados deben adoptar programas y medidas que promuevan la educación pública, la concientización, movilizar a las comunidades, ofrecer servicios y asistencia especializada a las mujeres víctimas de violencia y fomentar una investigación en este campo.
Nos queda aún mucho por avanzar para estar dotados en nuestro país de una institucionalidad plena que proteja a las mujeres de la violencia y las incorpore en igualdad de derechos...";1
"40";"21675";137;2019;7;"PROVOSTE";NA;"La señora PROVOSTE.-
... si estamos hablando de estos tipos de violencia invisibilizados, no es posible permitir que aquí se restrinja el tiempo que estaba dado inicialmente para intervenir en el debate.
Señor Presidente , este proyecto de ley, sobre el derecho de las mujeres a una vida libre de violencia, significa un avance importante desde el punto de vista de la institucionalidad plena, que garantice una protección para las mujeres respecto de aquellos elementos presentes en la vida cotidiana y que generan claramente una barrera para su inclusión a una ciudadanía plena en nuestro desarrollo social.
Estamos convencidos de que esta iniciativa permite incorporar una lógica de igualdad de derechos a la vida cívica
01
chilena. Y por eso votaré a favor del proyecto.
He dicho.";1
"41";"21675";141;2019;7;"EBENSPERGER";NA;"La señora EBENSPERGER.-
Señor Presidente , seré muy breve.
Como lo he dicho siempre, y lo reitero hoy aquí, en la Sala del Honorable Senado, hay que erradicar efectivamente toda forma de violencia contra las mujeres.
En eso no se pierde ni la UDI, ni el Presidente Piñera , quien lo asumió como compromiso de campaña y de Gobierno, ni la Ministra señora Isabel Plá .
Por tanto, me parece de toda lógica incorporar entre los deberes de los órganos de la Administración del Estado la prevención y represión de las conductas violentas.
En el mismo sentido, toda mejora en la administración de justicia y en la coordinación entre nuestros tribunales, Ministerio Público y policías en resguardo de las víctimas es positiva. Las resoluciones de los tribunales en favor de las víctimas, que con tanta frecuencia se vulneran, no pueden ser ilusorias. Lo mismo, respecto de la coordinación entre las policías. Espero, señor Presidente , que nunca más alguien sea víctima de violencia porque llegó tarde un oficio de una medida de protección.
Es precisamente ahí, en los objetivos del proyecto que compartimos todos, que necesitamos la ayuda de los funcionarios públicos, médicos, nuestras policías y, por cierto, de quienes nos dedicamos a la política.
Aun cuando hay que hacer cambios sustanciales en el articulado, considero que particularmente los Títulos III y IV de la iniciativa van por el camino correcto.
Sin embargo, no puedo estar de acuerdo con el Título I en particular. Para que la discusión de este proyecto de ley sea eficaz, tiene que ser eminentemente técnica. NO puede convertirse en una discusión IDEOLÓGICA, porque si nos detenemos en conceptos como género, violencia, violencia simbólica, violencia indirecta y violencia política, detendremos también el avance de esta iniciativa, que todos queremos que siga adelante.
Se trata de conceptos en los que, además, debo reparar en su carácter eminentemente subjetivo. Porque decir que violencia es toda práctica discriminatoria que de manera activa o por omisión ponga a la mujer en desventaja con respecto de un hombre ""basada en el género y ejercida en el marco de las relaciones de poder históricamente desiguales que emanan de los roles diferenciados, asignados a hombres y mujeres, que resultan de una construcción social, cultural, histórica y económica"" parece peligroso. Más aún cuando esa definición pueda tener consecuencias jurídico-penales. Lo considero excesivo.
¿Acaso la galantería y la caballerosidad entran en esa definición? ¿Quien el día de mañana me invite a almorzar y
01
quiera pagar la cuenta me estará violentando? ¿Quien me ceda el paso cuando me abre una puerta estará ejerciendo violencia en mi contra? ¿Cómo afecta este tipo abierto a la tipicidad de los delitos ya existentes o que incorpora el proyecto?
No vaya a ser, señor Presidente , que los cuidados del sacristán maten al señor cura y por querer combatir la violencia contra la mujer pretendamos legislar aun contra la realidad y el sentido común.
Espero que este proyecto, en su discusión en particular, mejore, aclare y precise los conceptos que hoy contiene y que son excesivamente subjetivos e ideológicos.
Señor Presidente, me voy a abstener en esta votación en general.";1
"42";"21675";143;2019;7;"MOREIRA";NA;"El señor MOREIRA.-
Señor Presidente, derechamente y con mayúscula yo creo que este proyecto ES MALO.
Pero, así como yo he criticado a la Nueva Mayoría porque no quiere legislar en algunas materias que son trascendentes para el país, yo voy a legislar.";1
"43";"21675";145;2019;7;"MOREIRA";NA;"El señor MOREIRA.-
Como se ha señalado aquí, el 50 por ciento de los habitantes de este país son mujeres. Según cifras expuestas en la Comisión, el 31 por ciento de ellas habría sufrido algún tipo de violencia. A ello se suman 40 femicidios anuales.
Si bien nuestras cifras no son superiores a las de otros países de la región, no dejan de ser preocupantes.
Pero debemos empezar por un diagnóstico correcto, para llegar a soluciones duraderas y aceptadas por la inmensa mayoría de la ciudadanía, a fin de que tenga la necesaria legitimidad.
El proyecto tiene partes muy positivas en relación con el acceso a la justicia, la labor del Estado y la intervención de tribunales. Eso hay que rescatarlo.
Sin embargo, temo y lamento el claro sesgo ideológico radical -entre comillas- que trae esta iniciativa en sus conceptos base.
Ya desde la definición planteada en su artículo 2 deja clara una preconcepción muy polarizante y dañina del problema: ""La violencia contra las mujeres comprende cualquier acción u omisión, sea que tenga lugar en el ámbito público o en el privado, basada en el género y ejercida en el marco de las relaciones de poder históricamente desiguales que emanan de los roles diferenciados asignados a hombres y mujeres, que resultan de una construcción social, cultural, histórica y económica, que cause o pueda causar muerte, menoscabo físico, sexual, psicológico, económico o de otra clase a las mujeres, incluyendo la amenaza de realizarlas, y en general cualquier conducta que menoscabe o amenace sus derechos."".
El proyecto, señor Presidente , define violencia no solo como una acción, sino también como la omisión de conducta. La legislación nacional únicamente en contadas ocasiones sanciona la omisión de conducta y siempre ocurre en casos en que existe un deber de cuidado.
La norma parte de un diagnóstico claramente extremista y sesgado al asumir que existen relaciones de poder históricamente desiguales y que emanan de los roles diferenciados asignados a hombres y mujeres; una construcción social, cultural, histórica y económica.
Por lo demás, la ley no es el medio idóneo para establecer verdades históricas, y menos en este caso, donde es al
01
menos discutible.
Pero no solo eso. El artículo determina que el efecto de esa violencia puede ser la muerte, el menoscabo físico, sexual, psicológico, económico, pero también agrega un vago y genérico ""o de otra clase"".
Aún más, basta la amenaza para que constituya violencia; incluso la amenaza de no realizar una conducta.
¿Cuántos casos conoce la legislación nacional de situaciones en que se sancione la amenaza de omisión de una conducta?
Suma y sigue. Al definir las formas de violencia, establece nueve, entre ellas, la violencia simbólica y la aún más preocupante violencia indirecta, definida como ""toda práctica discriminatoria que mediante conductas activas u omisiones ponga a la mujer en desventaja con respecto al hombre."".
La redacción del texto es de tal vaguedad que prácticamente todo puede ser considerado ""práctica discriminatoria"".
Espero, sinceramente, que se hagan correcciones profundas a esta iniciativa.
¡Lamento que la propia Ministra de mi Gobierno no tome atención a lo que está señalando, a lo que está criticando un parlamentario de Gobierno!
Reitero, señor Presidente , que espero que se hagan correcciones profundas a un proyecto que, aunque nació en la Administración de la Presidenta Bachelet , es promovido por mi Gobierno y por la señora Ministra .
Por ello, y para ser consecuente con lo que he señalado en múltiples ocasiones anteriores, anuncio que aprobaré la idea de legislar. Pero queda hecha la advertencia a nuestro Gobierno en el sentido de que de no corregirse este proyecto, el cual estimo con graves errores, lo rechazaré en la votación en particular.
Por último, quiero señalar que aquí se habla mucho de la discriminación, de la defensa y de la dignidad de las personas, pero ¿cuándo se va a legislar con respecto a Twitter?
En Twitter se invoca la libertad de expresión, pero esta termina siendo, estimados colegas, una fuente para amenazar, denostar, injuriar a las personas. Y este Congreso, porque se invoca la libertad de expresión, nunca ha querido legislar al respecto.
Ojalá que las autoridades de nuestro Gobierno corrijan en este Congreso lo que haya que corregir. De lo contrario, si no se cumplen los compromisos contraídos, muchos parlamentarios vamos a votar en contra en la discusión particular.
He dicho.";1
"44";"21675";150;2019;7;"ARAVENA";NA;"La señora ARAVENA.-
Señor Presidente, yo quiero recordar que nuestro Presidente Piñera hizo un compromiso con el tema de violencia
01
en Chile, y principalmente con la violencia hacia las mujeres.
Esto no es una competencia de quién sufre más violencia. Lamentablemente, las mujeres ganamos.
En ese contexto, estamos en deuda con las mujeres de nuestro país.
La violencia, por lo demás, no es un problema de Chile, ni específicamente de ninguna región en particular. De acuerdo con la ONU Mujeres, el 35 por ciento de las mujeres en el mundo han sufrido algún tipo de violencia física o sexual en algún minuto de su vida.
La Encuesta Nacional de Victimización por Violencia Intrafamiliar y Delitos Sexuales que llevó a cabo el Ministerio del Interior el 2013 también arrojó una cifra cercana: 32 por ciento de las mujeres han recibido algún tipo de violencia alguna vez.
Quiero dejar instalado en esta Sala que al 31 de mayo del 2019 en Chile ya van 24 femicidios consumados y 49 femicidios frustrados. Y, especialmente, me quiero referir al año pasado, donde muchos de estos femicidios consumados afectaron a mujeres de La Araucanía, mi Región. Hoy día, por respeto, las voy a recordar a ellas y a muchas otras que ya no están: Silvia Roxelia Caro Alarcón , de Labranza; Guillermina Huenul Marín , de Perquenco; Mercedes Vera Arévalo , de Carahue; Sara Riquelme Avilés , de Nueva Imperial; Paola Alvarado Cortez , de Curacautín y, por último, Felisa González Pichipillán , de Pucón.
Efectivamente, estos homicidios o femicidios no han sido, quizá, tan divulgados como el caso de Gabriela Alcaíno , quien murió junto con su madre en manos de su pololo; ni tampoco como el último que ocurrió en Chimbarongo.
Hay un compromiso efectivo de nuestro Presidente y de la Ministra por mejorar este proyecto, en conjunto con los legisladores de la Comisión de la Mujer, y despejar algunas dudas que han manifestado nuestros colegas congresistas en relación con situaciones que no estarían tan claras a la hora de legislar y, finalmente, enjuiciar.
En mi particular opinión, creo que es muy necesario dar una señal a muchas mujeres de Chile y al país en el sentido de que efectivamente necesitamos mejorar el orden jurídico en torno a las medidas cautelares, a la función que tiene el sector público y a muchos otros aspectos que aborda este proyecto.
Más allá de legítimamente tener dudas, creo que es superior la importancia de dar una señal al país de cumplir un compromiso con tantas mujeres que esperan y que no han tenido la justicia que se requiere.
Hace pocos días la Ministra Isabel Plá señaló en una entrevista que casi el 40 por ciento de las mujeres que han muerto habían hecho todo lo que tenían que hacer, y aun así fueron asesinadas.
En ese contexto, voy a dar mi aprobación a este proyecto y a manifestar mi compromiso de hacer todo lo posible, en conjunto con las penalistas, con nuestro Ministerio de la Mujer y su Ministra y con todas las mujeres que integramos hoy día la Comisión, por sacar una ley mucho mejor que la actual para abordar un tema tan complejo, tan importante y tan doloroso para las familias de Chile como es el femicidio.
Muchas gracias.";1
"45";"21675";152;2019;7;"LATORRE";NA;"El señor LATORRE.-
Señor Presidente , esta iniciativa es relevante pues reconoce que la violencia ejercida contra las mujeres toma distintas formas, tales como violencia obstétrica, psicológica, sexual, laboral, simbólica, entre otras.
Establecer por medio de una ley las distintas maneras de violencia constituye un comienzo de solución a esta problemática estructural de una cultura patriarcal. Lo anterior es más necesario aún para aquellas clases de violencias que no tienen repercusiones físicas o palpables, las que no por ser invisibles dejan de existir y de ser objeto de reproche social.
Este proyecto insta a que como sociedad tomemos conciencia sobre la violencia sistemática ejercida contra
01
mujeres, lo cual en sí mismo es una medida de prevención de formas de violencia más intensas sobre la mujer. Es una oportunidad para que el Estado de Chile exija hacerse cargo de estas conductas a quienes las ejercen y no a quienes las padecen. Así se rompe el statu quo de las políticas públicas sobre esta materia, las cuales siguen imponiendo cargas a las mujeres, como sucede con la campaña ""No lo dejes pasar"" que interpela a la mujer agredida y no al sujeto agresor.
Dentro de las medidas concretas que se establecen, cabe destacar las siguientes:
-El rescate de las disposiciones de la Convención de la Organización de Estados Americanos, suscrita y ratificada por Chile en 1996, que encuentran eco en los cuatro primeros artículos del proyecto.
-El establecimiento de deberes a los Ministerios de la Mujer y la Equidad de Género, del Interior y Seguridad Pública, de Desarrollo Social, de Justicia y Derechos Humanos, de Educación y de Salud, los cuales tendrán que adoptar medidas tendientes a la protección de los derechos de las mujeres, a incorporar la perspectiva de género, a prevenir la violencia contra las mujeres y a otorgar una respuesta dentro del ámbito de sus competencias frente a su ocurrencia o al riesgo de padecerla.
-El deber de los órganos del Estado de prevenir las violencias ejercidas contra las mujeres.
-Los principios de proactividad en la investigación penal y de prevención de la victimización secundaria, los cuales regirán los procesos judiciales penales y de derecho de familia en los que se ventilen casos de violencia contra las mujeres, cuestión esencial a la hora de dotar de una perspectiva de género a la persecución de tal clase de comportamientos.
-El desarraigar de la actividad judicial la aplicación de atenuantes de la sanción penal basándose en estereotipos que amparen o refuercen la violencia contra las mujeres.
-Dentro del ámbito privado, se busca erradicar la violencia que se ejerce en el contexto de las relaciones de pareja, con o sin convivencia o matrimonio.
Creemos que la iniciativa y el objetivo que persigue son imprescindibles para la construcción de una sociedad en la que no solo no exista violencia contra las mujeres, sino que además no exista sexismo. Sin perjuicio de esto, es necesario perfeccionar algunas de las disposiciones propuestas a fin de lograr efectividad en la consecución de estos objetivos.
Este proyecto ha sido apoyado por algunas organizaciones relevantes en nuestra sociedad. La Corporación Humanas dice que: ""Permite superar la conceptualización restringida de violencia intrafamiliar que Chile ha mantenido vigente por demasiados años, que ha dificultado la comprensión de la violencia contra las mujeres como resultado de las relaciones de poder entre hombres y mujeres, y la discriminación estructural que les afecta"".
Por su parte, el Instituto Nacional de Derechos Humanos destaca ""la disposición de que el Servicio Nacional de la Mujer y de la Equidad de Género será el encargado de asumir el patrocinio y representación de las mujeres víctimas de violencia, así como la ampliación de sus facultades para ello"".
Estamos en una ola del feminismo, ¡qué duda cabe! El año pasado y el ahora en curso el movimiento feminista ha sido de los más relevantes en la sociedad chilena y -me atrevería a decir- en el mundo occidental. Es hora de actualizar nuestra legislación y avanzar en este proyecto de ley que protege el derecho de las mujeres a vivir en un contexto libre de violencia.
Voto a favor.
)----------(";1
"46";"21675";154;2019;7;"CHAHUÁN";NA;"El señor CHAHUÁN.-
Señor Presidente , simplemente para solicitar -hay acuerdo de los miembros de la Comisión de Transportes y
01
Telecomunicaciones en este sentido- que el proyecto de ley que regula las aplicaciones de transporte remunerado de pasajeros pase del tercer al segundo lugar de la tabla.
Se requiere unanimidad de la Sala.";1
"47";"21675";163;2019;7;"ELIZALDE";NA;"El señor ELIZALDE.-
Señor Presidente , hace casi veinte años, el 25 de noviembre de 1999, las Naciones Unidas establecieron el Día Internacional de la Eliminación de la Violencia contra la Mujer, en recuerdo de un hecho acontecido en 1960, cuando fueron asesinadas Patria, Minerva y María Teresa Mirabal , las ""Mariposas dominicanas"".
La dictadura de Trujillo, brutal como la que nos tocó padecer, intentó exterminar la rebeldía eliminando a tres mujeres valientes que nunca se resignaron al horror.
Algunos dirán que el extremo de la violencia política demencial de las dictaduras no tiene comparación con el espacio familiar, pero sabemos que, lamentablemente, no es así. Casos como el de Nabila Riffo , fresco en nuestra memoria; el de Juliana Andrea Acevedo y el de Magaly Carriel Garrido nos señalan lo contrario.
Desafortunadamente, son muchos otros los nombres que podríamos citar.
Son muchos, demasiados los casos en que la violencia contra la mujer ha sido un expediente fácil para someterla, dominarla, situarla en un lugar secundario; demasiados los casos -y demasiado frecuentes- en que la violencia ha sido un recurso naturalizado de subyugación.
01
Por demasiado tiempo no se identificó la violencia que sufren las mujeres como un problema de derechos humanos, sino como un problema de convivencia de las parejas, o bien, se hizo responsables a las propias mujeres de la violencia ejercida en su contra. ¡Cuán injustas eran estas apreciaciones!
Es cierto, hemos tenido avances muy importantes en igualdad de género, algunos muy notables, como haber elegido a la primera Presidenta de Chile ; a Presidentas en ambas Cámaras del Congreso Nacional. Forman parte de este Senado las Senadoras señoras Adriana Muñoz , quien fue la primera Presidenta de la Cámara de Diputados, e Isabel Allende , quien fue la primera Presidenta del Senado . Tenemos una Presidenta en la Central Unitaria de Trabajadores y mujeres en lugares prominentes en distintas organizaciones estudiantiles.
También crece la participación laboral femenina, más mujeres ingresan a la política y ocupan cargos institucionales, aunque sigue habiendo mucho espacio para avanzar, sobre todo en el campo de la participación política y en el mundo empresarial. Faltan más alcaldesas y parlamentarias, faltan más generalas y almirantas, faltan más directoras en las empresas públicas y privadas.
Pero, aun así, existen hoy mayor conciencia y mayores acuerdos que nos permiten debatir, ya no solo sobre la igualdad de capacidades, la igualdad de derechos en la salud, la educación y la participación laboral y política de las mujeres. De lo que se trata ahora es de que el debate nos lleve a avanzar más rápido en la construcción de un mundo más equitativo para mujeres y hombres, con una efectiva igualdad de género.
Pero, con todos estos avances, el mayor problema que las mujeres siguen enfrentando es el de la violencia de género. Aquí hemos presentado avances legales, pero desafortunadamente muy pocos en la realidad de los hechos.
El año pasado hubo más de cuarenta femicidios, y los años anteriores las cifras fueron similares. Es decir, por más que se haya avanzado, los hechos nos indican que la violencia femicida no disminuye sino que, por el contrario, incluso aumenta.
Tenemos una legislación específica que tipifica y eleva las penas para el femicidio, hemos desarrollado una ley que crea alrededor de cincuenta casas de acogida y más de cien centros de la mujer, hemos formado monitores y monitoras y se han hecho campañas para generar conciencia, pero las cifras continúan siendo desoladoras.
¿Qué más necesitamos hacer? Por de pronto, aprobar esta iniciativa de ley, que es el mayor esfuerzo normativo hecho en la materia, de manera integral y no fragmentaria. Es un gran avance en derecho sustantivo, en lo procedimental y en lo orgánico-administrativo.
Pero nada sustituye la movilización y el protagonismo de las propias mujeres. Nadie puede reemplazar a quienes deben ser autoras de su propia historia. Por eso, vemos con orgullo los movimientos que se han potenciado este año, en que las mujeres, sin duda, han tenido un rol protagónico y en que los hombres hemos tenido que aprender a estar a su lado o detrás de ellas, como corresponde a los tiempos de la historia que estamos viviendo.
Y es sobre la base de ese liderazgo que podremos enfrentar y potenciar cambios que nos permitan construir una sociedad más igualitaria, erradicando toda forma de violencia contra la mujer.
Hace veinticinco años Benazir Bhutto , víctima ella misma de la violencia, dijo en la Conferencia de Beijing: ""hoy en día, en la lucha por la liberación de la mujer, no hay cabida para los que no toman partido"".
Nosotros, los socialistas, hace mucho tiempo tomamos partido, con claridad, desde lo más profundo de nuestras convicciones, para reafirmar nuevamente: ""Ni una menos"".";1
"48";"21675";168;2019;7;"PLÁ";"Ministra de la Mujer y la Equidad de Género";"La señora PLÁ ( Ministra de la Mujer y la Equidad de Género).-
Muchas gracias, señor Presidente .
Por su intermedio, saludo a quienes están hoy presentes aquí y agradezco también que la Sala haya permitido el ingreso de Carolina Cuevas, la Subsecretaria de la Mujer y la Equidad de Género.
Es importante recordar que, tal como fue comprometido en el programa de Gobierno del Presidente Sebastián Piñera, y como ha sido reiterado en el último año y medio, una de nuestras prioridades es avanzar hacia una sociedad de tolerancia cero con la violencia que afecta hoy especialmente a las mujeres.
Sabemos que es una prioridad compartida de manera transversal y por un amplio sector de la ciudadanía. Un país que reconoce la dignidad de la persona humana y la igualdad ante la ley no puede dejar pasar, no puede tolerar, no puede justificar ni naturalizar aquello que cruza la dignidad de miles de mujeres y las mantiene atrapadas en un círculo de violencia, no pocas veces con su vida permanentemente bajo amenaza.
Desde que se discutió este proyecto de ley, hace tres o cuatro sesiones, hasta hoy, han perdido la vida víctimas de femicidio Genoveva en Quinta Normal; Yaricsa en Chillán, Hellen en Chimbarongo. Y han estado al borde de ser asesinadas, entre otras, Valeria , en Peñaflor; Silvia , en Buin y Daniela , en Huenchulao, todas víctimas de femicidios frustrados.
La última víctima, señor Presidente , es Hellen, de Chimbarongo, quien, antes de ser asesinada, pasó por una verdadera posta buscando protección y justicia. Hellen denunció ante la Fiscalía que era víctima de violencia el 30 de abril de este año. Desde ahí fue derivada el 8 de mayo al Tribunal de Familia, donde le agendaron una audiencia preparatoria para el 12 de junio. Cuando llegó el 12 de junio, la audiencia que originalmente había sido fijada para esa fecha fue reprogramada para ¡el 16 de julio!
Tenemos que recordar que ella hizo una denuncia el 30 de abril, y fue asesinada el 26 de junio.
Es decir, nunca, desde el 30 de abril hasta el 26 de junio, Hellen tuvo la oportunidad siquiera de plantearle lo que estaba ocurriendo con su vida a un juez, a un tribunal, de explicar bajo qué amenaza estaba viviendo ella y su familia.
¿Y por qué este proyecto de ley tiene una especial preocupación por las mujeres? Porque en los hechos de violencia tanto al interior del hogar como en el contexto de las relaciones de pareja, y también respecto de los delitos sexuales, las mujeres son las principales víctimas. Y en eso yo creo que no hay ninguna novedad; ha sido así desde hace siglos. La noticia es que en Chile, desde hace ya varios años, estos delitos dejaron de ser tolerados, dejaron de ser naturalizados.
Durante el año 2018 ingresaron más de 130 mil denuncias por violencia intrafamiliar a la Fiscalía, de las cuales, en 99.800 casos las víctimas son niñas o mujeres. Es decir, el 77 por ciento de las denuncias por violencia intrafamiliar afectan a mujeres.
Y en materia de delitos sexuales -es decir, abuso sexual, violación o estupro- la mayoría de las víctimas también son niñas o mujeres: 86,8 por ciento.
Respecto de los femicidios, cuya calificación corresponde a la ley N° 20.480, publicada en el año 2010 -estamos hablando del asesinato de una mujer perpetrado por el cónyuge, excónyuge, conviviente o exconviviente-, la tasa por cada 100 mil mujeres en Chile es hoy de 0,45.
Aun cuando es una de las tasas más bajas de América Latina, los femicidios corresponden en el país
01
aproximadamente al 6 por ciento de los asesinatos que se registran al año, lo que duplica la tasa de países como Italia, Francia o España.
Y de los 24 femicidios, de acuerdo a la calificación que ya he mencionado, que se han perpetrado en el año 2019, es importante que la Sala sepa, señor Presidente , que 9 víctimas (38,7 por ciento del total) habían hecho una denuncia en algún momento respecto de la violencia de la cual eran objeto. El 38 por ciento de las personas fallecidas por esta causa ya le habían notificado al sistema, sea por la vía policial, por la vía fiscal o por la vía de un tribunal, que estaba siendo víctima de violencia.
Y una de cada cuatro de ellas era inmigrante. Se trata de mujeres que no tenían redes ni respaldo ni un entorno al cual recurrir.
Esas son consideraciones muy importantes.
El proyecto que se está discutiendo en general hoy día básicamente fija un marco jurídico para una política de prevención de la violencia contra las mujeres; perfecciona el acceso a la justicia; modifica la ley que crea los tribunales de familia, para hacer más efectiva la protección a las víctimas de violencia intrafamiliar; establece deberes de prevención para el Estado y sus funcionarios, y reconoce diferentes formas y espacios de violencia: uno, el que hay al interior de la familia; otro, el que puede tener lugar en la relación de pareja, y un tercero, el que se da fuera de la familia o de la relación de pareja.
Aparte de la Ley de Violencia Intrafamiliar, la iniciativa modifica el Código Penal, la Ley de Tribunales de Familia, al Código Procesal Penal y el decreto ley Nº 3.500.
Tal como lo hemos reiterado durante el transcurso de su tramitación, el proyecto, a juicio del Gobierno, requiere enmiendas importantes para cumplir con su objetivo. En tal sentido, esperamos trabajar con la Comisión Especial de la Mujer y la Igualdad de Género del Senado en un texto sólido que se haga eco de los comentarios que hicieron llegar a dicha instancia, durante seis meses de discusión, distintas instituciones que tienen que ver con la prevención, con la protección de las víctimas y, además, con la persecución de los agresores.
El Presidente Sebastián Piñera va a presentar más de ochenta indicaciones a esta iniciativa de ley, las que modificarán varios aspectos del texto actual y recogerán las observaciones planteadas.
Entre otras, se formularán indicaciones respecto de la definición de ""violencia contra las mujeres"", para que se plantee en un lenguaje jurídico y sea coherente con nuestra legislación y también con los estándares internacionales establecidos en los tratados que han sido ratificados por Chile.
Asimismo, se buscará precisar los diferentes tipos de violencia contra las mujeres, para que puedan ser identificados no solo por la ciudadanía, sino en especial por la justicia.
Igualmente, las indicaciones incorporarán elementos para contar con una ley integral, a fin de atender, investigar y fallar causas de violencia contra la mujer. Se establecerá, por ejemplo, el procedimiento que se deberá seguir en los tribunales de familia o en los tribunales penales.
Señor Presidente , agradezco a la Comisión Especial de la Mujer y la Igualdad de Género, que preside la Senadora Adriana Muñoz e integran las Senadoras Ena von Baer , Carmen Gloria Aravena , Isabel Allende y Yasna Provoste , por la especial preocupación que han tenido durante estos meses para escuchar la opinión de fiscales, de representantes de Carabineros y de la PDI, de académicas, en fin, de una serie de personas de sectores que están vinculados de alguna u otra manera con esta causa, y por haber recogido sus experiencias y sus observaciones sobre esta materia.
Termino dando gracias por el respaldo a la idea de legislar sobre este proyecto y, desde ya, por los acuerdos a que se llegue para que las enmiendas respecto de las cuales hay un consenso puedan ser realidad. Todo ello nos permitirá seguir adelante con esta iniciativa, terminar su tramitación, para que se convierta efectivamente en ley de la república lo antes posible.
Muchas gracias.";1
"49";"21675";173;2019;7;"LETELIER";NA;"El señor LETELIER.-
Señor Presidente , hay muchas formas de violencia en la sociedad: de lenguaje, psicológica, física, económica, obstétrica. Todas ellas son contra la mujer y sabemos que existen.
La violencia es una expresión del uso del poder, lo cual es propio de una sociedad que no reconoce a todos sus integrantes con igualdad de condiciones.
Es evidente que esta ley en proyecto, por desgracia, es necesaria, porque vivimos en una sociedad donde el Estado debe asumir su responsabilidad frente a los hechos de violencia brutales que ocurren en nuestro país.
Varios Senadores han mencionado casos de femicidio. Son innumerables los actos de violencia cotidiana que acontecen.
A partir de lo que mencionaba la Ministra , quiero referirme al caso de la joven veinteañera de Chimbarongo, el de Helen. La situación es más dramática de lo que dicha autoridad señaló -quizás fueron omitidas ciertas partes de la información que le entregaron-, porque esa muchacha fue objeto de algo que todavía no cubre la Ley de Violencia Intrafamiliar: los actos de violencia cometidos por los convivientes, los pololos...";1
"50";"21675";175;2019;7;"LETELIER";NA;"El señor LETELIER.-
Quiero decir los pololos, las parejas. En estas relaciones hoy en día se genera una gran cantidad de actos de violencia brutales.
Siendo nada más que eso, hago un llamado a una Senadora de las bancas de enfrente a que vote a favor de la idea de legislar, por cuanto la violencia de pololos fue lo que llevó a que a Helen la apuñalaran 52 veces, ¡52 veces!
La otra parte de la información es que ella sí tenía medidas cautelares: hasta la realización de la audiencia, había visitas de carabineros. Pero cuando le postergaron la audiencia, ¡le levantaron tales medidas! Y fue en ese lapso, en que alguien del Poder Judicial determinó esa postergación por un mes, que la asesinaron.
Pero digamos las cosas como son: ¡las medidas cautelares hoy no sirven!
A miles y miles de mujeres se las protege con medidas cautelares para que el hombre abusador no se acerque. Sin embargo, si no avanzamos hacia medidas que vayan más allá de la visita de un carabinero de vez en cuando, no lograremos brindar protección de manera efectiva.
01
Al respecto, creo que es tiempo de que abracemos la propuesta de la Senadora Muñoz y de otros colegas en orden a utilizar la tecnología en esta materia: a los responsables de actos de violencia, que en muchos de los casos son hombres, se les debiera poner brazaletes o aplicar medios tecnológicos para hacerles un seguimiento a través de GPS y evitar que se acerquen a las víctimas.
No puede ser que el argumento de algunos sea que ello es muy caro, que el Poder Judicial no cuenta con dinero para que las medidas cautelares tengan mayor eficacia.
Pienso que los dos puntos planteados, incluir a los pololos y establecer mejores medidas cautelares, son más que suficientes para aprobar este proyecto.
Pero esta iniciativa va más allá.
Estoy seguro de que, sin perjuicio de que se consideren ciertos aspectos declarativos o programáticos, en la discusión en particular podremos avanzar de mejor forma para defender a las mujeres del abuso de poder a manos de hombres que creen que tienen el derecho de ejercer ese poder a través de la violencia contra ellas.
He dicho.";1
"51";"21675";177;2019;7;"DURANA";NA;"El señor DURANA.-
Señor Presidente , el proyecto de ley se enmarca en una decisión de política criminal en orden a erradicar de nuestra sociedad toda forma de violencia contra la mujer.
¡Eso es lo que está pidiendo la ciudadanía y la comunidad!
En el mes de abril del presente año, los ariqueños fuimos testigos del horrendo femicidio de Joice Tello Avilés , mujer ariqueña apuñalada cobardemente por su expareja en plena vía pública.
Necesitamos legislar a fin de que nuestro sistema normativo cuente con una herramienta eficaz para prevenir y generar una cultura ciudadana de respeto a los derechos fundamentales de las mujeres, principalmente su derecho a la vida y a su integridad física y psíquica, libre de toda forma de violencia.
La definición de ""violencia contra la mujer"" contenida en el proyecto de ley la protege no solo en el ámbito público, sino principalmente en el privado, donde, por diversas circunstancias, se dan con mayor frecuencia situaciones de violencia que quedan en la impunidad.
Por lo tanto, es necesario asumir como legisladores nuestra responsabilidad y generar, con la mayor celeridad posible, un ámbito normativo que no solo castigue conductas que merecen unánime repudio social, sino que también sea oportuno y eficaz para prevenir la violencia, sobre la base de una cultura de respeto y construcción de dignidad.
Sin perjuicio de aquello, lamentablemente este proyecto cuenta con marcados rasgos ideológicos. Así lo refleja la propia definición de ""violencia contra la mujer"", contenida en su artículo 2, que dice: ""La violencia contra las mujeres comprende cualquier acción u omisión, sea que tenga lugar en el ámbito público o en el privado, basada en el género y ejercida en el marco de las relaciones de poder históricamente desiguales que emanan de los roles diferenciados asignados a hombres y mujeres, que resultan de una construcción social, cultural, histórica y económica, que cause o pueda causar muerte, menoscabo físico, sexual"", etcétera.
La frase ""relaciones de poder históricamente desiguales entre mujeres y hombres"" está contenida en la propia Convención Interamericana para Prevenir, Sancionar y Erradicar la Violencia contra la Mujer. Pero no necesariamente por figurar en un instrumento internacional significa que para el Estado chileno nazca la obligación de atenerse íntegramente a lo que dicha Convención mencione e, incluso, que deba adoptar las mismas definiciones que ella contenga y, en este caso concreto, utilizar su lenguaje con un marcado sesgo ideológico.
01
En este mismo sentido -finalmente nosotros debemos trabajar en este punto; es lo que la comunidad y la ciudadanía nos pide-, la norma obliga a la identificación de situaciones de vulnerabilidad en las cuales se puedan encontrar las mujeres y determina que diversas entidades del Estado se coordinen para proveer un ámbito de protección que permita enfrentar situaciones riesgosas, en especial, para mujeres que han sido víctimas de violencia anterior.
¡Cuántas mujeres, si hubiesen contado con un sistema de protección en consideración a los hechos de violencia de los que ya habían sido víctimas, hoy continuarían con su vida normal en nuestra sociedad!
Dentro de los objetivos que debemos perseguir con la nueva ley, es necesario prevenir aquellas situaciones que provocan una doble victimización. Para ello se deben regular situaciones tan básicas como el hecho de que la mujer que retira sus efectos personales desde el lugar donde sufre violencia sea acompañada, en todo momento, por Carabineros de Chile. Asimismo, cualquier medida cautelar que decreten los jueces de familia debe ser inmediatamente operativa.
Voy a votar a favor, porque así la ciudadanía lo exige.
Sin embargo, quiero notificar a mi Gobierno lo que han expresado la Senadora Ebensperger y el Senador Moreira, en torno a que en la discusión particular será necesario realizar las modificaciones pertinentes con el objeto de perfeccionar este proyecto, para que no se transforme en un texto puramente ideológico y sesgado.";1
"52";"21675";179;2019;7;"MUÑOZ";NA;"La señora MUÑOZ.-
Señor Presidente , nunca ha sido fácil el debate de estos temas.
La primera Ley de Violencia Intrafamiliar se promulgó el año 1994 y la segunda, el 2005, y hoy día estamos viendo una iniciativa que surgió en el gobierno anterior y respecto de la cual valoro muchísimo el papel que ha jugado la Ministra Isabel Plá al impulsarla con fuerza.
Este proyecto busca ampliar el concepto de violencia hacia las mujeres; sacarlo del ámbito privado en que ha estado establecido en esas dos leyes anteriores, y definir una serie de acciones de violencia que ellas sufren en la sociedad y que ocurren por el hecho de ser mujeres.
Eso significa la violencia de género: una mujer sufre violencia, es asesinada, es violada por su condición de tal.
Aquí se habla de sesgo ideológico. Me refiero a lo dicho por el Senador Durana y también a cierto malestar que percibí en la intervención del Senador Moreira. Pero no sé cuál es la ideología.
¡Cuál es la ideología!
La vida está hablando por sí misma, por sí sola.
Cuando un hombre asesina a una mujer y comete un femicidio, lo hace porque quiere controlar su vida, pues existe la idea de que, si la mujer lo abandona, él tiene el derecho a asesinarla.
Hasta hace muy poco, hasta el año 2010, cuando se promulgó la Ley de Femicidio, estos hechos eran parte de la crónica roja: ""La mataron por arrebato""; ""La mataron por celos"". La única estadística de femicidio (cuando un hombre asesina a una mujer por razones de género) que teníamos en esa época eran las noticias que aparecían en Ña Cuarta, diario que no sé si existe todavía. De ahí sacábamos los antecedentes para poder estudiar los asesinatos a mujeres que estaban ocurriendo en nuestro país.
Entonces, señor Presidente , no sé cuál es el sesgo ideológico que aquí se percibe.
La definición de violencia de género, contenida en el artículo 2 de este proyecto, es un concepto sociológico, una idea que se extrae de la vida y la vivencia cotidiana de las mujeres.
01
¡Quién puede negar que existe un desequilibrio de poder entre un hombre y una mujer!
¡Basta mirar esta Sala hoy día, señor Presidente ! ¡De un total de 43, somos solo 10 mujeres Senadoras!
¿No hay más mujeres capaces en este país para llegar al Senado?
¿No es violento que nuestros partidos pongan barreras para que más mujeres seamos candidatas?
¿No es violento que cuando vamos a un banco a pedir un crédito para una campaña, si no somos casadas, si no tenemos un marido, no se nos otorgue?
Entonces, señor Presidente , esto no se trata de una cuestión de teoría e ideología: ¡es una realidad!
Cuando un ginecólogo no respeta la situación ginecológica de una mujer, le provoca violencia obstétrica. ¡Es violencia y la vivimos muchas mujeres!
Por lo tanto, señor Presidente , aquí no hay un sesgo ideológico. No es ideología plantear que existe un desequilibrio de poder entre hombres y mujeres: ¡es una realidad!
¡Es una realidad que vivimos todos los días: cuando se busca un empleo, cuando se busca ingresar a la política, cuando se intenta hablar!
Muchas de las mujeres que estamos acá hicimos un largo recorrido en política. Costaba pedir la palabra y que nos escucharan. Tuvieron que pasar largos períodos, largos ciclos, para que nos pusieran atención. Me acuerdo que en los primeros años como Diputada , cuando empezábamos a hablar las mujeres, los colegas se iban al baño o se ponían a fumar en la Sala, porque en esa época estaba permitido, y había un murmullo generalizado.
¡No nos escuchaban!
Entonces, señor Presidente , existen muchos tipos de violencia cotidiana.
Ayer en un programa de televisión se mostraba el acoso sexual a las mujeres en el Metro. Es violento para una mujer, para una joven, sentir cómo le hace tocaciones humillantes cualquier tipo que se instala a su lado.
¡Si eso es ideología, quisiera ver cómo se resuelve el punto desde el punto de vista conceptual!
Reitero, señor Presidente, que ha sido muy complejo instalar estos temas desde el año 90. La misoginia siempre está presente; es un elemento de la cultura.
Por eso, valoro este proyecto, aunque creo que le faltan dientes a la definición del artículo 2, con relación a lo que es ""violencia"" y ""género"". Con todo, en su texto figura un concepto sociológico, y existe la sociología jurídica como un instrumento para plasmar decisiones que el Estado debe tomar y que están vinculadas directa y asociativamente con la sociedad.
Nada de lo que ocurre aquí es baladí. Todo lo recogemos de la vida: la delincuencia en las calles, el abuso a menores. Todo es sociedad, todo es cultura. Son comportamientos que la ley trata de corregir.
Entonces, yo no hablaría despectivamente de ese elemento sociológico; al contrario, lo valoraría muchísimo.
Por último, señor Presidente , creo que existe un defecto en la iniciativa, sobre lo cual hemos conversado con la señora Ministra . Habrá que abordarlo en la discusión en particular.
En realidad, no podemos seguir haciendo leyes híbridas sin instrumentos reales y sin recursos ni presupuesto para los operadores de justicia. Lo señalo, porque las dos leyes anteriores, de las cuales soy autora -no reniego-, dada la dificultad política y cultural que hubo al aprobarlas, hoy día son desmoralizadoras para las mujeres que van a reclamar y a poner denuncias en los tribunales, ya que los operadores no cuentan con instrumentos reales para hacerlas efectivas.
Una mujer recorre un periplo humillante en los tribunales: va de una oficina a otra; se le da una respuesta y luego otra. Finalmente, se le otorga una medida de protección, una cautelar, que no se cumple porque nadie puede
01
controlarla ni realizar el seguimiento correspondiente.
Entonces, creo que las potestades que entrega este proyecto a organismos del Estado, tanto a tribunales como a entidades vinculadas a la educación, a la salud, etcétera, tienen que reflejarse en instrumentos reales para que las mujeres puedan sentirse efectivamente acogidas cuando hacen una denuncia.
Es por eso que voy a votar a favor de esta iniciativa, por cierto con las modificaciones tendientes a mayores exigencias para el Estado.
En mi opinión, señor Presidente , cuando contamos femicidios -solamente los contamos-, no estamos actuando realmente y el Estado está cometiendo notable abandono de deberes en la defensa de la vida de las mujeres. ¡Y eso es muy grave!
No podemos seguir...";1
"53";"21675";181;2019;7;"MUÑOZ";NA;"La señora MUÑOZ.-
Concluyo, señor Presidente.
Señalaba que no podemos seguir con una situación en que se hace la denuncia, se pone la cautelar y la mujer termina igualmente asesinada.
Hay un proyecto que hemos reclamado harto. La señora Ministra dice que vamos a ir a Argentina a probar un piloto que existe ahí, no sé si en Mendoza o en Córdoba, pero hasta ahora no hay decisión alguna tendiente a proteger a las mujeres desde el momento en que hacen la denuncia y, producto de ello, reciben medidas cautelares.
Voto a favor.";1
"54";"21675";183;2019;7;"COLOMA";NA;"El señor COLOMA.-
Señor Presidente , una de las cosas más complejas que uno tiene que hacer en esta Sala es ver cómo se armonizan las ideas que están detrás de unas normas con el contenido de esas mismas normas. Y, de una manera distinta, nosotros siempre debemos generar estructuras que manden, prohíban o permitan y que sean claras para los ciudadanos, claras para los jueces, claras para los fiscales y claras para todos los que tienen el áspero ejercicio de hacer justicia en nuestro país. Y eso es parte del debate parlamentario que aquí debe darse.
En función de esa lógica, el proyecto, llamado ""derecho de las mujeres a una vida libre de violencia"" -¡quién puede oponerse a esto!-, junto con generar ciertas normas sobre garantías y acceso a la justicia, en mi concepto bien inspiradas, establece otras disposiciones que, a mi juicio, dificultan seriamente la aplicación de aquellas otras.
Voy a leerlas, para que Sus Señorías visualicen dónde está la objeción que desde el punto de vista personal planteo respecto de los objetivos de la ley en proyecto, particularmente cuando se trata de definiciones que constituyen la base de los delitos que posteriormente se configuran.
La definición de violencia, clave en todo el proyecto, dice: ""La violencia contra las mujeres comprende cualquier acción u omisión,"" -sigamos la palabra ""omisión""- ""sea que tenga lugar en el ámbito público o en el privado,"" -una omisión privada- ""basada en el género"" -imagínense lo que significa para un fiscal interpretar dónde hay una omisión, en el ámbito privado, basada en el género- ""y ejercida en el marco de las relaciones de poder históricamente desiguales"" -se alude a la sociología como parte de la fijación de una conducta que eventualmente puede ser delictual- ""que emanan de los roles diferenciados asignados a hombres y mujeres, que resultan de una
01
construcción social, cultural, histórica y económica, que cause o pueda causar"" -o sea, una omisión que pueda causar, en el ámbito privado- ""muerte, menoscabo físico, sexual, psicológico, económico o de otra clase a las mujeres, incluyendo la amenaza de realizarlas"". Por tanto, una omisión en el ámbito privado, donde existiera la amenaza de realizar algo, un tema psicológico, sería eventualmente causal de delito.
Entonces, señor Presidente, yo quiero ser bien responsable entre lo que uno busca, que es una vida libre de violencia, y la armonía que planteaba la Senadora que me antecedió en el uso de la palabra.
Aquí tengo las veinte leyes que hemos aprobado, al menos con mis votos, orientadas a perfeccionar y mejorar las condiciones de acceso a lógicas de igualdad, pero no en función de eso uno va a generar figuras o eventuales tipos de la naturaleza que establece el proyecto. Por ejemplo, respecto de lo que puede ser la violencia simbólica, yo entiendo que, eventualmente, tengamos que colocarnos en situaciones futuras y generarles un texto, pero ¿qué es un ícono o significado que pueda representar o naturalizar relaciones de desigualdad?
Estas, señor Presidente , son leyes; no son declaraciones de voluntad, no son declaraciones de intenciones. Son mandatos: mandatos a los jueces; mandatos -y perdón que mire al señor Secretario - a los fiscales; mandatos a los ciudadanos. Y los mandatos tienen que ser claros, tienen que ser precisos, tienen que configurar las conductas que uno estima que deben ser juzgadas, perseguidas o bien toleradas, como -y lo dijo la Senadora Ebensperger en su muy buena exposición- puede serlo la galantería. Eso lo dijo ella. Si lo hubiera dicho yo, quizás se hubiera generado algún tipo de repudio.
Por eso, señor Presidente, vayamos más allá de las intenciones.
Y le quiero agregar que la parte final del proyecto me parece bien razonable. Creo que en sí misma está bien construida respecto de una serie de accesos, pero la parte declarativa, la parte conceptual, las definiciones, las formas, que son la clave de todo, están, en mi concepto, en un lenguaje que da para cualquier cosa. ¿Y saben qué pasa? Que, cuando da para cualquier cosa, no sirve para nada. ¡Eso es lo que pasa! ¡No sirve para nada si da para cualquier cosa! Porque una conducta ocurrida en Arica, que conforme a las normas planteadas le genere a alguien una violencia psicológica, puede que en Punta Arenas o en Santiago no tenga las mismas características y los criterios utilizados por los jueces o los fiscales sean distintos.
Entonces, yo los invito -si usted, señor Presidente, me da el minuto que tradicionalmente otorga-...";1
"55";"21675";185;2019;7;"COLOMA";NA;"El señor COLOMA.-
¡Generosamente...!
Gracias, señor Presidente.
Decía que los invito a repensar esta forma de hacer las cosas.
Yo, obviamente, no voy a aprobar la idea de legislar -me voy a abstener-, porque espero -y es lo que me gustaría- que el proyecto vaya a la Comisión de Constitución para una discusión más serena acerca de cómo se conforman ciertas definiciones que no son sociología. ¡Son derecho! Esto genera obligaciones, y genera también expectativas.
Entonces, no pensemos que estamos creando una institución que, finalmente, por su contenido, lo que hará, en la práctica, es desarraigar los resultados de lo esperado.
Por eso, señor Presidente , he querido hacer referencia a un par de normas que, a mi juicio, hablan por sí solas, porque se las he planteado a varios expertos jurídicos, todos los cuales entienden algo distinto de la relación que he planteado.
En conclusión, valoro la parte final del texto, pero creo que en el resto hay que ser mucho más precisos.
He dicho.
01";1
"56";"21675";187;2019;7;"GOIC";NA;"La señora GOIC.-
Señor Presidente , seré muy breve, pues creo que no hay ninguna duda de que debemos legislar en esta materia y, en ese sentido, todavía nos queda -quiero destacarlo- un largo debate particular que permitirá mejorar las normas del proyecto.
Hago presente que este año, tal como indicó la Senadora Aravena, se han registrado -el 2010 se publicó la ley- 24 femicidios. ¿Cuántos frustrados? Y quiero recordar en esta Sala cómo fue la discusión habida en la Cámara de Diputados en ese momento. Estábamos con la Senadora Adriana Muñoz -entonces también Diputada- y fueron las mujeres que llenaron las tribunas las que ejercieron la presión, porque en la Comisión muchos decían ""¿Para qué? ¡No necesitamos una ley!"". Ahora al menos podemos decir que hay femicidios. Y esos homicidios, que se dan en condiciones distintas, de abuso de poder, hoy se contabilizan, existen.
Estamos hablando de una sociedad que cambia respecto de cómo ve la violencia y que declara que la violencia contra la mujer resulta inaceptable.
Por eso pienso que este proyecto de ley es una tremenda oportunidad, no solo para las mujeres que ese día repletaron las tribunas, sino también para aquellas que tantas veces nos dicen ""Tengo que estar con la motosierra al cuello para que me crean"", y para aquellas que han sido objeto de medidas cautelares y, a pesar de ello, corren el riesgo de perder la vida.
Esa es la discusión a la que tenemos que apuntar y para la cual necesitamos marcos jurídicos que respondan.
Por eso hoy día, señor Presidente , con gusto voto a favor, después de varias semanas de que este proyecto ha debido esperar su aprobación general. Y los invito -creo que es nuestra tarea y nuestra responsabilidad- a dar la posibilidad de contar con una legislación que garantice un derecho a las mujeres, que coordine nuestra institucionalidad y que dé respuestas efectivas para proteger a aquellas que temen perder sus vidas frente a la violencia, y para erradicar todas las formas de violencia hacia ellas.
Por todo lo anterior, señor Presidente , reafirmo mi voto favorable a la iniciativa.";1
"57";"21675";189;2019;7;"ÓRDENES";NA;"La señora ÓRDENES.-
Señor Presidente , la discusión de un proyecto de ley de esta naturaleza nos convoca a mirarlo de una manera bien amplia. Y voy a hacer la inflexión solo en la década de los noventa.
La gran demanda de la lucha de las mujeres en pos de la democracia fue que existiera una institucionalidad, que se convirtió en el Servicio Nacional de la Mujer, para que el Estado se hiciera cargo de la inequidad de género y se trabajara en políticas públicas que resguardaran la igualdad de derechos y oportunidades entre hombres y mujeres.
Ahí aparecen algunas legislaciones que me parece importante mencionar y que ya han nombrado varias de las Senadoras que me han antecedido.
En primer lugar, la Ley de Violencia Intrafamiliar, de 1994, que debió ser perfeccionada porque la figura de la conciliación finalmente terminaba atentando contra el objeto que ella pretendía proteger. Bastaba una mirada, en un espacio de conciliación, para que después de la denuncia generalmente no pasara nada.
Así, fuimos trabajando y perfeccionando la legislación. El año 2010 se produjo un tremendo logro, como fue haber tipificado el femicidio, y espero que prontamente avancemos en la discusión de la ""Ley Gabriela"", que amplía dicho concepto.
01
También hay que considerar las estadísticas que se han dado: a la fecha, 24 femicidios que hablan de la expresión más brutal de la violencia contra la mujer.
Pero las legislaciones no lo son todo; son un paso para permear la cultura que ha naturalizado la violencia contra las mujeres. Y, en ese sentido, debemos seguir dando nuevos pasos.
Valoro profundamente esta iniciativa. Y me alegro de que, en general, todas aquellas que estamos en este espacio la defendamos.
Quiero hacer un paralelo haciendo la inflexión en los años noventa. No es casual que la única mujer en el primer gabinete en democracia no tuviera rango de ministra, sino solo de directora nacional de servicio. Ahora tenemos una Ministra de la Mujer y la Equidad de Género.
Creo que los ámbitos y las expresiones de la inequidad no se pueden eludir. Actualmente estamos en un estado distinto. Ahora ya estamos hablando de legislar sobre acoso sexual, acoso callejero, acoso en el ámbito académico, porque, sin duda, son expresiones más sutiles que, efectivamente, hoy estamos visibilizando.
Al final del día, todas tenemos la experiencia común -hablo desde lo personal- de ser mujeres. Y estoy segura de que todas han sufrido algún tipo de experiencia violenta respecto al acoso sexual. No puede ser que parte de lo que se transmita entre mujeres, de generación en generación, sean casi estrategias de cómo sortear intentos de acoso.
Eso es lo que debe terminar. Y una ley integral como esta lo que hace es ampliar el concepto de violencia, fortalecer las políticas públicas en materia de prevención. ¡Si lo que tenemos que cambiar aquí es la base cultural que permite que estas situaciones de violencia ocurran!
Por eso, y porque además creo que la iniciativa responde al compromiso del Estado de Chile con tratados internacionales sobre derechos humanos, en particular la Convención para la Eliminación de Todas las Formas de Discriminación en Contra de la Mujer, ratificada por Chile en 1989, y la Convención Belém do Pará (Convención Interamericana para Prevenir, Sancionar y Erradicar la Violencia contra la Mujer), voto a favor, esperando que el proyecto cuente con el voto mayoritario de todos los presentes en la Sala.
He dicho.";1
"58";"21675";191;2019;7;"CASTRO";NA;"El señor CASTRO.-
Señor Presidente , la verdad es que legislar para evitar la violencia contra las mujeres responde a un sentido común tremendamente fácil, diría yo, de entender. Pero también tenemos que entender que nosotros, como sociedad, vivimos en un mundo machista, lo cual se relaciona mucho con la educación.
Me encantaría que, a propósito de este proyecto de ley, que se va a trabajar y en el que todos tenemos que aportar, entendiéramos que en la educación de nuestros niños, en los colegios, debiéramos ser capaces de tener, a lo mejor, los ramos que fueran necesarios para hablar de lo que significa cuidar a nuestras mujeres.
Todos sabemos que hoy en nuestro país hay más cantidad de mujeres que de hombres; todos sabemos que hay mujeres que son jefas de hogar y que son el pilar fundamental en la crianza de los niños, de la familia, y eso debemos valorarlo, ponderarlo y protegerlo.
Sin duda, todas las mejoras que hagamos para proteger a nuestras mujeres son necesarias. Hay que entender que hoy día nuestras mujeres son las dirigentas de los colegios, son las personas que trabajan en las juntas de vecinos, son quienes hoy toman el control de cualquier actividad donde ellas representan a su comunidad. Y por eso debemos tener la responsabilidad de protegerlas, cuidarlas, quererlas, apreciarlas, y de establecer sanciones que sean realmente ejemplares, de tal manera que nadie se atreva a maltratarlas.
He dicho.
01";1
"59";"21675";199;2024;3;"EBENSPERGER";NA;"La señora EBENSPERGER.-
Gracias, Presidente.
Efectivamente, las cuatro indicaciones que presenté son nuevas, de manera que se requiere la unanimidad de la Sala. Si no, no se pueden incorporar. Son indicaciones que no van al fondo de la iniciativa, sino que simplemente la mejoran, según lo que nos han señalado algunos abogados y también la Secretaría de la Comisión.
En el artículo 6 simplemente se reemplaza la palabra ""acción u omisión"" por ""toda conducta"". No cambia nada más que eso porque ""conducta"" es un concepto más amplio.
En el inciso octavo, que yo votaba en contra, se sigue la misma frase que se usa en todo el proyecto, cambiando la expresión ""las medidas de prevención de la violencia de género"" por ""las medidas de prevención de la violencia en contra de la mujer en razón de su género"", que es como se utiliza en la Convención de Belem do Pará y que nosotros ocupamos como base. Si se mantienen las medidas de prevención de violencia de género, estas pueden ser de cualquier tipo de violencia de género, no necesariamente a las mujeres, niñas y adolescentes.
La tercera indicación es para agregar la palabra ""niño"" en un tema tan importante como el que ahí se señala.
Y en el inciso cuarto del artículo 20 se agrega a la expresión ""mujeres"", como lo habíamos hecho en otros artículos, la frase ""niños, niñas y adolescentes"", para incluirlos en eso.
Esas son las cuatro indicaciones. Ninguna modifica el fondo del proyecto, sino que lo corrige, pero, como digo, su incorporación requiere unanimidad, que el Presidente debería recabar. Si no la hay, se descartan altiro cuatro votaciones.
01
Gracias, Presidente .";1
"60";"21675";203;2024;3;"PASCUAL";NA;"La señora PASCUAL.-
Presidente , yo levanté la mano para no dar la unanimidad con respecto a las indicaciones nuevas, puesto que el proyecto de ley lleva más de un año en Comisiones unidas y tuvimos una nueva sesión el día lunes. Por lo tanto, la verdad es que no las amerita, digamos.
Otra cosa es la propuesta de ordenamiento de las votaciones. Obviamente, estoy a favor de que puedan agruparse para que haya una votación más económica.";1
"61";"21675";206;2024;3;"NÚÑEZ";NA;"La señora NÚÑEZ.-
Presidente , yo recojo un punto que planteó la Senadora Pascual respecto a que tuvimos recién sesión y lógicamente uno podría esperar que hasta allí, por cierto, se pudieran agregar indicaciones; pero también es cierto que hasta este momento eso se puede hacer.
Creo que, a días de conmemorarse otra vez el Día Internacional de la Mujer, lo que no puede pasar en el Congreso Nacional, porque mañana eventualmente esto se ve en la Cámara, es que -y lo voy a decir de una manera bien coloquial- ""nos mandemos el papelón"" de que nuevamente, por cuestiones de trámites y falta de tiempo, o porque no están todos los Senadores y Senadoras presentes, oficialistas y de oposición, no podamos despachar este proyecto.
Ojalá que se pudiera facilitar todo esto; recoger las indicaciones que propone hoy día la Senadora Ebensperger; que tengamos un trámite lo más expedito posible, a propósito del tiempo -porque hay normas de quorum-; que, por ejemplo, votemos todo aquello sobre lo que no se haya pedido votar por separado, y que luego, evidentemente, entremos a discutir uno por uno los artículos.
Gracias, Presidente .";1
"62";"21675";222;2024;3;"NÚÑEZ";NA;"La señora NÚÑEZ .-
Presidente , entiendo que partiremos obviamente por las solicitudes de votación separada, porque pueden incidir en el resultado. Pero después de que nos pronunciemos acerca de eso, ¿habría que entender que el resto sería aprobado? ¿O vamos a tener una sola votación respecto de esas cuarenta y siete proposiciones?";1
"63";"21675";230;2024;3;"EBENSPERGER";NA;"La señora EBENSPERGER.-
Presidente, a mí lo que me preocupa es lo siguiente.
¿Por qué pedí votación separada del inciso primero? Porque es redundante y peligrosa la frase que contiene, por las siguientes razones. Uno, es como si en el Código Penal nosotros pusiéramos ""se prohíbe el asesinato de hombres o de mujeres"". Ese es un hecho prohibido per se. Podría decirse que eso es redundante, y está bien. Pero además, como se encuentra redactado el inciso, al decir ""Toda mujer tiene derecho a una vida libre de violencia"", le estamos entregando ese derecho a la mujer, lo que, por cierto, puede hacer nacer la responsabilidad extracontractual que tendría el Estado respecto de cada mujer agredida cuando alguien la ataque con violencia, por una falta de servicio, porque el Estado no estaría cumpliendo el derecho que se asegura acá. Si este Senado está consciente de esa responsabilidad extracontractual, okay. Porque a renglón seguido, en el resto del artículo, se habla claramente del objetivo de la ley, que es prevenir, sancionar, erradicar la violencia contra toda mujer en razón de su género.
Pero, reitero, la declaración primera -y que, por cierto, todos compartimos-, en que se dice que ""Toda mujer tiene derecho a una vida libre de violencia"", al estar en esta norma hace nacer la responsabilidad extracontractual del Gobierno, por falta de servicio, en caso de que una mujer el día de mañana sufra violencia. Y eso puede ocurrir.
Vuelvo a decir: esa es la razón, Presidente, por la que hemos solicitado votación separada.";1
"64";"21675";232;2024;3;"ALLENDE";NA;"La señora ALLENDE.-
Presidente , me alegro de que haya un buen ánimo. Me parece sumamente importante lo que sucede porque este proyecto lo hemos trabajado por largo tiempo, primero en la Comisión de la Mujer, y después, en Comisiones unidas. En definitiva, ha sido un proceso complejo, por lo que quisiéramos, obviamente, la mejor legislación y poder decir como país, más aún en la cercanía de este aniversario, el 8 de marzo, que ""al menos somos capaces de contar con una ley marco que pueda prevenir, sancionar, erradicar la violencia contra la mujer"".
Dicho aquello -y por eso me alegro de que en definitiva tengamos esa buena disposición-, lo que señalaba la Senadora Luz Ebensperger lo puedo entender. Ella está de acuerdo con el fondo, pero tiene la duda que ha planteado.
Sin embargo, la verdad es que a mí me parece que está bien establecer como declaración básica que ""Toda mujer tiene derecho a una vida libre de violencia"", que eso esté enmarcado. Ahora, si ocurre que hay violencia -siempre la habrá, porque en ningún rincón del mundo se han erradicado la violencia y los femicidios, desgraciadamente-, no significa que el Estado vaya a ser demandado a cada instante, porque esto ocurre con las mujeres, también con otras políticas sociales donde se dice que se tiene que asegurar la educación, en circunstancias de que nosotros sabemos que hay situaciones en las cuales no se asegura, tampoco en materia de salud, etcétera.
En resumen, Presidente , creo que está bien que se ponga tal cual, como artículo 1, justamente el objetivo de la ley. Creo que es sumamente importante decir ""Toda mujer tiene derecho a una vida libre de violencia"". Considero que ese es el enunciado número uno, fundamental, y yo lo dejaría.
No sé si la Senadora Ebensperger se allana a lo que estoy señalando -por su intermedio, señor Presidente -, porque estimo que es bueno dejar esa declaración ahí.";1
"65";"21675";240;2024;3;"EBENSPERGER";NA;"La señora EBENSPERGER.-
Gracias, Presidente.
Hemos pedido esta votación separada porque entendemos que la letra c) es innecesaria, ya que la violencia sexual está claramente sancionada en nuestro ordenamiento jurídico, tal como lo establecen los artículos 150 D, 161 C y 363 a 372 ter del Código Penal, además de disposiciones similares en el Estatuto Administrativo y el Código del Trabajo.
Por su parte, la letra f) es extremadamente amplia y puede dar lugar a situaciones difíciles de configurar. En todo caso, las personas afectadas en sus derechos fundamentales por la actuación de un órgano público siempre van a tener la posibilidad, porque así lo establece nuestra Constitución y las leyes, de recurrir a la acción de protección para restablecer el imperio del derecho.
Y la hipótesis de la letra h) también está regulada en la legislación que recientemente aprobó este Congreso a través de la ley Nº 21.643, que modificó el Código del Trabajo y otros cuerpos legales en materia de prevención, investigación y sanción del acoso laboral, sexual o de violencia de género.
Por esos motivos pedí la votación separada.
Voy a votar en contra de estas tres letras, Presidente , por las razones expuestas.";1
"66";"21675";242;2024;3;"PASCUAL";NA;"La señora PASCUAL.-
Presidente, muy breve.
El objeto de esta legislación -y debo recordar que el mensaje que le dio origen es de noviembre de 2016, bajo el Gobierno de la Presidenta Michelle Bachelet - es precisamente generar una ley integral. Por lo tanto, se trata de una definición y un aporte legal para poder hacer más acciones en términos de prevención de la violencia, de distintas manifestaciones de violencia.
Y lo que se pide hoy día es votación separada respecto de manifestaciones de violencia que son bastante
01
relevantes; entre ellas, la violencia sexual.
Por ende, convoco a mis colegas a votar a favor las letras sobre las cuales se pidió votación separada.";1
"67";"21675";249;2024;3;"EBENSPERGER";NA;"La señora EBENSPERGER.-
Gracias, Presidente.
Pedimos esta votación separada solamente para manifestarnos en contra de la palabra ""omisión"" en la letra i) del artículo 6. En esta norma se habla de la ""violencia gineco-obstétrica"". Claramente, si se mantiene la expresión ""omisión"", se va a abrir todo un debate sobre la objeción de conciencia en la interrupción del embarazo, objeción de conciencia que hoy día es permitida en nuestra legislación. Incluir la palabra ""omisión"" en esta definición va a dar lugar a interpretaciones, y algunos van a interpretar, a partir de la aprobación de esto, que ya estaría derogada la objeción de conciencia en la realización de abortos por tres causales.
Eso, Presidente .";1
"68";"21675";256;2024;3;"EBENSPERGER";NA;"La señora EBENSPERGER.-
Gracias, Presidente.
Esta solicitud la voy a retirar; la planteé solamente para hacer el punto, una vez más, de que me parece que este inciso es redundante y lleva a una mala técnica legislativa, porque todas las facultades que contempla ya están en la legislación vigente: en la ley Nº 20.820, que crea el Ministerio de la Mujer, en lo relativo a sus atribuciones, entre los artículos 1º y 4º.
Hago el punto de que esta es una mala técnica legislativa, Presidente. Pero, en aras del tiempo, voy a retirar la solicitud de votación separada.";1
"69";"21675";266;2024;3;"EBENSPERGER";NA;"La señora EBENSPERGER.-
Gracias, Presidente.
Hemos pedido esta votación separada porque creemos que es importante eliminar la expresión ""sensibilización"" en las letras a) y e). La sensibilización debe ser el resultado de la capacitación y las campañas de difusión, pero no se puede exigir por sí misma, dado que es un concepto extremadamente subjetivo, respecto de lo cual va a haber siempre problemas de interpretación. Y así la ley se termina convirtiendo en letra muerta.
La última oración de la letra a) del artículo 9, que también hemos pedido votar por separado, habla de considerar la perspectiva de género, pero este concepto no está definido en ninguna norma. Entonces, volvemos a hacer algo subjetivo, respecto de lo cual existen distintas definiciones, y políticamente todos tenemos una percepción o una interpretación distinta de cómo debe definirse.
Cuando se habla de perspectiva de género en una ley, al menos debiera haberse definido qué se entiende por tal, para que sea una norma clara y no dé lugar a equívocos el día de mañana.
Por eso hemos pedido estas votaciones separadas, Presidente .
Gracias.";1
"70";"21675";270;2024;3;"PASCUAL";NA;"La señora PASCUAL.-
Gracias, Presidente.
Sí, disculpe. También había pedido intervenir en el punto anterior, pero asumo que hay que requerirlo vía el botón indicado. Gracias.
Yo quiero argumentar a favor, en primer lugar porque difiero de la interpretación hecha por la Senadora Ebensperger . La palabra ""sensibilización"" se utiliza en materia de educación, de capacitación, frente a fenómenos como la violencia de género, pero también respecto de otras manifestaciones. No sería necesario omitirla, puesto que precisamente se trata de generar ámbitos de difusión sobre los derechos de las mujeres, la capacitación en estas materias y, por cierto, el ejercicio de la sensibilización sobre tales temáticas.
Respecto de la última oración del mismo literal a), hago presente que la perspectiva de género está definida en la ley que crea el Ministerio de la Mujer y la Equidad de Género. En ese ámbito lo que se entiende es la situación cultural de discriminaciones, presiones e incluso violencias que pueden vivir de forma diferenciada las mujeres y los hombres; por lo tanto, no es algo que sea (entre comillas) interpretable. Distinto hubiera sido si a la perspectiva de género se le hubiera puesto más y más apellidos. Pero en este caso está resguardado por la ley del Ministerio.";1
"71";"21675";272;2024;3;"EBENSPERGER";NA;"La señora EBENSPERGER.-
No voy a rebatir nada; ya di mi explicación.
Simplemente quiero hacer presente que esta petición y la siguiente pueden votarse juntas, porque se refieren al mismo tema: la palabra...";1
"72";"21675";281;2024;3;"EBENSPERGER";NA;"La señora EBENSPERGER.-
Presidente, mi solicitud se refiere a lo mismo que en un par de peticiones anteriores. Esto solo tiene por objeto hacer un comentario al respecto, el punto político; pero la voy a retirar.
Las atribuciones que aquí se señalan o las obligaciones especiales que se entregan al Ministerio de la Mujer ya están en los artículos 1° a 4° de la ley Nº 20.820, que crea al Ministerio de la Mujer; por lo tanto, es una mala técnica legislativa volver a repetirlas.
Hecho el punto, retiro la solicitud de votación separada.";1
"73";"21675";287;2024;3;"EBENSPERGER";NA;"La señora EBENSPERGER.-
Presidente , en el mismo sentido de lo señalado en las peticiones anteriores, no existe actualmente consenso sobre todos los aspectos que incorpora la doctrina en cuanto a la perspectiva de género. Se trata de una doctrina en la que hay disparidad de criterios. Dependiendo de la visión que uno tenga, habrá una definición distinta de perspectiva de género. Por ejemplo, la Constitución Política de la República establece que la enseñanza reconocida oficialmente no podrá orientarse a propagar tendencia política alguna. Si bien la perspectiva de género es una doctrina legítima, ella admite -vuelvo a decir- diversas interpretaciones según el sesgo o mirada de sus intérpretes.
Por lo tanto, cuál de esas interpretaciones se le va a dar a la norma; con cuál visión de perspectiva de género se les va a obligar a los profesores a enseñar. Desde mi punto de vista, eso es algo extremadamente ideológico, por cuanto no hay paridad de criterio. Lo que el Estado debe hacer, según mi humilde opinión, es garantizar la igualdad y dignidad entre hombres y mujeres; asegurar la eliminación de toda forma de discriminación arbitraria en contra de las mujeres, y proscribir cualquier tipo de violencia que se funde, obviamente, en razones de género.
Y lo mismo ocurre en la Convención de Belém do Pará. La perspectiva de género en la formación docente y en las orientaciones en todos sus niveles no existe, ¡no existe! ¿Por qué usted va a imponer a los profesores una de todas las visiones que existen?";1
"74";"21675";289;2024;3;"ALLENDE";NA;"La señora ALLENDE.-
Presidente , creo que es bien importante lo que pueda hacer el Ministerio de Educación, porque lamentablemente lo que hoy día presenciamos y lo que nos acompaña como sociedad, entre otras cosas, es la falla que tenemos en la socialización desde muy temprana edad de nuestros niños y niñas; entre otras materias, en el sentido de que la violencia se puede prevenir. Hay que educarlos de tal manera que entiendan que los conflictos no se resuelven por medio de la violencia y que la discriminación hacia las mujeres o la falta de igualdad de derechos hacia las mujeres no es aceptable.
Eso es justamente lo que busca cualquier política de género o cualquier perspectiva de género.
En el ámbito educacional, se debe enseñar que, lamentablemente, vivimos discriminaciones, vivimos violencia, vivimos manifestaciones y una serie de características en las cuales siempre se ve a la mujer sometida, subsumida o víctima de todas las acciones que estoy señalando: violencia psicológica, económica, física, laboral, de distinto tipo.
Entonces, resulta muy importante el rol que va a jugar el Ministerio de Educación. Lo que estamos diciendo en el
01
artículo 12, que es lo importante, es que el Ministerio de Educación va a promover los principios de igualdad de género, la no discriminación, la prevención de la violencia de género, incorporando esta perspectiva en la formación docente.
Hemos hablado muchas veces de un tema actual, que también nos acompaña en la educación: la menor presencia de mujeres en carreras científicas, que es algo a lo que nuestra Ministra de Ciencia se ha referido y que en general estamos tratando de revertir, porque culturalmente, desde una edad muy temprana, y desde hace muchos años, se inculca un modelo en el cual de alguna manera a la mujer más bien se la orienta a temas solidarios, sociales, de salud, de familia, y no científicos, lo cual responde a patrones culturales.
Es muy importante que seamos capaces de romper ciertos moldes, y ahí el Ministerio de Educación juega un rol relevante. Por eso estoy de acuerdo con la norma.";1
"75";"21675";291;2024;3;"PROVOSTE";NA;"La señora PROVOSTE.-
Presidente , quiero contraargumentar la posición que ha señalado la Senadora Ebensperger y reafirmar, como lo ha dicho la Senadora Allende, que efectivamente el ámbito educativo es un espacio privilegiado para romper y terminar con estos mitos sexistas. Y en esto debiéramos estar absolutamente comprometidas no solo las mujeres, sino todos quienes queremos construir una sociedad distinta.
Me imagino que muchas veces la propia Senadora Ebensperger se debe haber visto enfrentada a comentarios del tipo ""¡qué habiloso es el niño!"", o ""¡qué esforzada es ella!"". Esto va constituyendo espacios de discriminación, y por lo tanto la formación educativa en la escuela es un ámbito muy relevante para ir construyendo o deconstruyendo una sociedad en la que históricamente, y a través de los textos educativos, se ha ido reafirmando la división sexual del trabajo, por ejemplo, al colocar una imagen en que el hombre es el proveedor, en que el hombre está en el espacio público y la mujer, en el espacio privado.
Por ende, este artículo es fundamental para ir construyendo, a partir de la esperanza, la base para dejar atrás la discriminación de género como un problema cultural en donde la escuela tiene -y las prácticas pedagógicas, los textos y todo lo que acompaña- un espacio privilegiado para romper y terminar con aquello.
Eso, Presidente .";1
"76";"21675";315;2024;3;"EBENSPERGER";NA;"La señora EBENSPERGER.-
Presidente , aquí me nace una duda, porque el inciso tercero establece una derivación cuando una persona sufre violencia de género en un colegio. Este inciso señala que es el establecimiento el que derivará a esa niña a determinada institución.
Esa derivación, desde mi punto de vista, no la puede hacer el colegio: la debe efectuar el tribunal, una autoridad competente o los propios padres. No puede decidir el establecimiento dónde derivar a una niña que ha sufrido violencia de género. ¿Por qué va a decidir el colegio? Vuelvo a señalar: debiera ser el tribunal que la va a atender, la autoridad competente o, al menos, los padres, y no entregárseles a los colegios esa facultad.
Esa es mi duda, Presidente .
Gracias.";1
"77";"21675";317;2024;3;"PASCUAL";NA;"La señora PASCUAL.-
Presidente , a mí me parece que no brindar la posibilidad de que en una ley integral contra la violencia hacia las mujeres, niñas y adolescentes, en este caso, cuando se produzca una situación de violencia de género, se permita otorgar información respecto de qué instituciones son pertinentes para hacer la denuncia correspondiente, para tener el acompañamiento o todo lo que implique un hecho de esas características, es dañino.
Por lo tanto, desde ese punto de vista, contar con información y, además, poder fortalecer nuestro sistema educacional, porque entiendo que estamos en...";1
"78";"21675";319;2024;3;"PASCUAL";NA;"La señora PASCUAL.-
Sí; siguen siendo obligaciones especiales en el ámbito de educación.
Entonces, como decía, proteger a las víctimas con la derivación a instituciones públicas o privadas para que puedan trabajar los temas que dicen relación con violencia de género lo considero sumamente relevante.
Por lo tanto, hago un llamado a respetar y a mantener la norma tal como viene aprobada desde las Comisiones unidas.";1
"79";"21675";323;2024;3;"ALLENDE";NA;"La señora ALLENDE.-
Gracias, Presidente, porque justamente hice lo que señala.
En efecto, considero muy importante mantener esta orientación por parte del Ministerio de Educación, el cual tiene que, en el ámbito de sus competencias, adoptar todas las medidas necesarias para que los establecimientos educacionales reconocidos por el Estado, en todos sus niveles, puedan detectar y responder oportunamente frente a hechos de violencia de género que afecten a la comunidad educativa, especialmente respecto de niñas y adolescentes. Tienen que disponer de protocolos, de procedimientos objetivos en sus respectivos reglamentos internos. Eso es esencial.
Presidente , todos los días nos estamos enterando por los medios de comunicación -lo están viviendo las familias y lo estamos presenciando- de la violencia que se ejerce sobre niñas en colegios; estamos hablando de colegios públicos, privados, en fin.
01
Creo que es extremadamente relevante mantener esa orientación del Ministerio de Educación.
Frente a la duda que le asalta a la Senadora Luz Ebensperger -por su intermedio, Presidente-, entiendo que el colegio no decide -no obliga, quiero decir-, sino que orienta una derivación, lo cual es muy importante, sobre la base de lo que recoge justamente en las vivencias que se dan en las aulas.
Yo creo que eso es extremadamente trascendente. Incluso hoy día los colegios tienen la obligación de denunciar determinados casos.
¡Cómo no va a ser posible, si el colegio tiene incluso que denunciar -porque es una obligación-, permitirle orientar la derivación a instituciones competentes para casos de violencia!
Creo que ello está plenamente justificado, y deberíamos apoyarlo.";1
"80";"21675";325;2024;3;"SANHUEZA";NA;"El señor SANHUEZA.-
Gracias, Presidente.
El inciso respectivo dice: ""Asimismo, los establecimientos educacionales deberán contar con protocolos y mecanismos coordinados de actuación"". Hasta ahí estamos totalmente de acuerdo.
Pero luego señala: ""y derivación de las víctimas a las instituciones públicas o privadas competentes cuando identifiquen"", etcétera.
Entonces, lo que se hace ahí es mandatar al establecimiento para derivar. Y eso no lo compartimos.
Con todo el resto del artículo, vinculado con establecer los protocolos para la denuncia, con la investigación, con la sanción, estamos absolutamente de acuerdo. Pero, en cuanto a la derivación a otra institución, sea hospital, cesfam, no corresponde darle la responsabilidad al establecimiento educacional.
Esa es la diferencia.
De otro lado, tengo una consulta para el Ejecutivo .
En este proyecto se habla de ""niñas y adolescentes"".
Entonces, me cabe la duda de si eso no va a producir un problema cuando se trate de niños. ¿Se va a argumentar que no están dentro de la futura ley, o quedarán contemplados dentro de otra normativa?
Esa es mi inquietud respecto de los niños en este caso.";1
"81";"21675";327;2024;3;"CARVAJAL";NA;"La señora CARVAJAL.-
Gracias, Presidente.
Seré breve.
Creo que estamos confundiendo las cosas. Aquí hay una derivación, y no solo la potestad que tenga el tutor sobre su pupilo. Esta es básicamente una responsabilidad civil extracontractual, donde, efectivamente, respecto de las
01
niñas que están bajo cuidado, en un establecimiento educacional en este caso, el tutor o quien las represente tiene obviamente el derecho y la posibilidad de derivar a las víctimas a la institución o entidad que considere pertinente para resolver el problema.
Por tanto, esta no es una cuestión de criterio: es una obligación legal establecida en el Código Civil que se llama ""responsabilidad civil extracontractual"".
Es más, el Código Civil la define y da como ejemplo el deber que tiene el tutor respecto de su pupilo en un establecimiento educacional.
Eso es, Presidente .";1
"82";"21675";329;2024;3;"NÚÑEZ";NA;"La señora NÚÑEZ.-
Gracias, Presidente.
En la misma línea, y por lo tanto, haciendo un llamado a votar a favor del informe de las Comisiones unidas, es evidente que hoy día tenemos grandes problemas de violencia, porque no hay derivación, porque nadie se hace cargo, porque estas situaciones se normalizan y no hay un protocolo para abordarlas ni una ley que establezca esto y resguarde a las víctimas.
Entonces, me parece pertinente volver a leer al menos el párrafo, que dice: ""Asimismo, los establecimientos educacionales deberán contar con protocolos y mecanismos coordinados de actuación"".
Entiendo que hasta ahí no hay mayor problema.
Con respecto a la derivación de las víctimas a las instituciones públicas o privadas competentes, permítanme plantear la brecha que existe en los ejemplos. Porque hoy día un niño se cae en un establecimiento y evidentemente lo derivan; no esperan a que se desangre o termine ahí con una fractura.
Y luego se indica que,...";1
"83";"21675";331;2024;3;"NÚÑEZ";NA;"La señora NÚÑEZ.-
... tratándose de víctimas que sean niñas o adolescentes -señalo esto para terminar mi intervención, porque cada uno pide la palabra y habla cuando corresponde-, deberá darse cumplimiento al deber de información dispuesto en el inciso anterior, cuando, como es obvio, las circunstancias del caso así lo ameriten y se asegure la protección de la víctima.
O sea, está expresamente establecido en este proyecto que lo que prima es asegurar la protección de la víctima y no que quede sin ningún resguardo o atención, sea de instituciones públicas o privadas.";1
"84";"21675";333;2024;3;"PROVOSTE";NA;"La señora PROVOSTE.-
01
Presidente , en la misma línea de lo que ha señalado la Senadora Paulina Núñez , efectivamente hoy día los establecimientos educacionales tienen protocolos en materia de accidentes escolares. Nadie cuestionaría que frente a un accidente el establecimiento actuara con oportunidad en la derivación de un niño o una niña que haya sufrido un accidente.
Lo que se establece en el texto aprobado por las Comisiones unidas es la necesaria disposición de procedimientos que sean objetivos, tal como hoy día existe, por ejemplo, en los planes de seguridad escolar, en donde estos protocolos son conocidos por las familias.
Por lo tanto, acá corresponde especificar claramente cuáles son los procedimientos que se van a adoptar, las responsabilidades que tiene el establecimiento y, obviamente, la derivación oportuna de las víctimas a las instituciones competentes, que es lo que espera cada familia frente a una situación en que se vean afectados sus hijos.
Por eso considero importante mantener esta norma tal como viene despachada por la referida instancia.
Eso, Presidente .";1
"85";"21675";343;2024;3;"EBENSPERGER";NA;"La señora EBENSPERGER.-
Presidente, respecto del inciso sexto del artículo 20, queremos que se vote en contra la frase ""cuando las circunstancias del caso así lo ameriten"".
El inciso anterior habla de que las personas que denuncien un hecho de violencia de género deben entregar a las víctimas información acerca de las instituciones dedicadas a la atención y protección ante casos de violencia de género. Aquí sí se trata de la entrega de información, no de la derivación.
Y el inciso siguiente dice que, tratándose de víctimas que sean niñas o adolescentes, deberá darse cumplimiento al deber de información dispuesto en el inciso anterior solo cuando las circunstancias del caso así lo ameriten.
¿Qué significa ""cuando las circunstancias del caso así lo ameriten""? Esto genera una responsabilidad al que deba entregar o no esa información. Se trata de una frase absolutamente subjetiva en cuanto a lo que puedo entender yo que es una circunstancia que así lo amerite y lo que puede entender otra persona.
Vuelvo a decir: la gravedad de ello es que, el entregar o no la información, en estos casos va a generar responsabilidades a quienes debieron haberla proporcionado y no lo hicieron, o que la entregaron no debiendo hacerlo, porque las circunstancias así lo ameritaban.
Solo pido borrar la frase ""cuando las circunstancias del caso así lo ameriten"", y que quede el resto de la norma, con el deber de entregar la información, resguardando y asegurando la protección de la víctima.
Gracias, Presidente .";1
"86";"21675";350;2024;3;"EBENSPERGER";NA;"La señora EBENSPERGER.-
Presidente , en el mismo sentido de otras normas anteriores, voy a retirar esta solicitud de votación separada. La había pedido para hacer el punto en el sentido de señalar que lo aquí se establece es redundante, porque ya está contemplado en la ley N° 21.643, y cuando no se mantienen las mismas redacciones algunas veces se lleva a confusión.
Pero, planteado lo anterior, retiro la solicitud de votación separada del artículo 22,...";1
"87";"21675";357;2024;3;"EBENSPERGER";NA;"La señora EBENSPERGER.-
Gracias, Presidente.
Seré muy breve.
Esta es una norma de rango orgánico constitucional que deja bajo la tutela del Ministerio de la Mujer a órganos constitucionalmente autónomos. La norma parte hablando de coordinación, pero también le establece facultades para hacer seguimiento y exigir el cumplimiento de lo acordado. Los órganos constitucionalmente autónomos que se incluyen y que aquí se dejan bajo la tutela del Ministerio de la Mujer son, por ejemplo, el Poder Judicial , el Ministerio Público, en fin. Y uno podría cuestionar que también queden bajo su tutela otros Ministerios que jerárquicamente están por sobre esa Cartera en la orgánica protocolar y de responsabilidad existente.
Eso.";1
"88";"21675";359;2024;3;"PASCUAL";NA;"La señora PASCUAL.-
Gracias, Presidente.
Yo argumento por la mantención de este artículo. Lo que se busca con él, en primer lugar, es la articulación interinstitucional, antecedente ya establecido en la propia ley que crea el Ministerio de la Mujer y la Equidad de Género a partir del Comité de Ministros y Ministras para la Igualdad. Este no es un rol de jefatura, sino de articulador, y solo le da -el propio artículo lo dice- el papel al Ministerio de la Mujer y la Equidad de Género para convocar a reuniones, para dar seguimiento al cumplimiento de los compromisos que de ahí emanen voluntariamente por las instituciones participantes. Todos los Ministros y las Ministras que han estado en el Comité Interministerial para la Igualdad, en el Gobierno de la Presidenta Michelle Bachelet , en el Gobierno del Presidente Piñera o en este, saben que no se obliga a nadie a generar una normativa, un acuerdo o un compromiso distinto de la naturaleza de dichas instituciones, servicios o ministerios.
Por lo tanto, creo que esto es absolutamente necesario para generar una respuesta más sistemática en relación con la articulación interinstitucional del abordaje de la violencia de género.
Muchas gracias, Presidente .";1
"89";"21675";361;2024;3;"MOREIRA";NA;"El señor MOREIRA.-
Presidente , solo quiero decir que nosotros hemos demostrado, como centroderecha moderna, nuestro compromiso con las mujeres y con este proyecto de ley, y hemos votado a favor la mayoría de sus artículos. Pero, respecto a este último, yo quisiera saber algo de parte del Ejecutivo , Presidente , porque tengo un par de dudas, ya que habría un informe de la Corte Suprema que indicaría -quiero que me digan si eso es así o no- que el Congreso debería tomar atención sobre este artículo.
Yo no sé si en ese informe está de acuerdo o no la Corte Suprema, porque muchas veces hemos visto que el Máximo Tribunal expresa determinada voluntad en sus informes, a favor o en contra. Y quiero saber cómo lo interpreta el Gobierno en este caso.";1
"90";"21675";363;2024;3;"ORELLANA";"Ministra de la Mujer y la Equidad de Género";"La señora ORELLANA (Ministra de la Mujer y la Equidad de Género).-
Muchas gracias, Presidente.
En cuanto a la Comisión de Articulación Interinstitucional del Abordaje de la Violencia de Género, en primer lugar quiero señalar que esto es una respuesta al informe de la auditoría coordinada respecto a la respuesta estatal en la violencia de género de la Contraloría General de la República, que constató una gran descoordinación en la provisión de servicios.
Lo anterior no influye en absoluto en las decisiones judiciales ni en la autonomía del Ministerio Público u otros órganos constitucionalmente autónomos para dirigir el rumbo de las investigaciones, ni, por supuesto, sus decisiones. Esto tiene que ver con la atención y coordinación oportuna en casos que suelen ser muy muy complejos. Es algo que existe desde hace diez años como coordinación, con un convenio que fue firmado el año pasado por el Ministerio Público bajo la nueva gestión del Fiscal Ángel Valencia, en el Circuito Intersectorial de Femicidios.
Es decir, estamos estabilizando una comisión que ya existe para responder a una recomendación de la Contraloría respecto a la dispersión de los servicios y la falta de coordinación que redunda en una falta de acceso a la justicia para las mujeres.";1
"91";"21675";365;2024;3;"NÚÑEZ";NA;"La señora NÚÑEZ.-
Gracias, Presidente.
A propósito de lo que pudieran pensar algunos, aquí no se está creando más Estado; se está coordinando lo que ya existe y que funciona de manera dispersa, diversa, desordenada y descoordinada.
En cuanto a lo que se consultaba recién, quiero poner de ejemplo al Ministerio Público, porque dentro de esta comisión estarían coordinándose para abordar los temas de violencia de género no solo el Poder Judicial , sino también Ministerios como los del Interior, de Hacienda , de Educación, de Salud, de Desarrollo Social y Familia, de Justicia y Derechos Humanos, del Trabajo y Previsión Social, el Servicio Nacional de la Mujer y la Equidad de Género, evidentemente; Carabineros de Chile y la Policía de Investigaciones. Esos son los órganos que se van a coordinar.
Y en el caso del Ministerio Público, que asistió en varias oportunidades a la Comisión de la Mujer de nuestro Senado, no solo hubo, como bien decía la Ministra , valoración de esta coordinación, sino que incluso plantearon
01
que ya estaba bueno que formalizáramos esto, que funciona dependiendo de quién esté de turno en esa institución.
Así que llamo a votar a favor, Presidente.";1
"92";"21675";379;2024;3;"ALLENDE";NA;"La señora ALLENDE.-
Había pedido la palabra antes de que se abriera la votación.
Quiero intervenir brevemente, muy brevemente, porque la verdad es que no entiendo los argumentos. No hay ningún Ministerio que vaya a darle órdenes a otro. Obviamente, aquí estamos hablando de una coordinación. Si hay algo que nos caracteriza como Estado es la dispersión, el fraccionamiento, las repeticiones, las duplicidades.
Efectivamente, de repente no tenemos una buena coordinación para lograr un objetivo esencial, como puede ser la protección a las mujeres y la erradicación y sanción de la violencia hacia la mujer.
Por lo tanto, lo que estamos haciendo es coordinar este enorme listado de instituciones que leyó la Senadora Núñez, que no voy a repetir, pero que todos ustedes tienen en sus escritorios, en la página 83 del comparado, que incluye al Poder Judicial , al Ministerio Público -por cierto, estuvo muy de acuerdo-, a las Policías y a otros Ministerios, como el del Trabajo, etcétera.
Aquí estamos hablando de una coordinación, que es esencial si queremos ser efectivos en la protección integral contra la violencia ejercida hacia las mujeres.
Nada más, Presidente.";1
"93";"21675";396;2024;3;"EBENSPERGER";NA;"La señora EBENSPERGER.-
Simplemente, lo que pretendemos con esta indicación es cambiar, en las letras a) y b) del artículo 6, la expresión ""toda acción u omisión"" por ""toda conducta"", que consideramos más adecuada jurídicamente. Quedaría de la misma manera en que se define, en la letra c), violencia sexual como ""toda conducta que vulnere, perturbe o amenace"", etcétera.
Eso es, simplemente: cambiar, en las letras a) y b), la expresión ""acción u omisión"" por ""conducta"".";1
"94";"21675";398;2024;3;"PASCUAL";NA;"La señora PASCUAL.-
Presidente , en el caso de estos literales, están en absoluta concordancia con las definiciones de la Convención Belém do Pará, y ""conducta"" no es lo mismo que ""acción u omisión"".
Por lo tanto, desde esa perspectiva, yo abogo y conmino a mis colegas a que votemos a favor de mantener la norma como viene.";1
"95";"21675";403;2024;3;"INSULZA";NA;"El señor INSULZA.-
01
Al principio parecía que esto no tenía ninguna importancia, pero ""conducta"" es una acción, creo yo, no una omisión. La expresión ""toda acción u omisión"" me parece más clara que lo propuesto por la indicación.";1
"96";"21675";411;2024;3;"EBENSPERGER";NA;"La señora EBENSPERGER.-
Presidente , ese fue el término que se utilizó en todo el proyecto de ley, respecto del cual yo tampoco estuve de acuerdo en la Comisión. Pero si presento esta indicación es para que la iniciativa quede coherente, porque si usted mantiene la frase tal cual, como ""Objetivos de las medidas de prevención de la violencia de género"", implicaría una referencia a cualquier violencia de género, no solamente contra la mujer. Y este proyecto de ley busca erradicar, prevenir y castigar la violencia contra la mujer producto de su género.
Si un hombre sufre violencia en razón de su género, ese hombre no está protegido por esta iniciativa. Sin embargo, la redacción actual (""Objetivos de las medidas de prevención de la violencia de género"") podría indicar que
01
también está protegido, porque el concepto ""género"" es más amplio que la expresión utilizada durante toda la tramitación del proyecto, que también fue tomada de la Convención Belém do Pará: ""medidas de prevención de la violencia en contra de la mujer en razón de su género"".
Eso es todo, Presidente .";1
"97";"21675";420;2024;3;"EBENSPERGER";NA;"La señora EBENSPERGER.-
01
Presidente , en la Comisión, cuando hablábamos de violencia en los establecimientos escolares o violencia en general, que afectaba a las niñas, la Ministra de la Mujer , presente acá, aceptó agregar en otros artículos también a los niños, para que no quedaran desprotegidos. Y en este artículo no está ese término.
Por eso presenté esta indicación, porque en todo el proyecto de ley incluimos la palabra ""niños"". Y en este artículo no quedó.
Gracias, Presidente .";1
"98";"21675";426;2024;3;"EBENSPERGER";NA;"La señora EBENSPERGER.-
Presidente , en el mismo sentido de la anterior, siempre utilizamos todas esas expresiones en el proyecto. Donde decía ""mujer"", también hablábamos de ""niñas, niños y adolescentes"".
Por lo tanto, la propuesta es que a continuación de la palabra ""mujer"" también se incluyan esos términos.";1
"99";"21675";428;2024;3;"ALLENDE";NA;"La señora ALLENDE.-
Si no me equivoco, y sería bueno consultarle a la Ministra , recuerdo que se puso casi al inicio del proyecto que cada vez que nos refiriéramos a la mujer estaríamos incorporando a niños, niñas y adolescentes. De manera que no es necesario repetir la frase en cada uno de los incisos, porque desde el inicio se dijo que cuando hablábamos de mujer también estábamos incluyendo a niños, niñas y adolescentes; a pesar de que distinguimos lo que son los niños, de los adolescentes, de las mujeres: menor de catorce, entre catorce y dieciocho y mayor de dieciocho.
Señalamos expresamente, no recuerdo en cuál de los artículos, pero al inicio (tal vez la Ministra me pueda ayudar), que se incluían, para no estar agregando cada vez la frase ""niños, niñas y adolescentes"".
Por ello, quisiera que me aclarara la Ministra si estoy en lo cierto.
01";1
"100";"21675";430;2024;3;"ORELLANA";"Ministra de la Mujer y la Equidad de Género";"La señora ORELLANA ( Ministra de la Mujer y la Equidad de Género).-
Presidente , ante la consulta de la Senadora, efectivamente, fue un acuerdo que tomó la Comisión, que yo solo puedo refrendar que así fue. Acá estamos hablando de la protección de niños, niñas y adolescentes como víctimas de la violencia de género, en el sentido de que hemos hablado de cómo dañan a la cuidadora o madre.
Por lo tanto, es pertinente que se incorpore la denominación común de ""niñas, niños y adolescentes"", según fue el acuerdo de la Comisión.";1
"101";"21675";432;2024;3;"EBENSPERGER";NA;"La señora EBENSPERGER.-
Muy breve, Presidente , para aclararle a la Senadora Allende .
Efectivamente, el acuerdo que tomamos en la Comisión fue que cada vez que sucediera aquello se iba a agregar la frase ""niños, niñas y adolescentes"", pero eso no quedó en un artículo, sino que fue un acuerdo de la Comisión. Y en este artículo ello se nos pasó.";1
"102";"21675";435;2024;3;"INSULZA";NA;"El señor INSULZA.-
Yo creo que en las leyes no se economizan términos, dándose por entendido que cuando se habla de una cosa se está refiriendo a cuatro al mismo tiempo.
El texto tiene que decir ""niños, niñas y adolescentes"", o en alguna parte debe señalar que cuando se habla de niños se debe entender que se refiere a niños, niñas y adolescentes.
En verdad, no veo razón para omitir esa expresión. Yo estoy de acuerdo con la indicación.";1
"103";"21675";455;2024;3;"TELLO";"doña Carolina";"La señorita TELLO (doña Carolina) .-
Señora Presidenta, durante años, décadas e incluso siglos, las mujeres de nuestro país hemos luchado por hacer frente a la violencia de género. Esa violencia, que se manifiesta y se ha sufrido de tantas maneras y en tantos ámbitos, durante muchas generaciones fue ejercida sin una protección real del Estado.
Ha sido producto de años de lucha, de años de levantar la voz, que hemos logrado avanzar, paso a paso, en un anhelo que nos parece un piso mínimo en un mundo civilizado: el derecho a vivir una vida libre de toda violencia.
Hoy es un día histórico y que emociona profundamente. En estos momentos es imposible no recordar a tantas mujeres que perdieron su vida producto de la violencia, a quienes han sufrido abuso, acoso o violaciones, y a miles que vieron sus vidas trastocadas por una violencia que no solo fue invisibilizada, normalizada, sino también puesta en entredicho por un sistema que tradicionalmente no cauteló sus derechos.
Este proyecto de ley integral sobre el derecho de las mujeres, de nosotras, a vivir una vida libre de violencia no es solo un paso histórico, sino también es una base en materia de derechos humanos.
La iniciativa, impulsada por la entonces Presidenta Michelle Bachelet y por la entonces ministra y actual senadora Claudia Pascual , cuenta con el apoyo de nuestro Presidente Gabriel Boric y de la ministra Antonia Orellana , quienes le han dado la importancia que se merece.
Hoy, gracias a este proyecto de ley, las mujeres de nuestro país podremos contar con un Estado que nos proteja.
La ley cautela los derechos de las víctimas, evita la revictimización, establece una serie de actos que permitirán proteger la integridad y la vida de las víctimas de violencia; reconoce -esto es muy importantea las hijas e hijos como víctimas de la violencia, porque lo son, y también establece modificaciones en una serie de ámbitos -laboral, familiar, civil
que son avances sustantivos en una cultura que ha violentado los derechos políticos y civiles de las mujeres de
01
nuestro país.
Hoy, tras años de tramitación, contaremos con una estructura integral, interministerial y también entre los poderes del Estado, que consagrará un derecho básico, como es el derecho a vivir libres y sin miedo.
Por todas las que ya no están, por todas aquellas que callaron durante muchos años, por quienes hoy nos emocionamos y se emocionan, esperamos que este proyecto se apruebe de manera transversal.
He dicho.
-Aplausos.";1
"104";"21675";457;2024;3;"BELLO";"doña María Francisca";"La señorita BELLO (doña María Francisca) .-
Señora Presidenta, la democracia implica confiar en las instituciones; pero a las mujeres nos cuesta, porque las instituciones muchas veces nos han fallado, sobre todo porque perpetúan nuestros dolores. Nos fallan cuando 16 mujeres en Iquique desaparecen y la respuesta de las policías fue ir a preguntar a sus familias si ellas estaban en el extranjero ejerciendo trabajo sexual.
Las mujeres exigimos un Estado que asuma obligaciones para prevenir, sancionar y erradicar la violencia hacia las mujeres, no que esto dependa de un gobierno ni de un ministerio.
Nos merecemos un Estado que nos cuide, y para eso las instituciones deben dejar de fallarnos. No queremos más familias destruidas buscando cuerpos de mujeres desaparecidas, como sucedió en los casos de Michelle Silva y de Fernanda Maciel, entre otras.
El proyecto de ley que votaremos hoy imagina una sociedad en la que las formas de relacionarnos entre nosotros no están mediadas por la violencia, por la desigualdad ni por el temor. Las mujeres no resistimos más tener miedo de caminar solas por la calle por miedo a ser víctimas de una violación.
Este proyecto de ley piensa en un Chile en el que niñas, niños y adolescentes puedan vivir libres de violencia de género. Es absurdo seguir creyendo que los hijos y las hijas solo observan la violencia entre sus padres, la violencia intrafamiliar. No, los hijos son víctimas directas de la violencia, lo que repercute en las decisiones que se adopten respecto de su custodia.
Quiero ir más allá. ¡Dejemos de mentirnos, no sigamos insistiendo! Un potencial femicida, un golpeador de mujeres, no es un buen padre; no lo es ni lo será nunca.
(Aplausos)
En este país, ¿cuántas veces una víctima de abuso sexual debe relatar lo ocurrido? ¿Cuántas veces debemos denunciar violencia y no recibir protección? Conocemos casos en los que existen siete denuncias, y el resultado, lamentablemente, es una nueva víctima de femicidio.
Hay casos más reconocidos, como el de Jordhy Thompson, un femicida frustrado, quien paga una multa millonaria, apoyado por su club deportivo, para salir del país y así burlar las medidas cautelares. ¿Dónde está la protección de la víctima? ¿Quién protege a las mujeres en este país?
Entonces, es momento ya de poner el foco en la prevención y en la protección efectiva de las víctimas con medidas cautelares que se cumplan.
Me pregunto, ¿no serán estas situaciones las que desincentivan las denuncias y aumentan la desconfianza?
Es necesario aminorar la victimización secundaria, impulsar la intervención más eficiente y más eficaz del Estado.
Para eso se crea un sistema integrado que favorece el seguimiento de los casos.
01
En medio de la crisis de seguridad por la que atravesamos, este proyecto es una respuesta a todas nuestras inseguridades. Debemos ir rompiendo una cultura machista que hoy debe cambiar. Necesitamos una ley de violencia integral.
He dicho.
-Aplausos.";1
"105";"21675";459;2024;3;"DELGADO";"doña Viviana";"La señora DELGADO (doña Viviana).-
Señora Presidenta, hoy, si aprobamos este proyecto de ley, podremos decir de manera concreta que se ha avanzado en prevenir, sancionar y erradicar la violencia contra las mujeres. Es un grito colectivo de años, que exige el derecho a caminar libres por las calles, sin el miedo que nos impone la violencia de género.
Este fundamental proyecto aborda, define y sanciona la violencia hacia las mujeres en todas sus formas: física, psicológica, sexual, económica, simbólica, institucional, política, y el insidioso acoso en el lugar de trabajo.
Un paréntesis, pero relacionado con este tema. Deseo referirme a la situación que vive nuestra compañera Marisela Santibáñez cada vez que el pastor Soto está fuera de este Congreso. Lo que debió haber ocurrido solo una vez, se ha convertido en algo reiterado.
Quiero destacar especialmente la inclusión del concepto de violencia vicaria, que reconoce a niños y niñas como víctimas directas de la violencia ejercida contra sus madres y cuidadoras. No serán más testigos silenciados; este proyecto les brinda la protección que merecen.
Este proyecto integral no solo da vida a un ambicioso plan nacional contra la violencia de género, sino que también erige un robusto sistema integrado de información sobre violencia de género. Estas herramientas son los cimientos de una respuesta estatal más eficaz y de políticas públicas más sensibles. A modo de ejemplo, se intensifica la vigilancia de las medidas cautelares y se establece la protección de los datos, lo que permite resguardar la confidencialidad de las víctimas.
La violencia es aberrante en todas sus formas, pero más lo es cuando la razón detrás de ella es el género de una persona.
Ante eso, decimos ¡no más! ¡No más silencio, no más complicidad! ¡Ni una menos! Hagámonos cargo de esta deuda histórica y dejemos un legado para las mujeres de Chile.
He dicho.
-Aplausos.";1
"106";"21675";461;2024;3;"URRUTICOECHEA";NA;"El señor URRUTICOECHEA.-
Señora Presidenta, quiero señalar a la ministra que con este proyecto van expandiendo el concepto de violencia, un sistema de planificación central basado en una filosofía de la sospecha, en la que toda relación que se tenga con la mujer, sea horizontal o vertical, esconde una dominación o violencia, como si en el ADN masculino estuviese inserta la violencia. Eso es Foucault, filósofo francés, influido profundamente por Nietzsche, al cual me imagino que usted conocerá al revés y al derecho.
01
Expandiendo el concepto de violencia, obligan a ciertas conductas al ciudadano, bajo sanción penal. Por ejemplo, ¿qué pasa si un médico, el día de mañana, sencillamente no quiere provocar el asesinato de un ser que está dentro del vientre de su madre, es decir, no quiere practicar un aborto? Según este proyecto de ley va a ser castigado.
(Manifestaciones en la Sala)
Hoy, el feminismo no es a favor de la mujer, sino en contra del hombre. La violencia contra la mujer en el feminismo actual y, por lo tanto, en este gobierno, concentra en sus políticas y, por los tanto, en sus subvenciones, un aumento importante todos los años. Son un bolsillo sin fondo, y eso es porque no van a la causa científica de los hechos. Todo tiene que ver con un supuesto dominio masculino.
Les voy a leer una parte del “Decálogo de recomendaciones a los medios de comunicación para el tratamiento de la violencia contra las mujeres”, del Instituto Andaluz de la Mujer. Me imagino que conoce a Irene Montero .
“Nunca buscaremos justificaciones o “motivos” (alcohol, drogas, discusiones). La causa de la violencia de género es el control y el dominio que determinados hombres ejercen contra sus compañeras.”.
Para que exista la violencia del hombre hacia la mujer solo por ser mujer -especialmente difícil de creer en los países desarrollados y con legislaciones igualitarias en todos los ámbitos, como ocurre en Chile-, hay que poner en marcha cinco mentiras sociales. Volvamos, nuevamente, a Irene Montero : magnificar la muerte de la mujer a manos de los hombres; negar la existencia de mujeres violentas; eliminar del conocimiento social otro tipo de violencias y muertes; afirmar, eludiendo estudios sobre las causas reales de la violencia y las muertes, que todas ellas son por machismo, y ampliar hasta el infinito las denuncias por violencia real o instrumental por ampliación de concepto de violencia. Cualquier cosa es violencia, incluso abrir la puerta a una mujer para que pase.
No se va a la causa; aquí no se busca y no se trata de entender si es que en una casa hay drogas o alcoholismo.
Por supuesto, tampoco se habla de la violencia que existe en los hogares donde viven dos mujeres, dos lesbianas.
Ese tema no se toca, porque aquí siempre es el hombre contra la mujer, pero no se habla de la mujer que agrede a otra mujer.
Y para que esto todavía sea más ilógico, se incluye dentro del proyecto la educación no sexista. Eso es parte de la ESI. ¿Qué tiene que ver eso acá?
Hoy, el feminismo no es a favor de la mujer; es en contra del hombre, y es lo que ustedes están haciendo, ministra.
He dicho.";1
"107";"21675";463;2024;3;"MARZÁN";"doña Carolina";"La señora MARZÁN (doña Carolina).-
Señora Presidenta, en mi primer período legislativo, que se inició en 2018, cuando ingresé a la Cámara de Diputadas y Diputados, uno de los primeros proyectos de ley que legislamos en la entonces Comisión de Familia y Adulto Mayor fue esta iniciativa sobre el derecho de las mujeres a una vida libre de violencia.
Han pasado más de seis años desde entonces y las estadísticas son alarmantes. Solo en 2024 llevamos seis femicidios consumados y treinta y tres frustrados. Si sumamos la cantidad de femicidios desde enero de 2017, fecha en que ingresó este proyecto de ley, lamentablemente, sumamos trescientos nueve femicidios. Son mujeres que ya no están con nosotros; madres, abuelas y niñas cuyas vidas han sido arrebatadas de manera brutal.
Hoy, a solo dos días de un nuevo 8 de marzo, fecha en que se conmemora el Día Internacional de la Mujer, ocasión que se ha vinculado con la violencia de género, sobre todo por la cantidad de casos de mujeres que la han sufrido, y luego de transcurridos numerosos 25 de noviembre, fecha en que se conmemora el Día Internacional de la Eliminación de la Violencia contra la Mujer, me pregunto cuántas conmemoraciones más deberán pasar para que se entienda la urgencia y necesidad de este proyecto.
01
Por fin, después de inexplicables dilaciones, se pone en tabla, en tercer trámite constitucional, este proyecto, que me parece de suma urgencia, porque al menos nosotras las mujeres nos vamos a sentir más protegidas. Es un marco legal que nos brindará amparo, generará conciencia y nos va a permitir inculcar desde la primera infancia el respeto mutuo, la igualad de oportunidades, el vivir en paz, en libertad, y, sobre todo, la no violencia.
En lo personal, cuando intervengo, generalmente me gusta darle rostro a lo que estamos legislando; me gusta mencionar situaciones, personas u organizaciones. Esta vez, no quiero nombrar a ninguna mujer en particular. ¿Por qué? Porque los rostros son rostros sin vida. Este proyecto no les va a devolver la vida; ya no las protegió.
Este proyecto llega tarde para todas esas mujeres que ya no están con nosotros; sin embargo, quiero destacar dos aspectos importantes que me parecen relevantes y positivos: que se incorpore a hijas e hijos como víctimas directas de la violencia que viven sus madres o cuidadoras, y la restitución en el Senado de la violencia ginecobstétrica como agravante, eliminada en 2018 en la entonces Comisión de Familia y Adulto Mayor que integraba. La verdad, lo lamento, porque en ese momento no fui capaz, quizás, de defender ese aspecto del proyecto.
Es hora de aprobar este proyecto de ley. Es un paso necesario para entender que solo a través de la educación, la conciencia y el amor, podremos lograr un futuro libre de violencia para las mujeres.
No podemos seguir tolerando esta realidad; no podemos permitir que más mujeres sean víctimas de violencia. Es hora de actuar; es hora de cambiar las cosas.
He dicho.";1
"108";"21675";465;2024;3;"SCHUBERT";NA;"El señor SCHUBERT.-
Señora Presidenta, el artículo 90, número 3, del Reglamento señala que un diputado o ministro incurre, durante el curso de la sesión, en falta al orden si interrumpe al diputado o ministro que habla o hiciere ruido para perturbarle en su discurso.
Señora Presidenta, así como a usted, con legítimo derecho, no le gusta que nadie la interrumpa mientras interviene, creo que es importante que imponga orden en el transcurso del debate de este proyecto de ley, que tiene una fuerte carga ideológica y, por cierto, despierta interés y pasiones. Eso se comprende; de hecho, no estamos todos de acuerdo.
Este es el lugar donde tenemos que respetarnos y discutir, y usted, señora Presidenta, tiene que aplicar el Reglamento. Aquí, un diputado acaba de intervenir, y durante su intervención se le estaba amedrentando. Había diputados que contrariaban todo lo que iba diciendo, o hacían ruido.
Entonces, llame al orden a quien corresponda y aplique lo señalado en el artículo 90 del Reglamento. Este es un lugar de discusión, por lo que le pido, por favor, que haga respetar el derecho a que todos intervengamos, aun cuando no estemos de acuerdo.
He dicho.";1
"109";"21675";467;2024;3;"OLIVERA";"doña Érika";"La señora OLIVERA (doña Érika).-
01
Señora Presidenta, el mundo abrió los ojos respecto de un problema que hoy parece más urgente de solucionar de lo que era hace décadas. La violencia contra la mujer no es un problema de esta década, no es un problema de este siglo o del siglo pasado, sino una realidad que existe desde el origen de los tiempos.
En muchas ocasiones las sociedades se han organizado a partir de la limitación de la participación de la mujer y su sometimiento al cumplimiento de un mero rol doméstico, a la procreación, etcétera.
Vivimos en un mundo occidental que ha avanzado de manera importante en relación con los derechos de las mujeres, realidad que aún miran con desesperanza millones de mujeres de otros países e idiosincrasias, donde todavía a las mujeres se las somete, se las mutila y se las mata. Debemos mirar con preocupación cómo aún en el mundo se tolera esa realidad y se minimiza.
En Chile, sin duda, tenemos mucho por avanzar. El femicidio, año a año, cobra víctimas en todas las regiones del país. Miles de mujeres se ven limitadas en el desarrollo de sus habilidades, de sus profesiones, en perseguir sus sueños. Somos testigos no solamente de violencia en las relaciones de pareja, sino también de violencia doméstica, violencia económica, acoso sexual y también, como lo hemos visto durante el último tiempo, de violencia, maltrato y acoso laboral, situaciones que también existen en el mundo del deporte.
En todos estos ámbitos siempre son mayores los índices de mujeres violentadas que hombres violentados. Se estima que cerca del 25 por ciento de las mujeres han sido víctimas de violencia en alguna oportunidad, pero la brecha entre los hechos y las denuncias aun es marcada. Las mujeres temen denunciar haber sido víctimas de violencia, precisamente, porque temen recibir nuevamente violencia como represalia.
Para cumplir con el anhelo de espacios libres de violencia contra la mujer se requiere una actualización en la forma en que los organismos estatales abordan esta problemática, que muchas veces escapa de la simple destinación de más recursos.
Desde lo judicial, este proyecto de ley introduce mejoras relevantes a fin de que la judicialización de los actos de violencia no se convierta en una carga para la mujer víctima, así como la aplicación de cautelares y restricciones a la aplicación de la suspensión condicional del procedimiento.
Hago un llamado no solo al Congreso, sino a todo el Estado de Chile, porque en muchas oportunidades el Estado de Chile ha abandonado a las mujeres. Hemos sido responsables de la muerte de miles de mujeres en nuestro país y eso no lo podemos seguir permitiendo.
Llamo a votar a favor este proyecto de ley.
He dicho.
-Aplausos.";1
"110";"21675";470;2024;3;"PLACENCIA";"doña Alejandra";"La señora PLACENCIA (doña Alejandra).-
01
Señora Presidenta, todas conocemos a una mujer que ha sido víctima de violencia. Una de cada cuatro mujeres la ha sufrido directamente, según un estudio realizado en 2022 por el Instituto Milenio y la Universidad de Chile. Pero la realidad es implacable, porque muchas mujeres no denuncian, a veces por vergüenza de contar lo vivido, otras porque no creen en la eficacia de las denuncias o porque no tienen acceso a la justicia, lo que hace que muchas niñas y mujeres vivamos con miedo.
¿Qué han hecho nuestra sociedad y el Estado para protegerlas? Hasta ahora, lamentablemente, muy poco, y por eso los hechos de violencia se siguen perpetrando. Por eso, es indispensable aprobar este proyecto de ley, que fue ingresado en 2017 por el gobierno de la Presidenta Michelle Bachelet cuando nuestra actual senadora Claudia Pascual era ministra de la Mujer y la Equidad de Género. Y es indispensable, porque incluye diversos tipos de violencia a los cuales se ven expuestas las mujeres, ya sea física, psicológica, sexual, económica, institucional, laboral o ginecobstétrica. Además, robustece las respuestas institucionales a víctimas y mejora los deberes de los órganos del Estado en prevención, protección, atención y reparación.
Desde que comencé mi período como diputada, me planteé que uno de los desafíos como integrante de la Comisión de Seguridad Ciudadana era visibilizar que la violencia contra las mujeres no compete solo a las mujeres; la violencia de género es un tema de seguridad pública. Muestra de ello es que, en catorce de las dieciséis regiones de Chile, es un tema priorizado en los consejos regionales de seguridad pública. En esa línea, lo importante es dotar al Estado de herramientas para abordar los distintos tipos de violencia que vivimos las mujeres, sobre todo para prevenirla. No puede ser aceptable que la única vez que se visibilice esta violencia es cuando genera daños irreparables e, incluso, la muerte por femicidio.
Antes de terminar, quiero mencionar los testimonios que he escuchado durante nuestro trabajo distrital: la charla sobre violencia intrafamiliar (VIF) que organizamos con las vecinas de La Legua, en San Joaquín; los diálogos a los que nos invitó la ministra de la Mujer y la Equidad de Género, Antonia Orellana , por la “ley papito corazón”, donde escuchamos a las madres y abuelas que sufren violencia económica; a las vecinas de Santiago y Ñuñoa , a quienes muchas veces se desestimaron sus denuncias, y a las mujeres emprendedoras de las comunas de La Granja y Macul , quienes se organizaron para salir adelante con sus familias después de haber vivido distintos tipos de violencia. Para todas ellas, la aprobación de esta ley en proyecto debe significar reparación, porque el Estado está al debe en esta materia y el Parlamento chileno ha tardado demasiado.
Por su intermedio, señora Presidenta, agradezco la decisión del Presidente de la República y de la ministra Antonia Orellana , porque la voluntad política puede lograr acuerdos que permitan dar respuestas concretas y que las mujeres puedan tener un mejor futuro.
He dicho.";1
"111";"21675";472;2024;3;"KAISER";NA;"El señor KAISER.-
Señora Presidenta, respuestas concretas. Que yo sepa, la mayoría de los tipos de violencia que están descritos en este proyecto de ley ya están en el Código Penal. Pero ¿saben qué trae la respuesta concreta? Un carabinero que llega cuando se llama, una comisaría que responde el teléfono cuando hay una emergencia, pero resulta que eso no nos interesa. Vamos a generar una cantidad de burocracia para intervenir culturalmente la sociedad, pero la verdad es que no tenemos el elemento ni siquiera para despachar ayuda a aquellas mujeres que la necesiten en un momento de urgencia. Los fiscales están absolutamente superados y las cárceles están completamente saturadas.
Ustedes hablan de seguridad y de violencia, pero les voy a decir una cosa: no solo las mujeres viven violencia en este momento; los hombres también. Toda nuestra población está viviendo niveles de violencia como no se habían visto jamás, y la ley está ahí. La ley prohíbe matar, la ley prohíbe maltratar; la ley prohíbe, prohíbe, prohíbe, pero no tenemos a nadie que vaya e implemente la ley y castigue a quien la viola.
Aquí nos dedicamos a tramitar proyectos que no hacen más que generar una superestructura ideológica para algo
01
que hace mucho tiempo ya está, pero que no se cumple. ¡No se cumple! Cuando una mujer es violada y quiere hacer una denuncia, no tiene quien la escuche. Sin embargo, la ley dice que el fiscal tiene que escuchar y tiene que actuar. Pero nosotros, en lugar de hacer funcionar el sistema, creamos cada vez más leyes y normas.
No es correcto que todos los hombres sean malos o sean buenos, o que todas las mujeres sean buenas o malas; aquí vamos a encontrar de todo y siempre. Pero lo que sí necesitamos es un trato por parte del Estado que restaure el imperio de la ley y los derechos de aquellos que se ven violentados por terceros.
Entonces, ¿esta ley en proyecto va a recuperar o mejorar la situación? No lo hará, porque no hay nadie que lo haga. Reitero: no hay nadie que lo haga, porque nuestro aparato estatal no está funcionando, porque no estamos persiguiendo a los violadores, porque no estamos persiguiendo a quienes cometen delitos y a quienes matan a los niños en las esquinas de las calles.
Entonces, ¿de qué estamos hablando? ¿Qué estamos vendiendo al público? ¡Humo! Esto es humo mientras no exista la fuerza del Estado para proteger no solo a las mujeres, sino también a los hombres, a los niños y a todos los ciudadanos que viven en nuestro país.
¡Dejemos de vender humo! Muchísimas gracias.
He dicho.";1
"112";"21675";474;2024;3;"SCHNEIDER";"doña Emilia";"La señorita SCHNEIDER (doña Emilia) .-
Señora Presidenta, luego de más de seis años de tramitación, estamos cerca de que la denominada ley integral sobre el derecho de las mujeres a una vida libre de violencia se apruebe y sea una realidad. Este proyecto permitirá que el Estado tenga más herramientas y el deber de prevenir, sancionar y erradicar la violencia de género en sus distintas manifestaciones. Así tendremos un marco general que nos ponga a la altura de estándares internacionales para proteger la vida de las mujeres y la de sus hijos e hijas o niños y niñas a su cuidado.
Qué duda cabe de que este es un proyecto que nos interesa como sociedad, a los hombres, a las mujeres y a todas las personas. Esto no es contra los hombres; es por la justicia y la seguridad de todas y todos.
Esta futura ley nos va a permitir decir con orgullo que Chile es un país un poco más justo. No podría entender que alguien se oponga, que alguien dé la espalda a las mujeres, niños y niñas y rechace este proyecto.
En lo personal, votaré favorablemente, porque el país lleva mucho tiempo esperando esta ley y estoy convencida y creo firmemente que hay un consenso mayoritario en la sociedad en cuanto a que la violencia de género es inaceptable y la debemos combatir con fuerza en todos los espacios.
A quienes se llenan la boca hablando de seguridad, los invito a aprobar este proyecto por la seguridad de las mujeres. Con esta ley la respuesta del Estado a las mujeres va a ser más efectiva.
Y a propósito de este debate, quiero dejar dos ideas sobre la mesa.
La primera es que este debate deja en evidencia que el feminismo no es una ideología perversa, como quieren instalar desde la ultraderecha, sino un movimiento y un conjunto de ideas que pueden salvar vidas, que abren debates e impulsan cambios que hacen que las personas vivan vidas más seguras, con más derechos y más protegidas por el Estado. Y esta ley es un ejemplo de ello.
Y la segunda tiene que ver con que desde hace años las feministas hemos salido a marchar y a manifestarnos en las calles, con amplitud y con creatividad, y si hoy estamos ad portas de que este proyecto se convierta en ley es gracias a esa potencia de la sociedad organizada. Las movilizaciones sociales de los últimos años tienen efectos positivos, porque han acelerado cambios a los que algunos ultraconservadores siempre se han negado y nos parecían imposibles de lograr. La ley integral se demoró años y tuvimos que juntar mucha fuerza para que esto
01
fuera una realidad.
Y a la ciudadanía le quiero decir que vaya a marchar este 8 de marzo en su barrio, en su ciudad o donde sea; que difundamos en redes sociales, que conversemos con nuestros vecinos y vecinas. Demos la pelea; convenciendo se gana y podemos mejorar la vida de la mayoría de las personas.
Además de felicitar al movimiento feminista, quiero felicitar el trabajo de nuestra ministra Antonia Orellana , que se la jugó por construir acuerdos y avanzar en esta iniciativa desde el primer día de su gestión. Gracias, ministra, por su compromiso.
Este proyecto nos permitirá mejorar el acceso a la justicia para las mujeres, para que no haya impunidad o revictimización, y mejorar también las medidas cautelares para que las denunciantes no sigan en peligro. Con todo esto, lo que hacemos es dar certeza a las mujeres para denunciar, porque hoy, lamentablemente, mucha de esta violencia queda en silencio, lo cual cobra vidas.
Voy a votar a favor este proyecto de ley, y así lo haremos como Frente Amplio. Espero que sea unánime. Si no, la gente sabrá quién está en contra de los derechos de las mujeres.
He dicho.";1
"113";"21675";476;2024;3;"CICARDINI";"doña Daniella";"La señorita CICARDINI (doña Daniella) .-
Señora Presidenta, hace siete años que el gobierno de la Presidenta Michelle Bachelet presentó este proyecto de ley, y recién estamos llegando al final de la tramitación de un proyecto que salva vidas de chilenas.
Esta demora que hemos tenido en el Congreso Nacional es una agresión y nos habla de que la postergación hacia la mujer es una realidad que se debe enfrentar. Por lo mismo, se justifica plenamente la necesidad de sacar adelante hoy este proyecto de ley, porque la vida de las mujeres no tiene menos valor.
Existen miles de mujeres que siguen sufriendo las consecuencias de la violencia machista en sus hogares, en los trabajos, en las calles y en las instituciones. Tenemos cifras publicadas del año 2023 que hablan de que una de cada cuatro mujeres chilenas sufrió violencia intrafamiliar.
Bienvenido sea que la aprobación de esta iniciativa ocurra en vísperas del 8M, de una nueva conmemoración del Día Internacional de la Mujer.
Este proyecto busca abordar la violencia hacia la mujer por su género en múltiples dimensiones, y restaurar su derecho a una vida sin violencia, vida que ha sido vulnerada sistemáticamente de diversas formas, como la violencia física, psicológica, económica, sexual, obstétrica, política, etcétera.
Este es un muy buen proyecto, porque además genera una coordinación entre las instituciones públicas y privadas.
Qué bueno, qué bueno que por fin podamos tener esta opción.
¡Cuántas vidas más tenemos que perder para que este proyecto se convierta en ley! ¡Cuántas más Nicole Saavedra , Antonia Barros , Fernanda Maciel , Gabriela Alcaíno tenemos que llorar! ¡Cuántas Marina Cabrera , Catalina Álvarez ! ¡Cuántas como Tiare, Tania , Susi , Marta , de la Región de Atacama, tenemos que perder! ¡Cuántas mujeres tienen que vivir con miedo, con dolor, con vergüenza, con culpa, para que se reconozca su dignidad! ¡Cuánto sufrimiento y muerte de mujeres se necesita para que tomemos conciencia y se nos escuche!
No podemos seguir siendo cómplices de la violencia de género ni indiferentes al sufrimiento. Tenemos la responsabilidad y el deber de evitarlo, por nosotras, por nuestras hijas, por nuestras madres, por nuestras abuelas, por nuestras amigas, por nuestras compañeras, por todas las mujeres que merecen vivir una vida libre de violencia.
Por todas las mujeres que queremos vivir: ni una menos, vivas nos queremos.
01
He dicho.
-Aplausos.";1
"114";"21675";478;2024;3;"GONZÁLEZ";"doña Marta";"La señora GONZÁLEZ (doña Marta).-
Señora Presidenta, sin duda, este es uno de los días especiales en nuestro Congreso Nacional. Estamos ante una iniciativa largamente discutida, largamente esperada, cuya demora en su tramitación ha significado en la práctica que la violencia contra la mujer siga existiendo y que no podamos bajar una tasa negra de femicidios que tenemos en nuestro país, que cada año va en aumento.
Lo anterior da cuenta de que algo no se está haciendo bien. Efectivamente, este proyecto, con una larga discusión, con largas intervenciones, durante tres períodos de gobierno, ha permitido identificar cuáles son los cuellos de botella, cuáles son los nudos críticos que están en la institucionalidad y que no han permitido responder como corresponde a una violencia de género que está instaurada en nuestra sociedad, lamentablemente.
En distintos tiempos, olas de feminismo han evidenciado cuál es este sistema en el que se perpetúa la violencia de género, cómo es este sistema, cómo opera y cómo se desarrolla. Así, se ha ido evidenciando en nuestra sociedad lo que las mujeres han vivido por décadas. Para las mujeres es tan claro y tan nítido cómo se expresa esta violencia en los distintos espacios. Sin embargo, es tan difícil para la institucionalidad dar respuesta a esa realidad y también es tan difícil hoy para unos grupos políticos de extrema derecha entender que efectivamente existe un sistema patriarcal que no permite que las mujeres vivan libres, vivan sin miedo y puedan ocupar todos los espacios que necesiten y deseen ocupar.
Hoy podemos evidenciar que la mayoría de quienes se inscribieron para participar en el debate de este proyecto son mujeres. Nos faltan hombres defendiendo también estas causas, porque esta no es solo una lucha de mujeres; es una lucha de una sociedad completa. No es hombres contra mujeres ni nada por el estilo. No caricaturicen el discurso, no minimicen en esta discusión y no se burlen de las mujeres que están esperando la aprobación de este proyecto.
Saludamos a toda la gente que ha trabajado en esta iniciativa: todas las parlamentarias, todas las senadoras, todas las organizaciones sociales y todas las mujeres que sabemos -cada una en su fuero interno lo sabeque aquí en Chile hay un sistema patriarcal que valida y perpetúa la violencia.
Vamos a seguir dando esta lucha en todos los espacios. Este proyecto viene a destrabar los nudos críticos. Espero que los distintos organismos del Estado lo puedan implementar con celeridad y que, además, cuenten con recursos para ello.
He dicho.
-Aplausos.";1
"115";"21675";480;2024;3;"RIVAS";NA;"El señor RIVAS.-
01
Señora Presidenta, este proyecto de ley, evidentemente, es una iniciativa necesaria. De hecho, ni siquiera debería haber una ley. Debería ser algo de Perogrullo que nadie, ni las mujeres ni nadie, tuviera una vida con violencia, que existiese una vida libre de violencia para todo ser humano.
Sin embargo, quiero hacer hincapié sobre un tema en particular, sobre un artículo de esta iniciativa, que hace referencia a la eliminación de una atenuante, que es la atenuante del artículo 11, número 5, del Código Penal -no recuerdo si es atenuante o eximente de responsabilidad penal-, que considera el obrar por estímulos poderosos que naturalmente produzcan arrebato y obcecación. Se supone que hubo muchas sentencias judiciales que absolvían o les rebajan la pena a femicidas, hombres, que habían agredido o matado a una mujer, a su pareja, basadas en esa disposición. Sin embargo, me llama la atención el hecho de que la eliminación de la atenuante se aplicaría solamente en el caso de que el hombre agreda a la mujer. Es el caso, por ejemplo, de que entre a la habitación un marido y se encuentre con su mujer engañándolo en el acto sexual in situ…
(Manifestaciones en la Sala)
Esas cosas pasan, colegas, y más de lo que, a lo mejor, ustedes creen. Y pasan al revés también.
Continúo. De acuerdo con lo señalado, si quien golpea al hombre, por ejemplo, es la mujer que encuentra a su marido engañándola, se aplica la atenuante. Asimismo, si el marido golpea al amante, se aplica la atenuante. Pero si el marido golpea a la mujer, no se aplicaría la atenuante. Es decir, en algunos casos, la fuerza que produce arrebato y obcecación sí nubla la mente, pero en otros la mente permanece clara y totalmente limpia y permite darse cuenta de lo que se estaba haciendo.
Creo que hay que corregir este tipo de errores, porque si no vamos a aplicar la atenuante o la eximente, hay que eliminarla del Código Penal, no retirarla a través de una ley solo para casos específicos.
He dicho.";1
"116";"21675";482;2024;3;"MUÑOZ";"doña Francesca";"La señora MUÑOZ (doña Francesca).-
Señora Presidenta, en primer lugar, quiero saludar a todas las mujeres, ya que el 8 de marzo se conmemora el Día Internacional de la Mujer, no de las personas menstruantes, término que constantemente ha sido incorporado constantemente en este Congreso en materia legislativa, intentando con ello invisibilizarnos como mujeres.
En relación con el proyecto de ley, deseo valorar el esfuerzo y el trabajo de quienes sí quieren ir en ayuda de las mujeres, evitando la violencia en su contra, así como hacia cualquier persona, porque la violencia es una cruda realidad que se debe erradicar de toda la sociedad.
Sin embargo, quiero expresar mi preocupación por algunas normas que, lejos de otorgar protección integral a las mujeres, imponen visiones ideológicas absolutistas que no comparto, tal como muchas otras mujeres en nuestro país. Es así como el artículo 12, inciso segundo, propuesto, obliga a los establecimientos educacionales a promover una educación no sexista, lo que implica imponer una ideología y filosofía de un sector de la población. Esto, por una parte, limita el derecho a la libertad de enseñanza de los establecimientos educacionales, los que se encontrarán obligados a respetar esta legislación e incluir en sus mallas curriculares este tipo de educación con ideología de género, con todas las concepciones ideológicas que eso conlleva. Además, limita el derecho preferente de los padres a educar a sus hijos, lo cual representa una intromisión grave en la protección de las familias chilenas, que entregan a sus hijos.
Colegas, trabajemos juntos para proteger a las mujeres, promoviendo el respeto por el derecho de todas las mujeres, incluso de aquellas que defendemos la vida desde la concepción, así como el respeto del derecho de las mujeres que están por nacer y el derecho preferente de los padres a educar a sus hijos, mediante rechazar ideologías que confunden y perjudican su desarrollo. El feminismo radical es un atentado contra las mujeres.
Por lo tanto, hago reserva de constitucionalidad del artículo 12, inciso segundo.
01
He dicho.
-Aplausos.";1
"117";"21675";484;2024;3;"BRAVO";"doña Ana María";"La señora BRAVO (doña Ana María).-
Señora Presidenta, por su intermedio saludo a la ministra Antonia Orellana .
A lo largo de la historia, las mujeres hemos debido enfrentarnos a incontables situaciones de violencia que han vulnerado nuestros espacios laborales y familiares, hasta los espacios más íntimos de nuestras vidas, como es aquel en que vamos a dar a luz. Es cierto que hemos avanzado a nivel normativo en erradicarlas, pero se hace insuficiente si no entendemos que estamos ante un problema que debe resolverse de manera integral.
En 2017, durante el segundo gobierno de nuestra Presidenta Michelle Bachelet , el presente proyecto de ley entró en tramitación, es decir, hace casi siete años. Durante este tiempo han aumentado los casos de femicidio que hemos sufrido como sociedad, lo que solo contribuye a perpetuar la violencia que experimentamos, algo que debe terminar hoy.
El proyecto que discutimos busca prevenir, sancionar y erradicar la violencia en contra de las mujeres en razón de su género, incorporando a hijas e hijos como víctimas directas de la violencia que sufren sus madres y cuidadoras.
Esto implica una reformulación del diseño de los programas de atención y reparación que incluya a niñas, niños y adolescentes. Para ello, el Estado tendrá un rol fundamental, para lo que deberá actuar con estándares de debida diligencia, a través de la adopción de medidas oportunas, idóneas y exhaustivas para garantizar el acceso a la justicia, que tanta falta hace, como lo hemos comprobado por los testimonios de tantas mujeres y familiares de víctimas, por ejemplo, de femicidio, casos en que el acceso a la justicia ha sido un desastre.
Hoy, votaré a favor de las modificaciones a este proyecto de ley, porque me parece urgente que se haga realidad.
Las mujeres ya no podemos seguir esperando: merecemos vivir una vida que nos permita crecer y desarrollarnos sin temor, ¡sin temor!, sentirnos seguras al salir a la calle, vivir libres de violencia y, sobre todo, que las niñas de Chile crezcan en un país que las proteja en dignidad y derechos.
He dicho.
-Aplausos.";1
"118";"21675";486;2024;3;"FRIES";"doña Lorena";"La señora FRIES (doña Lorena).-
Señor Presidente, por su intermedio quiero saludar a la ministra Antonia Orellana y felicitar al gobierno por su compromiso por sacar adelante este proyecto, que esperamos se apruebe hoy.
Que toda mujer tenga derecho a una vida libre de violencia. Eso es lo que estamos pidiendo, ni más ni menos.
¿Cómo es posible que después de siete años desde el ingreso de esta iniciativa a tramitación legislativa, bajo el gobierno de la Presidenta Michelle Bachelet , aún no tengamos un marco jurídico que proteja a las mujeres de la violencia cotidiana? Pucha que nos ha costado, señor Presidente; pucha que ha sido difícil que se entienda que los derechos de las mujeres son derechos humanos, algo que parece tan obvio.
La violencia contra las mujeres no es un asunto privado ni un capricho ideológico, sino que es el resultado de una
01
sociedad que nos discrimina por el solo hecho de ser mujeres. El 44 por ciento de las mujeres en Chile son o han sido víctimas de violencia. Eso equivale a cuatro millones y medio de mujeres. Así es, ¡cuatro millones y medio!
Solo en el tercer trimestre de 2023, más del 88 por ciento de las víctimas registradas de violación y más del 78 por ciento de víctimas de violencia intrafamiliar fueron mujeres.
Aun así, fíjese, hay quienes quieren seguir debatiendo después de siete años. Esto es francamente impresentable.
Aún queda camino por delante, y este proyecto es, sin duda, un paso en la dirección correcta. Responde al compromiso del Estado de Chile con los tratados internacionales sobre derechos humanos, en particular con la Convención Interamericana para Prevenir, Sancionar y Erradicar la Violencia contra la Mujer.
Ya no se trata, por tanto, de visibilizar el tema; estamos hartas. Con este proyecto estamos superando la fragmentación legal que impedía ver el continuo de la violencia que nos afecta por el solo hecho de ser mujeres.
Estamos ampliando la noción de violencia, reconociendo las distintas formas que esta adquiere en la comunidad, el Estado y la familia, reforzando las respuestas institucionales y regulando los deberes de prevención, protección y atención a las mujeres frente a la violencia.
En la antesala de una nueva conmemoración del 8 de marzo, dejemos de lado consignas vacías que tanto abundan, especialmente si la seguridad es realmente nuestra prioridad. Seguridad para las mujeres es seguridad para el país.
Por todas las niñas y las mujeres de Chile, por todas las víctimas y sobrevivientes de la violencia, votaremos a favor.
He dicho.
-Aplausos.";1
"119";"21675";488;2024;3;"SANTIBÁÑEZ";"doña Marisela";"La señorita SANTIBÁÑEZ (doña Marisela) .-
Señor Presidente, la violencia hacia la mujer no siempre tiene la misma forma. Violencia hacia una mujer también es acallarla.
(Hablan varios diputados a la vez)
¡Silencio, por favor!
Violencia hacia la mujer también es dejarla a un lado.
Violencia hacia la mujer también tiene que ver con una mujer que puede demostrar ante la ley y un juez de la república que un gurú, un hombre gigante de las comunicaciones, te ha metido la lengua hasta el cuello, con lo cual es evidente que no estabas injuriando. Pero él, a través de los medios de comunicación, ha dejado marcado en tu vida que eres una traficante, una consumidora de drogas. Y eso lo replican varias mujeres para bajar el trabajo que uno sabe hacer.
Sin embargo, no vine a hablar de mí ni tampoco necesito más, porque tengo a Javiera , a Martina , a Yulissa, a Rosario y a Rafaela, que son mis mujeres: mi madre, mi hermana y mis sobrinas, y a Julieta hoy día.
¿Sabe por qué se lo digo, señor Presidente? Porque coronamos este día. Invito a todos los parlamentarios y a las parlamentarias que hoy dicen estar en contra de esto, a todos los que hablan de la violencia de género en el fútbol, a firmar hoy día, porque ya está arriba la comisión especial investigadora por el caso de Cobreloa. Les agradezco a los varones que me apoyaron en esto.
Ahora bien, ¿dónde estaban mis compañeras? Apoyándome desde lejos, porque estaban trabajando en este proyecto de ley. Agradezco, por supuesto, a Claudia Pascual , a la ministra y a la ex-Presidenta Michelle Bachelet .
01
Duele profundamente escuchar que uno no es mujer cuando tiene la voz ronca o cuando habla de fútbol. A uno le duele el abandono, le duele que la traten de histérica o de loca por avanzar en algo, como sucedió con María Elena , que estuvo dos años tratando de demostrarle a este país que hubo una violación masiva al interior de la Casa Naranja de Cobreloa.
He tratado de demostrar, una y otra vez, que el dinero puede bajar el perfil. Así ocurrió con Jordhy Thompson para que pudiese irse al extranjero, tal como decía mi compañera. Así también lo hace un abuelo que abusa de sus nietas y puede cambiar una medida cautelar. Mientras esto no cambie, la violencia va a seguir siendo violencia.
Agradezco la lucha de todas, pero también de todos, porque tengo un padre que me enseñó a respetar y hombres cerca de mí que me han sabido entregar sus conocimientos. Se debe respetar a todos y a todas. Pero hay una fragilidad que nos hace…
-Aplausos.";1
"120";"21675";490;2024;3;"WEISSE";"doña Flor";"La señora WEISSE (doña Flor).-
Señor Presidente, resulta difícil manifestarse en contra de un proyecto que lleva como título el derecho de las mujeres a vivir en un ambiente libre de violencia. Por supuesto que estamos a favor de ello, aunque consideramos que no debiera legislarse sobre estos temas, sino que debería haber un cambio cultural que no haga necesario dictar leyes para diferenciar a hombres y mujeres. La no violencia debiera ser para todos, tanto para hombres como para mujeres.
Desgraciadamente, estamos en una situación en la que se han vivido historias que ameritan legislar en cierto sentido para avanzar en esta materia. Sin embargo, me preocupa que este proyecto se quede solo en retórica, en palabras y no se aplique realmente. Además, estoy convencida de que la protección a las mujeres debió haberse hecho con la legislación existente, pero, lamentablemente, esta muchas veces no funciona, no resulta o no hay compromiso para con ella.
Ahora, si de alguna manera hay una recopilación de normas en todos los ámbitos para proteger a las mujeres, eso suma. Es algo a lo que no podría oponerme, pero sí tengo temor de que esto resulte ser un proyecto que, finalmente, solo persiga instalar y fortalecer una ideología de género que no logre los resultados para todas las mujeres en materia de protección.
Hoy día, los femicidios y la violencia intrafamiliar siguen existiendo. Hay un caso en la comuna de Los Ángeles, en el que una mujer está en riesgo de perder su vida, porque fue golpeada y apuñalada brutalmente por su pareja en un vehículo, y luego fue atropellada por el mismo sujeto en dos oportunidades. Por lo tanto, siguen ocurriendo estos hechos.
El proyecto de ley es muy extenso y lleva mucho tiempo de tramitación. Eso también hay que decirlo: no debió pasar un lapso tan prolongado, por lo que me parece bien que hoy culmine este proceso, que se cierren los espacios. No obstante aquello, se puede seguir discutiendo para perfeccionar la legislación.
Reitero: las situaciones de violencia siguen ocurriendo y la violencia sigue afectando a las mujeres en todas sus expresiones.
Me preocupa la ampliación de la terminología relativa a la violencia, porque se abre un espacio -vuelvo a un análisis ideológico en donde claramente ha sido la izquierda la que ha querido llevar ciertas banderas. Las mujeres de derecha las hemos llevado de la misma manera, sobre todo en mi caso. Hoy día debemos levantar la bandera de la erradicación de la violencia física y de los femicidios, así como también darles autonomía a las mujeres para que puedan trabajar, generar espacios para complementar vida y familia, y en eso hay un riesgo en este proyecto.
Asimismo, me parece, respecto de la violencia institucional, que se abre un espacio para cuestionar a quienes se
01
oponen a defender la vida.
Creo que son temas que hay que hablar, no callar las opiniones.
He dicho.";1
"121";"21675";492;2024;3;"ROJAS";"doña Camila";"La señora ROJAS (doña Camila).-
Señor Presidente, en enero de 2017, la entonces Presidenta Michelle Bachelet presentó este proyecto, y siete años después puede ser ley.
Hay siete femicidios en lo que va de 2024, según la base de datos publicada por la Red Chilena contra la Violencia hacia las Mujeres. Hubo 48 durante 2023, de acuerdo con los mismos estudios.
“Estando en el hogar de los padres del femicida, este la ataca con un cuchillo varias veces provocándole la muerte, introduce su cuerpo en un saco y posteriormente en una maleta. Más tarde le confiesa a su propia hermana el asesinato, quien llama a Carabineros y lo denuncia”. Este es el testimonio en el caso de Ari Salgado, de Maipú.
Es fuerte, es doloroso, pero pasa, y no ocurre solo una vez, sino varias veces durante cada año. Es cierto que este proyecto no asegura que no vayamos a tener más casos de este tipo, pero sí estoy segura de que va a ser un aporte en la prevención, erradicación y sanción de la violencia contra las mujeres que a diario nos afecta.
Son aspectos clave el refuerzo de las medidas cautelares y la ampliación a delitos de violencia de género y agresiones que ocurran fuera de las relaciones afectivas o de convivencia; la incorporación de los hijos e hijas como víctimas directas de la violencia que viven las madres o cuidadoras; la creación de un sistema integrado de gestión y seguimiento de casos, para reducir la cantidad de veces que las mujeres tienen que relatar lo ocurrido y evitar así la revictimización; el fortalecimiento de la obligación del Estado de velar por el debido acceso a la justicia y a la protección de las víctimas en todo el proceso, además del cumplimiento de las medidas cautelares y la garantía de asistencia y representación judicial a víctimas de violencia de género.
Creo que esos cinco puntos son fundamentales para que avancemos en la prevención, erradicación y sanción de la violencia contra las mujeres. No es menor lo que podemos aprobar hoy y que se puede convertir en ley de cara a este nuevo 8 de marzo.
A todas las mujeres de Chile debo decirles que no estamos solas. El proyecto de ley integral contra la violencia hacia las mujeres es un avance y, sin duda, debe convertirse en ley este 8 de marzo, porque es un imperativo. En ese sentido, espero que el apoyo en esta Sala sea contundente.
Evidentemente, queda mucho por recorrer, pero esto es parte de la huella de la larga historia de la lucha de las mujeres. Esto es parte de la huella que esa lucha va dejando.
Quiero decir también, fuerte y claro, que tenemos una ministra, Antonia Orellana , a la cual agradezco su trabajo.
No estamos solas, y se nota. ¡Que sea ley!
He dicho.
-Aplausos.";1
"122";"21675";494;2024;3;"ACEVEDO";"doña María Candelaria";"La señora ACEVEDO (doña María Candelaria).-
01
Señor Presidente, antes que todo, quiero rendir un homenaje a las mujeres detenidas desaparecidas y torturadas, y a todas aquellas mujeres a las cuales les fueron robados sus hijos en la dictadura cívico-militar.
Efectivamente, el proyecto en discusión pretende establecer una ley integral sobre el derecho de las mujeres a una vida libre de violencia. Con ese objetivo se establecen los distintos tipos y expresiones de violencia de género, además de garantizar la tutela estatal, para que la violencia contra las niñas y las mujeres sea prevenida y sancionada. De igual modo, se establecen medidas de protección y de restitución de los derechos vulnerados cuando esta se produzca, así como la generación de mecanismos para erradicar todas las manifestaciones de violencia de género.
Los actos violentos, especialmente los vinculados a cuestiones de género, afectan a los territorios y a sus habitantes, y las mujeres son quienes más sufren esta situación. En la Región del Biobío, en donde se ubica el distrito N° 20, al cual represento, solo en el 2023 fueron recibidas 872 denuncias por abuso y otros delitos, debiendo lamentar además seis femicidios.
Adicionalmente, debo señalar que 7.945 denuncias por violencia intrafamiliar se recibieron en el Biobío en 2023, el 74 por ciento de las cuales fueron en contra de mujeres.
Estos datos cobran aún más sentido tras el lamentable ataque que en la noche del domingo sufrió una mujer de 42 años, de Coronel, quien fue agredida con arma blanca en múltiples ocasiones. A este ataque se sumó un atropello en al menos dos ocasiones por parte de su victimario. Ella se encuentra internada en el hospital regional con riesgo vital.
Es por esto que aprovecho de saludar la designación de Camila Contreras Pereira como nueva seremi de la Mujer y la Equidad de Género en la Región del Biobío, para que lidere la gestión en las respectivas políticas. Le deseo el mayor de los éxitos en su labor. Las mujeres de nuestra región y nuestro país se lo merecen.
Es por estos antecedentes y casos dramáticos que debemos aprobar este proyecto de ley, pues considera un avance trascendental en la protección que debe dar el Estado al derecho de las mujeres a vivir en un ambiente libre de violencia en razón de su género. Esta es una situación que sigue siendo crudamente real en pleno siglo XXI.
Faltan otros desafíos para lograr una plena equidad de género, como legislar adecuadamente en materia de políticas de cuidado y equidad laboral. Por ello, todo avance en la erradicación de la violencia de género es esencial para el futuro de nuestro país.
He dicho.
-Aplausos.";1
"123";"21675";496;2024;3;"BARCHIESI";"doña Chiara";"La señora BARCHIESI (doña Chiara).-
Señor Presidente, pedí la palabra como mujer y ciudadana, porque estamos ad portas de votar un proyecto que tiene un fin loable, pero sumamente ideológico.
En el artículo 1 propuesto por el Senado, se sanciona la violencia en contra de la mujer en razón de su género, lo cual es una contradicción, porque comprende a la mujer en virtud de una cuestión subjetiva, cultural e indefinida, y no en virtud de su configuración biológica, que es precisamente lo que determina que una persona sea mujer.
Esto, lamentablemente, no se trata de una discusión abstracta, pues se incorpora la voz “género” en adición a la orientación sexual, a la identidad de género, entre otros conceptos que cuentan con una concepción más o menos clara a nivel legal, en normas que tienen aplicación concreta, como el Código Penal, la ley antidiscriminación, etcétera.
01
En otro ámbito, las modificaciones propuestas por el Senado contienen definiciones sumamente problemáticas de violencia de género, que permiten considerar cualquier cosa como tal, y, en definitiva, que sean sujetas a sanción.
El artículo 5 define textualmente violencia de género como una conducta que causa “muerte, daño o sufrimiento”.
Los primeros conceptos están claramente definidos en la legislación y en la jurisprudencia; sin embargo, el concepto sufrimiento es vago. De hecho, según la RAE, el sufrimiento incluso puede ser considerado como malestar.
En cuanto, por ejemplo, a la violencia ginecobstétrica, además de definirla de una manera-¡ojo!contradictoria con la “ley Adriana”, que es el proyecto que busca regular la materia, permite que el personal de salud pueda ser acusado de violencia si algún procedimiento es más doloroso o causa malestar.
Finalmente, un punto sumamente grave es que el proyecto impone a todos los establecimientos educacionales reconocidos por el Estado, sin distinción, la promoción de una educación no sexista, lo cual es derechamente inconstitucional, afectando el derecho de los padres a educar a sus hijos y la libertad de enseñanza, pues impone un determinado modelo de educación que no necesariamente es compartido por todas las comunidades y familias.
De hecho, el Tribunal Constitucional fue claro en señalar que esta expresión contradice la Constitución Política, a propósito del requerimiento que recayó en la ley de garantías de la niñez.
Por las consideraciones anteriores y por otras que, lamentablemente, no alcanzaré a abordar, por la presión que se ha impuesto para aprobar rápidamente este proyecto antes del 8 de marzo, llamo a que rechacemos las modificaciones propuestas por el Senado, con el objeto de mejorarlas en una comisión mixta.
Finalmente, vengo en realizar reserva de constitucionalidad respecto del inciso segundo del artículo 12 propuesto por el Senado, dado que infringe el artículo 19, número 10°, inciso tercero, y número 11°, inciso primero, de la Constitución Política de la República.
He dicho.";1
"124";"21675";498;2024;3;"MORALES";"doña Javiera";"La señora MORALES (doña Javiera).-
Señor Presidente, cada quince minutos una mujer sufre una agresión sexual en Chile. En promedio, cada semana una mujer es víctima de femicidio.
Les quiero contar la situación de Magallanes. En Magallanes, seis de cada diez mujeres sufren algún tipo de violencia. Escuchen, ¡seis de cada diez mujeres! La violencia intrafamiliar es el delito más frecuente en la región y las tasas de delitos sexuales son las más altas comparadas con el promedio nacional. De hecho, casi el 30 por ciento de los delitos sexuales investigados son violaciones. Lo peor es que esas cifras, año tras año, aumentan, sin poder ponerle freno a lo que hoy es la crisis de seguridad más grave que existe en mi región.
En Magallanes tenemos calles menos violentas que en el resto de Chile, pero tenemos hogares con violencia contra mujeres y niños. En una región donde la mayor cantidad de autoridades son hombres, por supuesto que se pone cuesta arriba que esto se convierta en una prioridad.
A esas mujeres quiero hablarles, porque que te levanten la mano, aunque sea una vez, no está bien, no es normal, y, probablemente, se repetirá. Por eso, hoy estamos contigo aprobando este proyecto de ley, que fortalecerá al Estado para acompañarte y que, además, te entregará más derechos para dar la pelea judicial. Por ello, por supuesto que lo aprobaremos.
A días de una nueva conmemoración del 8M, déjenme aprovechar esta instancia para manifestar en esta Sala otras deudas importantes que tenemos como país con las mujeres chilenas.
Una de ellas es la socialización de las tareas de cuidado, que sabemos recaen principalmente sobre nuestros
01
hombros. Tenemos la obligación de garantizarle a cada niño y niña el acceso a sala cuna y a jardín infantil. A esas edades, que es cuando más requieren estímulos, es un derecho que estén con sus pares y correctamente estimulados. Los niños no pueden seguir pegados a un celular para que su mamá pueda trabajar. No lo juzgo, porque quienes somos madres sabemos que a veces es la única forma de poder hacerlo.
No es solo por los niños y niñas, sino también por nosotras. Por supuesto que la ley de responsabilidad parental y pago efectivo de pensiones de alimentos fue un avance importante, que no me canso de celebrar, ministra Orellana , pero sabemos que con las puras pensiones no alcanza. Las mujeres tenemos el derecho a desarrollarnos laboralmente, y la maternidad no puede ser un impedimento para ello.
Nosotras también aportamos. No se olviden de que nuestra entrada al mercado laboral genera crecimiento, tan escaso durante las últimas décadas.
Para finalizar, quiero parafrasear a la comediante Alison Mandel en el Festival de Viña del Mar, quien dedicó su gaviota a todas las comediantes que al ser madres piensan que nunca podrán retomar su vida laboral. La verdad es que no son solo las comediantes, porque todas lo hemos sentido. Yo también lo sentí durante el embarazo y los primeros años de mis hijos.
Es nuestro deber garantizar el acceso a sala cuna a todos los niños y a todas las niñas de Chile.
Por ellos, por las mujeres y por el país completo, aprobaré este proyecto.
He dicho.
-Aplausos.";1
"125";"21675";500;2024;3;"CARIOLA";"doña Karol";"La señorita CARIOLA (doña Karol) .-
Señor Presidente, saludo, por su intermedio, a todas mis compañeras de lucha que están mirando este debate, porque gracias a ellas hemos logrado avanzar en esta y en otras materias. Al movimiento feminista le agradezco por no bajar los brazos, mucho menos la cabeza, ante la violencia patriarcal y machista.
Este proyecto fue ingresado hace más de siete años por la entonces Presidenta Michelle Bachelet y la primera ministra de la Mujer, Claudia Pascual . Por ello, hoy saludo y valoro el esfuerzo de la ministra Orellana por reimpulsarlo y poner cariño y esfuerzo para que, de una vez por todas, podamos conmemorar este 8M con una ley que tanta falta nos hace.
Cada día, cada mes y cada año que pasa es un día más que llegamos tarde para poder evitar una nueva víctima de la violencia machista.
Este es un paso fundamental para reconocer las distintas formas de violencia que existen en nuestra sociedad, producto de la necesidad de dominación que ejercen algunas masculinidades hacia nosotras.
La violencia no es solo un golpe en alguna parte del cuerpo, sino también el menosprecio, el ninguneo, el control, la cosificación, la apropiación de nuestros logros. ¡Todo esto también es violencia! Por eso es fundamental reconocer la violencia económica, institucional, psicológica, sexual, política, ginecobstétrica y todas aquellas formas de violencia que se ejercen contra nosotras.
Hoy damos un paso, como muchos otros que hemos dado, como cuando reconocimos, por ejemplo, el femicidio como todo crimen de odio contra las mujeres por razones de género.
La ley integral que hoy estamos llevando adelante se viene a hacer cargo de muchos de los vacíos legales que hemos debido enfrentar, pero sobre todo se viene a hacer cargo de que no tengamos que seguir contabilizando, año tras año, más femicidios.
01
Las mujeres somos asesinadas, porque una forma de violencia lleva a otra forma de violencia, y la peor de ellas es el femicidio. En 2023, según datos del Servicio Nacional de la Mujer (SernamEG), tuvimos 41 femicidios consumados y 221 frustrados. Esto no puede seguir siendo naturalizado.
Por eso es que hoy, más que nunca, hago un llamado a mis colegas a no caricaturizar esta iniciativa, a no caricaturizar al movimiento feminista.
Quiero señalar a aquellos diputados que han intentado decir que el feminismo es un atentado contra las mujeres, que lo único que busca el feminismo en nuestra sociedad es erradicar todas las formas de violencia y alcanzar la igualdad de oportunidades para hombres y mujeres. Las mujeres jamás les haríamos a los hombres lo que por años nos han hecho a nosotras.
He dicho.
-Aplausos.";1
"126";"21675";502;2024;3;"MEZA";NA;"El señor MEZA.-
Señor Presidente, es difícil no ver ideología o división en una discusión cuando se dice, parafraseando a la diputada que me antecedió en el uso de la palabra, que jamás harían a los hombres, como un todo, lo que los hombres les han hecho a las mujeres. Creo que ese tipo de generalizaciones no ayudan a que tengamos un debate con altura de miras y no ayudan a que tengamos un debate libre de las ideologías que algunos pretenden ocultar.
Cuando nos enfrentamos a un proyecto como este -lo veo desde una perspectiva personal-, pienso en las múltiples oportunidades en que, por ejemplo, a mi mamá se le apaga el teléfono cuando viene de visita a mi casa y a ver a mis hijos, porque ella tiene la costumbre de no cargarlo regularmente. Entonces, me pregunto si le habrá pasado algo, y me desespero. Creo que muchos de nosotros hemos tenido esa sensación, porque, además, como ella viene del campo, tiene que llegar a Estación Central y desde ahí tomar el metro. En ese lugar puede pasar cualquier cosa. Se me aprieta el corazón cuando mi hija sale más tarde del colegio, porque en la oscuridad del trayecto a casa puede suceder cualquier cosa. Qué más quisiera yo que las mujeres, todas, pero particularmente las que están cercanas a mi vida, vivieran en un mundo sin violencia. Qué más quisiera yo.
Yo invito a que pongamos nuestros discursos en concordancia con nuestras acciones. Qué sacamos con hablar de empujar una vida libre de violencia para las mujeres cuando nuestras fronteras son un colador por el que entran y salen los violadores. Qué sacamos con hablar de un mundo, de una vida sin violencia para las mujeres, cuando el Ministerio Público está sobrepasado y no hay fiscales suficientes para perseguir a los agresores, cuando en comunas como Cerro Navia, donde la mayor incidencia de delitos es la violencia intrafamiliar, las mujeres duermen con su agresor y no hay más carabineros. Cómo se nos va a ocurrir pensar en pedir mejoras salariales para los carabineros; cómo se nos va a ocurrir pensar en pedir una mayor dotación y mejor implementación.
Veo una contradicción, aunque quizá también deba verlo desde la buena fe y decir que, a lo mejor, se trata de un enfoque distinto y no lo perciben de la manera en que nosotros lo vemos. Mucho discurso y poca acción.
Lo que yo esperaría es que efectivamente tomáramos acciones concretas, y estas pasan por establecer un sistema que no trate con guante de seda a los delincuentes, y los jueces que hoy les dan permiso para que hagan videollamadas a los miembros de las bandas criminales, se vayan del sistema, y de una vez por todas empecemos a hablar con seriedad sobre el tema.
He dicho.";1
"127";"21675";504;2024;3;"MIX";"doña Claudia";"La señorita MIX (doña Claudia) .-
Señor Presidente, hoy el Estado de Chile admitirá que existen otros tipos de violencia de género, reconociendo al fin el concepto de violencia ginecobstétrica, que a tantos hombres les cuesta entender y que, incluso, médicos no quieren reconocer, pero que la mayoría de las mujeres y personas gestantes hemos experimentado en carne propia. Se hacen recriminaciones y burlas que forman parte de una cultura de violencia soterrada, normalizada e institucionalizada; prejuicios de una sociedad patriarcal, estigmas sobre quienes tenemos la carga de las dolencias físicas del embarazo y que recibimos en un momento en el que nuestra voluntad y sentir debían estar en el centro de las preocupaciones.
Hoy, el maltrato o agresión psicológica, física o sexual, la negación injustificada o el abuso que sucedan en el marco de la atención de la salud sexual y reproductiva de la mujer llevarán la valoración que les corresponde como un tipo calificado de violencia y que, gracias al trabajo de diversas organizaciones médicas, académicas y civiles que buscan el respeto de la voluntad de las personas gestantes, terminará con la invisibilización de la violencia ginecobstétrica, y se podrá comenzar a mejorar el trato de quienes solo esperan una atención digna.
Con este proyecto le estamos brindando mayor protección, dando acompañamiento a mujeres en momentos de mucha necesidad, y además estamos educando para que los trabajadores del Estado puedan dar una atención adecuada a quienes somos la mitad de la población del país.
Hoy, este gobierno le tiende una mano a quienes hemos sido desplazadas durante gran parte de la historia. Hoy podemos cambiarle la cara a un Estado que históricamente ha sido otro victimario más de las mujeres. Hoy consagramos el apoyo, el cuidado, la contención y la reparación a mujeres en casos de violencia.
Señor Presidente, colegas, hoy salvaremos vidas.
He dicho.";1
"128";"21675";506;2024;3;"PIZARRO";"doña Lorena";"La señora PIZARRO (doña Lorena).-
Señor Presidente, en primer lugar, dedico este proyecto de ley a los miles de mujeres que a lo largo de la historia han tenido que sufrir la violencia patriarcal y machista que tanto dolor ha traído sobre todo a las mujeres más pobres de nuestro país, que se agrega a su condición de pobreza, de mujer, además con niños y niñas que sufren junto a ellas esta violencia, y también esos familiares cercanos que uno nunca hubiese querido que fueran víctimas de esta violencia patriarcal. Pero juntas y juntos vamos a resistir y a cambiar Chile con esta futura ley, que constituye un paso inicial.
Quiero entregar algunas cifras: el 38 por ciento de las mujeres entre 15 y 65 años del país señala haber sufrido un tipo de violencia en algún momento de su vida; el 36 por ciento de las mujeres declara haber sufrido alguna vez violencia psicológica; el 16 por ciento, violencia física, y el 7 por ciento, violencia sexual. Quizás serían interminables los tipos de violencia a los que a diario nos vemos sometidas las mujeres.
Estoy segura de que si en esta Sala hiciésemos una encuesta sobre si alguna de nosotras ha sufrido violencia de todo tipo, todas, incluso algunas sin darse cuenta, lo han sufrido, porque tiene que ver con algo que está enquistado en la sociedad y que debemos corregir, porque cuando hablamos de liberar a las mujeres de todo tipo de violencia, estamos hablando de rescatar su condición de mujeres con derechos, porque no tenemos por qué ser maltratadas y agredidas solo por el hecho de ser mujeres.
También quiero señalar algo que me parece muy importante: deseo que todas y todos aquellos que se oponen a este proyecto de ley nunca tengan que vivir la experiencia de tener algún familiar que sea mujer que tenga que vivir una situación tan dolorosa como aquellas a las que comúnmente nos vemos enfrentadas las mujeres.
El femicidio es lo más brutal, pero también hay otras formas de violencia que marcan para toda la vida.
01
Un abrazo a quienes han luchado siempre por la igualdad.
He dicho.";1
"129";"21675";508;2024;3;"PÉREZ";"doña Joanna";"La señora PÉREZ (doña Joanna).-
Señor Presidente, sin duda que este es un proyecto muy importante, pero qué lamentable es que, desde 2017 a la fecha, después de casi siete años, recién hoy tengamos la posibilidad de despacharlo, porque a veces los proyectos duermen en una u otra cámara. Cinco años durmió en el Senado.
Este proyecto tiene por objeto sancionar, prevenir, erradicar la violencia contra las mujeres, y para ello establece medidas de atención, protección y reparación de víctimas de violencia; dispone el acceso a la justicia de mujeres que han sido víctimas de violencia, estableciendo garantías de procedimientos, entre otros objetivos.
Este es un llamado a todos. Esto no se trata solo de la violencia de los hombres contra las mujeres; también existe violencia de mujeres hacia otras mujeres. La funa también es violencia; por ejemplo, la funa en la política.
Hago un llamado a que trabajemos de manera integral, pensando en las mujeres que representamos. En mi caso, represento a mujeres que provienen de distintas etnias, que son pescadoras, que habitan en zonas rurales y que muchas veces carecen de agua potable, de conectividad y de acceso a otros servicios que les permitirían tener una mejor calidad de vida. Pero también está presente la violencia, que lleva, por cierto, al femicidio, ante lo cual la justicia en muchos casos está ausente o se les niega a las víctimas.
Por eso, este asunto es tan integral que debemos poner todos nuestros esfuerzos, hombres y mujeres, desde todos los sectores políticos, de manera transversal.
Por lo tanto, hoy reclamo la justicia que espera María Jesús , de Los Ángeles, cuya muerte no se debió a un femicidio, sino a la delincuencia, que también provoca una violencia tremenda contra las mujeres; pero ¿quién da respuesta? También reclamo por Cindy Ortiz , víctima de un femicidio en Lebu, en cuyo caso todavía no se hace justicia. La ministra lo sabe, ya que lo hemos conversado antes.
Lamentablemente, veo que aquí muchas veces levantamos distintos pañuelos, pero no tenemos un compromiso real. Yo también, desde este espacio, he sentido violencia por pensar distinto, incluso por parte de otras mujeres, por no levantar los mismos pañuelos. El respeto también tiene que ver con eso.
No solo debemos tener un compromiso con este proyecto, sino también, por ejemplo, con la iniciativa que se originó en esta Cámara y que hoy se encuentra en el Senado, sobre paridad para romper las brechas en materia de política y de presencia de mujeres en cargos colegiados. Ese proyecto lleva años durmiendo en el Senado, a pesar de que lo despachamos con financiamiento.
Otro ejemplo es el proyecto de ley sobre caletas pesqueras, una iniciativa en la que hemos avanzado con diputadas y senadoras, pero que también está paralizada en el Senado. Se trata de un texto que hemos levantado con mujeres de la pesca artesanal, porque sabemos que en ese ámbito hay machismo y violencia soterrada.
Por estas razones, hago un llamado a que apoyemos este proyecto sin divisiones y a que busquemos mejorarlo.
Por cierto, nuestra bancada…";1
"130";"21675";510;2024;3;"RIQUELME";"doña Marcela";"La señora RIQUELME (doña Marcela).-
01
Señor Presidente, en 1957 llegó el primer computador a Chile, en 1992 llegó el internet, y en 1993 ya se dictaba la primera ley de delitos informáticos.
(Habla una señora diputada)
No, colega, no vamos a almorzar ahora. Todavía no termino mi intervención.
Continúo. Una vez que ocurrieron los primeros episodios de violencia en los estadios, se dictó la ley de violencia en los estadios. Cuando mataron cruelmente a Daniel, tuvimos la “ley Zamudio”. Así, nos hemos aburrido de tener leyes con nombres, como la “ley Gabriela” o la “ley Antonia”, que legislan y duelen al mismo tiempo.
Pero ¿saben qué? Como dijo mi compañera Javiera Morales , cada quince minutos una mujer en Chile sufre una agresión sexual. Así que mientras la colega de enfrente almuerza, por lo menos dos mujeres sufrirán una agresión sexual; mientras hablaban las diputadas Flor Weisse , Carolina Tello , Daniella Cicardini y Carolina Marzán , otra mujer sufrió una agresión sexual; mientras hablaban los diputados Cristóbal Urruticoechea , Chiara Barchiesi , Joanna Pérez y Emilia Schneider , otra mujer sufrió una agresión sexual; mientras hablaban las diputadas Lorena Fries , Camila Rojas , Javiera Morales y Claudia Mix , ¡otra mujer sufrió una agresión sexual! ¡Y nosotros aquí dudando de si aprobamos este proyecto! ¡Cómo es posible!
El colega de enfrente dijo: “Obviamente, no lo vamos a solucionar con una ley”. Probablemente tampoco lo haremos con Carabineros, pero este proyecto de ley es el avance más significativo en la historia de nuestro país para nosotras las mujeres, después del derecho a votar.
Mientras no tengamos un cambio cultural y mientras siga habiendo trogloditas -hombres y mujeresy terraplanistas que no entienden que lo que buscamos es tener los mismos derechos, no vamos a avanzar.
Esta iniciativa es el avance más importante para nosotras y para las generaciones que vienen. Si ustedes quieren que sus hijas salgan a la calle tranquilas, estimados colegas, no necesitan ponerles un GPS ni un guardia; necesitan enseñar a todos los hombres que los rodean que a las mujeres se les debe respetar. Porque mientras ustedes se quedan sentados y pasan a la historia sin pena ni gloria, nosotros vamos a salir a luchar.
Vamos a luchar por esas mujeres y aprobaremos este proyecto de ley, porque esto ¡va a ser ley!
He dicho.";1
"131";"21675";512;2024;3;"ARAYA";"don Jaime";"El señor ARAYA (don Jaime).-
Señor Presidente, quiero iniciar mi intervención haciendo un reconocimiento a la Presidenta Bachelet por haber impulsado este proyecto. Es una iniciativa muy importante.
Además, quiero decir con claridad que esta es la respuesta que el Estado de Chile le debe a Katty Hurtado , una mujer que está privada de libertad y que cumple una condena de veinte años por haberse defendido de su agresor.
Si esta iniciativa hubiera estado vigente como ley en ese tiempo, ella probablemente estaría haciendo su vida con normalidad y no tras las rejas.
Por su intermedio, señor Presidente, aprovecho esta tribuna para solicitar a la señora ministra que inste al Presidente Boric a que acoja la solicitud de indulto que se le ha hecho. Hay una carta firmada por 33 parlamentarios de este Congreso, en la cual apoyamos dicha solicitud.
(Aplausos)
Esta es la prueba más clara de la necesidad de que este proyecto de ley sea aprobado. Uno podrá tener opiniones sobre si es perfecta o no, si es perfectible o si el avance es mayor o menor, pero es indudable que esta iniciativa es necesaria.
01
Quiero decirlo con claridad: lo que le pasa a Katty Hurtado , que hoy se encuentra recluida en el penal de Tocopilla, lejos de su madre y de su hijo, es la prueba más clara de cómo el Estado le negó justicia y protección.
Lamentablemente, quien paga las consecuencias de esa falta de protección es precisamente la víctima de la violencia. Esto es el mundo al revés: una mujer agredida que se defiende termina condenada a veinte años de prisión en nuestro país.
Por lo tanto, llamo a aprobar con determinación este proyecto de ley. Entiendo que hay gente que podrá tener bemoles o matices respecto de determinados artículos, pero en lo grueso y sustancial, esta es una señal clarísima de compromiso del Estado. Por ello, felicito a la ministra por el empuje que ha demostrado para sacar adelante esta iniciativa.
Creo que la aprobación de este proyecto sería un reconocimiento a todas esas mujeres que murieron sin justicia y sin protección por parte del Estado. Además, sería un gesto de retribución que, junto con su aprobación, el Presidente de la República otorgara el indulto a Katty Hurtado .
He dicho.";1
"132";"21675";514;2024;3;"CASTILLO";"doña Nathalie";"La señorita CASTILLO (doña Nathalie) .-
Señor Presidente, ha habido siete femicidios consumados en lo que va del año. Asfixia, objeto contundente, arma blanca, arma de fuego, pololos, exparejas, parejas, desconocidos. Esta es la expresión máxima de la violencia que sufrimos las mujeres: la muerte.
Sin embargo, sabemos que son diversas las formas de violencia que vivimos a diario en todos los ámbitos, roles y edades. La violencia contra las mujeres y niñas es un flagelo que no podemos dejar pasar y que no vamos a dejar de visibilizar, pues no solo es en marzo, sino durante toda la vida.
No permitiremos que se relativicen nuestras demandas ni nuestros derechos. Por eso, tampoco permitiré que se pretenda desacreditar nuestros discursos u opiniones como parlamentarias feministas, menos aún por parte de quienes, día a día, por la vía legislativa y política, restringen los derechos de las mujeres y las disidencias sexuales.
Este es un día muy importante, pues llevamos décadas exigiendo protección, así como la posibilidad de vivir sin violencia y sin miedo. En simple, eso es lo que propone este proyecto de ley que estuvo cinco años durmiendo en el Congreso. Es una iniciativa esperada por las familias de miles de mujeres que temen morir e incluso se agotan en la búsqueda de la justicia.
Esta es una iniciativa necesaria. Se trata también de reconocer la existencia de diversas violencias y regular la institucionalidad para promover y garantizar la protección de las personas.
Asimismo, es importante destacar la iniciativa porque comprende como violencia de género la violencia simbólica, lo que permite reconocer que los mensajes e imágenes también pueden transmitir y naturalizar relaciones de subordinación, desigualdad o discriminación en la sociedad. Esto último es fundamental, sobre todo considerando que tenemos la necesidad de avanzar en promover cambios culturales para así avanzar hacia una sociedad de igualdad sin estereotipos, erradicando todo este tipo de situaciones que vivimos a diario mujeres y niñas.
A pocos días de conmemorar el Día Internacional de la Mujer o Día Internacional de la Mujer Trabajadora, es importante dar una señal como Cámara de Diputadas y Diputados respecto de la importancia que les damos a los derechos humanos de las mujeres, los cuales son violados de manera sistemática.
El patriarcado existe y no es un invento; la evidencia está en cada víctima que hoy recordamos con este proyecto de ley, que esperamos que sea aprobado y promulgado. Debemos combatir el patriarcado desde todos los frentes posibles: lo educacional, lo cultural, lo comunicacional, lo institucional, y desde la vida que llevamos junto con nuestras familias en nuestros territorios.
01
Esta cuestión no solo le compete al movimiento feminista, que, por cierto, ha impulsado la necesidad de avanzar en este tipo de proyectos e iniciativas, ya que también es una responsabilidad social.
Creemos que debemos seguir avanzando con esta ley en proyecto como una estrategia inicial hacia el avance contra el machismo, contra la discriminación, hacia una sociedad más justa, en definitiva, por los derechos humanos de las mujeres, por la dignidad y su promoción.
He dicho.
-Aplausos.";1
"133";"21675";516;2024;3;"ROMERO";"don Agustín";"El señor ROMERO (don Agustín).-
Señor Presidente, espero que mi mamá no me rete por el discurso.
Lo primero que quiero señalar a la Cámara de Diputados es que para los republicanos la violencia es condenable, independientemente del sexo de las víctimas, y que el Estado tiene el deber de protegernos a todos. Pero no podemos permitir que se instrumentalice esta causa-perdonen que se lo diga para que este gobierno tenga algo que anunciar el 8 de marzo. Lo he escuchado varias veces.
No vengo a criticar la causa, para nada; no critico la causa del feminismo. Puedo tener mis diferencias, pero sí nosotros, los republicanos, venimos a denunciar que este es un pésimo proyecto, con presupuestos mal confeccionados y con hipótesis normativas, a nuestro juicio, mal logradas. Tenemos todo el derecho de decirlo.
Cuando leemos la definición del artículo 5, en que se habla de la violencia de género, podemos observar que se introducen una serie de conceptos que, a nuestro juicio, no están definidos suficientemente bien.
Obviamente, cuando hablamos de muerte, daño o sufrimiento, comienzan los problemas.
¿Qué es el sufrimiento? Tenemos que recurrir a las fuentes de interpretación jurídica, al diccionario de la Real Academia Española. ¿Qué dice? Señala que uno de sus sinónimos es “malestar”. ¡Por favor! ¿Podemos considerar malestar una violencia? Sí. Pero aquí tenemos, por decirlo de algún modo, como ciento cincuenta y cinco definiciones distintas de malestar.
Acá se habla de violencia institucional. Se podría alegar, por ejemplo, que el Estado no le pague un bono o una determinada prestación sanitaria. Quiero preguntarles, en la violencia institucional, ¿las listas de espera en atenciones a mujeres causan malestar? ¿Podemos considerar una forma de violencia, por ejemplo, la económica o la institucional para las mujeres?
Con la definición de violencia en el trabajo, un aumento de sueldo a un hombre en contra de una mujer, que causa malestar, que no es una cuestión objetiva, ¿podría también ser considerado violencia?
Hay problemas también con la definición de violencia simbólica. Muchos de los que profesamos la religión católica, cuando hablamos de la Sagrada Familia, ¿alguien podría considerar eso como una violencia? Porque para nosotros, los católicos, la familia católica ¿tiene algo que le pueda causar malestar o que moleste a alguien?
Asimismo, en relación con principios como la bilateralidad de la audiencia y la presunción de inocencia, con lo que
01
propone este proyecto no se podrá siquiera contraargumentar.
Quiero decir una cosa: acá también hay un problema grave para la izquierda radical, ya que el género es una construcción social. Entonces, los que se sienten hombres tendrán un determinado trato, y las mujeres, otro.
Hay muchos problemas que vienen aparejados en este proyecto de ley. Por eso, acá lo que hay es una copia de instituciones anglosajonas aplicadas a nuestro sistema jurídico, lo que está mal, porque en nuestro sistema necesitamos definiciones.
Por eso, nosotros no estamos dispuestos a aprobar este proyecto, porque está mal elaborado.
He dicho.";1
"134";"21675";518;2024;3;"BULNES";"doña Mercedes";"La señora BULNES (doña Mercedes).-
Señor Presidente, en primer lugar, saludo, por su intermedio, a la ministra Antonia Orellana , por su compromiso con este proyecto de ley y la protección de los derechos de la mujer, así como a todas las parlamentarias y los parlamentarios que hemos contribuido a él.
La violencia de género se sufre por el solo hecho de ser mujer. La joven Madeley Aduviri Córdova , boliviana de 17 años de edad, asesinada y violada brutalmente el 1 de marzo pasado en Alto Hospicio, fue atacada porque era mujer.
La violencia contra la mujer se define como cualquier acción u omisión que cause muerte, daño o sufrimiento, y no minimicemos el sufrimiento diciendo que es solo malestar. Sufrimiento tiene un sentido profundo y va más allá de la ridiculización que quiera hacerse de esta palabra.
El sufrimiento de la mujer, la muerte o el daño se produce en razón de su género, donde quiera que ocurra, ya sea en el ámbito público o privado, siendo considerada como tal también aquella que se ejercía contra niñas, niños y adolescentes, con el objeto de dañar a sus cuidadoras.
Así define el presente proyecto la violencia de género, con el fin de orientar la importante agenda transformadora que contiene su articulado. Es un cambio cultural.
Aprobaremos -confío en que así será una ambiciosa batería de medidas para que el Estado deje de reproducir las desigualdades existentes entre hombres y mujeres y se transforme en el principal agente en la prevención, sanción y erradicación de la violencia de género, así como en la atención y reparación de las mujeres que la han sufrido.
La violencia de género la sufre la mujer, pero degrada al hombre. Se produce en todos los ámbitos de la sociedad, no solo en el marco de la familia, del trabajo, de las atenciones sanitarias y del deporte, pero es allí donde se vive diariamente.
En este sentido, el proyecto no solo establece legalmente el deber del Estado de combatir este tipo de violencia al incorporar la equidad de género en los principios del correcto funcionamiento de los servicios públicos, y al consagrar obligaciones especiales para los ministerios de la Mujer, de Salud, de Educación, del Interior y del Trabajo, sino que aborda de manera integral este flagelo a través de múltiples modificaciones a otros cuerpos legales, entre las que encontramos, por ejemplo, las que se realizan en el Código Civil, en el Código Penal, en el Código del Trabajo, entre muchas otras medidas que no se pueden profundizar en razón del tiempo, pero que, sin lugar a dudas, serán un avance significativo.
Muchas gracias a todas las diputadas de la Comisión de Mujeres y Equidad de Género, así como a la ministra por su arduo trabajo.
01
He dicho.
-Aplausos.";1
"135";"21675";520;2024;3;"MIROSEVIC";NA;"El señor MIROSEVIC.-
Señor Presidente, el 20 de abril de 2019, a eso de las once de la mañana, Joyce Tello Avilés , ariqueña, iba en dirección al terminal pesquero que está ubicado en el centro de la ciudad. Su expareja, Jaime Jiménez , la atacó y la asesinó de diecinueve puñaladas en pleno centro de Arica. La justicia actuó y Jiménez hoy debe cumplir la pena de veinte años de prisión efectiva.
Hemos visto otros casos, también dramáticos, en Arica. Me refiero en particular al de la matrona Fabiola Vargas , que también fue asesinada por su pareja, el médico psiquiatra Ricardo Yévenes . Este caso conmocionó a Arica, pero también al país, respecto de lo que estaba pasando.
Humildemente, yo, como hombre, no me puedo imaginar, porque no lo experimento, la amenaza que sienten permanentemente mujeres respecto de su vida cotidiana, de su cotidianidad, de salir a la calle, de sentirse amenazadas permanentemente; no lo puedo experimentar. Por lo tanto, hablo con humildad desde aquí.
Creo que tenemos el deber de aprobar esta futura ley no solo por el 8 de marzo, como algunos colegas querían ridiculizar. Aprobar una legislación de este tipo es un deber, porque hoy es necesario. Esto no es un invento ideológico, es una necesidad.
Respecto de la cuestión ideológica, también valdría la pena hacer ver que algunos en la derecha, cavernarios, intentan retroceder. Lo que le prometen al país es un retroceso respecto de los derechos y las libertades de las mujeres. Esa es su promesa. Pareciera ser que es una promesa que viene muy desde las entrañas, desde la profundidad de su ser político, de su razón de existir, anclado en un machismo del que la historia de la humanidad todavía no es capaz de liberarse.
Frente a eso, frente a los que niegan esta amenaza o esta violencia contra las mujeres, o a otros que quizás no la niegan, pero sí pretenden ocultarla o que no sea tema, ojalá que no se discuta mucho respecto de esto, sin complejo hay que decirlo. Nosotros, como bancada del Partido Liberal, votaremos a favor esta ley en proyecto, porque como liberales no creemos en las relaciones de sumisión, que se prestan para abusos. El liberalismo siempre se ha opuesto a las relaciones de sumisión, que históricamente se han prestado para abusar de unos contra otros.
Por eso, votaremos a favor las modificaciones a este proyecto de ley. Pero vuelvo a decir: creo que con humildad, aquellos parlamentarios hombres que estamos en esta Sala, que no hemos experimentado lo que experimentan mujeres chilenas y del resto del mundo diariamente, tenemos que hacernos cargo de la sociedad que hemos construido, que es una sociedad no solo de espaldas a las mujeres, sino más bien amenazante contra el hecho de ser mujeres, lo que nosotros –reitero-no experimentamos.
Por lo tanto, con humildad, pero también con decisión, desde el Partido Liberal votaremos a favor este proyecto de ley.
He dicho.";1
"136";"21675";522;2024;3;"YEOMANS";"doña Gael";"La señorita YEOMANS (doña Gael) .-
01
Señor Presidente, quiero partir recordando palabras de Elena Caffarena, quien dijo: “Se nos tilda de tener un programa que contiene puntos que atentan contra la constitución de la familia. A esto contestamos: nuestro programa contempla la defensa más amplia que jamás se haya propiciado en el país de los derechos familiares, es decir, de la madre y de los hijos”.
Esto no es por la conmemoración del 8 de marzo, ni por este mes. La presentación y aprobación de este proyecto de ley dice directamente a la sociedad que en este país la violencia contra la mujer, en todas sus formas, es algo que no permitiremos. Porque sí, colegas, necesitamos esta ley en proyecto, pues la violencia en la sociedad existe, y sabemos que existe cada vez que escuchamos a los diputados republicanos intervenir en este tipo de proyectos.
Siempre que hemos hablado de protegernos, de asegurar nuestros derechos, recordamos que son ellos los que niegan la violencia machista, y en el rol que tienen como diputados son responsables de la indefensión en la que el Estado deja a las mujeres.
Recordar palabras como “las mujeres violadas no se desviolan”, “acoso sexual pasado los 18 años de edad… me muero de la risa”, “hay violaciones que no son violentas”, “no es solo la voluntad de los hombres de abusar, sino también de las mujeres de ser abusadas”. Y así, lamentablemente, podríamos seguir.
No podemos olvidar que la mayor violencia es ejercida en el hogar hacia aquella mujer que carga con los cuidados emocionales y laborales de la familia, y, como si fuera poco, es violentada solo -escuchen bien porque es mujer.
¿Qué le decimos a esa mujer?
El Partido Republicano, incansablemente, se ha encargado de decirnos que las mujeres no pueden decidir sobre su cuerpo y que el concepto de familia es el principio de toda sociedad. Si bien uno puede estar también de acuerdo con eso, lo cierto es que no lo estamos respecto de la forma en que ellos creen que se constituye la familia en Chile.
Las familias en Chile son diversas. Hay familias con abuelos, con abuelas, con tíos; hay familias homoparentales, redes de amigos que cumplen también esa función.
Esta ley es de seguridad, de salud, de educación, de trabajo y de tantos otros derechos, porque todos los organismos pertinentes entienden que la sociedad requiere una igualdad y una hoja de ruta que nos lleve a la erradicación de la violencia, a nuestro encuentro como sociedad, como país, y para eso se necesita aprobar este tipo de legislación.
Es inexplicable y tendrán que decirlo ellos -el Partido Republicano, sus diputados y su diputadapor qué están votando en contra de esta futura ley, por qué están votando en contra de proteger a las mujeres de Chile.
He dicho.";1
"137";"21675";524;2024;3;"MEZA";NA;"El señor MEZA.-
Señor Presidente, quiero plantear dos cosas. Primero, el día de ayer pedí que se aplicara el Reglamento a una diputada que se inscribió para hablar en contra de una solicitud de resolución, pero intervino a favor. Usted dijo que lo iba a revisar.
Me gustaría saber cuál es la sanción que se aplicó al respecto.
Segundo, en relación con el último discurso, se cometieron dos faltas al artículo 90 del Reglamento. En primer lugar, referirse a una bancada completa sin hacerlo por intermedio de la Mesa, cuestión que ocurrió cuatro veces al menos.
Yo esperaría que usted tomara la iniciativa e interrumpiera los discursos cuando eso ocurra.
01
No tengo ningún problema que se interpele a la bancada del Partido Republicano, sobre todo porque aquí ya varios se inscribieron, hablaron y dieron sus razones. Por eso, vamos a subir a nuestras redes sociales nuestros discursos completos.
Yo, por lo menos, no me voy a sonrojar por las explicaciones que algún parlamentario pueda pedirnos, pero lo que sí es intolerable es la infracción que se comete del artículo 90, número 6, del Reglamento, porque han existido imputaciones falsas por parte de una parlamentaria.
En consecuencia, yo le pediría, por favor, señor Presidente, que de una vez por todas pudiera poner orden y sancionara como corresponde, porque no puede ser que cada vez que el Ejecutivo y el oficialismo no tienen algo que decir se empiece a usar al Partido Republicano como punching ball, y nosotros terminamos en la Comisión de Ética.
Aquí hay una Mesa, hay una presidencia que tiene que imponer el orden. Si no lo va a hacer usted, señor Presidente, entonces preguntémonos quién.
He dicho.";1
"138";"21675";526;2024;3;"ÑANCO";"doña Ericka";"La señorita ÑANCO (doña Ericka) .-
Señor Presidente, quiero saludar a la ministra Antonia Orellana , quien nos acompaña hoy día; al ministro Álvaro Elizalde y a todos los ministros y subsecretarios que están presentes.
Este es un tema de gran importancia no solo para nuestro Gobierno, sino para todas las mujeres de Chile.
El día lunes pudimos ver que en Francia las mujeres consiguieron un gran logro y avanzaron en materia de derechos reproductivos con la constitucionalización del aborto, poniendo en el máximo nivel legal el derecho a decidir sobre sus cuerpos.
Lamentablemente, en nuestro país todavía nos queda mucho para llegar a eso, porque las distintas formas de violencia que vivimos en este país se reflejan de diversa forma. Este proyecto de ley viene justamente a erradicar ese tipo de violencia, la violencia ginecobstétrica, la violencia económica, la violencia en el trabajo, la violencia política.
La violencia política es muy importante y no quiero dejar de mencionarla. Quiero profundizar en ella, porque justamente en esta Sala nos hemos percatado del nivel de violencia política que existe contra nosotras, quienes también somos representantes de nuestros pueblos.
Hemos visto cómo se han referido de manera sumamente despectiva a distintas parlamentarias y cómo se ha puesto en tela de juicio y en duda sus palabras.
Hemos visto también distintos casos de violencia sexual que han sido de alta connotación pública, que se han visto profundizados en gobiernos locales, como es el caso de las municipalidades. Existen distintos casos de alcaldes que hoy día están siendo investigados y otros que están siendo condenados por casos de violencia, de abuso sexual y de violación directamente. La mayoría de esos alcaldes, lamentablemente, son de la Región de La Araucanía, la región más vilipendiada de todo Chile.
Por eso, ad portas de estas nuevas elecciones municipales, cabe señalar también el papel importante que desempeñan los gobiernos locales. Lo digo para no repetir el error de escoger a personas que han estado vinculadas o que están siendo investigadas por casos de abuso, de acoso o de violencia sexual.
Por lo tanto, mi llamado es a que sigamos trabajando para que proyectos como este se aprueben en esta Sala y no sean cuestionados por los compañeros de enfrente, por los compañeros de al lado y por nadie en este país.
01
He dicho.";1
"139";"21675";528;2024;3;"SERRANO";"doña Daniela";"La señorita SERRANO (doña Daniela) .-
Señor Presidente, hay cosas que no dejan de llamar la atención dentro del hemiciclo.
Aunque una muchas veces pueda decir que está curada de espanto, pareciera ser que el receso legislativo a algunos no les ha hecho muy bien, sobre todo tras escuchar nuevamente discursos -aunque moleste la palabra negacionistas. Hemos escuchado en esta Sala discursos terraplanistas, porque dicen que el calentamiento global no existe, o discursos en los que señalan que reconocer la violencia de género es propio de un discurso sobreideologizado de la izquierda radical y de todas las izquierdas extrarradicales. No sabemos de dónde se inventan tantos enemigos y enemigas que solamente ellos ven.
Cuando vemos que en este proyecto se establecen como deberes del Estado prevenir, sancionar y erradicar la violencia de género y también tomar medidas de protección, pareciera que estamos hablando de mínimos civilizatorios, de acuerdos democráticos, que hace mucho rato existen. Qué lamentable que no hayan sido asumidos por todas y todos los diputados presentes; sin embargo, pareciera que los buscaran, como sucede con los videos de TikTok, para acusar al falso enemigo y decir que acá están una vez más las extremistas que no se quieren hacer cargo de los temas más importantes.
Si hablamos, por ejemplo, de temas de seguridad, hemos sido muy claros en decir que los delitos que más se cometen en nuestro país se vinculan con la violencia intrafamiliar. ¿Ese no es un tema de seguridad abordable cuando se trata de mujeres? Porque ser mujer en este país es difícil; ser mujer en el mundo es difícil. No hablo solamente de ser mujer dentro de la política, sino de ser mujer dentro de la cotidianidad.
Quiero que aprobemos el proyecto de manera transversal, porque por años ha estado estancado. Me sorprende que la única diputada del Partido Republicano haya querido, al inicio de la sesión, retardar la votación de este proyecto. Así es como republicanos y republicanas operan, obstaculizando, oponiéndose a los proyectos en favor de las mujeres, dirigidos a las mujeres, para prevenir la violencia de género, violencia de género que sí existe.
Hago un llamado a la Cámara a aprobar este proyecto de manera transversal. La violencia de género es materia de preocupación de una sociedad completa, tanto de hombres como de mujeres. Nadie sobra.
Vamos a aprobar este proyecto. Esperamos que todos nuestros colegas hagan lo mismo.
He dicho.";1
"140";"21675";530;2024;3;"ORELLANA";"ministra de la Mujer y la Equidad de Género";"La señorita ORELLANA, doña Antonia (ministra de la Mujer y la Equidad de Género).-
Señor Presidente, por su intermedio saludo a la Cámara de Diputadas y Diputados y, por supuesto, a las personas que nos acompañan.
Se dice que las mujeres hacemos posta, que partimos desde el lugar que nos dejaron las anteriores mujeres. Eso ha sido una realidad, con una breve interrupción de diecisiete años, pero ha sido una realidad.
Desde el decreto Amunátegui , en el siglo XIX, cada generación de mujeres le ha entregado a la siguiente un mayor margen de libertad. Si hoy estamos hablando de una ley integral contra la violencia hacia las mujeres es que gracias a anteriores parlamentarias, anteriores ministras, anteriores gobiernos, con el empuje de la sociedad civil, logramos ir pasando de “la cultura de la ropa sucia se lava en casa”, de la cultura de “esto mejor que no se hable”, de la cultura de “usted qué le hizo para que él reaccionara así”, a crear delitos que pueden ser
01
perseguidos, que deben ser acompañados por el Estado y que hoy buscamos uniformar en una ley integral.
Quiero reconocer que soy la cuarta ministra que está a cargo de la tramitación de este proyecto de ley y que lo toma entre sus prioridades. La primera fue la entonces ministra y hoy senadora Claudia Pascual ; la segunda, la entonces ministra Isabel Plá , que acompañó su salida de la Cámara en 2019, cuando pasó al Senado, donde el proyecto permaneció cinco años; la tercera fue la entonces ministra Mónica Zalaquett , que ingresó indicaciones, cuyo sentido hemos mantenido luego de cinco años de permanencia de la iniciativa en el Senado.
¿Por qué? Porque la preocupación por la violencia contra las mujeres, contra lo que se quiera insinuar, es una preocupación transversal.
El proyecto de ley también incorpora propuestas transversales a distintas bancadas. Incorpora, por ejemplo, en su informe financiero, los fondos pertinentes para la incorporación del monitoreo telemático en casos de violencia en relaciones de pololeo, tal como nos solicitó y propuso la diputada Natalia Romero . Incorpora también cuestiones relativas al vínculo entre la justicia de familia y la justicia penal, tal como nos propusiera el diputado Durán .
Incorpora, por supuesto, la violencia ginecobstétrica, planteada por parlamentarias de distintas bancadas.
Sabemos, de todas formas, que hay un debate, pero creo que no se podría decir en ningún sentido que esta futura ley no ha sido debatida. ¿Siete años de debate no son suficientes?
¿Más de cuatrocientas indicaciones discutidas a lo largo de cinco años en el Senado no son suficientes? El proyecto se sometió a discusión durante dos años en las Comisiones Unidas de Constitución y de la Mujer en el Senado. ¿Les parece que es una discusión apresurada? Como ministerio, no nos parece apresurado.
Creemos que este proyecto de ley incorpora elementos que son esenciales para que, tal como hemos titulado en nuestra campaña de prevención 2023, podamos llegar a cero en lo que respecta a femicidios y violencia contra la mujer.
Si se revisa la propuesta que llegó ayer desde el Senado, hay cosas que han cambiado. Efectivamente, con votos de parlamentarios y parlamentarias de oposición y de centro, se eliminaron contenidos que son sensibles para nuestro gobierno, como, por ejemplo, la omisión de ciertas materias en lo que se refiere a violencia ginecobstétrica, porque sabemos que causaban debate respecto de la objeción de conciencia, lo que no es materia de este proyecto de ley.
Por otro lado, se eliminaron incisos del artículo 12, que tanto preocupaban, referentes a obligaciones especiales de prevención en el sector educación, eliminándose la frase relacionada con la incorporación de la perspectiva de género en la formación docente en todos sus niveles, así como las dimensiones emocional, afectiva y sexual. Como dije, se trata de contenidos relevantes para nuestro gobierno, pero fueron rechazados ayer en el Senado, luego de dos años de discusión.
Diputados y diputadas, quiero señalarles que no hemos repuesto esas materias por la vía de indicaciones; el oficialismo, a solicitud de esta ministra, tampoco lo ha hecho, porque creemos que un proyecto de ley tan importante, que ha sido tramitado por cuatro ministras, que ha incorporado indicaciones de todos los sectores y que fue aprobado ayer por una amplia mayoría en el Senado, merece ser una ley transversal, y eso es lo que estamos proponiendo.
La incorporación de la perspectiva de género dentro de los protocolos con los que se atiende la violencia dentro de las escuelas, que todos sabemos que existe, no incorpora en ninguna medida materias curriculares ni docentes, precisamente porque ello fue eliminado el día de ayer en el Senado.
Insisto: como gobierno no hemos repuesto esa materia, como gesto también por el arduo trabajo que han hecho parlamentarias de oposición en la Cámara y en el Senado, para promulgar una ley no solo integral, sino, además, transversal.
Nos señalan que esta futura ley no modifica aspectos sustantivos del fenómeno de la violencia contra las mujeres en Chile. Quiero decir que eso no ha sido opinado de esa forma ni por el informe de la Corte Suprema ni por sectores transversales del Senado.";1
"141";"21675";532;2024;3;"ORELLANA";"ministra de la Mujer y la Equidad de Género";"La señorita ORELLANA, doña Antonia (ministra de la Mujer y la Equidad de Género).-
No se trata, honorables parlamentarios -por su intermedio, señor Presidente-, de que esto fuera planificado para que estuviera listo antes del 8 de marzo. Qué más querría yo que haber tenido listo este proyecto con antelación, porque fue la primera urgencia que ingresamos como gobierno, pero recién el 29 de enero pasado logramos despacharlo del Senado.
Insisto: la iniciativa se encuentra aquí después de siete años de discusión, cinco de ellos en el Senado. Fue una larga discusión que algunas parlamentarias todavía recuerdan, porque estuvieron en distintos períodos legislativos.
Por ello, nos parece que es hora de despachar el proyecto.
Tenemos otras cosas que anunciar.
Sabemos que gracias al presupuesto 2024, vamos a poder aumentar en 10.000 los cupos de mujeres usuarias de los centros de la mujer que no requieren denuncia previa para atenderse y orientarse. Muchas veces lo que se requiere para embarcarse en una denuncia es, precisamente, el proceso de acogida y orientación previa. Hemos aumentado en más del doble los centros de atención especializada en regiones. Cuando partimos había centros de atención especializada solo en las regiones Metropolitana, del Biobío y de Valparaíso. Hemos inaugurado, orgullosamente, centros en las regiones de Atacama y del Maule, y estamos por hacerlo también en Alto Hospicio, con miras a cumplir el compromiso del Presidente de que cada región del país va a contar con un centro para atender los delitos de género más complejos, como la violencia sexual, el femicidio frustrado y las lesiones graves.
Hemos incorporado la violencia sexual a las Garantías Explícitas en Salud, estableciendo una red de atención a través de la red asistencial en todo el país.
Tenemos que mostrar el 8 de marzo, pero nos urge esta ley y nos urge no por algo identitario, porque no se puede juzgar a la ley por lo que no dice o por lo que dice una ministra en España; se puede juzgar a esta ley y opinar con base en ella -creo que sería lo óptimo con base en lo que sí señala.
Y respecto de lo que sí señala, queremos señalar que aquí hay una mejora concreta, recomendada por la Corte Suprema en su informe al Senado respecto de la supervisión y vigilancia de las medidas cautelares, que es uno de los grandes reclamos que escuchamos transversalmente cuando algún parlamentario o parlamentaria nos transmite su preocupación respecto de algún caso, que fortalece la posibilidad de representación jurídica del Servicio Nacional de la Mujer y la Equidad de Género en casos de femicidios frustrados.
Recuerdo, a propósito del caso de Fabiola Vargas, lo que nos señalaba el diputado Mirosevic -por su intermedio, señor Presidente-: ¿por qué no llegamos a la primera audiencia como Sernameg si era un femicidio? Porque necesitábamos un patrocinio que no llegaba. Eso es algo que estamos solucionando acá, para poder llegar desde la primera audiencia a calificar como femicidio y buscar las mejores medidas cautelares contra los agresores y de protección para las víctimas, pero también de calificación del delito durante el juicio, medida que también es valorada positivamente no por mí, que entiendo que mi opinión pueda no ser de relevancia para ciertos sectores, pero sí por la Corte Suprema, sí por las expertas que participaron durante la tramitación de la ley, sí por las abogadas que representan y litigan en casos de violencia.
La Corte Suprema también valoró positivamente los artículos 1 y 2 al señalar que están en concordancia con una convención interamericana, la Convención de Belem do Pará, que nuestro país ratificó hace treinta años -¡hace treinta años!-, y que está en línea con ese lenguaje. Las cuestiones que aquí se han enarbolado están presentes en esa convención.
Además, queremos señalar que, en ese mismo informe de la Corte Suprema, las nuevas definiciones de violencia son valoradas como un avance significativo, en la medida en que, en primer lugar, no todas conducen a sede penal ni a delitos, porque son formas de definir y abordar respecto de la política pública, y en eso quiero recordar - porque he visto la solicitud de votación separada del artículo que se refiere el Consejo Nacional de Televisión que, primero, la definición de violencia simbólica no conduce al Código Penal, sino que es una definición que puede ser reclamada ante los medios reguladores. Por lo tanto, jamás será utilizada como expresión de censura previa ni
01
control de contenido, sino ex post a la emisión o a la difusión de ciertos contenidos, cuestión que ya ocurre en la realidad, porque ustedes lo saben -por su intermedio, señor Presidente-: la mayoría de los reclamos que llegan al Consejo Nacional de Televisión tienen que ver con razones de género, como, por ejemplo, cuando se divulgó en un matinal el contenido del informe ginecológico de una víctima; tiene que ver también con tratos denigrantes, pero nunca en forma previa.
Hoy, el CNTV no tiene la definición específica para hacerlo. Ese fue un compromiso que asumimos en el Senado y que reafirmo. Se lo he dicho a la diputada Natalia Romero , con la cual compartimos oficio -ambas somos periodistas-, porque esto le preocupaba. Jamás como forma de control previo de contenido, pero sí como una forma de discusión y problematización posterior.
Por último -esto es muy relevante-, aquí se señala que no hay nada que vaya a cambiar la experiencia de las víctimas. Eso no es así. El proyecto de ley, cuyo informe financiero indica que lo hemos aumentado en un 18 por ciento, cuyo proceso de elaboración financiera ha sido acompañado por el Banco Mundial, incluye en estas medidas la creación de un nuevo sistema de gestión para la atención a víctimas, porque, de acuerdo al informe solicitado por la entonces ministra Zalaquett durante el gobierno del Presidente Piñera, el informe Hoja de Ruta Crítica para las Mujeres que Viven Violencia, las mujeres deben tocar demasiadas puertas, deben responder demasiadas veces lo que les ocurrió, y eso genera desistimientos, desazón y poca credibilidad del sistema.
Por ello, a base de ese informe, que inició otro gobierno, hemos continuado y hemos incluido en el informe financiero de este un modelo de gestión anclado en los municipios, que son más del 80 por ciento de nuestros ejecutores, de los cuales más de ochenta alcaldes, de todos los sectores aquí representados, manifestaron su voluntad de que este era un buen proyecto de ley para que las mujeres no deban tocar siete puertas, no deban contar siete veces lo que les ocurrió antes de recibir el apoyo que todos creemos que merecen.
Por eso, por su intermedio, señor Presidente, pregunto: ¿siete años de discusión no parecen suficientes, bajo tres períodos legislativos distintos? Nosotras creemos que sí y que hay medidas que necesitamos empezar a aplicar ya, como, por ejemplo, la ampliación de la red de atención, la mejora de las medidas cautelares, la supervisión de los tribunales, no a cargo de las víctimas, que avisen que no les están haciendo la ronda, sino precisamente de las instituciones, y, por supuesto, la mejor coordinación con los organismos relevantes en la persecución penal, como lo son, por supuesto, el Ministerio Público, que conoció este proyecto, que formuló recomendaciones, que fueron ingresadas como indicaciones por este Ejecutivo y que fueron aprobadas en el Senado.
Es decir, hay pocos argumentos concretos en la tramitación de la futura ley para decir, en primer lugar, que no ha habido un trabajo transversal ni con múltiples instituciones y sectores, y, en segundo lugar, que no ha habido gestos para incorporar todas las visiones.
Es por eso que llamamos a aprobar, para que por fin, después de siete años, este proyecto sea ley de la república.
Muchas gracias.
He dicho.
-Aplausos.";1
"142";"21675";551;2024;3;"SANTIBÁÑEZ";"doña Marisela";"La señorita SANTIBÁÑEZ (doña Marisela) .-
Señor Presidente, Título II, Deberes y Sanciones, artículo 346, por el informe que le entregué sobre la Comisión de Ética y Transparencia, y todo lo que sugerí para que tengamos una respuesta, además de la reunión que usted tiene pendiente conmigo, que se la voy a cobrar.
Lo señalo para que quede muy claro sobre las irregularidades respecto de la Comisión de Ética y Transparencia.
Muchas gracias.
He dicho.";1
