"";"ley";"id";"año";"mes";"apellido";"rol";"texto";"discurso"
"1";"21266";3;2020;7;"BORIC";"vía telemática";"El señor BORIC (vía telemática).-
Señor Presidente, en representación de la Comisión de Constitución, Legislación, Justicia y Reglamento, paso a informar el proyecto de ley, en primer trámite constitucional y reglamentario, iniciado en mensaje, con urgencia de discusión inmediata, que modifica la ley N° 21.057, que regula entrevistas grabadas en video y otras medidas de resguardo a menores de edad víctimas de delitos sexuales, en los términos que este informe indica.
La idea matriz o fundamental de este proyecto consiste, en primer lugar, en actualizar las referencias normativas del inciso primero del artículo 1 de la ley N° 21.057, al objeto de concordar esta disposición con los cambios introducidos por la ley N° 21.212 al articulado del Código Penal, con el delito de femicidio.
En segundo lugar, busca modificar el cronograma para la implementación de la segunda y tercera etapas de la ley N° 21.057, establecido en el artículo primero transitorio de aquella.
La ley a la que hago mención establece, en su artículo primero transitorio, tres etapas para el cumplimiento de la implementación de las entrevistas videograbadas, las cuales constituyen una medida imprescindible para evitar la revictimización de los menores que han sido víctimas de delitos sexuales, reduciendo la exposición de estos al daño de tener que revivir testimonialmente una experiencia tan traumática como es el abuso sexual.
El reglamento se publicó el 2 de abril de 2019. La primera etapa ya se cumplió, en tanto que la segunda y la tercera debieran entrar en vigencia transcurridos dieciocho y treinta meses, respectivamente, después de publicado en el Diario Oficial el referido reglamento, esto es, el 3 de octubre de 2020 para la segunda etapa y el 3 de octubre del 2021 para la tercera etapa.
2
El 18 de mayo del 2020, la Comisión Nacional de Coordinación del Sistema de Justicia Penal acordó solicitar una prórroga para la puesta en marcha de las etapas a las que me he referido, la segunda y la tercera, en consideración a los argumentos expuestos por la subcomisión, relativos a las dificultades generadas por la restricciones impuestas a consecuencia de la emergencia sanitaria, lo que ha generado retrasos a la disponibilidad de infraestructura, formación y acreditación de entrevistadores y entrevistadoras, y sensibilización y capacitación de funcionarios pertenecientes al Ministerio Público, Poder Judicial, Carabineros de Chile y Policía de Investigaciones.
Este proyecto de ley acoge esta solicitud de prórroga.
En la Comisión de Constitución, Legislación, Justicia y Reglamento discutimos este tema y se abrió un intenso debate en torno a la procedencia de la prórroga y la forma en que este hecho afecta los derechos de los niños, niñas y adolescentes que han sido víctimas de tales delitos. La gran mayoría de los integrantes de dicha comisión coincidimos en que, más allá de las circunstancias excepcionales que han vivido nuestro país y el mundo en estos últimos meses producto de la pandemia, todos los servicios públicos deben tener un sentido de urgencia respecto a la implementación de esta ley.
Por lo tanto, solicitamos tanto al ministro de Justicia como a los organismos involucrados que acortaran los plazos que en principio habían solicitado.
Durante la discusión del proyecto concurrieron el ministro de Justicia y Derechos Humanos, señor Hernán Larraín ; el subsecretario de Justicia, señor Sebastián Valenzuela ; la jefa de División de Reinserción Social, señora Macarena Cortés ; el profesional de la División de Reinserción Social señor Sebastián Pérez ; el asesor externo de la División Jurídica señor Francisco Maldonado , y la especialista en protección de la infancia de la Unicef, señora Ludmila Palazzo .
Asimismo, recibimos en la comisión, mediante oficio, la opinión de la defensora de la Niñez, Patricia Muñoz , como también, ante requerimiento de la comisión, las opiniones de los organismos encargados de dar cumplimiento a esta ley: el Ministerio de Justicia, la Academia Judicial, la Fiscalía Nacional, la Fundación Amparo y Justicia, la Policía de Investigaciones, Carabineros de Chile y la excelentísima Corte Suprema, además del Ministerio del Interior y Seguridad Pública.
Las entidades mencionadas manifestaron la necesidad de dar más plazo para cumplir adecuadamente las etapas dos y tres de la implementación de la ley en reforma, argumentando que los hechos acontecidos en el país, en particular la pandemia, han hecho muy difícil seguir adelante con su implementación, que supone el cumplimiento de planes de capacitación y habilitación de espacios físicos imprescindibles para evitar la revictimización de los menores y velar por sus derechos humanos.
El proyecto contemplaba, en principio, extender la segunda etapa de dieciocho a treinta meses, y la tercera, de treinta a cuarenta y cinco meses.
Finalmente, atendidos los antecedentes y la discusión que dimos en la Comisión de Constitución, Legislación, Justicia y Reglamento, se aprobó extender la primera etapa de dieciocho a veintiséis meses, y la segunda, de treinta a cuarenta y dos meses, reduciéndose así las prórrogas planteadas originalmente.
Debo dar cuenta de esto, porque la mayoría de los votos de los integrantes se definió en función de la intervención de la Defensoría de la Niñez, que nos insistió en bajar la prórroga que se había solicitado en un principio por los organismos.
Además, la Comisión de Coordinación del Sistema de Justicia Penal deberá informar mensualmente a la Comisión de Constitución, Legislación, Justicia y Reglamento de la Cámara de Diputados y a la Defensoría de la Niñez acerca del cronograma y estado de avance de la implementación de la ley N° 21.057, de manera que estas instituciones efectivamente cumplan los plazos señalados. Esto, en atención del interés superior del niño, niña y adolescente, que debe ser el principio rector de todas las políticas públicas, entre las que se incluye esta relativa a las entrevistas videograbadas.
Por las razones expresadas, la comisión aprobó este proyecto de ley y pone este informe a disposición de la Sala.
Es cuanto puedo informar.
2
He dicho.";1
"2";"21266";6;2020;7;"ILABACA";NA;"El señor ILABACA.-
Señor Presidente, no puedo partir esta intervención sin señalar lo gratificante que es para las víctimas de abusos sexuales y violaciones, para los niños, niñas y adolescentes que son abusados en el país, la existencia del cuerpo legal que se modifica, cuyo propósito es no seguir victimizando a niños y niñas que han sufrido un daño incalculable en sus vidas. Cuando se promulgó esa ley, en 2018, se otorgó un plazo bastante amplio a los diferentes actores para llevarla adelante.
El ministro recién recordó lo exitosa que ha sido la experiencia en aquellas regiones en que se implementó el sistema. Eso es así. Fue una experiencia exitosa, pero estamos esperando que se aplique en las otras regiones: Atacama , Coquimbo , Ñuble , Biobío , La Araucanía , Los Ríos, Valparaíso , Metropolitana de Santiago, O’Higgins y Los Lagos, donde aún no opera el sistema.
Lamentablemente, la Comisión de Coordinación del Sistema de Justicia Penal, en la que participan la Fiscalía, la Defensoría de la Niñez, los tribunales y las policías, se dio cuenta de que no iba a ser capaz de cumplir los largos plazos que la ley estableció. Recordemos que para implementar el sistema se dio un plazo de 18 meses a un grupo de regiones y 30 meses al otro. Sin embargo, después dicen, primero al gobierno, el que se hace cargo de esto, y después a nosotros, en la comisión, que no serán capaces de implementar la ley en los plazos que existen, debido a la pandemia, la que recién lleva 100 días. Por eso nos pidieron que ampliáramos los plazos. Lo que estamos discutiendo hoy es la incapacidad de las policías, de la Defensoría, de la Fiscalía y de los tribunales de capacitar - escúchese bien: capacitara los entrevistadores.
Puedo entender que Atacama, Coquimbo , Ñuble , Biobío , La Araucanía y Los Ríos, regiones que debieran ingresar
2
al sistema en octubre de este año, fueran afectadas por la pandemia, pero resulta impresentable que las regiones de Valparaíso, Metropolitana de Santiago, O’Higgins y Los Lagos, que tenían 30 meses para capacitarse, requieran 12 meses más para poner en marcha la ley.
No es posible que por la falta de eficiencia de los organismos públicos que tenían que implementar la ley en plazos absolutamente latos, estemos obligados a prorrogar la implementación de la ley, cuestión que va a revictimizar a niños, niñas y adolescentes que permanentemente son vulnerados en sus derechos.
En lo personal, no voy a apoyar la prórroga de plazos, pero sí las otras medidas que se proponen, porque me parecen atendibles.
Es importante que esos organismos incumplidores -se lo pedimos al señor ministro entreguen un informe mensual del cronograma y del estado de avance de implementación del sistema. Tenemos que hacer todo lo posible por implementar esta ley lo más rápido posible. La discusión del proyecto demoró muchos años y la implementación de la ley es muy esperada por niños, niñas y adolescentes que han sido violados, abusados y no tienen protección por parte del Estado.
He dicho.";1
"3";"21266";8;2020;7;"WALKER";NA;"El señor WALKER.-
Señor Presidente, quiero agradecer al diputado Gabriel Boric , quien rindió el informe del trabajo realizado por nuestra Comisión de Constitución, Legislación, Justicia y Reglamento en relación con este proyecto. Agradezco también al ministro Hernán Larraín , porque tomó en cuenta las observaciones del debate sostenido en la Comisión y, sobre todo, agradezco el informe, enviado a través de oficio, de la defensora de la Niñez, señora Patricia Muñoz , en que manifiesta su preocupación por los plazos planteados por el Ejecutivo para postergar la implementación del sistema. Recién lo conversé con la diputada Natalia Castillo , quien ha trabajado mucho en los temas de infancia, al igual que el diputado Marcos Ilabaca, con quien he trabajado en la Comisión Mixta el proyecto que crea el nuevo servicio de protección especializada de la niñez que, lamentablemente, el gobierno del Presidente Piñera vetó, lo que de alguna manera ha entorpecido su promulgación y publicación.
El proyecto en discusión nos genera sentimientos encontrados, opinión que resumió bien el diputado Ilabaca .
Entendemos que, por una parte, tenemos que adecuarnos a las circunstancias de la pandemia, pero, por otra, nos rebelamos a que los plazos de postergación sean tan latos, tan excesivos. De hecho, el 3 de octubre de este año iba a entrar en vigencia la segunda etapa en diversas regiones, entre ellas la de Coquimbo. Finalmente, la propuesta del Ejecutivo es retrasar en 8 meses la segunda etapa y en 12 meses la tercera en las regiones más grandes del país.
Si bien eso no es ideal, entendemos que son plazos necesarios para adecuarse, lo que no justifica que en todos estos meses no se haya avanzado con mayor decisión en la preparación de las salas y de los profesionales que tienen que efectuar las entrevistas videograbadas para evitar la victimización secundaria de víctimas de abuso sexual.
El Congreso Nacional es el mejor ejemplo de que se puede seguir legislando de manera física y telemática. Por lo tanto, no hay ninguna justificación para que, en este caso, la Comisión de Coordinación del Sistema de Justicia Penal no haya tomado las providencias para avanzar más rápido en habilitar las salas y en la preparación de los profesionales, lo que lamentablemente hace necesario postergar la implementación de esta ley.
Por lo tanto, introdujimos -y lo dijo el diputado informanteuna obligación, que fue, además, una sugerencia de la Defensoría de la Niñez, para que mensualmente la Comisión de Coordinación del Sistema de Justicia Penal, ya que ellos han solicitado la postergación de la entrada en vigencia de la ley, entregue un informe a la Comisión de Constitución de la Cámara de Diputados y a la Defensoría de la Niñez, para dar cuenta del cronograma y estado de avance de la implementación de la ley N° 21.057.
2
No queremos más retrasos; no queremos seguir llegando tarde, como nos sucedió en el caso de Antonia, porque el proyecto de imprescriptibilidad del delito de abuso sexual infantil estuvo cerca de 10 años tramitándose en el Senado. Sin embargo, esta Cámara de Diputados, en menos de 2 meses, despachó la iniciativa, porque entendíamos su sentido de urgencia. Ayer, un juez declaró la prescripción de dos delitos en el caso de Antonia. Si la ley hubiera estado vigente antes -lamentablemente, no puede tener efecto retroactivo-, el responsable estaría cumpliendo prisión preventiva, una pena efectiva. Espero que la corte revoque la decisión que lo dejó en libertad, porque claramente ese señor es un peligro para la sociedad.
No sigamos llegando tarde. Vamos a postergar la entrada en vigencia de la ley que regula las entrevistas videograbadas por el tiempo que sea necesario, porque no queremos ninguna excusa para que no se implemente y para que el Poder Judicial haga el trabajo que tiene que hacer para habilitar las salas y preparar a los profesionales.
Asimismo, hemos incorporado el delito de femicidio y también hemos ampliado el catálogo de las leyes que se consideran en este proyecto. Pero, por favor, aprobemos esta iniciativa. Sé que muchos no están de acuerdo con la postergación del cronograma, pero llegamos a un acuerdo y es importante cumplirlo, a sugerencia de la propia Defensoría de la Niñez.
Porque queremos que esta ley se implemente bien y rápido, vamos a votar a favor este proyecto.
He dicho.";1
"4";"21266";10;2020;7;"OLIVERA";"doña Érika";"La señora OLIVERA (doña Érika).-
Señor Presidente, hay un hecho que no quiero dejar pasar. Hoy me levanté con mucho dolor de estómago, porque ayer seguí la audiencia de formalización por el juicio que se llevará a cabo en nombre de Antonia Barra , y desde aquí aprovecho de enviar todas mis fuerzas a su familia.
Esta ley nace del grito desesperado de madres y padres que se han visto en la obligación de pasar por el sistema judicial a causa de que sus hijos o hijas han sido víctimas de delitos sexuales. Ellos sacaron la voz por los niños, niñas y adolescentes, dejando en evidencia la precariedad del sistema judicial al abarcar estos temas tan delicados y el sufrimiento de sus hijos al tener que hacerse parte del sistema, tanto por el sinnúmero de veces que se les interrogaba o preguntaba la forma y el lugar, como también por los colaboradores que los interrogaban y la manera en que estos lo hacían.
Junto con ello, aproximadamente en 2012, la Fundación Amparo y Justicia lanzó la campaña “No me pregunten más”, en la cual, antes de ser diputada de la república, tuve la oportunidad de participar y de apoyar.
Enhorabuena, con fecha 22 de enero de 2014, por mensaje, se presentó el proyecto de ley. Habían pasado dos años de sufrimiento y de resignificación, pero no eran dos años en total, sino dos años desde su visibilización, ya que hasta la fecha cada uno de los niños que históricamente han sido víctimas de delitos en la esfera de su sexualidad ha tenido que repetir, una y otra vez, la tortura de la cual ha sido objeto.
Por tanto, no fueron dos años, sino que ha sido toda una vida. No solo llegamos tarde con el refuerzo de políticas de prevención en materia de delitos sexuales contra los niños, niñas y adolescentes para evitar que se produzca el delito, sino que tuvimos que esperar cuatro años más de tramitación en el Congreso, en los que día a día seguimos viendo cómo, una y otra vez, se vulneraban los derechos de los niños, hasta que, por fin, el proyecto vio la luz el 20 de enero de 2018.
Sin embargo -y entendible para la aplicación-, se estimaron plazos para poner en marcha la ley, indicando la misma que comenzaría a regir en forma gradual. La primera etapa entraría en vigencia transcurridos seis meses después de la publicación en el Diario Oficial, comprendiendo las regiones extremas, para continuar dieciocho meses después de la publicación en el Diario Oficial en las regiones de Atacama, de Coquimbo, de Ñuble, de Biobío, de La Araucanía y de Los Ríos.
2
La última etapa entraría en vigencia transcurrido treinta meses después de la publicación en el Diario Oficial, en las regiones de Valparaíso, Metropolitana, del Libertador General Bernardo O'Higgins y de Los Lagos.
El 3 de octubre de 2019, vimos cómo comenzó a implementarse la ley. El presidente de la Corte de Apelaciones de Coyhaique, señor José Ignacio Mora , y los miembros de la Comisión Regional de Justicia Penal se reunieron para coordinar su puesta en marcha, indicando que se estaba avanzado en la implementación de la ley, que el Poder Judicial, el Ministerio Público, la Defensoría Penal Pública y el Ministerio de Justicia y Derechos Humanos estaban unidos para llevarla a cabo, que ya había alguna implementación con salas especializadas y que se estaban llevando a cabo capacitaciones al interior del Poder Judicial para perfeccionar a los jueces que intervendrán en este nuevo procedimiento.
Si bien entiendo lo que estamos viviendo hoy en el mundo, también siento que este proyecto, de cierta forma, viene a perjudicar la igualdad ante la ley que merecen todos los niños y niñas víctimas, ya que se están ampliando los plazos. Esto no solo se traduce en tiempo, sino también en más dolor y sufrimiento que experimentan las víctimas en su paso por las diferentes instancias del sistema procesal penal y por las reacciones de su entorno social, lo cual ha sido reconocido por las Naciones Unidas como uno de los efectos más nocivos de la victimización.
La victimización produce en los niños, niñas y adolescentes una sensación de indefensión y de vulnerabilidad, a la vez que los reiterados interrogatorios y cuestionamientos les impiden superar la experiencia traumática, obstaculizando su reparación psicosocial.
Pocos atentados en contra de la integridad física y psíquica de una persona producen un efecto tan dañino y perturbador como aquel que sufre una persona que ha sido víctima de un delito sexual, pero cuando hablamos de un niño ese efecto dañino se torna desgarrador en todas sus esferas: desarrollo emocional, conductual, físico, social y cognitivo, en muchos casos de difícil reparación.
Por lo tanto, espero que este cambio venga a apoyar a los niños. Entendemos la situación que vive el país, pero ante todo debemos poner el interés superior del niño. Contamos con la tecnología suficiente para avanzar de manera remota y desarrollar lo antes posible esta ley.
Hacer esperar a los niños que son víctimas de delitos de abuso hasta enero de 2023 es perpetuar el daño…";1
"5";"21266";12;2020;7;"SANHUEZA";NA;"El señor SANHUEZA.-
Señor Presidente, cuesta apoyar la aprobación de este proyecto, porque, sin duda, si hay algo que se ha hecho presente y que hoy es parte de la realidad de nuestro de país es reconocer la revictimización de los niños, niñas y adolescentes que han sido víctimas de una agresión sexual, quienes nuevamente son torturados en el minuto en que deben realizar una nueva declaración.
Ese es un proceso que durante muchos años hemos venido diciendo que está mal e incorrecto, porque esos niños vuelven a vivir el dolor de la tragedia que les ha sucedido, pero todos miraban hacia el lado. Por fin tenemos una ley que permite usar la tecnología en beneficio de la víctima, pero lamentablemente llegamos a una instancia en que -hay que decirlo con toda sus letrasno se hizo el trabajo de la manera que se requería, porque la implementación de la ley tenía que haberse hecho con celeridad para no llegar a esta instancia.
En este minuto la pandemia es una excusa, porque esto debió haber estado listo antes si realmente se hubiera tomado la decisión de sacarlo adelante con la rigurosidad que se requiere. Nosotros y el gobierno del Presidente Sebastián Piñera hemos dicho que hay que poner a los niños primero, y este es un proyecto tremendamente importante en la vida de muchos de nuestros niños, niñas y adolescentes. Porque evitar que sean revictimizados con la tragedia que les sucedió en algún momento de sus vidas ayudara, de cierta manera, a que su reparación sea más rápida. Pero van a tener que esperar un año más, y eso es triste.
También es triste comprometerse a votar a favor este proyecto, pero tengo claro que si no está hecho el trabajo,
2
no sacamos nada con forzar el cumplimiento de una ley para que las cosas se hagan mal. Porque si hay algo en que tenemos que hacer las cosas bien es con este tipo de ley.
Por lo tanto, comprometo mi voto a favor de este proyecto, pero creo que, además, tenemos un compromiso que debemos asumir en esta Cámara de Diputados, cual es estar mucho más encima de la aprobación de este tipo de proyectos. Debimos haber fiscalizado y haber exigido al Ministerio de Justicia y Derechos Humanos que la implementación de esta ley se hubiese hecho con la rapidez que se requería.
Creo que también debemos hacer un mea culpa porque hay una responsabilidad de nosotros por no haber estado encima de esta ley, para que, efectivamente, hubiese estado concretada en las fechas estipuladas.
Comprometo mi apoyo a este proyecto, pero también comprometo mis gestiones como diputado para tratar de lograr que esto se haga antes de los plazos.
Los plazos fijan un límite, pero el compromiso puede fijar otro plazo. En tal sentido debemos proceder como Cámara de Diputados para lograr que el ministerio acelere este proceso. Se supone que para la segunda etapa hay que capacitar, más o menos, a 6.000 personas. Dado que la Covid-19 ha impuesto que muchas actividades se hagan por medios telemáticos, todo el proceso de enseñanza podría ser mucho más ágil de lo que está contemplado. Las construcciones tal vez demoren un poco más.
En suma, debemos fiscalizar y apoyar en lo que sea necesario al ministerio para que esto entre en vigencia antes de los plazos que vamos a aprobar. De esa manera, si nos ponemos la mano en el corazón, estaremos ayudando a las 17.000 víctimas registradas año a año.
Así que, desde ya, comprometo mi aprobación al proyecto, pero también a realizar las gestiones necesarias para acelerar estos plazos.
He dicho.";1
"6";"21266";16;2020;7;"SOTO";"don Leonardo";"El señor SOTO (don Leonardo).-
Señor Presidente, este proyecto se inscribe en el conjunto de iniciativas legislativas que buscan proteger a los niños, niñas y adolescentes que son víctimas de abusos sexuales.
Hemos aprobado varias normas legislativas, como la que establece la imprescriptibilidad de los delitos sexuales,
2
para que se pueda ejercer la acción penal sin límite en el tiempo; la que permite el registro de quienes tengan condenas por pedofilia y quieran trabajar con niños, para los que debe haber una prohibición clara, y este proyecto, que es muy interesante, porque cambia la manera en que se protege, a nivel de tribunales, a las víctimas de delitos sexuales, cuando son niños, niñas o adolescentes.
Esta iniciativa se orienta a que las víctimas de este tipo de delitos tengan un tratamiento especial en el Poder Judicial, por ejemplo, que su testimonio se realice mediante entrevistas videograbadas, es decir, que la policía o el Ministerio Público graben la declaración de la víctima -niño, niña o adolescente-, de manera que posteriormente no se vuelva a pedir su testimonio.
Durante el juicio, el interrogatorio se realizará por entrevistadores especialmente capacitados que estarán en una sala aledaña al tribunal, lo que favorecerá que la víctima -niño, niña o adolescentenunca esté en contacto con el abusador, con el victimario, con el imputado.
Es una medida revolucionaria en el Poder Judicial, porque obliga a hacer un conjunto de actos de capacitación del personal de las policías -de la PDI y de Carabineros-, del Ministerio Público, de la Defensoría; de los jueces y de los profesionales que se van a hacer cargo de entrevistar a los menores y de dirigirles las consultas que haga el tribunal o que hagan las partes que están discutiendo sobre la existencia o no de un delito.
Es una medida que humaniza al Poder Judicial y que termina con la revictimización que se producía en los niños, pues, antes de esta ley, estaban obligados a repetir una y otra vez su testimonio, con lo cual sufrían un shock, repetían la experiencia y no superaban nunca el trauma.
Esa ley revolucionaria iba a tener una implementación gradual en el país. Para ello se iban a dividir las regiones en tres áreas, y se iba a implementar, gradualmente, primero en las regiones extremas más la Región del Maule, y después se iba a avanzar hacia la Región Metropolitana. También se necesitaba un plazo para capacitar a los funcionarios, para hacer simulaciones y para hacer adecuaciones de salas, de modo que la implementación de la ley pudiera ser posible. Sin embargo, la comisión interministerial y también la de coordinación del sistema de justicia penal, que estaba a cargo de la puesta en marcha de la ley, nos han informado, lamentablemente, que no podrán cumplir con los plazos que establece la ley. La razón tiene que ver, sin duda, con la pandemia y con estos seis o siete meses en los que prácticamente se han suspendido todos los juicios, se han suspendido las licitaciones y se han suspendido las capacitaciones. Por ello nos han reconocido que no están en condiciones de implementar la ley, que en su segunda etapa comenzaría en el mes de octubre, es decir, dentro de pocos meses.
Sin duda, es una mala noticia. Nosotros queríamos que la ley se hubiera cumplido rigurosamente como la aprobó el Congreso Nacional, pero tampoco podemos cerrarnos a una evidencia clara que está viviendo todo el país y que obliga a reprogramar los compromisos, sobre todo los que involucran modificaciones sistémicas y estructurales.
Por lo pronto, voy a aprobar, como lo hice en la comisión, que se aumente el plazo para que se cumpla con la segunda etapa en ocho meses, y con la tercera etapa en doce meses -que no haya más prórrogas es fundamental-, y que la Comisión de Coordinación del Sistema de Justicia Penal deba informar -se estableció mediante una indicación que presenté en la comisiónacerca del cronograma de avances de la implementación de la ley, a fin de que no volvamos a buscar una postergación y de que realmente le pongamos el pie al acelerador a la implementación de una ley que es muy necesaria para proteger a todas la víctimas de abuso sexual, niños, niñas y adolescentes de nuestro país.
Vamos a aprobar este proyecto.
He dicho.";1
"7";"21266";18;2020;7;"TRISOTTI";"vía telemática";"El señor TRISOTTI (vía telemática).-
Señor Presidente, este proyecto, tal como se ha manifestado, busca actualizar algunas normas y reformar el
2
itinerario que fijaba la ley N° 21.057, que regula las entrevistas grabadas en videos y otras medidas de resguardo a los menores que han sido, lamentablemente, víctimas de delitos sexuales.
Este proyecto consta de dos partes: primero, se agrega en el artículo 1° de la ley N° 21.057 -que trata sobre el objetivo de la mismala mención de los artículos 390 bis y 390 ter del Código Penal, que establece el delito de homicidio. Se debe recordar que el objetivo de esa normativa es regular la realización de las entrevistas investigativas videograbadas y de declaraciones judiciales, con el objeto de prevenir la victimización secundaria, es decir, que el menor no tenga que repetir muchas veces las circunstancias dolorosas de cómo se cometió el delito.
En segundo lugar -quizás es el objetivo más discutido, y claramente no es lo óptimo-, se modifican las dos etapas siguientes de implementación de la ley, en términos de que se amplían los plazos. La segunda etapa tenía dieciocho meses para su implementación, plazo que se amplía a treinta meses; la tercera etapa tenía un plazo de treinta meses, que se amplía a cuarenta y dos meses.
Vuelvo a plantear que quizás esto no es lo deseable, no es lo óptimo, pero la pandemia nos ha traído una serie de cambios y de modificaciones que quizás nadie comparte, por lo que debemos hacernos cargo de la realidad y, sobre todo, de no abandonar el objetivo final de la ley.
No debemos olvidar que todos los delitos sexuales suelen dejar una profunda y dolorosa huella en el desarrollo emocional, conductual, físico, social y cognitivo de las personas, la cual en muchos casos es de muy difícil reparación.
Por lo tanto, lo que pretende esta ley es hacerse cargo de la llamada victimización secundaria, que consiste en este sufrimiento que experimenta la víctima en su paso por las diferentes instancias del sistema procesal penal y por las reacciones de su entorno social.
Para poder implementar la referida ley se requería de una serie de cambios, de capacitaciones, de la intervención de una gran cantidad de distintas entidades y, sobre todo, de la implementación física, esto es, de la construcción de salas de grabación en los tribunales respectivos. Sin embargo, la pandemia, tal como se ha explicitado, retrasó esa implementación. Claramente no es lo óptimo, no es lo deseable.
Quizás, esta situación tampoco puede ser mirada desde el punto de vista del mero voluntarismo, en términos de decir: “Hay un objetivo final que resguardar, pero, si no se cumple, lo voto en contra”. No, por el contrario: debemos hacernos cargo de la realidad. Hay un firme compromiso de todas las instituciones de cumplir con los plazos.
Quiero hacer un llamado público. Sin duda, se requiere de mayor capacitación; entonces, utilicemos los medios digitales. Se requiere de la construcción de una serie de nuevas dependencias; entonces, aceleremos aquello. Me gustaría tener un compromiso de todas y cada una de las entidades, en términos de que si estamos dando una muestra de confianza y si estamos ampliando los plazos, estos ojalá puedan ser reducidos con el objetivo final de evitar en prácticamente todos los casos que algún menor se exponga a las circunstancias de la revictimización, que son tan graves y que los afectan y los atañen por el resto de sus vidas.
Vamos a aprobar este proyecto, pero nos encantaría -reitero tener un compromiso de todas y cada una de las instituciones en orden a que en esta nueva oportunidad y en esta ampliación de plazos se hará todo lo posible por tratar de reducirlos.
He dicho.";1
"8";"21266";20;2020;7;"CASTILLO";"doña Natalia";"La señora CASTILLO (doña Natalia).-
Señor Presidente, la verdad es que es bien compleja la posición en que nos pone este proyecto de ley, porque después de mucho tiempo, de muchos años de postergación a las víctimas de abuso sexual infantil, se logró
2
avanzar en una ley que constituye una mejora importante, pues da la posibilidad de hacer entrevistas videograbadas a los niños víctimas de abuso sexual infantil.
Es un avance, porque conozco de primera fuente esta situación dado el trabajo que realicé como querellante de víctimas de abuso sexual. Me tocó entrevistar a muchos niños; sé lo difícil que es para ellos poder hablar, sé lo difícil que es enfrentarse a un sistema judicial que no tiene absolutamente ninguna mirada desde el punto de vista de la infancia y que está articulado desde un adultocentrismo en el que los niños son expuestos, no una, sino dos, tres, cuatro y cinco veces a tener que repetir lo mismo, a volver a recordar los hechos que les ocurrieron.
La revictimización no es solamente un concepto, porque revictimizar es lo que hoy hacen nuestras instituciones, es lo que hace el Estado. El Estado está revictimizando permanentemente a los niños; los hace recordar a cada minuto lo que vivieron, y recordar es, finalmente, volver a vivirlo.
Por eso creo que es muy injusto que hoy estemos hablando de aplazar la implementación de la ley, pues nos quedamos entre la espada y la pared, porque por un lado decimos: “Si nos oponemos a que se aplace, ¿quiénes son, finalmente, los que van a terminar más expuestos?”. Los niños, porque los vamos a tener expuestos a un sistema que no está preparado para realizar las entrevistas videograbadas conforme a las normas internacionales.
Creo que hubo tiempo suficiente para poder implementar la ley, porque esta se aprobó el 20 de enero de 2018 y se dieron dieciocho meses para la segunda etapa, que es la que debería iniciarse ahora en julio. Con este proyecto la estamos retrasando. Había una intención inicial de retrasar la implementación hasta en treinta meses. En ese sentido, valoro el trabajo que se hizo en la Comisión de Constitución de reducir los plazos. No obstante, sigue siendo muy injusto, porque no estamos hablando de ocho meses más o de ocho meses menos, sino de décadas de postergación de los niños que han sido víctimas de abuso sexual infantil.
Entonces, hoy se está volviendo a retrasar, por las circunstancias que sean, la implementación de la segunda y tercera etapas. Puedo entender las dificultades técnicas, pero se pudieron prever, se pudo haber actuado con mayor diligencia, lo que no es solo culpa del gobierno, que tiene un deber de vigilancia importante, sino también de las policías, del Ministerio Público, del Poder Judicial y de todos los actores que intervienen en el proceso judicial.
Es muy difícil rechazar este proyecto de ley, porque incorpora la nueva tipificación del femicidio, para poder utilizar también las entrevistas grabadas en video. Si no implementamos lo que establece la ley, todas estas medidas terminarán por ser letra muerta. Espero que, al menos, en ocho o en nueve meses más no tengamos que volver a estar discutiendo sobre esta materia, porque en ese momento ya no habrá más plazo.
Asimismo, espero que se cumpla con la obligación de informar mes a mes la forma en que se está implementando el avance de esta ley.
No van a tener más plazo. ¡Tienen que hacerlo ya! Los niños no pueden seguir esperando, seguir siendo postergados por la negligencia de un Estado que ha sido revictimizante.
He dicho.";1
"9";"21266";22;2020;7;"KAST";"vía telemática";"El señor KAST (vía telemática).-
Señor Presidente, creo que todos estamos de acuerdo, compartimos el fondo del proyecto y creemos que no solo es necesario, sino que es urgente implementar lo antes posible un esquema en el cual los niños no sean revictimizados, tal como se ha señalado en esta discusión.
La victimización secundaria sin duda afecta emocionalmente a los niños y a los jóvenes que han sido vulnerados.
En ese sentido, quiero aprovecharme un poco de la reflexión que se hace en torno a ellos para extenderla a lo que sucede con todas las víctimas de Chile, con todas las personas que han sido afectadas por algún delito y por
2
alguna vulneración de sus derechos de forma directa.
Hoy tenemos en general un sistema que procede y que, dado el modelo garantista, exige que las víctimas se victimicen una y otra vez, en sesiones que, más que dar una solución emocional, la replican y le otorgan una resonancia en el tiempo que debemos enfrentar de forma bien drástica.
En mi opinión, es justificado el aplazamiento que ha planteado el ministerio y, también, las policías que, por supuesto, han tenido inconvenientes para efectuar la correcta implementación de todas las dimensiones técnicas del proyecto.
Lo anterior debe invitarnos a reflexionar sobre cómo estamos legislando en el Congreso Nacional, en el sentido de que las cosas en el Estado no solo ocurren en base a la voluntad y a las iniciativas que elaboramos como legisladores, sino que hay todo un procedimiento técnico, que considera recursos, etapas y procesos que hay que analizar y aplicar de forma correcta, para que se puedan ejecutar. De lo contrario, los objetivos buscados simplemente quedan en el papel, y lo que plantea esta iniciativa es un ejemplo de aquello.
Por motivos de carácter muy personal, me tocó hace algún tiempo tener una experiencia de este tipo con alguien cercano, ocasión en que me quedó absolutamente clara la voluntad profunda de las unidades de la Policía de Investigaciones y de Carabineros para que la revictimización no ocurra, lo que de hecho ya se está haciendo de forma parcial, sobre la base de la voluntad y de las decisiones que se están adoptando.
Lo que hoy estamos discutiendo es si lo que se propone se convertirá en una garantía explícita. Para que eso ocurra, tal como señalé, el Estado debe contemplar todas las consideraciones del caso, como la disponibilidad del espacio físico necesario y la contratación de profesionales idóneos.
Por lo tanto, en ningún caso modificar el cronograma implica que se esté retrocediendo en lo hoy el Estado ya está implementando para evitar la revictimización.
Ojalá, el principio de evitar secuelas posteriores y la profundización de las heridas en nuestros niños, que es el objetivo que hoy está iluminando esta reflexión, se aplique además para mujeres adultas que han sido víctimas de delitos sexuales y que también entran en un ciclo de revictimización de ese tipo de delitos. También ocurre en muchas otras áreas.
Hoy, nuestra justicia exige que las personas que han sido víctimas repitan su versión y pasen horas reviviendo la experiencia, lo que, sin duda, tenemos que corregir.
Por las razones señaladas, votaremos a favor este proyecto, pero espero que como Congreso asumamos el desafío de empezar a analizar la forma de aplicar esta idea en otras áreas de nuestro sistema penal.
He dicho.";1
"10";"21266";25;2020;7;"SABAG";"vía telemática";"El señor SABAG (vía telemática).-
Señor Presidente, de acuerdo con el mensaje, este proyecto busca actualizar las referencias normativas del inciso primero del artículo 1° de la ley N° 21.057, con el objeto de concordar esta disposición con los cambios introducidos por la ley N° 21.212 a los artículos del Código Penal relativos al femicidio, así como modificar el cronograma de la implementación de la segunda y de la tercera etapas que considera la mencionada ley N° 21.057.
En términos prácticos, se trata de regular la realización de las entrevistas grabadas en video, en el contexto de la investigación de los casos en que niños, niñas y adolescentes han sido víctimas de delitos sexuales u otros delitos graves, como una manera de reducir al máximo la interacción con los demás participantes del proceso penal, para evitar su revictimización.
2
Esa ley significó un paso muy importante para el respeto a los derechos de las víctimas de estos gravísimos delitos y para avanzar en evitar la revictimización y en establecer la imprescriptibilidad de estos delitos.
En este caso, el Ejecutivo propone aplazar la implementación de dos etapas pendientes, la segunda y la tercera, para los meses de octubre de 2021 y de octubre 2023, respectivamente, lo que la comisión consideró excesivo, por lo que redujo el aplazamiento hasta abril de 2021 y agosto de 2023, que es lo que vamos a aprobar…";1
"11";"21266";27;2020;7;"VELÁSQUEZ";"don Pedro";"El señor VELÁSQUEZ (don Pedro).-
Señor Presidente, un niño agredido sexualmente por un adulto queda marcado de por vida. Hay que trabajar mucho con él o con ella para asumir lo ocurrido y enfrentar el trauma, que, aunque en ocasiones ni siquiera lo sepan, ahí está.
Los abusos sexuales más comunes y graves con los que nos encontramos se producen, en su mayoría, lamentablemente, en el entorno familiar y en alrededor del 15 o 20 por ciento de los casos es ejercido por personas relacionadas con los menores, quienes ejercen poder sobre ellos por ser sus educadores, sus tutores, sus entrenadores o sus monitores.
Que sea un adulto con figura de autoridad tiene consecuencias nefastas para la víctima, porque les inocula el germen de la desconfianza.
Por eso, conversando con mi colega Marcos Ilabaca , con quien comparto esta preocupación, al igual que con la mayoría de ustedes, reconozco que efectivamente ha existido un atraso, como señaló el ministro en esta materia.
Sin embargo, rescato que en las regiones extremas la puesta en marcha ha sido exitosa, como han señalado varios parlamentarios. Me parece que ha funcionado bien, y eso también es digno de ser reconocido.
No obstante, hay regiones en las que, lamentablemente, por distintas razones, como la Región de Coquimbo, la de Los Ríos, la de Ñuble, la del Biobío, la de Atacama y otras, aún falta. Pero, señor ministro, entendemos vuestra solicitud de que, así como ha sido exitoso en las zonas extremas, a lo mejor se requiere el aplazamiento, debido a las distintas circunstancias que está viviendo el país, para llevarlo a cabo de la misma forma que en las zonas extremas, de modo que nuestros niños tengan la mayor seguridad y no los expongamos a situaciones de mucha humillación y de traumas.
Por eso, hay que regular las entrevistas grabadas en video y adoptar otras medidas que permitan que nuestros menores de edad, quienes ya son víctimas, no aumenten su trauma a causa de la revictimización.
Respetuosamente, pido al ministro que a las regiones en que aún falta implementar este sistema se envíe a los distintos tribunales el marco teórico de cómo se está ejecutando en las zonas extremas, para que los tribunales puedan estudiarlo y, especialmente, se realice alguna capacitación que permita que aquellas regiones que todavía no cuentan con este sistema puedan, al menos en el marco teórico, empezar a conocerlo y aplicarlo en lo que se pueda, aunque no con todos los elementos, como ya ocurre en las regiones más extremas.
Asimismo, le pido que, si lo considera adecuado, asuma un compromiso formal con la Cámara de Diputados en cuanto a que en el plazo que han solicitado efectivamente se concretará la implementación de las dos etapas que faltan, para que no nos encontremos en un tiempo más con que están solicitando una nueva ampliación del plazo.
No se lo planteo por un problema administrativo, sino por el bien de nuestros niños, de nuestros jóvenes, que necesitan ser resguardados íntegramente ante situaciones tan difíciles, que los marcan para toda la vida, como haber sido abusados sexualmente, más aún cuando se les expone en los tribunales de justicia, sin que se adopten las medidas correspondientes.
Por lo tanto, vamos a aprobar la prórroga que nos están solicitando. He dicho.
2";1
"12";"21266";29;2020;7;"BELLOLIO";"vía telemática";"El señor BELLOLIO (vía telemática).-
Señor Presidente, seré muy breve.
Hemos tenido una buena discusión respecto de esta iniciativa, pero se han planteado algunas dudas relativas al aplazamiento.
Entiendo y comparto el análisis que hacían los diputados Gabriel Boric y otros respecto de que uno no quiere que aplazar signifique poner en mayor riesgo a los niños que han sido vulnerados, porque en eso tiene absolutamente toda la razón. Si no me equivoco, fue la diputada Natalia Castillo quien preguntó por qué esto no se había ejecutado antes.
La ejecución de políticas públicas por parte del Estado siempre ha sido un problema, y a veces lo pasamos por alto cuando aprobamos este tipo de regulaciones o leyes, que buscan, obviamente, un beneficio directo para los niños más vulnerables.
No obstante, quiero hacerme cargo de una cosa que se ha dicho. Acá se ha pedido votación separada argumentando que, teóricamente, este aplazamiento tiene que ver con una prórroga para hacer capacitaciones.
Eso no es así. Este aplazamiento es para habilitar las salas especiales de entrevistas y para acreditar a los entrevistadores, porque, como hemos dicho, no cualquiera puede hablar directamente con un niño, niña o adolescente en ese tipo de circunstancias. Ese es el sentido del proyecto, cuestión que, por supuesto, la defensora de la Niñez también ha apoyado.
Entonces, no se trata de aplazar porque sí, sino porque, si rechazamos esto, perjudicaremos precisamente a aquellos que queremos proteger. Tenía que haber este equilibrio respecto de cuál es el plazo máximo por el que se podría aplazar -valga la redundancia-, es decir, dar más tiempo para ejecutar bien la política pública, de manera de proteger a los niños, niñas y adolescentes. Pero no tiene que ver con una especie de capacitación o por una indolencia de parte del Estado, en este caso del Ministerio Público, en cuanto a no querer aplicar esto, sino para que estén preparadas las salas especiales de entrevistas y debidamente acreditados los entrevistadores, porque, como hemos dicho, no cualquiera puede hablar con un niño, niña o adolescente que ha sido víctima de un delito grave. La idea es no revictimizar a los niños que ya han sufrido esos abusos.
Por lo tanto, llamo a la Cámara de Diputados a votar a favor del proyecto, por completo, de modo que, cuando se pida la votación separada, también la aprueben, porque nuestros niños, niñas y adolescentes no pueden seguir esperando.
He dicho.";1
"13";"21266";31;2020;7;"CARVAJAL";"doña M.a Loreto";"La señora CARVAJAL (doña M.a Loreto).-
Señor Presidente, las modificaciones que se han hecho a la ley para impedir la revictimización de los menores han tenido un avance lento, lo que lamentamos. Se trata de una legislación que entró en vigencia en 2019. Sin embargo, se requieren mayores plazos para su implementación en regiones donde no ha sido posible hacerlo.
Como señaló el diputado Velásquez , este mayor tiempo permitirá implementar las salas de conferencias necesarias y los distintos mecanismos técnicos y humanos, como ocurrirá, por ejemplo, en la Región de Ñuble, que representó en esta Cámara.
Por lo tanto, adhiero a lo manifestado por la diputada Girardi y otros colegas, en el sentido de no aplazar más la
2
implementación de esta medida. A mi juicio, es necesario avanzar en la protección de los menores de edad para evitar su revictimización, y para eso se necesita no solo adecuar la normativa, sino otorgar las condiciones humanas y de infraestructura necesarias para lograrlo. Creemos conveniente hacerlo.
Por eso, anuncio mi voto a favor del proyecto.
Finalmente, aprovecho la ocasión para apoyar a la familia de Antonia Barra , a propósito de lo ocurrido hoy en el tribunal de Temuco…";1
"14";"21266";44;2020;9;"DE URRESTI";NA;"El señor DE URRESTI.-
2
Señora Presidenta , este proyecto de ley, que cumple su segundo trámite constitucional en la Corporación, se originó precisamente en un mensaje de Su Excelencia el Presidente de la República presentado en la Cámara de Diputados.
La Comisión de Constitución, Legislación, Justicia y Reglamento procedió a su discusión en general y en particular, dado que se trata de un proyecto de artículo único y de conformidad con lo dispuesto en el artículo 127 del Reglamento de la Corporación.
Esta iniciativa tiene dos objetivos, que paso a señalar.
El primero es actualizar las referencias normativas del inciso primero del artículo 1º de la ley Nº 21.057, con el propósito de concordar esta disposición con los cambios introducidos por la ley Nº 21.212 en el articulado del Código Penal con relación al delito de femicidio.
El segundo es modificar el cronograma para la implementación de la segunda y tercera etapas de la ley N° 21.057, establecido en el artículo primero transitorio de la misma norma.
En los fundamentos del mensaje se explica que la ley Nº 21.057, que regula entrevistas grabadas en video y otras medidas de resguardo a menores de edad víctimas de delitos sexuales, fue publicada en el Diario Oficial el día 20 de enero de 2018.
Dicho cuerpo normativo tiene por objeto regular la realización de entrevistas investigativas videograbadas y declaraciones judiciales por intermedio de entrevistadores especialmente capacitados y en instalaciones equipadas al efecto, con el objeto de prevenir la victimización secundaria de niños, niñas y adolescentes que hayan sido víctimas de delitos sexuales y otros delitos graves, con ocasión de su interacción con los intervinientes en el proceso penal.
Según lo previsto en el artículo primero transitorio de la ley Nº 21.057, esta comenzaría a regir en forma gradual, de conformidad con el inciso final del artículo 77 de la Constitución y de acuerdo al cronograma establecido en la referida disposición transitoria.
De esta forma, la primera etapa de la ley que regula entrevistas grabadas en video y otras medidas de resguardo a menores de edad víctimas de delitos sexuales entró en vigencia el 3 de octubre del 2019, comprendiendo esta fase las regiones de Arica y Parinacota, de Tarapacá, de Antofagasta, del Maule, de Aysén del General Carlos Ibáñez del Campo y de Magallanes y de la Antártica Chilena.
A su vez, la segunda y la tercera etapas entrarían en vigencia transcurridos 18 y 30 meses, respectivamente, después de publicado en el Diario Oficial el referido reglamento, esto es, el 3 de octubre del 2020 para la segunda etapa, y el 3 de octubre del 2021 para la tercera.
En el escenario de crisis actual, la creciente afectación de la vida social que está produciendo la expansión del coronavirus, con la consecuente dictación de medidas de carácter de salud pública y de control sanitario, ha producido una serie de restricciones y afectaciones que limitan el desarrollo de las actividades de las personas e instituciones, alterando radicalmente su normal desenvolvimiento.
En este contexto, la inminente puesta en marcha de la segunda y la tercera etapa de implementación de la ley Nº 21.057 se ha visto seriamente impactada por la emergencia asociada a la irrupción del COVID-19 en la contingencia nacional, particularmente en lo que atañe a la imposibilidad de cumplir con el cronograma dispuesto para los cursos iniciales de formación especializada y la habilitación de las salas en que se van a realizar las entrevistas.
En vista de todas las consideraciones antedichas, del diagnóstico compartido entre las distintas instituciones y organizaciones involucradas en tan importante reforma, como la establecida por la ley N° 21.057, y teniendo presente especialmente que la prevención de la victimización secundaria, el resguardo de la dignidad y el interés superior de niños, niñas y adolescentes son objetivos primordiales a resguardar, la imposibilidad de su puesta en marcha conforme a los estándares exigidos por la ley constituye un riesgo que debe ser evitado y que pugna con la voluntad del Estado de trabajar firmemente en la preparación del camino hacia una cobertura total dentro del territorio nacional de este tipo de entrevistas.
2
Por otra parte, el 4 de marzo de 2020 fue publicada en el Diario Oficial la ley Nº 21.212, que modificó el Código Penal, el Código Procesal Penal y la ley Nº 18.216, en materia de tipificación del femicidio. En dicho contexto, se suprimió el inciso segundo del artículo 390 del Código Penal, que hasta esa fecha tipificaba el delito de femicidio, pasando a regularse esta materia en los nuevos artículos 390 bis a 390 quinquies de este Código. Dichas modificaciones no fueron plasmadas en el texto vigente de la ley Nº 21.057, en circunstancias de que el inciso primero del artículo 1° de este cuerpo legal contempló, desde su origen, al delito de femicidio dentro del catálogo de ilícitos de aplicación de la ley, mediante la referencia al artículo 390 del Código Penal.
Para el estudio pormenorizado de la iniciativa, la Comisión escuchó al Ministro de Justicia y Derechos Humanos , señor Hernán Larraín ; a la Jueza del Segundo Tribunal de Juicio Oral en lo Penal de Santiago señora Nora Rosati , y a la Gerenta de la División de Atención a Víctimas y Testigos de la Fiscalía Nacional, señora Erika Maira .
Así, el artículo único del proyecto sometido al conocimiento de la Comisión de Constitución, Legislación, Justicia y Reglamento propone en su numeral 1 intercalar, en el inciso primero del artículo 1º de la ley N° 21.057, a continuación de la expresión ""390;"", lo siguiente: ""390 bis; 390 ter;"".
El objetivo de esta enmienda es otorgar el amparo del sistema de entrevistas videograbadas a niños, niñas y adolescentes que hayan sido víctimas o testigos de delitos contemplados en los referidos artículos 390 bis y 390 ter del Código Penal. El primer precepto sanciona con la pena de presidio mayor en su grado máximo a presidio perpetuo calificado al ""hombre que matare a una mujer que es o ha sido su cónyuge o conviviente, o con quien tiene o ha tenido un hijo en común"" y al ""hombre que matare a una mujer en razón de tener o haber tenido con ella una relación de pareja de carácter sentimental o sexual sin convivencia"". La segunda disposición, en tanto, castiga con la pena de presidio mayor en su grado máximo a presidio perpetuo al ""hombre que matare a una mujer en razón de su género"".
Luego el numeral 2 del artículo único del proyecto efectúa tres enmiendas en el artículo primero transitorio de la ley Nº 21.057.
Primeramente, la letra a) sustituye en el inciso tercero la expresión ""dieciocho meses"" por ""veintiséis meses"", lo que, en los hechos, aumenta el plazo en el cual entrará en vigencia la ley N° 21.057 en las Regiones de Atacama, de Coquimbo, de Ñuble, del Biobío, de La Araucanía y de Los Ríos.
La letra b), por su parte, reemplaza en el inciso cuarto la expresión ""treinta meses"" por ""cuarenta y dos meses"", incidiendo en el plazo dispuesto para la entrada en vigor de dicha preceptiva en las Regiones de Valparaíso, del Libertador General Bernardo O'Higgins, de Los Lagos y Metropolitana.
Por último, la letra c) agrega el siguiente inciso final: ""La Comisión de Coordinación del Sistema de Justicia Penal deberá informar mensualmente a la Comisión de Constitución, Legislación, Justicia y Reglamento de la Cámara de Diputados y a la Defensoría de la Niñez, acerca del cronograma y estado de avance de la implementación de la ley N° 21.057."".
Honorable Sala, la Comisión, una vez analizadas las disposiciones propuestas, aprobó por la unanimidad de sus miembros la idea de legislar en esta materia. Seguidamente, durante la fase de discusión en particular, se aprobaron en su integridad las disposiciones contenidas en el texto despachado por la Cámara de Diputados.
Señora Presidenta , la Comisión que presido concordó con la idea de otorgar la mayor celeridad posible a esta iniciativa, con el fin de configurar el nuevo cronograma de implementación de la ley Nº 21.057, en razón de la pandemia que vive el país, y así cumplir plenamente con el objetivo de dar protección a los niños, niñas y adolescentes que han sido víctimas o testigos de delitos muy graves.
He dicho, señora Presidenta.
La señora MUÑOZ (Presidenta).- Gracias, Senador De Urresti.
Tiene la palabra el señor Ministro de Justicia , don Hernán Larraín.
Señor Ministro , tiene que activar el micrófono desde su equipo, por favor.";1
"15";"21266";45;2020;9;"LARRAÍN";"Ministro de Justicia y Derechos Humanos";"El señor LARRAÍN ( Ministro de Justicia y Derechos Humanos).-
2
Ahora sí.
Gracias, Presidenta .
Junto con saludarla a usted, por su intermedio, saludo a las Senadoras y los Senadores que nos acompañan en esta sesión en forma remota o presencial en la Sala de la Corporación, en Valparaíso.
Quisiera agradecer esta oportunidad para dirigirme brevemente a ustedes en esta materia. La intervención que ha hecho el Presidente de la Comisión de Constitución, Legislación, Justicia y Reglamento, Senador Alfonso de Urresti , me permite hacer comentarios más breves.
Efectivamente, como ustedes recordarán, la ley Nº 21.057 reguló las entrevistas videograbadas con el propósito de resguardar a las niñas, niños y adolescentes (los menores de edad) que tuvieran que declarar por haber sido víctimas de delitos sexuales. Por esta vía se evitaba la revictimización que suponían todas las investigaciones judiciales anteriores en esta materia, las cuales, por implicar entrevistas una y otra vez a esos niños, a esas niñas y a esos adolescentes, se les hacía recrear, volver a sufrir las consecuencias de ese acto deleznable, que, además, debía ayudar a esclarecer.
Por ese motivo, dicha ley, que siguió un trámite bastante activo, fue publicada el 20 de enero del 2018 y, para poder funcionar, requirió la dictación de un reglamento, el cual se aprobó el 2 de abril del 2019.
Su puesta en marcha supuso un ingreso gradual en tres etapas, como se ha recordado, seis meses después de publicado el reglamento: primero, el 3 de octubre del 2019, se aplicó en un grupo de regiones del norte y del extremo sur, más el Maule; durante el 2020 ingresaron las Regiones de Atacama, Coquimbo, Biobío , Ñuble, La Araucanía y Los Ríos, y, finalmente, el 3 de octubre del 2021 lo hizo el resto de las regiones, que era el grueso, pues correspondía al 61 por ciento de la población.
El monitoreo y la puesta en marcha ha sido supervisada por la Comisión Coordinadora del Sistema de Justicia Penal, que preside el Ministro de Justica y que integran el Presidente de la Corte Suprema , el Fiscal Nacional, el Defensor Penal Público , el General Director de Carabineros, el Director General de la Policía de Investigaciones , el Presidente del Colegio de Abogados y distintos otros organismos. Uno de los subcomités que ha creado esta Comisión es el que ha estado a cargo de supervisar y coordinar la puesta en marcha de este sistema.
¿Por qué es tan complejo este sistema, Presidenta? Porque exige la operatividad de diversos elementos, que son los que hacen el cambio, la diferencia.
Uno de ellos es tener entrevistadores especialistas, preparados y capacitados para desarrollar las entrevistas con los menores, que es una situación compleja y difícil.
En seguida, se requieren salas especializadas, adecuadas a quienes van a ser entrevistados; que cuenten con las facilidades para grabar y que no tengan a todas las personas enfrente de los niños, sino detrás de vidrios espejo, permitiendo así la privacidad y, al mismo tiempo, la información y la transparencia.
También se necesita capacitar a los operadores, hacer difusión, en fin.
Hay un conjunto de elementos que posibilitan que este proceso funcione, y funcione bien.
De hecho, el trabajo que se hizo permitió que la primera etapa, prevista para el 3 de octubre de 2019, entrara en vigencia con esta coordinación que se dio entre todas las instituciones. En este punto ha habido bastante integración, aprovechamiento de los recursos y de los propios entrevistadores entre las distintas instituciones. Por eso creemos que se ha dado un buen ejemplo del uso de los recursos.
Sin embargo, la puesta en marcha de la segunda etapa, prevista para el 3 de octubre de este año, ha tenido dificultades. Como bien señalaba el Presidente de la Comisión , Senador De Urresti, la situación producto de la actual contingencia sanitaria ha obligado a suspender buena parte de estas actividades. Se impidió la construcción adecuada y oportuna de las salas especializadas; se dificultó y paralizó la capacitación de entrevistadores, de intermediadores, en fin. No obstante que se alcanzaron a formar varios, una cantidad apreciable, aproximadamente la mitad en algunos casos, el número de capacitados sigue siendo insuficiente, y la preocupación es que se produzca un rebote para la tercera etapa, la que debe empezar a funcionar el 3 de octubre
2
del 2021.
Todo esto hizo que la Comisión Coordinadora, a través del subcomité respectivo, encendiera las alarmas en su momento y, luego del estudio de la medida, decidiera solicitar la prórroga de la entrada en vigencia a través de una norma, ya que el calendario para ello está establecido en la propia ley que creó este sistema, la N° 21.057.
Quiero decir que no ha sido una decisión fácil, porque uno advierte la necesidad de este sistema.
Este mecanismo realmente ha servido para evitar, como decía, la revictimización de niños, niñas y adolescentes, y postergarlo significa que no podremos seguir avanzando con la rapidez que se requiere, con lo cual niños o niñas víctimas de abusos sexuales seguirán declarando bajo el sistema antiguo.
Pero la verdad es que tampoco se puede instalar un nuevo sistema a medias, con salas que no están construidas, con entrevistadores que no están capacitados, con un equipo que no entiende cómo funciona el proceso. Por lo tanto, la recomendación que hizo el referido subcomité fue prorrogar en los términos que aquí se señalan.
De hecho, la prórroga era mayor. El proyecto originalmente proponía retrasar en doce y quince meses la entrada en vigencia de la segunda y la tercera etapa, respectivamente, pero en la discusión que tuvimos en la Cámara de Diputados se pidió hacer un esfuerzo adicional para que entrara en vigor con antelación.
En resumen, este es el proyecto que se aprobó en la Cámara y, también, en la Comisión de Constitución del Senado, como dijo su Presidente .
La prórroga de la segunda etapa se hace por ocho meses: en lugar del 3 de octubre del 2020, comenzará el 3 de junio del 2021. Y la prórroga de la tercera etapa -y última- se hace por doce meses: en lugar del 3 de octubre del 2021, entrará a regir el 3 de octubre del 2022. Con eso, es posible cumplir con las metas y que este sistema entre en funcionamiento en la forma debida.
Adicionalmente a esta propuesta, que es la modificación central que promueve el proyecto, y dado que entremedio hubo una nueva legislación en relación con la tipificación del delito de femicidio, que contempla en ciertas situaciones a menores de edad, se decidió que el femicidio -básicamente los tipos que se incorporaron en la ley N° 21.212, con los nuevos artículos 390 bis y 390 ter, que tipifican el femicidio de distintas maneras- también fuera incorporado al catálogo de delitos que están llamados a utilizar entrevistas videograbadas. Por tanto, se actualizan esas normas, dándoles mayor seguridad en estos casos a quienes vayan a ser entrevistados en los procesos judiciales que lleven adelante el Ministerio Público y los tribunales de justicia.
En ese sentido, aprovechamos para hacer una actualización de los delitos que estarán en el catálogo, incorporando los que se establecieron en la ley referida, que se aprobó durante la tramitación de esta iniciativa.
En dos palabras, señora Presidenta, queremos pedir la aprobación del Senado para el proyecto que busca prorrogar la puesta en marcha de las etapas dos y tres de la ley que estableció las entrevistas videograbadas para los delitos sexuales cometidos en contra de menores de edad, de manera de asegurar que entren en vigencia de forma adecuada, con la calidad y seguridad que requiere una materia tan delicada.
Es lamentable tener que hacerlo, pero son las consecuencias que ha impuesto esta crisis sanitaria, que ha complicado en todos los sentidos nuestra vida. En esta área hemos recibido un golpe muy duro, pues nos obliga a solicitar esta prórroga, que gracias a Dios ha tenido la comprensión de la Cámara de Diputados, de la Comisión de Constitución y esperamos que también de esta Sala.
Y aprovechamos de completar el catálogo con el delito de femicidio en los términos en que lo despachó este Congreso.
Con estos antecedentes, señora Presidenta , ojalá podamos contar con la aprobación de la Sala y despachar el proyecto para asegurar que la prórroga se realice, ya que estamos a días del plazo en que debería entrar a regir la próxima etapa, de conformidad con el cronograma original.
Gracias.
2";1
"16";"21266";47;2020;9;"BIANCHI";NA;"El señor BIANCHI.-
Gracias, Presidenta .
Escuché atentamente al Ministro Larraín , a quien, por su intermedio, aprovecho de saludar.
Efectivamente, es doloroso hacer esta constatación.
Este proyecto busca prorrogar la concreción de las etapas dos y tres de la ley que regula las entrevistas videograbadas en casos de niños que han sido abusados. El objetivo, tal como lo ha explicado el propio Ministro , es evitar la revictimización de esas niñas y esos niños.
Esta situación es muy compleja, porque entiendo que hay una baja en el presupuesto para esta actividad, además de la prórroga en la contratación de profesionales, que son tremendamente necesarios para proteger a estos niños.
Entonces, no es fácil votar favorablemente este proyecto. La Cámara así lo hizo.
No dudo de los esfuerzos que está haciendo el Ministerio en esta materia; no dudo de la sensibilidad que esto provoca, fundamentalmente, en quien lidera dicha Cartera, el propio Ministro, y en todas y todos nosotros.
Solo me queda solicitar que estas etapas puedan ser concretadas lo antes posible, porque no es fácil votar la prórroga de un mecanismo que evita la revictimización de los menores abusados.
Por lo tanto, en la medida que esto se prolongue más, se sigue manteniendo el brutal brutal daño a estos menores de edad.
Solo por lo que ha dicho el Ministro , que para llevar a cabo todo este proceso hay que prorrogar un par de meses su entrada en vigencia con el objeto de lograr implementar este tipo de entrevistas para no volver a hacerles daño a estos menores de edad, yo votaré favorablemente este proyecto. Yo no aprobaría una prórroga si efectivamente no fuera tal como se ha explicitado, porque aquí tenemos que encargarnos precisamente de evitar el doble sufrimiento de estos niños, niñas y adolescentes.
Por lo tanto, en esa condición, Presidenta , respaldaré esta prórroga, pero pidiendo que pueda ser revertida lo antes posible. Aquí estamos ante un profundo daño histórico a estos menores de edad, y precisamente este tipo de programas y acciones intentan contribuir a evitarles más daños.
Gracias, Presidenta .";1
"17";"21266";49;2020;9;"EBENSPERGER";NA;"La señora EBENSPERGER.-
Señora Presidenta , como acá se ha señalado, la ley N° 21.057, publicada el año 2018, regula la realización de entrevistas investigativas videograbadas y la declaración judicial de niños, niñas y adolescentes que hayan sido víctimas de los delitos que contempla esa ley.
Como indica el propio artículo 1°, ""Mediante la prevención de la victimización secundaria se busca evitar toda consecuencia negativa que puedan sufrir los niños, niñas y adolescentes con ocasión de su interacción, en calidad de víctimas, con las personas o instituciones que intervienen en las etapas de denuncia, investigación y
2
juzgamiento de los delitos señalados"" en la propia ley.
La implementación de la ley requiere la formación de especialistas en metodologías y técnicas de entrevistas investigativas videograbadas y declaración judicial de niños, niñas y adolescentes, además de la provisión de instalaciones físicas y salas acondicionadas para el efecto, de manera de proteger la privacidad y seguridad de los menores de edad, a los efectos de controlar la presencia de los participantes, asegurar la fidelidad del testimonio de los menores y el control de los métodos utilizados en las entrevistas de que se trate.
Los requerimientos de capacitación son aplicables al personal y a los procedimientos llevados a cabo por el Ministerio Público, por ambas Policías (tanto Carabineros como la PDI), por el Ministerio del Interior y por el Poder Judicial . En particular, se requiere capacitar a jueces en el nuevo procedimiento que se aplica conforme al principio de especialidad, con preferencia el Código de Procedimiento Penal.
De ahí que, pese al esfuerzo tanto del Ejecutivo como de todos los entes involucrados en la implementación de esta ley, y a consecuencia no solo del estallido social de octubre del 2019, sino además de la pandemia del COVID, todo el proceso se ha visto alterado, se han producido postergaciones y no se ha podido cumplir con la calendarización.
Por lo tanto, se requiere la modificación legal propuesta porque, de lo contrario, una mala implementación podría ocasionar un efecto negativo. Así lo señalaba la propia jueza de familia que nos acompañó en la Comisión de Constitución, quien explicaba que una mala implementación podía no solo vulnerar una vez más los derechos de niños, niñas y adolescentes, sino que también causarles un mayor daño.
Y explicaba, asimismo, que se habían tratado de realizar las capacitaciones mediante videoconferencias, pero que son tan especializadas que debían impartirse de preferencia de manera personal; además, si realizarlas de forma presencial significaba una semana, al hacerlas telemáticamente o a distancia el proceso demoraba un par de meses.
Por lo tanto, la postergación que se está solicitando a través de este proyecto se encuentra plenamente justificada, es necesaria y urgente.
Se había consensuado postergar la implementación de la segunda etapa, pasando de dieciocho a veintiséis meses, como he señalado, posponiendo su implementación al año 2021, y la tercera etapa al año 2022. Les recuerdo que la primera etapa ya se encuentra en ejecución.
Lamentando, como todos los que me han antecedido en el uso de la palabra, que tenga que postergarse su entrada en vigor, considero ampliamente justificada la solicitud, porque la implementación de esta ley debe hacerse de manera correcta.
Esperamos que todos los entes que participan en su implementación se aboquen prontamente para que el plazo establecido se cumpla, por el bien de los niños, niñas y adolescentes, pero que se haga de la forma correcta.
Nosotros vamos a votar a favor del proyecto, Presidenta .
Muchas gracias.";1
"18";"21266";51;2020;9;"GALILEA";NA;"El señor GALILEA.-
Señora Presidenta , abundando en lo que ya han señalado el Presidente de la Comisión de Constitución y el Ministro de Justicia, el proyecto de ley que estamos votando no es fruto de una improvisación, ni tampoco de menos presupuesto (de hecho, se está poniendo toda la plata posible para avanzar en esta materia), sino que simplemente es una muy mala consecuencia de lo que estamos viviendo a raíz de esta pandemia.
2
Tal como se ha dicho, la ley N° 21.057, que se refiere a las entrevistas videograbadas para niños, niñas y adolescentes que fueran víctimas de abuso, se estaba implementando en Chile en tres etapas.
La primera, que empezó en octubre del año pasado, involucró a algunas regiones que más o menos equivalían a cerca del 14, 15 por ciento del total de la población nacional.
En octubre de este año tocaba iniciar la segunda etapa, que abordaba más o menos a un 25 por ciento de la población nacional.
Y finalmente, en octubre del 2021, se sumaba el resto del territorio, en una gran etapa que abarcaba al 60 por ciento de la población del país, incluida, por supuesto, la Región Metropolitana.
Pero hay que observar la realidad y ver lo que ha ocurrido.
La subcomisión de implementación de esta ley, en la que participan el Ministerio del Interior, el Ministerio de Justicia, el Poder Judicial , el Ministerio Público, Carabineros, PDI, llegó a la total certeza de que era absolutamente imposible estar listos para implementar la etapa que comenzaba ahora en octubre, en poco más de un mes, y también que iba a ser imposible abarcar lo que faltaba, que es más de la mitad de Chile, dentro de un año.
Por eso que esta situación se empezó a trabajar, se discutieron distintos tipos de prórrogas y finalmente se llegó a la conclusión de que, si bien van a ser plazos ajustados, ocho meses más para la segunda etapa y un año adicional para la tercera etapa era lo que aparecía como más razonable y como más prudente.
En este punto hay que tener bien claro que la implementación no solo considera la construcción de espacios físicos, cosa que es necesaria, como salas especiales de escucha y de entrevista. Lo más relevante es tener preparados a los entrevistadores. Y su especialización no implica un curso que se imparte online, no es simplemente una cosa telemática. No. Es una formación muy muy delicada, que abarca una gran preparación psicológica para saber hacer que los niños digan la verdad de manera genuina, no manipulada, que obtengan lo que efectivamente sucedió respecto de una eventual situación de abuso.
Por eso que se debe preparar a muchos entrevistadores y se les tiene que preparar muy bien. Para la segunda etapa, que se iba a iniciar ahora, se requerían 144 entrevistadores y también unos 48 jueces especialmente preparados.
Al final del día, la preparación de los entrevistadores va más o menos en un 50 por ciento. Y el Poder Judicial , por lo que todos sabemos, ha tenido que suspender completamente el proceso y ninguno de estos teóricos 48 jueces ha podido realizar sus respectivas capacitaciones.
Así que, vuelvo a reiterar, el proyecto de ley que estamos votando obedece a una imposición de la realidad. Por desgracia, no hemos podido avanzar a la velocidad que quisiéramos, por la pandemia.
Y el asunto es particularmente dramático. Hace algunas semanas, la Fiscalía informaba que la atención psicológica y la reubicación de víctimas de violencia intrafamiliar habían subido un 50 por ciento durante la pandemia.
Por lo tanto, el tema es particularmente delicado.
Por consiguiente, además de aprobar la iniciativa, le pido al Ministro de Justicia , al Ministerio del Interior, al Poder Judicial , a Carabineros, a la PDI, que, independiente de que tengan más plazo, ojalá puedan casi adelantar el proceso, porque la situación de violencia intrafamiliar que ha generado la pandemia se ha puesto aguda aguda, y eso no podemos obviarlo de ninguna manera.
Quiero terminar agradeciendo la participación de las juezas de familia que asistieron a la Comisión y también a Erika Maira , quien participó por parte de la Fiscalía, que estuvo muy pero muy a cargo de que este proyecto de ley viera la luz.
Así es que voto a favor.";1
"19";"21266";53;2020;9;"ARAYA";NA;"El señor ARAYA.-
Señora Presidenta , sumándome a lo que ya han señalado los colegas que me han precedido en el uso de la palabra, quiero manifestar que voy a votar a favor de esta iniciativa.
Este proyecto tiene dos puntos principales.
Primero, actualizar la normativa de la ley N° 21.057, que regula las entrevistas videograbadas, dado que cuando esta se dictó no existía en Chile la figura penal del femicidio contemplada en los artículos 390 bis y 390 ter del Código Penal. En razón de eso, se aprovechó este proyecto de ley a fin de incorporar estas dos figuras penales dentro de aquellas respecto de las cuales puede realizarse entrevista videograbada a menores, a fin de evitar la victimización secundaria.
En segundo lugar, como ya muy bien lo han señalado quienes me han precedido en el uso de la palabra, la ley originalmente había fijado un plazo para su entrada en vigencia, pero distintos acontecimientos, como el estallido social de octubre del año pasado y principalmente la pandemia del coronavirus, han impedido llevar adelante las diversas tareas que se tenían en carpeta para que la ley pudiera implementarse. Entre otras, por ejemplo, la construcción de las distintas salas en los tribunales del país, así como en las dependencias de la Fiscalía, para tomar las entrevistas videograbadas a los niños.
Y lo que ha resultado más complejo es que no se ha podido preparar a los entrevistadores y a los jueces especializados que deben hacerse cargo de tomar este tipo de entrevistas.
Se nos comentó en la Comisión, y lo compartimos, que justamente, dada la especial preparación que han de tener los entrevistadores y los jueces, no fue posible realizar de forma remota los cursos de capacitación, porque se requiere que sean de carácter presencial.
Por esa razón, como una forma de que esta ley pueda ser aplicada eficazmente, se ha pedido una postergación, en un plazo que a mi juicio es del todo razonable, dado que responde al tiempo que no se ha podido utilizar en la preparación de aquellas personas que lo necesitan para cumplir con los distintos roles que plantea la ley.
En el caso de aquellas regiones donde hoy día están funcionando las entrevistas videograbadas, hay una experiencia bastante buena.
Por eso, esperamos que esto se replique en el resto del país y que podamos contar con un sistema eficaz, que evite la victimización secundaria, especialmente de niños, niñas y adolescentes.
Creo que este proyecto debiera ser aprobado en forma unánime, porque busca dar un mayor plazo a fin de poder implementar el sistema en forma adecuada en aquellas regiones donde todavía no comienza a regir la ley.
Por esa razón, Presidenta , voto a favor.";1
"20";"21266";55;2020;9;"HUENCHUMILLA";NA;"El señor HUENCHUMILLA.-
Señora Presidenta , nosotros examinamos este proyecto en la Comisión de Constitución y estimamos que existen todos los presupuestos positivos para acceder a la prórroga que pide el mensaje, y que en su exposición solicitó el señor Ministro de Justicia , en orden a que este sistema, implementado por la ley N° 21.057, de enero de 2018, y que entró en funcionamiento en forma gradual en distintos territorios de la república, pudiera sufrir una postergación, una prórroga en sus etapas segunda y tercera.
2
Estamos hablando de un sistema innovador, que tiene por objeto proteger a los menores que han sufrido abusos por determinados delitos, para que cuando ellos presten su testimonio lo hagan en condiciones de tranquilidad, de respeto, por todos los efectos psicológicos que implica el haber sido abusado y más encima volver a revivir en los interrogatorios todos esos nefastos hechos ocurridos en su niñez.
Nosotros examinamos si esta prórroga se justificaba o no y si no había aquí alguna causal de tipo presupuestario o alguna negligencia de parte del Ejecutivo. Y pudimos comprobar que todo está en regla y en orden y que simplemente la fuerza mayor que ha significado la crisis social y sanitaria que tenemos hace indispensable acceder a esta prórroga de unos cuantos meses más para los efectos de que se puedan llevar adelante las implementaciones físicas necesarias y también para que los entrevistadores, que son personas con una especial formación psicológica para el tratamiento de los menores, también puedan cumplir adecuadamente con ese ciclo de formación, al igual que los jueces.
Por lo tanto, señora Presidenta, quiero decirle a la Sala que se justifica plenamente la petición planteada en este mensaje presidencial.
En consecuencia, llamo a que lo aprobemos.
De esa manera, este sistema puede tener el tiempo necesario para una adecuada y correcta implementación.
Por eso, votaremos a favor.
Gracias, señora Presidenta.";1
"21";"21266";58;2020;9;"ALLENDE";NA;"La señora ALLENDE.-
Señora Presidenta , efectivamente, tal como lo han expresado todos los que hasta este momento han hablado en la Sala, estamos ante un proyecto que debiera tener una aprobación unánime.
Todos entendemos que la ley que consagra la entrevista videograbada ha sido un gran avance para la protección de los derechos de niños, niñas y adolescentes. En ese sentido, se cumple a cabalidad con el interés superior del niño, de acuerdo con la Convención sobre los Derechos del Niño.
Todos sabíamos que antes de que se aplicara esta ley había una revictimización de los niños, que podían ser o víctimas o testigos de delitos graves, dada la repetición de su testimonio, que obviamente significa un detrimento psicológico, físico y la trasgresión del rol protector que debe cumplir, por supuesto, el propio Estado con ellos.
Además, no existía mayor exigencia -esto es muy importante- respecto de la idoneidad y la capacitación que debían tener las personas que hacían esas interrogaciones.
En tal sentido, con esta ley, que se aplica a cualquier menor que deba actuar en un juicio, sea como víctima o testigo, tenemos que evitar esa revictimización, contando con un personal suficientemente capacitado y con las salas y las condiciones adecuadas para que este sistema se aplique de la mejor forma.
2
Y es muy importante, dadas las condiciones y la situación que ha vivido nuestro país, que el Ministerio de Justicia, como lo ha expresado honestamente, plantee que es imposible aplicar el sistema en los plazos que se habían concebido.
Por lo tanto, es preferible darnos un nuevo plazo, más razonable, que permita esa preparación presencial, contar con todo ese personal idóneo capacitado, y que no ocurra lo que justamente queremos evitar: la revictimización y el daño consecuente que les generamos a estos niños, niñas y adolescentes.
Solo ha habido un avance de 47 por ciento respecto de los entrevistadores. Y existe una brecha de las capacitaciones que alcanza hasta un 100 por ciento.
También, como decíamos, se encuentra pendiente la construcción de las salas.
Espero que se pueda avanzar más en ese sentido, porque estamos todavía muy lejos de cumplir las metas que nos habíamos propuesto.
A mí me preocupa, y se lo quiero decir -por su intermedio, Presidenta - al señor Ministro , no saber exactamente qué ocurre en Valparaíso, pues se habla de un aumento entre treinta y cuarenta y dos meses. Me gustaría saber con más precisión cuándo se pueden cumplir esos plazos.
También es muy importante lo relativo a la incorporación a la ley de la entrevista videograbada a niños y niñas víctimas o testigos de femicidio. Hicimos una adecuación con la ""Ley Gabriela"", normativa en estos tipos penales, creando incluso un nuevo tipo de femicidio, por razón de género, con lo cual es absolutamente necesario hacer una actualización.
Presidenta, quiero destacar el avance que han significado estas modificaciones. Porque en el caso que ha provocado tanta conmoción en Villa Alemana y en la Región de Valparaíso se ha podido por lo menos formalizar al asesino, o presunto asesino, de Ámbar por violación con femicidio. Y esperamos que reciba una de las penas más duras, que la ley no permitía al no haber vínculos familiares.
Yo votaré a favor. Existen todos los argumentos para conceder esta ampliación de plazo y prepararnos de la mejor manera, siempre pensando en el interés superior del niño.
He dicho, Presidenta .
Muchas gracias.";1
"22";"21266";64;2020;9;"DE URRESTI";NA;"El señor DE URRESTI.-
A favor, señor Secretario .
El señor GUZMÁN ( Secretario General ).- Gracias.
Vota a favor.
El Senador señor Prohens también ha solicitado adelantar su voto sin fundamentar.
¿Cómo vota, Su Señoría?";1
"23";"21266";67;2020;9;"DURANA";NA;"El señor DURANA.-
Voy a justificar mi voto, señor Secretario .
El proyecto busca actualizar algunas normas y reformar el itinerario que fija la ley N° 21.057, que regula las entrevistas grabadas en video y otras medidas de resguardo a menores de edad víctimas de delitos sexuales.
Todos los procesos de capacitación, de acuerdo a la planificación proyectada, se realizaron con antelación a la publicación de la ley. Sin embargo, desde el inicio de la emergencia sanitaria se han visto retrasados o impedidos, situación que hace necesario adecuar la normativa para cumplir con la segunda y tercera etapas, incluyendo a instituciones vinculadas con esta ley, como lo son el Ministerio Público, el Poder Judicial , Investigaciones, Carabineros de Chile y el Ministerio del Interior y Seguridad Pública.
La ley en proyecto busca hacer frente a la llamada ""victimización secundaria"", que consiste en el sufrimiento que experimenta la víctima en su paso por las diferentes instancias del sistema procesal penal y por las reacciones de su entorno social.
La incorporación de estos delitos a la modalidad de entrevistas videograbadas y declaraciones judiciales es una medida acorde con el pleno respeto de las víctimas, lo cual, sin duda, es un elemento eficaz para combatir la
2
impunidad en estos casos.
No obstante manifestar mi aprobación a este proyecto, hago un llamado al Ministerio de Justicia para que considere las 17 mil denuncias anuales que se producen por delitos sexuales contra menores de edad, con el objetivo de acortar los plazos en su implementación.
Esta normativa, que beneficia principalmente a nuestros niños, niñas, jóvenes y familias en general, no puede seguir esperando y necesita el esfuerzo y la colaboración de todos nosotros.
Voto a favor, señora Presidenta .";1
"24";"21266";77;2020;9;"INSULZA";NA;"El señor INSULZA.-
Señora Presidenta, realmente es difícil hablar de hechos tan lamentables como estos.
Esta mañana leía una noticia acerca de la cantidad de delitos sexuales que se habían cometido durante este período, de las denuncias que existían, y la mayor parte de ellos son perpetrados por familiares o por gente cercana a los niños, niñas y adolescentes, que -entre paréntesis- son más de las tres cuartas partes de los delitos sexuales que se consuman en nuestro país.
Creo que debemos aprobar esta normativa y examinar -estamos hablando de decenas de miles de delitos de este tipo- si estamos trabajando adecuadamente para prevenirlos y sancionarlos duramente.
A mi juicio es muy triste tener que hablar de esto. Pero nuevamente deseo recordar que si hay una cosa que le falta a Chile es una legislación o una política de salud mental infantil, que ciertamente sería muy necesaria para estos niños tan abusados y maltratados al comienzo de su vida y que llevarán las huellas de estos hechos durante toda su existencia.
Voto a favor, diciendo que este no es un buen día; es un día triste tener que aprobar un proyecto de ley sabiendo cuánta cantidad de niños, niñas y adolescentes son víctimas de estas brutalidades.";1
"25";"21266";79;2020;9;"KAST";NA;"El señor KAST.-
Señor Secretario , tal como decía el Senador Insulza, quien acaba de hacer uso de la palabra, me parece que este es uno de los temas en que muchas veces hemos llegado tarde. Son heridas abiertas invisibles de nuestra sociedad y donde el proyecto de hoy día realmente es muy relevante.
Por eso no solo me voy a pronunciar favorablemente, sino además considero muy necesario que sigamos avanzando en iniciativas como esta.
Hay otro proyecto muy importante que lo ha venido pidiendo la Fundación para la Confianza desde hace mucho tiempo y que busca pedirles a los colegios que cuenten con protocolos de detección de abusos sexuales.
Fue una iniciativa que ingresamos en su minuto en la Cámara Alta cuando yo era Diputado junto a la actual Ministra de Desarrollo Social, Karla Rubilar, y que tiene el concepto de que muchas veces, aunque uno no lo crea, es el colegio el lugar donde uno puede finalmente detectar los abusos que, por desgracia, ocurren mayormente en la casa.
El colegio puede ser la tabla de salvación para miles de niños, niñas y adolescentes, si efectivamente tienen un
2
protocolo para identificar los abusos que pueden estar sucediendo en sus hogares.
Esto es especialmente relevante por lo que decía recién el Senador Insulza, en el sentido de que, en medio de la pandemia, cuando no hay colegios ni jardines infantiles funcionando, se presta mucho más para que puedan acontecer casos como estos.
Por eso me alegra que estemos avanzando en esta línea, pero nos queda un largo camino por recorrer.
Así que voto a favor, señora Presidenta.";1
"26";"21266";81;2020;9;"LATORRE";NA;"El señor LATORRE.-
Voy a fundamentar brevemente mi voto, Secretario .
Soy consciente de que la implementación de la ley en proyecto exige la creación de salas especiales, la formación de entrevistadores, intermediarios; la conformación de una estructura de soporte tecnológico, de custodia de las entrevistas investigativas; la capacitación general y la incorporación de nuevos trámites, como la evaluación previa a los funcionarios de las unidades de víctimas para verificar que los niños, niñas y adolescentes estén en condiciones de participar en una entrevista videograbada, lo cual facilita el respeto a sus derechos humanos y evita la revictimización, en fin, todo lo que se ha argumentado anteriormente.
Obviamente, respaldaré esta iniciativa. Pero me llama la atención que un Gobierno que tiene como eslogan ""Los niños primero"", cuando llevamos más de seis meses de pandemia, en que se han adecuado todas las modalidades de teletrabajo...(falla de audio en transmisión telemática) organizaciones, no seamos capaces de invertir, de poner los presupuestos ahí donde se dice que hay prioridades.
O sea, si de verdad nos interesa poner en primer lugar a los niños, niñas y adolescentes, respetar sus derechos humanos, particularmente los de aquellos que han sido amenazados y vulnerados, eso implica establecer los presupuestos; determinar los gastos y las prioridades administrativas, colocar los recursos para tal propósito.
A veces se ocupan muchos recursos, por ejemplo, para comprar nuevos artefactos policiales destinados a reprimir a la gente, pero acá falta poner los medios para implementar adecuadamente esta legislación.
Voto a favor; sin embargo, lamento que nuevamente tengamos que postergar el respeto de los derechos de niños, niñas y adolescentes.";1
"27";"21266";83;2020;9;"NAVARRO";NA;"El señor NAVARRO.-
Señor Secretario , lo cierto es que este proyecto de ley es una vieja aspiración, una sentida aspiración de quienes han luchado por la causa de la defensa de los niños, niñas y adolescentes.
2
Yo espero que los recursos económicos estén disponibles para que el Poder Judicial o quien corresponda los tenga y esto se haga efectivo. Ello va a depender del señor Ministro de Justicia , del señor Ministro de Hacienda . Ojalá que en el Presupuesto para el próximo año, que ya ha comenzado a discutirse, los fondos pertinentes estén considerados.
De no ser así, la agonía va a ser más larga.
Me pronunciaré favorablemente, pues considero que es un extraordinario avance en la defensa de los niños vulnerados, de los niños abusados. Solo espero que el Gobierno esté a la altura con su eslogan ""Los niños están primero"", y eso significa destinar ahora, en el Presupuesto del 2021 que discutimos en el 2020, los recursos económicos necesarios para su implementación.
¡Patagonia sin represas!
¡Nueva Constitución, ahora!
¡No más AFP!
Voto a favor, señor Secretario .";1
"28";"21266";85;2020;9;"ÓRDENES";NA;"La señora ÓRDENES.-
Señora Presidenta , quiero valorar esta iniciativa, porque efectivamente está enfocada en las víctimas, que son niños, niñas y adolescentes.
El hecho de haber sido alguna vez víctimas de delitos sexuales es una experiencia que después cruza toda su vida, y por eso también existe una ley de imprescriptibilidad de este tipo de ilícitos.
En este caso, las víctimas tienen que contar su testimonio en distintas instancias: desde el lugar donde hacen la denuncia, que puede ser un recinto policial, una oficina dentro de la red de asistencia judicial, hasta en los establecimientos hospitalarios; o sea, a veces han llegado a consultarles siete veces con respecto a la experiencia traumática de la cual han sido víctimas o del delito en sí mismo.
Por lo tanto, el gran valor que tiene este proyecto de ley es que neutraliza la victimización secundaria, pues a veces es el sistema el que termina vulnerando aún más a las víctimas.
Y creo que esta es una buena señal.
Algunos han hablado de este proyecto como la ley ""No me preguntes más"". Y deseo valorarla.
Espero que tenga visibilidad dentro del Presupuesto y podamos contar al menos en todas las regiones con los expertos para las entrevistas videograbadas y también con las salas, con los dispositivos y con el equipamiento que corresponde.
A mí me parece un gran avance, porque durante años niños, niñas y adolescentes que han sido víctimas de abusos sexuales finalmente terminan siendo vulnerados tanto por el sistema como por el propio victimario.
Voto a favor.";1
"29";"21266";87;2020;9;"PROVOSTE";NA;"La señora PROVOSTE.-
Voy a fundamentar mi voto, señora Presidenta .
Pareciera que aquí se está hablando como si recién fuéramos a despachar una ley en circunstancias de que ya fue aprobada y promulgada en enero del año 2018.
Esta ley tuvo una larga tramitación en que fue convocada la sociedad civil y donde participó hace prácticamente ya más de una década todo un equipo intersectorial -reitero: incluida la sociedad civil- que estuvo trabajando en ella, y que terminó en este anteproyecto de ley el año 2012, el cual además incorporó el estudio de costos respectivo.
Durante el 2017 sacamos adelante esta ley y fue promulgada en enero del 2018 por la Presidenta Bachelet .
Sin embargo, este Gobierno, que utilizó como eslogan a los niños y niñas, hoy día los posterga, porque el objetivo de esta ley era precisamente no volver a preguntarles más a los niños, no seguir revictimizándolos.
¡Y hoy día esta es una mala noticia! ¡No tratemos de poner como una buena noticia el que se posterga la aplicación de una ley tan anhelada en nuestra sociedad!
Insisto: esta ley fue promulgada en enero del 2018; es decir, no es producto de la pandemia el que aquí no se haya organizado toda la estructura judicial para capacitar, para disponer de la infraestructura, las salas y no seguir repitiendo la victimización de los niños, niñas y adolescentes que han sido objeto de delitos sexuales graves.
Por otra parte, en lo que dice relación con la ley N° 21.212, yo también lamento que se postergue una iniciativa que costó tanto sacar adelante, con la generosidad que puso a disposición la familia de Gabriela, con todo su dolor, para que estas situaciones no siguieran ocurriendo en materia de femicidios, de maltrato y de delitos contra la mujer.
Yo no puedo votar a favor de un proyecto que posterga la tan anhelada búsqueda de justicia y que, más allá del reconocimiento que el Gobierno ha señalado, no ha recibido la disposición ni los recursos financieros para llevar adelante esta iniciativa.
Lo lamento por los niños, niñas y adolescentes de nuestro país.
Lo lamento por las mujeres.
Esta es una mala noticia.
Yo me abstengo, señora Presidenta , pues no puedo concurrir con mi voto favorable para que se siga postergando la implementación de una iniciativa que, insisto, no es de ahora: fue promulgada en enero del año 2018. Porque ha habido tiempo suficiente para que este Gobierno, que utilizó a los niños como un eslogan, no los siga postergando y revictimizando ante una situación tan compleja.";1
"30";"21266";91;2020;9;"QUINTEROS";NA;"El señor QUINTEROS.-
2
Señora Presidenta, tiene razón la Senadora Provoste.
Este ha sido uno de los avances más importantes en los últimos años en cuanto a protección y no revictimización de menores de edad víctimas de delitos sexuales.
La ley N° 21.057, que regula entrevistas grabadas en video y otras medidas de resguardo a menores de edad, ha exigido la creación de salas especiales; el soporte tecnológico necesario; la formación de entrevistadores y de intermediarios, y también la capacitación de todos los actores intervinientes en el proceso.
Nos dicen que su implementación se ha visto interrumpida por la emergencia sanitaria, lo que hace necesaria una prórroga para las siguientes etapas.
La verdad es que yo podría justificar esta medida, pero debo insistir en la necesidad de perfeccionar todos los instrumentos para prevenir y perseguir eficazmente delitos tan graves como los cometidos contra la integridad de menores de edad.
Hace pocas semanas -nos recordaba la Senadora Allende- el país se ha conmovido nuevamente, y esta vez por el crimen que costó la vida a una adolescente. Lo sucedido es inaceptable. Falló todo el sistema y todo el sistema debe reaccionar: el Sename, que aún está vigente, y también el Gobierno, las policías, los tribunales, el Ministerio Público deben agotar todos los recursos para evitar una nueva tragedia.
Lo que más se necesita es erradicar la pasividad, el conformismo y la burocracia cuando se trata de atender a niños, niñas y adolescentes que están siendo afectados en su integridad o que corren riesgo de ello.
Espero que el nuevo Servicio de Protección de la Niñez no solo pueda cumplir eficazmente sus funciones propias, sino también le inyecte el sentido de urgencia y prioridad que este tema debe tener en todos los organismos que juegan algún rol en esta materia.
Me voy a pronunciar favorablemente, señora Presidenta, porque con la pandemia a lo mejor podrían tener algo de razón.
Voto a favor.";1
"31";"21266";95;2020;9;"SORIA";NA;"El señor SORIA.-
Escuché a mi colega la Senadora Provoste y le encuentro toda la razón. Yo le pido al Gobierno que apure esto y no espere lo que hoy día le estamos tramitando, por esto de la pandemia y por los problemas que hubo, para que ponga a los niños en primera prioridad. Porque no es posible que a un menor lo estén llamando para que conteste respecto de las atrocidades que hicieron con él.
2
Yo creo que aquí hay que ponerse la mano en el corazón. Está bien que nos demoremos mucho en las leyes, pero llamar a propuesta pública en la calle... Bueno, llevo cincuenta y cinco años, cuarenta y tantos fui alcalde, y cuando se quieren sacar rápido las cosas se sacan.
Le pido al Gobierno que saque rápido el proyecto, y no haga sufrir a los niños chilenos.
Voto a favor.";1
"32";"21266";97;2020;9;"HARBOE";NA;"El señor HARBOE.-
Gracias, Secretario .
Seré muy breve.
Esta ley, como bien decía la Senadora Provoste, es del 2018; se promulgó en enero de ese año. La trabajamos en la Comisión de Constitución de entonces, e invitamos a todas las organizaciones. El objetivo justamente era evitar la revictimización o victimización secundaria de niños, niñas y adolescentes a quienes les preguntan una y otra vez, dentro del marco del proceso investigativo y judicial, cómo fueron victimizados; cómo fueron abusados sexualmente, generando un doble, triple o cuádruple trauma; lo que los lleva a revivir en cada ocasión la dramática situación de haber sido abusados sexualmente.
Se nos dice hoy día, dos años después de la entrada en vigencia de esta ley, que producto de la pandemia no se puede implementar, y que habría que postergarla.
Yo no estoy de acuerdo con eso.
Fíjese usted: el año 2020 se asignaron 242 mil millones de pesos a programas que la propia Dirección de Presupuestos evaluó mal. ¡Fueron mal evaluados y contaron con recursos!
Y la verdad es que uno dice: ""Bueno; pero, a ver, momento, ¿cómo se están financiando programas mal evaluados, y, en paralelo, no existen recursos para implementar esto?"". No me parece que sea adecuado.
En consecuencia, creo que es altamente inconveniente que estemos aprobando un proyecto que va a postergar nuevamente la entrada en vigencia de esta ley, porque en la práctica esto no es solo su postergación: es decirles a los niños, niñas y adolescentes que han sido abusados, o que lamentablemente serán abusados dentro de los próximos meses, que van a seguir siendo revictimizados; y les van a preguntar una y otra vez todo de nuevo.
Entonces, yo no puedo concurrir con mi voto favorable, porque creo que tuvieron dos años en los que no hubo pandemia para haber hecho lo que debía hacerse. Por tanto, yo no voy a votar a favor.
Me abstengo, señora Presidenta .";1
"33";"21266";100;2020;9;"RINCÓN";NA;"La señora RINCÓN.-
Gracias, Presidenta .
La verdad es que no iba a intervenir durante el debate de este proyecto. Pero después de escuchar a algunos colegas y de hablar con otros que participaron en su discusión en la Comisión, y al revisar el informe, creo que tenemos que ser capaces de compatibilizar el sentido de la ley con su pertinencia.
Y no podemos obviar lo que ha pasado en nuestro país.
Cuando consideramos, Presidenta , que la primera etapa de esta ley se inició el 3 octubre del 2019 y que incorporaba un 14 por ciento del territorio de nuestro país, incluida la Región del Maule, que yo represento; que la segunda comenzará en octubre próximo, y la tercera, en octubre del próximo año; y cuando vemos lo que han sido las capacitaciones para esto, la preparación del personal en medio de la pandemia, sencillamente uno no puede obligar a lo imposible.
Creo que esta ley posee dos virtudes. En primer lugar, incorpora ciertas situaciones que no estaban consideradas, para quedar dentro del amparo del sistema de las entrevistas videograbadas; esto es, incorpora a los niños, niñas y adolescentes que hayan sido víctimas o testigos de los delitos contemplados en los artículos 390 bis y 390 ter del Código Penal. Y, en segundo término, prorroga en cuatro meses -de 18 a 22 meses- la entrada en vigencia de la ley, y de 30 a 42 meses la tercera etapa de ella.
Entonces, Presidenta , no es que no se vaya a cumplir con la ley; no es que estemos vulnerando su espíritu; sino que lo que nos está pidiendo el legislador, y entiendo que ha habido unanimidad en la Comisión de Constitución al respecto, es que esto lo hagamos bien. Y que además nos situemos en la realidad que tenemos hoy día como país.
Quizá lo que debiéramos pedirle al Ejecutivo es un detalle de la ejecución presupuestaria y el cumplimiento de esta normativa.
Yo creo, Presidenta , y lo digo porque nos faltan tribunales especializados en materia de infancia, y en otras áreas, por cierto, que debemos tender a eso. Debemos tender a que exista equidad territorial en los tribunales, equidad territorial en distintas materias. Pero negarse a una realidad que ha ocurrido, y que hace imposible ir a la velocidad que el legislador se propuso cuando se aprobó esta normativa, no es correcto.
Por mi parte, lamento que se tenga que postergar o diferir en algunos meses la implementación gradual que el legislador consignó. Pero considero que eso recoge también la necesidad de establecer una adecuación a la realidad. Y hoy día la realidad nos ha tocado; y debiéramos aprovechar lo que la pandemia nos deja para discutir sobre la inequidad profunda que existe en nuestro país y sobre cómo hacemos para corregirla.
Yo voy a aprobar lo que han informado unánimemente en la Comisión de Constitución. Y obviamente voy a pedir al Ministerio de Justicia, a través de la Mesa del Senado, un informe respecto de qué ha pasado con las implementaciones que ya se han hecho y los presupuestos que se han ejecutado.
Voto a favor.";1
"34";"21266";103;2020;9;"BIANCHI";NA;"El señor BIANCHI.-
Gracias, señor Secretario .
Seré breve.
Mire, en mi intervención señalé que era muy complejo votar a favor de una prórroga. Me hizo mucho mucho sentido la intervención de la Senadora Yasna Provoste . Y obviamente no voy a entrar a realizar el juicio de si el Gobierno lo hizo mal o bien; ¡no! Aquí estamos efectivamente defendiendo el sufrimiento de niños, niñas y adolescentes.
Por lo tanto, yo me voy a abstener en esta votación, estimado Secretario.";1
"35";"21266";106;2020;9;"ELIZALDE";NA;"El señor ELIZALDE.-
Gracias, Presidenta.
Efectivamente, la Senadora Provoste ha hecho un punto que era importante precisar al momento de argumentar respecto de cómo se vota este proyecto de ley.
Porque en las intervenciones anteriores se hacía referencia a un avance legislativo que ya fue consagrado en una reforma legal, que es la establecida en la ley N° 21.057, que regula las entrevistas grabadas en video y otras medidas de resguardo a menores de edad víctimas de delitos sexuales en los términos que indica.
Por tanto, esta normativa ya fue aprobada por el Congreso Nacional. La disposición que estamos votando ahora se refiere a dos aspectos que son fundamentales: el primero, a mi entender del todo justificable, es actualizar la referencia normativa del artículo 1° de la ley N° 21.057, a la cual aludí, incorporando la mención de los artículos 390 bis y 390 ter, que tienen que ver con la figura del femicidio. Y, por tanto, hace aplicable la normativa que ya aprobó el Congreso Nacional también respecto de las entrevistas vinculadas a estos delitos. Obviamente, cuando se trata de menores de edad.
Ese es un primer punto que hay que destacar.
Y yo suscribo plenamente la necesidad de actualización de dicha referencia normativa, precisamente incorporando modificaciones al Código Penal, aprobadas también por este Congreso Nacional con posterioridad a la ley N° 21.057, en la figura del femicidio.
2
Lo segundo a lo cual se refiere esta iniciativa es la postergación de la entrada en vigencia o de la segunda y tercera etapas de la aplicación de la ley N° 21.057. En este sentido, el Gobierno ha utilizado como argumento particularmente la necesidad de formar monitores o a quienes son los encargados de implementar esta ley, en lo relativo al sistema de entrevistas, que se habría visto interrumpido o imposibilitado de ser realizado con motivo de los hechos acontecidos en nuestro país a contar del mes de octubre.
Yo creo que es bastante debatible este argumento -en eso quiero ser preciso-; no obstante, voy a votar a favor del proyecto, esperando, obviamente, que se cumpla con el plazo propuesto, el que se amplía en ocho meses, es decir, de 18 meses a 26 meses. Y en el caso de la segunda etapa, ahí sí hay una ampliación más significativa, porque se modifica la referencia de 30 meses a 42 meses, esto es, en un año.
Pienso que es bastante discutible si es necesaria o no una ampliación en estos términos, pero yo voy a confiar en lo que han planteado las autoridades del Ejecutivo en esta materia para una implementación adecuada.
Por eso, votaré a favor de este proyecto de ley y, sobre todo, por la actualización de la referencia normativa considerada en el numeral 1 del artículo único. Eso no obsta a que yo estime efectivamente necesario que el Gobierno exprese un compromiso más nítido con la implementación de estas iniciativas.
Por tanto, me parece que la crítica que aquí se ha formulado debe ser tomada en cuenta para efectos de la evaluación de las políticas públicas destinadas a la protección de los menores.
Dicho lo anterior, voto a favor de esta iniciativa.";1
