"";"ley";"id";"año";"mes";"apellido";"rol";"texto";"discurso"
"1";"21633";4;2021;9;"GARCÍA";NA;"El señor GARCÍA.-
Muchas gracias, Presidente.
Para diversos sectores del país este proyecto de ley es muy importante.
7
Buscamos que la usurpación sea considerada delito para que las personas que se creen con el derecho de usurpar terrenos, viviendas, oficinas públicas, etcétera, sepan que existe una legislación con una penalidad que finalmente terminará desincentivando este tipo de conductas.
Los boletines fueron fusionados por la Sala y el proyecto viene aprobado por la Comisión de Seguridad Pública de nuestro Senado, por 3 votos a favor, 1 abstención y 1 voto en contra.
Estuvimos conversando previamente con el Senador José Miguel Insulza, con el Senador Felipe Kast y también con la Senadora Carmen Gloria Aravena, pues para nosotros este es un proyecto muy importante, muy trascendente.
Por eso consideramos que lo mejor es que el proyecto -y es lo que queremos proponer- vuelva a la Comisión al objeto de que sea tratado en general y en particular, y hacer los esfuerzos necesarios para llegar a un acuerdo, pues entendemos el planteamiento de que esta iniciativa incorpora diferentes materias, sobre todo algunas de carácter social, que probablemente requieran un tratamiento diferente.
Qué bueno sería contar con una legislación de esta naturaleza y poder considerar las diversas opiniones, para así construir una propuesta que nos deje satisfechos a todos.
Yo quisiera que nos diéramos esa oportunidad.
Por eso, señor Presidente , propongo a la Sala, habiéndolo conversado previamente -repito- con el Senador Insulza, la Senadora Aravena y el Senador Kast, que el proyecto sea devuelto a la Comisión para que esta lo analice en general y particular, luego de lo cual podrá retornar a la Sala, ojalá con una propuesta mucho más consensuada.
Esa es mi proposición, señor Presidente.
Muchas gracias.";1
"2";"21633";6;2021;9;"QUINTANA";NA;"El señor QUINTANA.-
Gracias, Presidente.
Todos hemos recibido hoy no solo una carta, sino también la visita, afuera del Congreso, de una agrupación de tomas de San Antonio.
Y es muy claro. Refiriéndose a este proyecto, ellos dicen algo que sostuvieron varios expertos en la Comisión de Seguridad durante la discusión general de este proyecto, así como también la Defensoría Penal Pública, entre otras instituciones.
Y aquí lo repiten los pobladores: ""si hoy las y los Senadores de la República aprueban este proyecto, lo que harán es criminalizar a los ciudadanos que realicen tomas de terrenos con penas de cárcel y dándole mayor autoridad a la fuerza pública para realizar desalojos, dejándonos en una posición sumamente vulnerable"".
Estamos hablando de personas que incluso han sido víctimas de estafa. No estoy defendiendo las tomas, sino simplemente constatando un dato, que es una consecuencia de este proyecto.
Esto lo advirtieron varios penalistas.
Entonces, lo que yo no quisiera creer es que aquí algunos están sacando determinadas cuentas.
No sé qué irá a pasar en la votación. Entiendo que la unanimidad de la Comisión de Seguridad Pública estuvo en la idea, cuando discutimos esto, de que fuera el proyecto del Senador Kast y la Senadora Von Baer el que se viera y
7
llegara a la Sala, que fue el que finalmente votamos.
Entonces, a ratos, cuando uno escucha el argumento de algunos sectores de la Derecha, es como si en Chile no tuviéramos tipificada la usurpación. Y eso no es así: la usurpación existe. Lo que pasa es que tiene penas bajas. Y sería bueno que escudriñáramos un poco en la ley, así como también en la historia de nuestro país y de este Senado.
Hasta hace pocos años nosotros teníamos una legislatura ordinaria y una extraordinaria. Ello obedecía a que se necesitaban pausas en el proceso legislativo, porque había muchos Senadores que eran agricultores y dueños de predios. Y ellos eran también un legislador penal -esto no lo digo yo, sino distintos especialistas que estuvieron en la Comisión-, y las penas son bajas para el delito de usurpación. Eso es real. ¿Y por qué? Bueno, porque el legislador de la época entendía que había un interés directo. Estoy hablando de hartas décadas atrás para que nadie me mire extraño.
Entonces, estamos hablando de usurpaciones que se produjeron sobre predios fiscales e indígenas.
Por lo tanto, primero, si alguien quiere retomar esta discusión, asumiendo que aquí no existe la usurpación, yo pongo ese elemento en consideración.
Segundo, este proyecto estuvo seis meses en la Comisión de Seguridad. Ignoro francamente qué pensará el Subsecretario Galli , porque él mismo ayer, a propósito de otra discusión, nos decía acá que está el proyecto sobre narcotráfico. El Presidente de la Comisión de Seguridad , José Miguel Insulza , ya nos tiene citados para iniciar la discusión sobre narcotráfico, que es un proyecto complejo.
Hay también un proyecto sobre uso de menores en los delitos, que es importante; hay otro, aparte del de ciberseguridad -probablemente va a ir a Mixta, pero primero viene a la Sala- que también es más complejo y en el que tiene interés el Gobierno.
Y, además de esos, está un proyecto gigantesco (el que crea el Ministerio de Seguridad Pública), en el cual hubo una Comisión bicameral de varios meses.
Entonces, si alguien me dice que este proyecto debe volver a la Comisión para ser discutido en general y en particular en los cuatro o cinco meses que le quedan a este Gobierno, ¡seamos claros! Seamos claros y que asuman la responsabilidad los autores del proyecto de usurpación, quienes creen que la solución es la militarización para el conflicto en La Araucanía.
¡Seamos claros! La vuelta de este proyecto a la Comisión es dejarlo morir, y no pasar por la opinión y el escrutinio tanto de los señores Senadores como también de la ciudadanía.
He dicho.";1
"3";"21633";8;2021;9;"INSULZA";NA;"El señor INSULZA.-
Señor Presidente, la verdad es que este proyecto, como dice el Senador Quintana, efectivamente lleva mucho tiempo, porque a muchos no nos gusta como está ni tampoco como ha sido presentado.
Para partir por algo, el proyecto propone una pena de presidio menor en su grado mínimo de 61 a 540 días, que supera la sanción vigente: una multa entre 11 y 20 UTM.
Es decir, este proyecto, en lo fundamental, pone al centro el tema de lo punitivo.
También, claro, podría referirme a otras cosas que están dentro de esta iniciativa. Por cierto, la prestación de servicios comunitarios como pena alternativa, que es la misma que ya está en la ley N° 18.216.
7
En consecuencia, tiene algunos temas mal definidos en su contenido, etcétera.
Nosotros sugerimos muchas veces a lo largo de estos meses que se reemplazara eso, ya sea retirando el proyecto y presentando otro, que es lo lógico hacer en estos casos.
Eso no ha ocurrido.
Ahora propone el Senador García que eso se haga por la vía de devolver el proyecto a la Comisión para que ahí se presenten indicaciones, etcétera.
Pero efectivamente creo que debemos tomar una decisión sobre este proyecto. Esto ha provocado bastante debate, porque se sabe que es un proyecto dirigido fundamentalmente a La Araucanía.
Yo francamente no considero necesario ni práctico -y no creo que nadie esté planteando esa posibilidad- de suprimir tomas de terreno, que son bastante habituales en nuestro país, cuando se producen en otras ciudades.
Este es un proyecto que fundamentalmente tiene que ver con otro problema. Ha sido marcado, aludido y discutido así.
Y eso es lo que hace fracasar proyectos. Por ejemplo, el de robo de madera, que a mi juicio era mucho más estructurado, finalmente terminó no pasando porque se entendió que básicamente estaba dirigido a una región del país.
Entonces, si los Senadores que lo han pedido lo plantean así, yo sugeriría que se pida segunda discusión y que se nos den un par de días para ver qué hacemos con este proyecto.
Pero yo soy partidario de votar este proyecto pronto, Presidente .
Mi abstención en la Comisión se debió precisamente a que preveía que el proyecto presentado originalmente por el Senador Kast iba a ser rechazado aquí.
Esa es la realidad y así está presentado, Presidente.
Ahora, si ellos quieren hacer algún cambio al respecto, mi primera sugerencia es esa.
Y, segundo, que consideren la opción, en los pocos días que vamos a tener para la segunda discusión, de retirar este proyecto y presentar otro distinto que aborde algunos temas que están pendientes, por ejemplo el de la flagrancia, pues mucha gente quiere ese punto esté en el corazón del proyecto.
Yo tengo la impresión -y lo quiero aclarar; no me puedo oponer, por lo demás, a una segunda discusión, si así lo piden- de que este no es un buen proyecto.
Eso es lo que está provocando las dificultades.
Gracias, Presidente .";1
"4";"21633";10;2021;9;"INSULZA";NA;"El señor INSULZA.-
Presidente , para ser bien claro, creo que será difícil conseguir acuerdo para no votar hoy día. Lo digo francamente.
Yo también he consultado; he tenido mis conversaciones.";1
"5";"21633";12;2021;9;"INSULZA";NA;"El señor INSULZA.-
Decía que me parece difícil que haya acuerdo para mandar de vuelta solamente. Si se pide segunda discusión, eso es otra cosa, porque eso obliga naturalmente a tener una nueva discusión, caso en el cual podrán hacerse todas las adiciones del caso.";1
"6";"21633";16;2021;9;"INSULZA";NA;"El señor INSULZA.-
Si me permite, Presidente.
Sin querer entrar -aquí está la Senadora Ebensperger, quien forma parte de la Comisión de Constitución- al proyecto de indulto, el problema que planteó el otro día el Presidente de la Comisión es algo que tenemos que definir en Comités.
Ahí vamos a tener plazo para presentar indicaciones y todo ese tipo de cosas, porque de otra manera, según dice él, tiene que volver a la Comisión para que lo voten en general.";1
"7";"21633";18;2021;9;"INSULZA";NA;"El señor INSULZA.-
Muy bien. Yo no tengo problemas en eso.
El señor PIZARRO (Vicepresidente).- Esa es una posibilidad.
Podemos buscar un cierto acuerdo político ahí, con tiempos, con plazos, incluso avanzar en contenidos, si hay disposición.
Los Comités están representados acá.";1
"8";"21633";19;2021;9;"INSULZA";NA;"El señor INSULZA.-
En la medida en que quede claro, Presidente, que se va a votar. Si no hay un acuerdo claro en otra forma de tratarlo, se tiene que votar.";1
"9";"21633";23;2021;9;"KAST";NA;"El señor KAST.-
Presidente , seré muy breve.
Quiero aclarar que la propuesta del Senador García simplemente busca generar un espacio de acuerdo, un espacio de diálogo.
La verdad es que el sufrimiento que han padecido miles de familias en las Regiones de La Araucanía, del Biobío y en otras zonas del país a raíz de este tipo de actividades, de loteos brujos que incluso han significado sicariatos, es brutal.
Entonces, solo quiero dejar de manifiesto que los autores de este proyecto y los que hemos participado en él tenemos la disposición de buscar espacios de acuerdo.
Aquí nadie quiere imponer una sola forma de ver la realidad, pero sí noto que hay acuerdo en que existe un problema estructural de abandono de la política, de dejar que predomine la ley de la selva y finalmente se imponga la voluntad de unos sobre otros sin pasar por la política, por el debate, por legislaciones.
La ley, de hecho, está ausente en estos casos.
Y hay que ser muy claros: todos los especialistas que vinieron a presentar dijeron que las multas no operan. No se ha cobrado ninguna multa en el caso de usurpaciones durante los últimos veinte años. ¡Ni una sola multa!
7
Entonces, en la práctica tenemos una legislación que no existe.
Si alguien tiene otra propuesta, ¡bienvenida sea!, porque, además, el Ejecutivo ha mostrado toda su disposición a buscar acuerdos con los Senadores a los que no les gusta el proyecto.
Entonces, yo les pido a los colegas que ojalá hagan una propuesta también, porque esa es la disposición que tenemos.
Pero partamos del diagnóstico de que aquí hay un dolor muy profundo de miles de familias que esperan que los Senadores se hagan cargo.
Si a alguien no le gusta esa fórmula, ningún problema; presentará otra, presentará indicaciones. De hecho, estamos votando en general. Y estoy de acuerdo con el Senador Quintana en que ojalá el plazo sea corto; o sea, que ojalá que la decisión que tomen los Comités el día viernes o cuando sea -y lo decía también el Presidente de la Comisión- vaya en ese sentido, y nos demos un tiempo acotado (no más allá de diez días) para que no ocurra lo que señaló el Senador Quintana y este proyecto no duerma el sueño de los justos.
Gracias, Presidente .";1
"10";"21633";25;2021;9;"NAVARRO";NA;"El señor NAVARRO.-
Presidente , creo que este proyecto es de aquellos que buscan resolver un problema pero terminan haciéndolo más complejo y más grave.
Sin duda, las características aplicadas a la usurpación (delito que ya existe) no van a resolver los problemas de La Araucanía y solo producirán efectos colaterales en todo el país, sobre aquellos grupos que, haciendo uso del legítimo derecho a movilizarse, van a quedar sujetos a una penalización y a la criminalización.
La situación de Arauco, la situación de La Araucanía, no se resuelven con una ley de usurpación.
Lo he dicho y lo repito: ¡tierra para los mapuche!, ¡tierra para los mapuche!, ¡tierra para los mapuche!
Se insiste en militarizar, cosa que a algunos les encanta. Se insiste en poner al Ejército, se insiste en penalizar lo que hoy día es un problema político en La Araucanía y no un problema legislativo de si existe o no facultad penal para aplicar la ley.
Están por el camino equivocado. ¡Yo pido votar! Despejemos esto.
Las externalidades negativas colaterales que este proyecto de ley provoca hablan muy mal del Senado; generan una condición de preocupación irreal respecto de una propuesta irreal. Porque, seamos claros y sinceros: lo que va a producir esta figura de usurpación es la protección de intereses muy particulares, entre ellos los de las forestales, de los vecinos, de los colonos, de las familias afectadas.
Respecto al dolor que mencionaba el Senador que me antecedió en el uso de la palabra, Violeta Parra compuso, en 1964, Arauco tiene una pena. O sea, este es un diagnóstico cultural, político y social que se arrastra por décadas, por más de medio siglo, en Chile.
Yo pido que se ponga en votación cualquier decisión que se vaya a tomar. Estoy por votar ahora y despejar, de manera inmediata, este camino de penalizar, de criminalizar, que no conduce a nada; está comprobado por múltiples experiencias internacionales, y no solamente a propósito del tema indígena, mapuche. La penalización ha sido un fracaso de la política penal, que busca, por este mecanismo, disminuir los delitos.
Hay que tener una interpretación histórica lo más correcta posible. Y yo invito al Senador Kast y a los demás colegas: ¡vamos al asunto de fondo! ¡Atrevámonos! ¡No sigamos ocultando el problema real que existe en La Araucanía discutiendo leyes absolutamente improcedentes!
7
Si el tema es la tierra y la propiedad de la tierra en las forestales, y que tenemos un gobierno que quiere defender el interés de los poderosos, de los terratenientes y particularmente de las forestales, ¡digámoslo! Porque los pobladores que hacen tomas para poder conseguir un lugar donde vivir dignamente en un país no pueden quedar penalizados de esta manera. Esta es una legislación discriminatoria, ¡absolutamente discriminatoria!
Por lo tanto Presidente, creo que esto solo complica el diálogo que algunos dicen querer.
Yo siempre estaré disponible para dialogar sobre los temas de fondo, sobre los asuntos que se ha evitado conversar, pero siento que este es un proyecto que altera las circunstancias, que nos aleja del diálogo, y que solo crea condiciones para que los pobladores de los sectores urbanos queden expuestos a una penalización, al igual que las comunidades mapuche. Es decir, en vez de acotar el problema, lo estamos extendiendo a todo el país. Creo que es un error.
Pido votar este proyecto de ley hoy, y si existe otra opinión, votemos esa opción, pero aplazarlo a través de una segunda discusión o una vuelta a la Comisión solamente provocará agonía y conflicto, porque este problema no se resuelve con una ley y menos con una de este tipo.
He dicho, Presidente .";1
"11";"21633";27;2021;9;"MOREIRA";NA;"El señor MOREIRA.-
Mire, Presidente , por economía de tiempo, reglamentariamente lo que yo le quiero pedir es que, antes de darles la palabra a todos, usted haga una proposición y que esta se vote. Me refiero a qué acciones tomamos.
Aquí, nosotros tenemos especial deferencia, especialmente los que somos de la Región de Los Lagos, en tratar de seguir lo que han planteado el Senador Kast y el Senador García. Este último tiene la mejor disposición y, si no me equivoco, está de acuerdo en que esto lo vean y lo resuelvan los Comités. ¿O no?
¿Senador García?";1
"12";"21633";31;2021;9;"MOREIRA";NA;"El señor MOREIRA.-
Ahora, si se toma la decisión de pedir segunda discusión -usted ya lo explicó-, se tendría que ver mañana. Y si vuelve a la Comisión, definiendo un itinerario rápido -ese sería el compromiso-, creo que los que se sienten más afectados con él estarían de acuerdo.
¿Por qué, entonces, no dejamos el asunto en manos de los Comités y lo decidimos la próxima semana?
Es lo que yo pido.";1
"13";"21633";43;2021;9;"INSULZA";NA;"El señor INSULZA.-
Sí, yo estoy disponible, pero en la medida en que se entienda que ese es un procedimiento de segunda discusión, Presidente, para que no estemos un mes en esto.";1
"14";"21633";46;2021;9;"INSULZA";NA;"El señor INSULZA.-
En términos prácticos, Presidente , lo que usted plantea es exactamente lo mismo. Porque con segunda discusión el proyecto se vería la próxima semana. Y si el Gobierno...
Entre paréntesis, aquí no hay ningún funcionario ni nadie del Gobierno, que es el que más ha ofrecido hacer indicaciones...";1
"15";"21633";59;2021;9;"VON BAER";NA;"La señora VON BAER.-
No, Presidente.
¿Sabe? Yo creo que realmente estamos hablando casi de lo mismo; o sea, si hay segunda discusión, si no hay segunda discusión, si es una semana o si son dos semanas. Si para el Senador Insulza es una cuestión de cuánto tiempo se demorarán, ¿por qué la Sala no mandata a la Comisión para que en dos semanas más vuelva con el proyecto en general y en particular?
Yo tengo la misma aprensión que el Senador Pizarro . Si se aplica el mecanismo de la segunda discusión, tendríamos que estar votando el próximo martes. O sea, tendrían que trabajar durante todo el fin de semana para llegar con el proyecto ese día.
Entonces, para que no sea de esa manera, se puede dar un mandato de dos semanas de discusión general y particular, y después de eso se vota. Si no se llega a acuerdo, no se llega a acuerdo, pero se vota. Y si se llega a acuerdo, en buena hora.
Es una diferencia de una semana simplemente, para que no tengan que hacer el trabajo durante el sábado y el domingo, que es lo que ocurriría si se recurre al mecanismo de la segunda discusión.
7
Por lo tanto, Presidente , pareciera ser que la preocupación de los colegas es que esto se eternice, digamos ""dos semanas"", por poner un plazo. Entonces, se discutiría en general y en particular en la Comisión por ese lapso, que es un plazo acotado, y después el proyecto volvería a la Sala y se votaría.";1
"16";"21633";62;2021;9;"ALLENDE";NA;"La señora ALLENDE.-
La solicité por el chat, pero para hablar del proyecto, no del tema procedimental, aunque la verdad es que estaría de acuerdo en votarlo ahora, esperando que se rechace, pues creo que lo que hacen estas mociones es criminalizar, en forma agravada, las ocupaciones ilegales de terrenos.
Hoy día ya existe esa figura, con bajas penas. Eso está claro. Y lo que se trata de hacer aquí es una suerte de gesto simbólico en materia de seguridad, que es lo que intenta el Gobierno, para mostrar que avanza, cosa que no parece ocurrir en la zona de La Araucanía. Está claro, porque el Gobierno nunca ha podido entender que es un problema político que no podrá solucionar ni a través de normas penales ni mucho menos con la militarización ni con otros intentos bastante fracasados. Obviamente, duele ver cómo la violencia se acrecienta.
Y no puedo dejar de mencionar que aquí se termina afectando a miles de personas que viven en la marginación y que, ante la falta de respuesta en materia de vivienda, prácticamente se ven en la obligación de tomarse terrenos.
Es una historia que ya hemos vivido en Chile, en América Latina y en nuestra Región de Valparaíso, que tiene la mayoría de los campamentos y tomas del país. Por lo tanto, es una realidad que nosotros no podemos desconocer, Presidente . Es algo que existe en nuestros territorios y que afecta, por supuesto, a las personas más vulnerables frente al déficit habitacional.
Hoy tenemos más de 80 mil personas viviendo en campamentos. Lo dice el propio Techo-Chile. Sabemos que existe especulación de terrenos; sabemos que la gente no tiene ingresos para arrendar; sabemos que no podemos seguir haciendo lo mismo que hemos venido haciendo, y que en la actualidad, incluso, existen prácticamente 30 mil subsidios que no se ejecutan ni siquiera bajo la condición de entregar una vivienda digna.
En Valparaíso hay 23 mil hogares en situación de campamento y 181 asentamientos irregulares. Sabemos que hay un déficit de viviendas. Casa Abierta, la organización que agrupa a 17 campamentos de la región, mandó una carta para manifestar su rechazo a este proyecto. Ellos dicen que lo único que hace esta propuesta es dar una respuesta represiva y criminalizar las tomas de terrenos, y que no existe claridad de cómo afectará a quienes incluso hoy viven en campamentos. Manifiestan una enorme preocupación.
Además, se vio que esta iniciativa no tiene sustento técnico y fue fuertemente cuestionada por una serie de abogados penalistas que fueron a la Comisión.
Yo, francamente, creo que las dos mociones no son la respuesta, no intentan dar respuesta, y van a generar más problemas. Efectivamente, las considero un error. Por lo tanto, si votásemos ahora, adelanto que mi voto sería negativo. No me parece que debamos criminalizar una situación que afecta a muchas regiones del país solo por intentar dar una señal de cierta seguridad en La Araucanía. No es la respuesta adecuada. Allí -lo hemos dicho otras veces- se vive un problema mucho más de fondo que viene de siglos. Es una deuda que aún no hemos podido solucionar y que -ya lo he dicho también- tiene un claro contenido político.
En cuanto a la utilización de menores, también ya existen reglas generales en el Código Penal, que incluso estamos modificando a través de una moción que he patrocinado y se encuentra en Comisión Mixta. Por lo tanto, hay que tener mucho cuidado con las herramientas que les entregamos a las policías en estos casos, que incluso pueden dar lugar a desalojos violentos. Y no quisiéramos ver eso, no solo en mi región, sino en ninguna parte del país.
7
Por eso, Presidente , creo que el proyecto puede dar pie para una persecución a grupos organizados en el caso de las tomas de terrenos, aunque también es cierto que a veces hay aprovechamiento de organizaciones que lucran con la ocupación de terrenos. Por eso, nosotros necesitamos ser explícitos en qué es lo que estamos buscando.
Nosotros no debiéramos estar legislando penalmente por una situación -compleja, evidentemente- que vive una zona del país, porque ello tiene efectos nacionales. Y por eso desde ya señalo que no comparto estas mociones. Mi voto será en contra. Creo que no se debe intentar dar una respuesta penal que ni siquiera tiene sustento técnico. Y no quisiera que siguiéramos criminalizando a las familias más vulnerables.
He dicho, Presidente .";1
"17";"21633";64;2021;9;"DELGADO";"Ministro del Interior y Seguridad Pública";"El señor DELGADO (Ministro del Interior y Seguridad Pública).-
Gracias, Presidente.
Solamente para ratificar que efectivamente, como Gobierno, tenemos un paquete de indicaciones que bien conocen los Senadores y las Senadoras que estuvieron en la Comisión. De hecho, el Ministro Ossa estuvo allí y planteó la voluntad de presentar este conjunto de propuestas, que resuelven, por un lado, el problema de las detenciones, y por el otro, el tema de la flagrancia. Pero, para poder presentarlas, se requiere la aprobación general del proyecto o, en su defecto, que este vuelva a la Comisión para poder presentarlas en dicha instancia.
Así que nosotros estamos atentos al procedimiento, y no nos cerramos a otras indicaciones que puedan resolver algunas de las inquietudes que han expresado en estos minutos determinados Senadores y Senadoras.
Eso, Presidente .";1
"18";"21633";66;2021;9;"OSSANDÓN";NA;"El señor OSSANDÓN.-
Gracias, Presidente.
Mire, con respecto a este proyecto, el planteamiento que se ha hecho para tratar de llegar a un acuerdo me parece bien. Pero aquí se han dicho un montón de, yo diría, casi aberraciones.
Primero, esto se ha araucanizado absolutamente, y el problema es nacional. El usurpar, el meterse a un terreno privado, es un delito. Y yo le diría a la Senadora Allende -por su intermedio, Presidente- que esa no es la gente más vulnerable.
Cuando se hace este ejercicio en que nos tomamos un terreno privado, obligamos al Estado a que nos dé un subsidio, pero quien cumple con la ley, se queda en su casa, igualmente hacinado, y no se toma ningún terreno, es castigado porque no se le da el subsidio, que se le da a otro, por la presión que ejerce.
Aparte, hoy día los campamentos se están llenando de extranjeros, que venden en 500 mil pesos los sitios, porque como saben que la ley es tan débil y pasan las famosas ""doce horas"", ahí quedan; nunca más se soluciona el problema. ¿Y qué pasa con todas las personas que tienen sus casas aledañas? Por ejemplo, en Puente Alto, en el
7
sector Vista Hermosa, Casas Viejas, se hizo un proyecto muy bonito en la última etapa del Gobierno de la Presidenta Bachelet , que se llama "" San Alberto ""; y la gente ahí está desesperada, porque se les instaló un campamento con el 90 por ciento de extranjeros, que ha traído drogas y delincuencia, tras la venta de un terreno que se tomaron. Hoy día esos extranjeros exigen un subsidio, porque tienen derecho a contar con casa propia. Y los que permanecen en sus casas, respetando la legislación y postulando a los subsidios, quedan fuera del sistema, pues se gastan recursos en esos terrenos.
Decir que se criminaliza a la gente más vulnerable porque se toma un terreno es avalar un delito. ¡Eso es lo que está haciendo! Y este proyecto creo que hay que considerarlo en toda su dimensión. Una cosa es lo que está pasando en La Araucanía y otra cosa es que Chile se está llenando de campamentos en tomas de terrenos, porque se ha transformado en un negocio superrentable. Y, ¡claro!, esto más adelante va a terminar en un verdadero negocio, como se plantea.
Solo para darle un ejemplo, Presidente , y con esto termino: caminando por la Avenida General Velásquez, un día domingo en la tarde, me doy cuenta de que el cerro Renca estaba entero cuadriculado, lleno de cuadritos con cintas. Fui a investigar, a ver qué pasaba, porque lo encontré tan raro, y me topé con un grupo de unos 250 haitianos caminando por la orilla de la carretera, cosa que es sumamente peligrosa. Llamé al Intendente de Santiago para consultarle por esto. ¿Y qué había pasado? Un grupo de personas durante la noche lotearon el cerro Renca , el del ""Renca la lleva""; había como 500 sitios y se estaban vendiendo, ¡se estaban vendiendo! Gracias a Dios, alcanzó a llegar Carabineros; porque si Carabinero se atrasa, y no avisamos a tiempo, al día siguiente en la mañana habríamos tenido 500 familias metidas en el cerro Renca , ¡así porque sí! Me da la impresión de que esos son cerros públicos, bienes nacionales de uso público.
Entonces, hay que buscarle un ajuste a este tipo de cosas, porque esto se está chacreando y resulta después muy complicado. ¡Sería bueno que nos pusiéramos de acuerdo y diferenciáramos! Porque el problema de La Araucanía es uno, es distinto, también corresponde a usurpaciones, pero hay que evaluarlo; otra cosa es lo que se está haciendo en todos los terrenos. Hoy día existe una verdadera ola de tomas de terrenos que se venden, y eso le va a generar un problema inmenso al Estado.
Termino diciendo que la gente más humilde no es la que se toma los terrenos: es la que postula a los subsidios, como dice la ley, y se queda en su casa. Pero lamentablemente queda en tercera línea.
Gracias, Presidente .";1
"19";"21633";74;2021;12;"KAST";NA;"El señor KAST.-
Gracias, Presidente.
Este es un tema que ha generado un dolor enorme, no solo en la Región de La Araucanía, sino también en muchas partes de Chile. Uno ve que personas hacen uso de la fuerza simplemente por el fracaso de la política para enfrentar problemas de distinta índole. Incluso, en esta misma Región de Valparaíso han existido, desgraciadamente, casos de sicariato asociados a personas que lucran con las tomas para vender los terrenos y donde, lamentablemente, existe un problema técnico no menor que, con mucha probabilidad, llevó a la Comisión a aprobar el proyecto.
Las herramientas que tenemos hoy día, no comparables con las que existen en otros países, no permiten siquiera la detención de alguien que realiza una toma, que además el Código Penal excluye actualmente cuando es producto de una necesidad social inminente. O sea, este proyecto -quiero decirlo con todas sus letras- excluye los casos en los que alguien se toma un terreno por emergencia social para construirse una mediagua, situación que ocurre en la actualidad. El texto es explícito y descarta completamente esa hipótesis. Lo que sí permite es tomar detenida a una persona que ocupe la fuerza para usurpar un bien.
Por lo mismo, este es un proyecto de ley muy sentido, obviamente -insisto- en la Región de La Araucanía, pero también en otras partes del país. Incluso hemos hablado con varios alcaldes que están muy interesados en que finalmente pueda avanzar.
No es, como algunos han dicho, una iniciativa que busque desconocer la demanda social que existe en materia de vivienda. Por el contrario, considero que el tema de la vivienda es una necesidad social tremenda. Y es un proyecto que además piden Valentina Correa y su familia, producto de la impotencia de la realidad que viven en Valparaíso, donde, a pesar de todo lo que ha ocurrido, incluido el asesinato de su padre, no han logrado restablecer el Estado de derecho para su propiedad.
Esto es muy importante, porque es clave que entendamos que la falta de legislación, el vacío legal que existe actualmente, está haciendo que la ciudadanía diga: ""Bueno, ¿para qué está la política si no es para vivir en un Estado de derecho que debe dar la tranquilidad de vivir en paz, y que, si alguien recurre a la violencia, muchas veces con fines de lucro, ello no quedará en la impunidad total?"".
Por eso, Presidente, espero que podamos avanzar en esta votación, que es en general y que va a permitir la discusión particular en la Comisión respectiva.
Gracias.";1
"20";"21633";76;2021;12;"DELGADO";"Ministro del Interior y Seguridad Pública";"El señor DELGADO (Ministro del Interior y Seguridad Pública).-
Muchas gracias, Presidente. Por su intermedio, saludo, por supuesto, a los Senadores y a las Senadoras presentes.
Este proyecto, Presidente , contempla las penas más bajas del Código Penal. Estamos ante un delito que hoy día solamente tiene pena de multa. Tal como lo hemos sostenido a propósito de otras iniciativas, dicho Código posee
7
normas que, después de más de un siglo de su entrada en vigencia, tienen que ser actualizadas porque no cumplen con su finalidad debido a que la realidad ha cambiado drásticamente, de lo cual tenemos que hacernos cargo desde otras perspectivas para poder prevenir de manera general los delitos y sancionarlos una vez que se cometen.
En este sentido es que las mociones refundidas de la Senadora Aravena y los Senadores García Ruminot, Pugh y Chahuán , por una parte, y los Senadores Kast y las Senadoras Von Baer y Sabat , por otra, apuntan adecuadamente al centro del problema que se planteó, a fin de que, tal como lo ha dicho -por su intermedio- el Senador Kast recientemente, sean cada vez más difíciles las tomas de terrenos.
Ahora, esto no es algo que ocurra solamente en un lugar o en una provincia o en una macrozona puntual de Chile, como muchas veces y lamentablemente se argumenta, sino que, cuando uno conversa con los distintos alcaldes, alcaldesas de todo Chile, advierte que es una realidad que va mucho más allá de un tema puntual ligado a una causa determinada. De hecho, uno ve cómo existen las distintas tomas de terrenos con distintos fines, en distintos lugares.
Y los residentes habituales de una comuna, por ejemplo, resienten mucho que exista la toma de un terreno, porque a veces esos terrenos tienen un destino que ha sido planificado y hay proyectos que han sido logrados justamente con la participación comunitaria de esos mismos vecinos. O sea, hay lugares que han sido definidos, por ejemplo, como parques y los proyectos de parques de áreas verdes demoran un tiempo, lamentablemente, a veces más largo del que quisiéramos. Y en el intertanto en que se está logrando ese proyecto y en que se concreta su ejecución hay muchas veces bandas organizadas que hacen estas tomas, que delimitan terrenos que van vendiendo o subarrendando.
Y esa proliferación ha sido cada vez más extendida, Presidente , de la mano también del avance de otro tipo de delito o a veces justamente estas tomas generan inseguridad en el territorio, y también hay un control territorial a través de esta estrategia de toma de terrenos.
Porque quien se toma el terreno no siempre es la persona individual, como lo señalaba el Senador Kast, sino que también hay con frecuencia bandas organizadas que toman terrenos para lotearlos, subdividirlos y hacer un negocio con aquello, muchas veces también ligado a otro tipo de intenciones.
Durante la discusión en la Comisión de Seguridad se pudo ver de manera transversal que existen dos grandes problemas asociados a la usurpación: el primero, la imposibilidad de tener, y el segundo, la situación de la flagrancia, que ha sido un tema largamente discutido.
El primero tiene relación con la penalidad del delito, y el Código Penal distingue dos clases de usurpaciones: una con violencia y otra sin ella. En ambos casos, la pena de los delitos es solamente de multa y no de pena privativa de libertad. Lo anterior tiene una importancia central en la forma en que abordamos la comisión delictual.
De acuerdo con el Código Procesal Penal, en aquellos delitos que no poseen pena privativa de libertad no procede la detención, sino solamente la citación. Esto implica que, de cometerse el delito, las policías solamente pueden dejar citadas al tribunal a las personas y no las pueden tomar detenidas o proceder como se hace en la mayoría de los delitos con relevancia social.
Por otra parte, también hay un problema con la flagrancia. Como sabemos, esta institución permite a la policía realizar detenciones sin orden previa cuando, entre otras hipótesis que se describen en el artículo 130 del Código Procesal Penal, el delito se estuviese cometiendo. Y en el caso de la usurpación, el delito se comete de manera permanente mientras ella dure, lo cual es del todo evidente porque el núcleo de la conducta consiste justamente en ocupar de manera ilegítima el inmueble o usurpar un derecho real que otro tuviese legítimamente.
Y en virtud de una sentencia, entonces, se estableció hace algunos años atrás que, respecto a la usurpación, la flagrancia solo puede emplearse hasta las doce horas posteriores a que se dio principio de ejecución al delito. Esta interpretación no la compartimos, por supuesto; se requiere también de una modificación legislativa para aclarar el punto, lo que también fue compartido en la Comisión.
La discusión que se tiene hoy sobre la idea de legislar en esta materia corresponde justamente a esta Sala, en consecuencia, y ojalá dé su pronunciamiento sobre si se abordarán o no las problemáticas relativas a la imposibilidad de detener a quienes cometen este delito con orden previa o sin ella en los casos de flagrancia.
7
Tal como se planteó en la Comisión, hay cuestiones que resolver, como ciertas conductas que constituyen usurpación pero que no merecen un reproche penal, ya sea porque falta una causal de justificación o porque en sí mismas no debiesen ser objeto de la legislación penal, sino de la legislación civil. Sin embargo, esto es propio de la discusión en particular y para ello se requiere, por supuesto, la aprobación de esta Honorable Cámara.
Por todo lo anterior, Presidente, quisiera pedirle al Honorable Senado que tenga a bien aprobar la idea de legislar en esta materia, para así entrar a las discusiones particulares que este tipo de proyectos amerita, de manera de escuchar, por supuesto, todas las posturas.
Y finalmente también la actualización del delito de usurpación es necesaria, a nuestro juicio, porque hoy este delito cada vez se ha extendido más, no genera los desincentivos a la comisión por su bajísima sanción, ni tampoco resultados eficaces en el combate, porque las policías quedan prácticamente atadas de manos para poder actuar dadas las consideraciones que acabo de describir.
Por ello, el Gobierno cree necesario avanzar en esta materia y lograr una actualización de este delito para resolver los problemas a los que me he referido y que fueron transversalmente compartidos en la Comisión de Seguridad Pública.
Gracias, Presidente .";1
"21";"21633";95;2021;12;"ARAVENA";NA;"La señora ARAVENA.-
Gracias, Presidenta .
Solo quiero decir que el ánimo que tuvimos cuando presentamos este proyecto hace algún tiempo fue justamente refrendar que la propiedad es uno de los bienes jurídicos más protegidos en nuestro ordenamiento jurídico actual.
Los distintos tipos penales relacionados con la propiedad en el Código Penal tienen una alta sanción en Chile y en
7
muchos casos es privativa de libertad: robo en lugar no habitado, violencia de morada, entre otros.
Pero en este delito en particular no se condice la pena con lo que implica el delito de usurpación para muchos chilenos que hoy día están viviendo esta situación. La pena es bajísima, apenas una multa de 20 UTM, poco más de un millón de pesos. Esto efectivamente genera una desprotección a las víctimas.
Quiero reconocer que es evidente que la situación de déficit de viviendas ha hecho que muchos comités y muchas agrupaciones se tomen terrenos. Pero es un tema que no tiene que ver con los propietarios privados ni tampoco con las agrupaciones. Ese es un problema del Estado nuevamente, que no está haciéndose cargo de una responsabilidad que es evidente y que de una u otra manera afecta a muchos propietarios, principalmente de la zona central más que de mi región.
En el caso de la modificación, lo que pretende es por primera vez establecer penas privativas de libertad; de esta manera, desmotivar la perpetración del delito, que ha ido en aumento, y poner en práctica la medida cautelar de detención, que no es aplicable hoy día al no tener pena privativa de libertad. En concreto, el proyecto busca darle perfección al carácter del delito, para evitar de esa manera la errada interpretación que hoy existe con su flagrancia, señalando expresamente el carácter de permanente, cuestión que efectivamente en los casos de La Araucanía principalmente tiene un origen distinto.
Se ha dicho mucho en este Senado que el Estado no ha restituido tierras en La Araucanía. Yo quiero señalar que se han entregado 300 mil hectáreas; y hoy día existe un catastro que se encuentra en licitación en el Gobierno, para poder definir cuánto queda por entregar en títulos de merced. Hay otras interpretaciones que señalan que habría que entregar La Araucanía completa y parte de Arauco al pueblo mapuche. En ese caso, habría que ver qué hacer con los 700 mil habitantes no mapuches que son parte del territorio. Sin embargo, esto no justifica los problemas históricos que efectivamente podemos tener, y que se reflejan en la increíble cifra de 688 por ciento de aumento, solo en el primer semestre de este año, en las usurpaciones de tierras en la macrozona sur. Como ejemplo de aquello tenemos a Imperial, una pequeña comuna de escasos recursos de la Región de La Araucanía, que tuvo más de 150 predios tomados en enero de este año, y más de 5 mil hectáreas que fueron usurpadas, muchas de las cuales no pudieron sembrarse. Esos son temas complejos de los que hay que hacerse cargo.
Tenemos una legislación con más de cien años y somos el único país en Latinoamérica que posee penas tan bajas para estos casos. Entonces, más que negarnos a legislar, lo que hacemos hoy día es invitar a aprobar en general este proyecto, para discutirlo después seguramente en un análisis más detallado, porque existen distintos tipos de usurpaciones en Chile y distintos motivos, de todos los cuales hay que hacerse cargo. Pero lo peor que puede hacer este Senado es simplemente negarse a la idea de legislar, cuando sabemos que tenemos hoy día una normativa que tiene más de cien años, que se encuentra absolutamente obsoleta y por lo cual muchos ciudadanos en Chile esperan que se apruebe esta iniciativa.
Esto no solamente se da en La Araucanía, y eso quiero volver a refrendarlo, porque es un problema nacional que viven todas las regiones del país. Hay que ordenar la casa hoy día y nosotros debemos dar ejemplo de ser proactivos como legisladores, respecto de los grandes problemas que vive la ciudadanía.
Así es que voy a votar a favor, obviamente, señora Presidenta.
Muchas gracias.";1
"22";"21633";97;2021;12;"MONTES";NA;"El señor MONTES.-
Gracias, señora Presidenta.
Mire, yo creo que tratar las tomas de terrenos simplemente como usurpación y dar ese enfoque no da cuenta de la situación que esto representa, por qué se produce. Si uno se detiene en la historia de las ciudades de Chile, particularmente en Santiago, verá que hay etapas completas en que partes muy significativas de las ciudades se
7
hicieron a partir de tomas y ocupación de terrenos. Y normalmente detrás de eso ¿qué ocurre? ¡Hay fenómenos sociales que lo explican y dan cuenta de una falta de respuesta pública! O sea, la época más fuerte de esto fue durante la migración del campo a la ciudad y las distintas etapas que tuvo esa migración. ¿A dónde llegaban las familias en las ciudades? A terrenos que muchas veces estaban desocupados, no estaban bien tratados y se los tomaban.
Si uno mira hoy día Santiago, ¿qué ha ocurrido el último año en la Región Metropolitana? Ha habido ochenta tomas, ¡ochenta tomas! Y tomas que parten con cien familias y en varios casos ya están sobre las mil. Entonces, creo que antes de sacar conclusiones sobre cómo sancionar, hay que asumir cuál es el problema. Si el problema no es la usurpación: ¡es la desesperación de una familia!
Durante mucho tiempo no hubo tomas; no había tomas en ningún lado. ¿Y por qué no había? Porque existía un cierto equilibrio entre las nuevas familias y los programas de vivienda pública. Esto fue desequilibrándose y hemos llegado a un problema de un déficit fuerte. Por ejemplo, en la Región Metropolitana hay 300 mil familias sin vivienda, buscando vivienda, que es más o menos la mitad del déficit de todo el país.
¿Cuántas viviendas entregó este año el Ministerio en la ciudad de Santiago? Fueron 5 mil viviendas, que empezaron a construirse hace tres años. ¡Fueron 5 mil para 300 mil familias! ¿Cuántos subsidios se han entregado este año a colectivos, a comités? Se han entregado 4 mil subsidios; ¡o sea, nada! Y las familias ¿qué hacen? Buscan alguna forma de vivir; y hay mezclas de chilenos y migrantes, distintas realidades.
La política de vivienda en las grandes ciudades no ha resultado, ¡no está funcionando!
En este ámbito hay muchos abusos también. Yo voy a recordar el caso de Nasur en Peñalolén. ¡Nasur estimuló la toma! Porque eso permitía que le pagaran más por un terreno tomado, dados los criterios de pago que tiene el Ministerio de Vivienda; y hay varios casos en que esto se da. Hoy día lo que predomina es la desesperación de las familias.
Bueno, la política de la vivienda está en crisis.
Quiero terminar preguntando qué hizo hoy el Presidente de la República en la comuna de Lo Barnechea.
¿Qué hizo el Presidente de la República hoy día, señor Ministro del Interior y señor Ministro de la Presidencia ? Fue a Lo Barnechea y anunció que ¡iba a repartir 50 mil papeles, certificados de propiedad, parte de terrenos públicos a lo largo del país!
Entonces, uno se pregunta, ¿por qué no lo hizo antes, por qué lo hace a estas alturas? ¿Cómo lo va a hacer, con qué criterios, dónde está el reglamento? ¿Por qué a esas familias y no a otras? y ¿por qué no son parte de proyectos?
¿Qué ocurrió con el primer Gobierno de Piñera? ¡Terminó el Gobierno repartiendo papeles de subsidios que nunca pudieron realizarse, porque no había viviendas! ¡Todavía tenemos 51.176 viviendas entregadas de esa manera y personas que tienen los papeles, pero no existen las viviendas correspondientes!
Y ahora se reparte esto. Esto va a ser puro conflicto, no va a ser una cosa racional. Es distinto que los terrenos estén concordados con un proyecto en un proceso, como los que conocemos; pueden agilizarse los procesos, eso es fundamental.
Creo que el Presidente nuevamente ha sido poco serio; está mal que termine haciendo cosas desesperadas. Y es probable que el Ministro de Vivienda , quien no ha querido asumir la responsabilidad del estado de la vivienda en el país, particularmente en las tres ciudades más grandes; en vez de asumir el problema mete al Presidente a hacer estos anuncios poco responsables, pues ni siquiera va a poder medir los terrenos para establecer con claridad los límites respecto de los terrenos de al lado; estos son paños. O sea, no es llegar y entregar un certificado.
De verdad, es poco serio; y creo va a estimular aún más la irregularidad y no soluciones serias. Hay que modificar la política de vivienda; y espero que el Gobierno que viene tenga una política distinta, pensando en la real situación que existe hoy día.
Gracias, señora Presidenta.
7";1
"23";"21633";119;2021;12;"MOREIRA";NA;"El señor MOREIRA.-
La verdad es que la usurpación es de esos delitos que se han mirado en menos, pero que puede tener implicancias económicas y sociales profundas. Su sanción actual es muy baja y el Ministerio Público en muchas ocasiones rechaza investigar, no quedando otra alternativa que el procedimiento civil de precario, que supone otras características y demora hasta un par de años.
Pensada para una época en que los terrenos se los tomaban los terratenientes a pequeños agricultores o pueblos originarios, la sanción, aún cuando la usurpación sea pacífica o violenta, es simplemente una multa que además no se paga por los acuerdos a los que se llega con el Ministerio Público.
Aún peor, no hay posibilidad alguna de llevarse detenida a la persona o impedir que vuelva a tomarse el terreno.
Por lo mismo, la usurpación hoy es aun más leve que una infracción de tránsito.
Sin embargo, la usurpación es un tema de acuciante urgencia. Obviamente, la memoria nos lleva de inmediato a la zona roja en la macrozona sur. Pero no es exclusiva de esa parte del país, se da tanto en ambientes rurales como urbanos. El encarecimiento del precio de la vivienda, la pandemia, el aumento de la inmigración han producido una escasez profunda de predios e inmuebles para la construcción de viviendas.
Hoy mismo el Gobierno anunció un ambicioso plan para aportar terrenos fiscales para la construcción de 50 mil viviendas aproximadamente. El Senador Montes, que me antecedió en el uso de la palabra, preguntó por qué lo hace ahora, que no hay un reglamento. Pero peor hubiese sido si esto se hubiera realizado antes de las elecciones.
Aquí lo importante es hacerlo, porque es una ayuda para la gente.
El tema, entonces, no es fácil: hay aristas históricas, sociales, penales y económicas.
Sin embargo, lo que no podemos hacer es mantener la situación como está. Existe una evidente desprotección para el propietario de un inmueble que ha sido tomado, ya sea pacíficamente, y aún más cuando ocurre con violencia. Ese propietario no tiene acceso a una justicia oportuna ni reparadora del mal causado; ni siquiera se puede aplicar el aforismo de ""la justicia tarda pero llega"", porque en muchas ocasiones la sanción simplemente no
7
existe. Hay que repetirlo hasta el cansancio: una norma sin sanción efectiva es, a lo más, una recomendación afectiva.
Presidenta, termino señalando que aumentar las sanciones asociadas a la usurpación permite incrementar el abanico de posibilidades que tienen el Ministerio Público y la parte querellante para hacer justicia de manera eficaz y eficiente. Habrá que revisar con cuidado cada aspecto involucrado, pero se necesita avanzar o sincerar que hay sectores a los cuales no les interesa que haya mayor sanción y mejor persecución.
Apruebo el proyecto en general, con la esperanza de que mediante indicaciones podamos encontrar un término medio que satisfaga a los propietarios sin estigmatizar las necesidades sociales cada vez más apremiantes.
Es todo, Presidenta.
Muchas Gracias.";1
"24";"21633";125;2021;12;"GARCÍA";NA;"El señor GARCÍA .-
Muchas gracias, Presidenta .
En nombre del Comité de Renovación Nacional, pido segunda discusión para esta iniciativa. Está aquí el Jefe de Comité , Senador Galilea .
Muchas gracias.";1
"25";"21633";129;2022;1;"GALILEA";NA;"El señor GALILEA.-
Presidente , quería ver la posibilidad de realizar una reunión de Comités para plantear la postergación de la vista de este proyecto el día de hoy.";1
"26";"21633";142;2022;8;"VAN RYSSELBERGHE";NA;"El señor VAN RYSSELBERGHE.-
Hoy nos corresponde votar el proyecto de ley que modifica las sanciones del delito de usurpación, una de las iniciativas que en los últimos meses ha estado en el centro de la noticia producto de la grave crisis de seguridad que se vive en la macrozona sur.
Lamentablemente, Presidente , y pese a una serie de acuerdos y compromisos políticos producidos en este Senado para acelerar su tramitación a fines del año pasado, este proyecto ha sufrido una serie de maniobras dilatorias en la Comisión de Seguridad de esta Corporación, particularmente durante este primer semestre del año, por lo que se encuentra exactamente en el mismo estado en que se encontraba en diciembre del año pasado.
Sin embargo, cada vez que las tomas de terrenos hacen noticia, particularmente en la macrozona sur, tanto el Gobierno como las bancadas que en este Senado representan a la actual Administración hablan de la ""urgente necesidad"" de legislar en esta materia y hay más de alguna autoridad que asegura que aumentar las sanciones para el delito de usurpación es prioritario y urgente.
Pero mientras tanto, Presidente , en la macrozona sur continúan las tomas de terrenos no solamente de propiedad de grandes empresas forestales o de grandes extensiones de terreno, sino también de ciudadanos comunes y corrientes, que en su mayoría tienen propiedades de mediana o pequeña extensión, gracias a las cuales pueden subsistir junto a sus familias.
A tal punto ha llegado el descontrol respecto a la usurpación de terrenos en la macrozona sur, que hace unos pocos días el mismo Héctor Llaitul anunció a todo el país que su organización terrorista, la CAM, se tomaría siete fundos en la zona.
Frente a esto, el Gobierno asegura que estas eventuales tomas de terreno no quedarán impunes e incluso se planteó por algunas autoridades la posibilidad de un eventual desalojo por parte de las fuerzas policiales.
Entonces, Presidente, hay que preguntarles a los representantes del Ejecutivo: ¿cómo piensan reaccionar a esta amenaza de tomas de terrenos realizadas por Héctor Llaitul?
Porque hoy, Presidente , la usurpación, pese a que es un delito, tiene en la actual legislación solo sanciones de multa, por lo que, de acuerdo al Código Procesal Penal, las policías no pueden detener al infractor al no estar sujeto a una posibilidad de condena de cárcel.
De la misma forma, Presidente, es decir, debido a que la usurpación solo tiene sanciones de multa y no penas privativas de libertad, los tribunales no pueden ordenar medidas cautelares sobre el infractor, quien queda en libertad de inmediato y solo citado ante el fiscal.
Dicho en simple, Presidente, hoy tenemos un delito que en la práctica no implica ninguna sanción real y firme. Con suerte una multa que en el peor de los casos puede llegar a las 20 UTM, lo que representa un poco más de 1.175.000 pesos de hoy.
Por eso, Presidente, es necesario aprobar este proyecto de ley, porque precisamente lo que hace es modificar las sanciones de la usurpación, aumentando a penas privativas de libertad las eventuales penas que los tribunales pueden aplicar a quienes las cometen.
En consecuencia, Presidente, quiero aprovechar esta oportunidad para hacer un llamado a los Senadores, particularmente a los de Gobierno, a comenzar a tomar en serio la tramitación de este proyecto y a trabajar por su pronto despacho.
De la misma forma, debemos pedirle al Ejecutivo que a este proyecto se le dé definitivamente la calificación de ""suma urgencia"", de manera de apurar su tramitación y lograr que se transforme en ley a la máxima brevedad
7
posible.
Son solo este tipo de acciones, y no las declaraciones de buenas intenciones de las autoridades del Ejecutivo frente a la toma de terrenos en la macrozona sur, lo que permitirá al Gobierno mejorar su gestión en lo referente a la seguridad pública y que la ciudadanía vuelva a creer en las autoridades que los gobiernan.
Por lo anterior, Presidente, votaré a favor.
Muchas gracias.";1
"27";"21633";148;2022;8;"INSULZA";NA;"El señor INSULZA.-
Presidente , este proyecto no ha iniciado su discusión todavía. Aquí falta que el Secretario haga la relación y que yo informe sobre la iniciativa. ¡Y de pronto ya escuchamos la opinión de un Senador!
Entonces, mi pregunta es si vale la pena hacer la relación, o si empezamos a discutirlo de inmediato.";1
"28";"21633";152;2022;8;"INSULZA";NA;"El señor INSULZA.-
Bueno, Presidente , en ese caso, voy a dar el informe de la Comisión lo más brevemente posible, porque en
7
realidad entiendo que ya están expuestos, por lo menos del lado del Senador Van Rysselberghe, algunos argumentos para fundamentar el voto.
Este proyecto ha tenido un trámite bastante extenso, como se ha dicho acá, y volvió a la Sala para ser discutido y votado en general a pesar de que está pendiente el conocimiento de las indicaciones que se han presentado en su oportunidad y de que esta decisión de tratarlo en Sala obvió la presentación de un segundo informe que nunca fue evacuado.
Creo que esto tiene que ver fundamentalmente con las dificultades que produce un proyecto de esta índole, que combina temas como la sanción a delitos que en otras legislaciones y en la nuestra nunca habían sido castigados hasta ahora: la ampliación y cambio en los períodos de flagrancia, y otros que se encuentran en diversos textos legales.
Pero, en todo caso, creo que es importante señalar que los autores del proyecto lo han planteado como uno que, por una parte, busca diferenciar las distintas hipótesis de usurpación y ocupación de inmuebles, para, de esta manera, modificar la limitada sanción dispuesta en la ley a su respecto; y, por otra, garantizar la aplicación de la norma y disuadir la comisión de esta clase de hechos mediante una sanción eficaz, confiriéndole carácter delictivo a la respectiva conducta, para lo cual se elimina el límite a la flagrancia y se establece una nueva vía sancionatoria para la modalidad no violenta, a fin de facilitar la detención de los ocupantes ilegítimos.
Este proyecto -me olvidé de decirlo al comienzo, probablemente- es el resultado de dos iniciativas refundidas: una, presentada por la Senadora Aravena y los Senadores Chahuán, García y Pugh; y una segunda, presentada por las Senadoras Sabat y Von Baer y el Senador Kast.
Sin embargo, creo que es importante decir que, de acuerdo con lo que ha apreciado nuestra Secretaría, existen alrededor de doce proyectos más sobre usurpación en trámite en este Congreso, en distintas instancias. Esto solamente incluye dos de ellos.
El proyecto, como digo, señala en su presentación que no se trata de sancionar todas las tomas. Dicen los autores en su fundamentación que las usurpaciones se diferencian de los asentamientos irregulares espontáneos (consecuencia de la extrema necesidad), y que su iniciativa solamente se enfoca en aquellos grupos organizados que buscan lucrar ilícitamente mediante la usurpación de terreno ajeno y la estafa a los compradores, quienes por esta transacción no se hacen dueños del predio.
Por lo tanto, tenemos que determinar en el debate cuáles son las diferencias entre unas y otras tomas de terrenos, porque estas no se encuentran explicitadas en el articulado del proyecto.
Hubo una discusión bastante extensa, en la que distintas personas que participaron se refirieron a diversos aspectos del proyecto desde puntos de vista completamente diferentes.
Estuvieron presentes el Director Social de la Fundación Techo Chile, quien ciertamente habló de los campamentos, y el Presidente de la Asociación Gremial de Agricultores de Victoria-Malleco , quien arguyósobre las tomas de terrenos en La Araucanía, respecto a las cuales ya se refirió el Senador Van Rysselberghe .
Habló igualmente la Directora de la Unidad de Responsabilidad Penal Adolescente del Ministerio Público; el Director de la Unidad Especializada en Lavado de Dinero , Delitos Económicos y Crimen Organizado; el Director de la Unidad de Delitos Violentos , señor Cristián Paredes , y los abogados de la Unidad de Asesoría Jurídica, señora María Pilar Irribarra y el señor Hernán Libedinsky .
Estuvieron también en la Comisión el Defensor Regional de La Araucanía de la Defensoría Penal Pública, señor Renato González , y el abogado de la Unidad Especializada de Defensa Penal, señor Rodrigo Lillo .
Expusieron, además, varios académicos: el arquitecto y urbanista señor Iván Poduje ; el académico de la Universidad de Valparaíso, señor José Luis Guzmán ; el académico de la Universidad Adolfo Ibáñez, don Javier Wilenmann ; el Profesor de Derecho Penal de la Universidad Católica de Valparaíso, señor Guillermo Oliver ; los académicos de la Pontificia Universidad Católica de Chile, señores Juan Domingo Acosta y Sebastián Donoso , y el analista sectorial de la Biblioteca del Congreso Nacional, señor Juan Pablo Cavada .
Participó también el Intendente de la Región de La Araucanía , señor Víctor Manoli .
7
Estuvo la Asesora Técnica de la Multigremial Araucanía, señora Mirtha Casas .
Y, por último, el Jefe de la IX Zona de la Araucanía de Carabineros de Chile, General señor César Bobadilla .
Puedo haber omitido algunos participantes, señor Presidente, debido a que fue una discusión tremendamente extensa, y la verdad es que las opiniones de los expertos variaron sustantivamente.
Dado que esta normativa -que estamos tratando de modificar- data de 1874, muchos de los analistas plantearon que la figura del delito de usurpación había cambiado fundamentalmente en la legislación y no era lo que fue en algún tiempo, en que se ocupaban largas extensiones de terreno y el tema de la tierra era el centro fundamental de toda discusión.
El proyecto que finalmente acordó la Comisión de Seguridad Pública está bastante mezclado también.
En primer lugar, agrega en el apartado sobre ""penas de simples delitos"" del Código Penal, a continuación de la parte en que se habla de la inhabilidad para la tenencia de animales, una nueva pena, que es la prestación de servicios en beneficio de la comunidad.
Seguidamente, agrega un inciso cuarto al artículo 49 bis del Código Penal, que dice: ""Si la pena de prestación de servicios en beneficio de la comunidad se hubiese impuesto como pena principal"" -esta nueva pena recién creada- ""en caso de revocarla el tribunal impondrá al condenado, por vía de sustitución y apremio, una pena de reclusión única que se regulará en un día por cada ocho horas de servicios pendientes."".
No haré comentarios sobre este punto, Presidente , pues los haré en mi intervención a título personal.
Incorpora, además, en relación con esta pena de prestación de servicios en beneficio de la comunidad, que no tendrá lugar en algunos incisos de esta disposición.
Posteriormente, el proyecto reemplaza una frase en un artículo, estableciendo el presidio menor en su grado mínimo para los delitos que se refieren a los artículos 457 y 458, señalando además que los delitos a los cuales se refieren tales disposiciones tienen carácter permanente, con lo cual modifica sustantivamente la noción de flagrancia que figura en el Código de Procedimiento Penal, estableciendo que el delito es -por así decirlo- flagrante, desde que se da inicio a su ejecución y mientras persista la ocupación, por lo que para los efectos del artículo 130, letra a), del Código de Procedimiento Penal, se considerará flagrancia todo ese lapso de tiempo. Por tanto, es una flagrancia indefinida, mientras el predio esté ocupado.
Incorpora un nuevo artículo, señalando que cuando un mayor de dieciocho años ocupare un predio valiéndose, engañando, utilizando, forzando o coaccionando a un menor de edad, y aun cuando la participación de este no diere lugar a responsabilidad penal, el mayor de dieciocho años será castigado con la pena establecida en el artículo 457, aunque no mediare violencia o intimidación. El consentimiento dado por el menor de dieciocho años no eximirá al mayor, dice la norma.
También reemplaza un artículo del Código Penal, imponiendo una pena única de multa, pero señalando que no se podrán ordenar medidas cautelares que recaigan sobre la libertad del imputado, con excepción de la citación.
El proyecto, Presidente, fue discutido y votado en general en la Comisión de Seguridad Pública, con un resultado de 3 votos a favor, 1 en contra y 1 abstención.
Posteriormente pasó a la Sala y, en reunión de Comités, se acordó que volviera a la Comisión para admitir indicaciones. No recibió indicaciones y finalmente se decidió votarlo en general, para que pasara posteriormente a la Sala, situación en la cual nos encontramos ahora.
Por lo tanto, la situación reglamentaria es de primer informe en la Sala.
Las leyes que este proyecto modifica son del Código Penal y el Código Procesal Penal, y debe procederse a la aprobación general del proyecto para posteriormente tramitar las indicaciones que ya están presentadas y probablemente otras que se quieran presentar.
Es cuanto puedo informar, señor Presidente.
7";1
"29";"21633";155;2022;8;"KAST";NA;"El señor KAST.-
Gracias, Presidente.
Lo cierto es que este es un drama que sufre, sin lugar a dudas, La Araucanía como pocas regiones, pero no es la única.
Valentina Correa , que participó en la creación de este proyecto de ley, sufrió un hecho brutal: su padre fue asesinado por un sicario porque una mafia había tomado un terreno de su familia y no han encontrado ningún tipo de justicia. De hecho, hasta el día de hoy los terrenos de la familia de Valentina se encuentran tomados.
Los ciudadanos de distintas partes de Chile sienten impotencia cuando ven que, en lugar de la democracia, las normas, las reglas, el Estado de derecho, lo que funciona es la ley de la selva y un sistema completamente fracasado en el que algunos se sienten con el derecho de tomarse o entrar al lugar más íntimo de cada persona, que es su terreno, su parcela. En La Araucanía esto ocurre a diario.
¿Y qué es lo que ocurre? Se pide efectivamente el desalojo, que muchas veces toma tiempo. Llega Carabineros y como finalmente este delito no existe, porque hoy día es simplemente una multa, la situación se transforma en un círculo vicioso. Carabineros ni siquiera puede tomar detenidos a quienes usurpan la parcela de otra persona. ¡No puede! Les tiene que decir: ""Por favor, salgan de aquí"". Y solamente podría tomarlos detenidos en caso de que ocupen la violencia. Pero, ¿qué es lo que ocurre? Los ocupantes se mueven un poco más allá; se va Carabineros, porque no se puede quedar todo el tiempo en el mismo lugar, y se lo vuelven a tomar.
Entonces, como sabemos que desgraciadamente no hay Estado de derecho y los mismos carabineros muchas veces no están empoderados, hoy día el nivel de desamparo es brutal.
Por eso no es casualidad que aquí haya dos proyectos de ley, ambos iniciados por parlamentarios de la Región de La Araucanía, algunos de la Región de Los Ríos y otros de diversas regiones.
De hecho, esta ley en proyecto fue elaborada en conjunto con la Fiscalía y apoyada por ella. La Fiscalía Regional de La Araucanía -y me imagino que sucede lo mismo en la Fiscalía Regional de Valparaíso y en otras partes- fue justamente la que nos ayudó a confeccionar este proyecto de ley, que hace algo muy simple. De hecho, existen dos propuestas que no son idénticas. Una permite transformar las usurpaciones en un delito; la otra adicionalmente pone penas de cárcel.
Y lo que es muy relevante decir es que este proyecto no incluye el caso de una familia que, por necesidad extrema, está viviendo, por ejemplo, en una mediagua. Y esto es bien importante puntualizarlo, porque algunos han tratado de desinformar al respecto diciendo: ""No, mire. Esto va a significar en la práctica que las familias que hoy día viven en un campamento serán criminalizadas"".
¡Completamente falso!
Lo que sí permite es que cuando alguien quiera hacer un negocio, creando una toma ilegal, va a poder ser detenido. ¿Por qué? Porque el Código Penal hoy día ya asegura que cuando una persona, por necesidad extrema,
7
se instala en una mediagua, quede exenta de la ley.
(Rumores).
Vuelvo a decirlo, dado que hay varios colegas que están conversando.
Este proyecto de ley deja fuera a aquellas personas que tienen necesidad extrema, pero sí permite tomar detenidos y les da pena de cárcel, con lo cual efectivamente se puede hacer uso del procedimiento de reiteración, a aquellos que hacen negocios con los terrenos de otros.
Hay muchos que han dicho: ""¡No! No me gusta la redacción de este proyecto de ley"". Bueno, yo les digo a esos colegas que propongan uno alternativo. Hay muchos que me dicen: ""No me gusta la técnica de este proyecto de ley"", considerando que, además, como bien decía el Senador Insulza recientemente, existen más de once iniciativas distintas y aquí se recogen solo dos. Bueno, si es que a alguien le gusta otro proyecto de ley, ¡ni un problema! Que lo proponga.
Más aún, hoy día estamos votando en general. Repito: hoy día estamos votando en general este proyecto de ley.
Por lo tanto, cualquiera que quiera presentar alguna indicación a este proyecto de ley porque le parece que la técnica legislativa eventualmente requiere alguna mejora, créanme que no vamos a tener problema alguno en poder discutirla al interior de la Comisión de Seguridad, de la cual no soy parte, pero he participado cada vez que se ha tratado esta iniciativa.
En la Comisión se ha invitado a distintos actores. La misma Valentina en su minuto me pidió poder asistir nuevamente, porque, insisto, acá hay un drama social.
Cuando existe algún tipo de déficit de viviendas, la forma de solucionarlo es a través del Estado de derecho y de que el Estado haga la pega de construir viviendas, de entregar subsidios. Pero nunca en democracia la forma de hacerlo es apelar a la ley de la selva, porque eso implica renunciar a la política; eso es no creer en la política ni en la democracia.
No se puede normalizar la existencia de mafias que usurpen el terreno de otros y no les pase absolutamente nada.
De hecho, la Biblioteca del Congreso nos mostró que somos de los pocos países donde esto es así. O sea, la gran mayoría de los países vecinos tienen pena de cárcel para las usurpaciones. Nuestro país, no. ¡En nuestro país no!
Entonces, les insisto. Si alguien tiene otra hoja de ruta para poder solucionar este problema, bienvenida sea. ¡La mejor de las disposiciones!
Les recuerdo que habíamos acordado tratar este proyecto en el mes de marzo. Ya estamos en agosto. Y aquí me acompaña el jefe de bancada de Evópoli , Luciano Cruz-Coke , quien en su minuto dijo: ""Miren, habíamos quedado de tratarlo en marzo y se pidió que se corriera"". Y los jefes de bancada, de buena fe, dijeron que no había problema, porque la Comisión esperaba verlo -no querían que se votara en marzo- y hacerle arreglos.
Se autorizó a tratar el proyecto en general y en particular en la Comisión. Pidieron plazo para presentar indicaciones -si mal no recuerdo, incluso fueron dos meses-, y no se hizo absolutamente nada en esos dos meses.
O sea, no hubo ni una indicación, no hubo ni un trabajo. ¡Nada!
Entonces, que alguien aquí venga a decirnos ""Mire, es que no me gusta el texto"", bueno, ¿por qué no propusieron otro? ¡Si todos tenemos el mandato de legislar acá! Todos los que estamos aquí presentes tenemos el mandato de hacernos cargo de los dramas sociales.
Si a alguien no le gusta la solución que ha propuesto la Senadora Aravena con el Senador Pepe García y quien habla, bueno, que proponga otra alternativa. ¡Si no hay problema! ¡Para eso podemos votar!
Pero lo que más duele es cuando ni siquiera se atreven a votar algunos.
Y me dicen que el Partido Comunista -ojalá que no sea cierto- quiere pedir segunda discusión.
El señor CRUZ-COKE .-
7
No, no va a pedir segunda discusión.";1
"30";"21633";159;2022;8;"KAST";NA;"El señor KAST.-
Entonces, realmente es muy importante que nos hagamos cargo de los problemas.
¿Podemos pensar distinto? Por supuesto que sí.
¿Podemos votar distinto? Por supuesto que sí.
Pero no sigamos evadiendo problemas que, como sabemos, llevan mucho tiempo sin solución.
Y les insisto: esta es la votación general.
Obviamente, como Senador de La Araucanía , me preocupa muchísimo mi región. Y esta es una propuesta que ayuda muchísimo a La Araucanía, pero claramente no es la única región donde existen mafias que utilizan la usurpación de terrenos como una forma sistemática de hacer negocios y lucrar, sin atenerse al Estado de derecho ni menos a las normas que todos debemos respetar.
Por lo tanto, aquí no se criminaliza la pobreza, como algunos han dicho, ni tampoco se busca ir en contra de los dirigentes de los campamentos, sino que se trata de abordar una realidad que hoy día nos tiene completamente sobrepasados.
Y en La Araucanía esta ley, sumada a otro tipo de políticas públicas de las cuales ya hemos hablado largamente, sin lugar a dudas podría mejorar muchísimo la capacidad que tienen actualmente la Fiscalía y Carabineros y entregarles la anhelada paz que desean las familias de nuestra región.
Por eso voto a favor.
Gracias, Presidenta .";1
"31";"21633";161;2022;8;"GAHONA";NA;"El señor GAHONA.-
Gracias, Presidenta .
Hace unos días, mientras el Presidente de la República repartía estas masitas dulces, calzones rotos, a los periodistas en una nueva demostración de intervención electoral -perdón, Presidente , ¡corrupción electoral!, mejor dicho-, la opinión pública conocía un nuevo video en el cual se daba cuenta de que una familia sufría un ataque delictual múltiple en una de las autopistas urbanas de nuestra capital.
7
Mientras la Ministra del Interior , asesorada no sé por quién, publicaba en su cuenta personal de la red social Instagram una entrevista, intentando de manera triste acercarse a la ciudadanía, nos enteramos por la prensa de que la Encuesta Nacional de Seguridad era escondida en un cajón por parte del Ejecutivo para ocultar las cifras de victimización, que habían aumentado de manera considerable en el último tiempo.
Y, por si fuera poco, Presidenta , un conocido vespertino tituló el día de ayer: ""Muchos chilenos viven hoy con temor"". Esta frase pertenece, ni más ni menos, que al Subsecretario del Interior de este Gobierno.
¿Por qué comento esto, señora Presidenta ? Porque si estamos discutiendo hoy un proyecto que forma parte de una agenda de seguridad, no es gracias al actual Presidente , ni a su Ministra del Interior , ni menos al Ministro de la Segprés que, dicho sea de paso, les mandó un nuevo recadito a los señores que pertenecieron a la Concertación.
Si estamos discutiendo esto es gracias a los Comités de este Honorable Senado, que acordaron priorizar este proyecto.
Fíjese, Presidenta , que esta iniciativa lo que hace es sancionar al que, con violencia o intimidación, ocupare total o parcialmente un inmueble.
Y mientras el Gobierno hace campaña con un evidente descaro, tenemos a un señor terrorista en el sur cuya organización, la CAM, llama a la ocupación de inmuebles de todo tipo. Y el Gobierno no dice ni hace nada.
Se dieron tres vueltas de carnero en el mismo día para definir que perseguirían penalmente los dichos de Llaitul, contradiciéndose unos Ministros con otros.
Vinieron a pedir apoyo al Congreso para la prórroga del estado de excepción sin siquiera decir las cosas como son: que en Chile hay terrorismo.
Son incapaces, ¡incapaces! -y me refiero al Gobierno-, de urgenciar este proyecto.
Quiero ir a este último aspecto, Presidenta .
Este proyecto, tan importante como señal política para La Araucanía, no tiene urgencia por parte del Gobierno.
A este mismo boletín, el Gobierno del ex Presidente Piñera le puso seis veces urgencia de ""discusión inmediata"".
Comenzó su discusión en diciembre de 2021 y quedó pendiente. Y ahora, recién, estamos en la idea de legislar con la total ausencia y compromiso, por supuesto, del Gobierno
¡Basta con mirar delante de usted, Presidenta, y ver que no hay nadie del Gobierno!
A pesar de que este Gobierno nos quiere hacer creer que están preocupados por la seguridad; a pesar del Gobierno, que jamás ha puesto urgencia a este proyecto; a pesar de este Gobierno, que mira con indolencia y esconde las encuestas que dan cuenta del desastre y la nula estrategia real para combatir el desborde delictual en el que vivimos, votaré a favor de esta iniciativa, esperando que por el bien de mis compatriotas, especialmente los de la macrozona sur, se apruebe y se aplique sin temor, sin medias tintas, sino con decisión y convicción.
He dicho, señora Presidenta.";1
"32";"21633";163;2022;8;"INSULZA";NA;"El señor INSULZA.-
Muchas gracias, Presidenta .
Ahora intervendré en mi condición de Senador del Partido Socialista, pues ya informé el proyecto, y espero que no haya problemas al respecto.
Quiero puntualizar que este proyecto enfrenta un tema que es real: la toma de terrenos por distintas razones y en
7
diferentes lugares del país. Yo entiendo que no se refiere solamente a una región de Chile.
Y, a mi juicio, lo hace para asegurar la mejor forma de que las personas recuperen su propiedad. Porque en realidad su objetivo -veremos el tema de las penas después- no es meter preso a alguien ni cobrarle una multa, sino que la gente recupere sus terrenos, pues efectivamente existe una gran cantidad de predios que llevan bastante tiempo ocupados, incluso viviendas, y que no ha sido posible desocupar.
Yo conocí el caso de una persona de otra región que hace ya bastante tiempo viajó a Lima, o algún lugar del Perú, a visitar a una hermana y cuando volvió encontró su casa ocupada. Y llevaba varios meses tratando de que se la devolvieran, aun cuando tiene todos los títulos de propiedad.
El objetivo de un proyecto de esta naturaleza, si no fuera puramente político, es que la gente pueda recuperar sus propiedades.
Y por eso quiero decir con mucho respeto, porque entiendo la intencionalidad de los autores, que es un mal proyecto, pues no sirve al propósito esencial. A lo mejor sirve para castigar a alguien -voy a discutirlo también-; a lo mejor sirve para provocarle incertidumbre a mucha gente, pero para resolver el problema de la usurpación de predios no sirve, ni es útil su propuesta.
Quiero decir, entonces, algunas cosas generales sobre la materia, Presidenta .
En relación con la exposición de motivos, que forma parte del boletín N° 14.015-25 -esto no está en el otro boletín-, se dice que la iniciativa se enfoca en grupos organizados que lucran ilícitamente mediante la usurpación de terrenos y estafas a los compradores, y no apunta a asentamientos irregulares espontáneos, que son consecuencia de la extrema necesidad, refiriéndose en estos casos a campamentos o tomas para tener un lugar donde vivir.
Esta distinción a mi juicio es esencial, pero no está en ninguna parte del articulado. La diferencia no se hace parte en ninguna parte. En ninguna parte se dice: ""Mire, estos predios, no"". Se señala que la gente en estado de extrema necesidad probablemente no será sancionada, pero no dice nada respecto de esos predios.
Entonces, esto apunta a todos los asentamientos irregulares, sean tomas de terrenos en La Araucanía, sean usurpaciones de viviendas en la zona central o cualquier cosa de ese tipo.
Y considerar esta forma de usurpación puede ser muy grave, porque, como ya lo había dicho antes, si no hacemos la exclusión expresa toda la exposición de motivos, la situación de vulneración y desprotección de sectores pobres y carenciados, pueden conducirnos a una situación de caos social completamente indeseado.
En cuanto a las penas privativas de libertad -no lo digo yo, sino todos los académicos con los cuales hablamos-, en la mayor parte de los países del mundo esta forma de usurpación no está penada; lo que sí está garantizada es la devolución del predio a aquel que haya sufrido la ocupación.
Por ejemplo, el académico señor Wilenmann , de la Universidad Adolfo Ibáñez, con relación a la usurpación violenta, que caracteriza el artículo 457 del Código Penal, propone cambiar la multa por un presidio menor en su grado mínimo. ¡Presidio menor en su grado mínimo: tres meses de cárcel! Nadie en este país va a la cárcel por un delito sancionado con presidio menor en su grado mínimo.
Entonces, esto no produce cambios significativos, y cito al académico: ""Por un parte, porque la usurpación violenta, pese a sancionarse con multa, es un simple delito, y, por otra, porque si bien al introducir la pena de presidio menor (...) congela el marco y establece reglas especiales de determinación de la pena para este caso"". Ello llevará probablemente en la práctica jurisdiccional a la dictación de sanciones sustitutivas, ""como la de remisión condicional de la pena"".
Y en materia de usurpación no violenta, se propone -se inventa, creativamente, por los autores del proyecto- una pena de prestación de servicios a la comunidad; pero si esta no se cumple, no se dice cuál sería la pena alternativa.
Además, el informe de la Biblioteca del Congreso Nacional, al cual le prestamos bastante atención, señala que se corre el riesgo de asimilar dicha medida a los trabajos forzosos, que están proscritos, por así decirlo, incluso desde el punto de vista de nuestras obligaciones internacionales.
7
Entonces, hay que contemplar umbrales y criterios en torno a los cuales fijar la pena de prestación de servicios, y debemos establecer reglas de determinación para su sustitución.
En general, este proyecto, que recibió muchas críticas en su articulado penal porque -repito- estas cosas no se sancionan con cárcel, es francamente muy débil. Solo se dispone la aplicación de multas. Estamos hablando de la ocupación no violenta. Sobre ello, no hay penas privativas de libertad.
Si hacemos esto, estoy seguro de que nadie dirá que este juego de penas (un par de días acá o un par de meses allá) va a provocar algún desincentivo a la conducta ilícita de usurpar. Para mí, es más importante la certeza que la cuantía de la pena. Aquí no va a haber pena. Puede quedar escrita en la ley, pero sabemos bien que, en la práctica de nuestros tribunales de justicia, ¡esto jamás se va a aplicar!
Ahora, naturalmente uno se pregunta: si no se pueden aplicar las penas, ¿cuál es la solución? Yo creo que las soluciones están claras, pero no figuran en este proyecto.
El único punto, curiosamente, en el que coincidimos en algo con la iniciativa es aquel que habla de la flagrancia.
Este proyecto propone que la flagrancia, que está establecida en nuestra legislación de manera general hasta doce horas después de cometido el hecho, se considere como permanente. O sea, nos pasamos al extremo total. Esto creará una inseguridad tremenda para la gente que ocupa o está viviendo en un predio hace veinte años, sin haber sido jamás cuestionado el hecho, pues ahora pasa a correr el riesgo de que cualquier día la tiren para fuera.
¿Y qué busca resolver este proyecto? La verdad es que se inventan penas privativas de libertad para saciar algunas ansias de sus autores, a fin de permitirles presentarse como ofreciendo sanciones. Pero están penando la usurpación de una manera absolutamente impropia e incompetente. ¡No sirve para nada!
Naturalmente, es posible cambiar las dos cosas que se plantean.
La flagrancia es una norma procedimental y comparto que sea incluida en el Código de Procedimiento Penal para estos efectos, de manera de facultar a la policía para ejercer sus potestades sin orden previa. Y debiera tener una extensión de unos tres meses. Eso permitiría, a lo menos, garantizar algún grado de certeza al dueño, que va a poder tener un tiempo razonable para solicitar la desocupación de su predio, y, al mismo tiempo, no crear el tipo de incertidumbre que podría provocar daños sociales graves.
Enseguida, está la forma de desocupar el predio.
Bien sabemos que la manera de desocupar un predio existe en el Código Civil, en el inciso segundo de su artículo 2195. Esta es la norma que se emplea generalmente. O sea, el propietario de un terreno ocupado ilícitamente no saca nada con presentar sus papeles al juez o a la policía. La policía le va a decir: ""Señor, yo le creo que esa es su escritura, pero no le va a servir, porque tiene que iniciar el juicio que corresponde, que es la acción de precautoria que consagra el Código Civil"". Por lo tanto, la persona tendrá que presentarse a un juicio al efecto, con lo cual pasarán, por lo menos, un par de años.
Quiero decirle al Senador Kast -por su intermedio, Presidenta - que esa es la situación de la familia de la persona que fue asesinada. El que lo asesinó está preso, ¡él está preso! El predio sigue ocupado, y la gente que está ahí solamente va a salir cuando se falle el juicio de precario dentro de dos o tres años. ¡Esa es la realidad jurídica de nuestro país!
Entonces, ¿por qué no hacemos una cosa más simple? Se lo digo -por su intermedio, Presidenta - a los Senadores que presentaron esta iniciativa. Se podría hacer algo un poco menos heroico: cambiar la figura del precario por un juicio mucho más rápido y, al mismo tiempo, crear una flagrancia que sea realmente aceptable, sin producir la incertidumbre que tememos.
En suma, algunos piensan que con esto se pueden resolver las tomas de terrenos por razones de vulnerabilidad o por el conflicto en La Araucanía. ¡El proyecto no sirve, es completamente inidóneo para eso!
Yo creo que el delito requiere modernización a partir de saber qué quiere la gente cuyos predios son ocupados. Y eso se puede hacer cambiando la norma del Código Civil y también el período de flagrancia, el cual no puede ser perpetuo, porque ello produciría una tremenda incertidumbre en todos los ocupantes de terrenos.
7
¡Pésimo proyecto! Lo voto en contra, Presidenta.";1
"33";"21633";165;2022;8;"ARAVENA";NA;"La señora ARAVENA.-
Presidenta, muchas gracias.
Yo iba a partir con otra cosa, pero no puedo evitar referirme a lo que señaló el Senador que me antecedió en el uso de la palabra. Uno puede estar en desacuerdo con un proyecto, pero otra cosa es ser ofensivo en el lenguaje. Con mucho respeto, quiero decirle que esta moción la hicimos por respeto y preocupación hacia muchos ciudadanos chilenos que hoy día viven con angustia la usurpación de sus terrenos, de sus casas, de sus predios.
La verdad de las cosas es que uno puede diferir, para eso está la democracia y este espacio, pero el respeto es algo que jamás se puede perder. No creo que corresponda decir -lo señalo sinceramente y también con respeto a la opinión que se ha emitido- que un proyecto es ""pésimo"", ""malo"", porque en realidad ello es relativo, dependerá de quién este observando la discusión.
Lo segundo es que este proyecto lleva 533 días de trámite. Si algunos Senadores consideran que esta propuesta no es buena y que podría haber otras soluciones, que he escuchado atentamente, ¿por qué no se han presentado otras iniciativas o indicaciones a este proyecto para haber hecho de otro modo la discusión en general?
En Europa, Francia, Alemania, España y Portugal tienen penas privativas de libertad para la usurpación. Son países desarrollados, no subdesarrollados. En el mismo sentido, en Sudamérica, nuestros vecinos Perú, Argentina y Uruguay también han legislado al respecto.
La ley que actualmente nos rige tiene 148 años de existencia; data de 1874. Si algún Senador acá considera que esta ley está actualizada a los tiempos de hoy, me gustaría que nos dé los argumentos al respecto.
La primera dificultad del tipo penal de la usurpación en Chile es que tiene como base la pena de multa y no una privativa de libertad. A quienes nos están escuchando y viendo hoy día, quiero decirles que las multas van de 6 a 10 UTM, en el caso de que no haya violencia, y de 11 a 20 UTM, cuando existe violencia. Es muy poco, evidentemente no desincentiva tanto la comisión del delito. Asimismo, cabe agregar que la ley señala que ""no se podrán ordenar medidas cautelares que recaigan sobre la libertad del imputado, con excepción de la citación"".
Ello, porque no se contemplan penas de cárcel. Y este no es un tema menor.
La autoridad policial, ante una situación de usurpación de inmuebles, no puede detener, ni siquiera en flagrancia.
Solo puede hacerlo cuando ocurre con una violencia inusitada, como sucede muchas veces en La Araucanía.
En nuestra jurisprudencia la flagrancia se entiende como el momento del ingreso de los ocupantes ilegales, y solo hasta doce horas después. Alguno de los Senadores planteó el punto, y claramente hay que legislar sobre ello.
Francia e Inglaterra modificaron su regulación penal, y hoy se considera que la flagrancia se perpetúa en el tiempo y se transmite también a aquellos ocupantes ilegales que se mantiene al interior del inmueble o en el terreno.
En la práctica, aquí se hace la denuncia respectiva y, previa orden judicial, salvo que exista flagrancia, los carabineros van a desalojar la propiedad en ambos casos, sin posibilidad alguna de detener. Una vez hecho el desalojo, los carabineros se van y lo que ocurre normalmente es que las personas vuelven a usurpar el predio, entrando nuevamente al sistema procesal penal en acción.
Solo unos datos.
En el Reino Unido, la pena privativa de libertad existe; es hasta seis meses de prisión y multas de hasta 5 mil libras.
En Alemania, es hasta un año, cuando es sin violencia, y hasta dos años, cuando hay violencia, además de multas
7
muy altas.
Holanda contempla hasta un año o multas, o dos años, dependiendo si hay o no violencia en la usurpación.
En el caso de España, hasta seis meses, sin violencia, y hasta dos años, con violencia.
Y, en Francia, la pena de cárcel es de hasta un año.
Esa es la realidad de países desarrollados.
Entonces, decir que es una ridiculez que nosotros hayamos elaborado un proyecto que incluye penas de cárcel, no lo entiendo, porque significa que todo el resto del mundo está equivocado y que Chile tiene que seguir manteniendo una ley de 148 años, como si este Congreso no quisiera legislar y le diera lo mismo que haya miles de familias sufriendo por este problema.
Entiendo que hay diferencias entre tomarse un terreno en La Araucanía y tomarse un terreno porque no tengo viviendas. Pero eso perfectamente puede ser parte de las indicaciones a este proyecto de ley. Podrían configurarse delitos distintos dentro del concepto de usurpación.
No soy abogada, soy ingeniera agrónoma, pero entiendo, porque lo vivo en mi Región, que han aumentado en 600 por ciento las usurpaciones, las que se efectúan incluso con violencia, al punto del asesinato.
No sigan justificando, después de casi quinientos días, que no quieren legislar un delito. Ante ello, de verdad, yo no tendría cara para enfrentarme a nuestra gente en La Araucanía y ¡a todo Chile!, porque esta no es una situación particular.
Tratemos de ponernos de acuerdo; no podemos seguir buscando excusas, porque este Congreso tiene herramientas para legislar, para modificar este proyecto.
No comprendo, sincera y humildemente, por qué no se quiere aprobar, por lo menos, la idea de legislar. Cuál es el punto, si este Senado puede ingresar todas las indicaciones que quiera, incluido el Ejecutivo , que echo de menos que no esté aquí, tratándose de un problema tan importante.
Voto a favor, señor Presidente.";1
"34";"21633";167;2022;8;"GARCÍA";NA;"El señor GARCÍA .-
Muchas gracias, Presidenta .
Intervendré en la misma dirección en que lo ha hecho la Senadora Carmen Gloria Aravena, con tanto fundamento y con tanta precisión.
Tengo en mis manos, señora Presidenta , el oficio N° 13.198, fechado el 17 junio del presente año, de la Ministra del Interior y Seguridad Pública, dirigido a don Álvaro Elizalde Soto , Presidente del Senado .
Este oficio contiene un informe de Carabineros de Chile.
No me voy a referir en extenso a los números sobre usurpaciones que se producen de manera tan frecuente, particularmente en las Regiones de La Araucanía, Biobío , Los Ríos y Los Lagos; pero sí al punto 5 del informe: ""Las limitaciones que tiene Carabineros de Chile respecto a la normativa actual de la usurpación en la zona y las modificaciones legales que considera relevante para una mayor efectividad frente al delito"". Lo dice Carabineros de Chile.
Cito textual: ""Las limitaciones se enmarcan principalmente en la cuantía de la pena, dado que los delitos
7
contemplados en los artículos 457 y 458 del Código Penal, tienen como penalidad una multa que fluctúa entre 6 y 11 U.T.M., por ende, de acuerdo con lo dispuesto en el artículo 124 del Código Procesal Penal, no proceden medidas cautelares que recaigan sobre la libertad del imputado, con excepción de la citación.
""En la práctica,"" -continúa el informe- ""frente a una denuncia por usurpación de un predio, desalojando en flagrancia, no procede la detención de los ocupantes, sino que únicamente la citación, lo cual posibilita reiteradas usurpaciones sobre el predio, las que generalmente son efectuadas por las mismas personas que fueron desalojadas y apercibidas conforme al artículo 26 del Código Procesal Penal, llegando incluso a regresar horas después a ocupar el mismo predio.
""En ese sentido, una modificación legal relevante podría apuntar al aumento de la penalidad de los referidos tipos penales, de modo que permitan medidas cautelares como la detención de los imputados que son desalojados, asimismo, agravantes relacionadas con la reiteración del delito, con el objeto de desincentivar su cometido"".
Lo está diciendo Carabineros de Chile, una institución especializada, que tiene que lidiar permanentemente -me atrevería a decir que todos los días- con este tipo de situaciones.
Nosotros, como legisladores, tenemos la obligación de entregar más herramientas, de escuchar a estas instituciones de la república respecto de sus requerimientos, para poder combatir con mayor eficacia los delitos que se cometen. ¡No hagamos oídos sordos!
No me parece bien que aquí simplemente se diga que el proyecto que hemos presentado es malo, pésimo, cuando hoy solamente se vota la idea de legislar. Si la votamos en contra, habrán pasado 533 días sin que este proyecto haya avanzado nada, y no habremos entregado ninguna herramienta nueva que contribuya a la solución de los problemas.
¡Esa sería una muy mala noticia para Chile!
Pero no solo lo dijo Carabineros de Chile, Presidente .
¿Qué señaló el Ministerio Público en la Comisión de Seguridad Pública? La señora Irribarra , abogada de la Unidad de Asesoría Jurídica de dicha institución, ""estuvo conteste con la iniciativa legal en estudio"". ¡El Ministerio Público estuvo conteste con la iniciativa legal en estudio! ¡Parece que no es tan disparatada la idea, como se ha pretendido decir aquí, en la Sala!
Leo el informe de la Comisión: la señora Irribarra ""explicó que la opinión institucional sobre este proyecto de ley tiene un carácter general acerca del delito de usurpación, dado que sus consecuencias se verifican en todo el territorio nacional. En ese orden, añadió, el problema con este delito consiste en que, a pesar de su naturaleza, tiene asignado sólo una pena de multa. Y, al tenor del artículo 124 del Código Procesal Penal, la única medida cautelar procedente a su respecto es la citación. El proyecto propone una pena de trabajos en beneficio de la comunidad para el caso de la usurpación no violenta, pero tal idea no ofrece ninguna solución al continuar el problema en el escenario del artículo 124 del Código Procesal Penal. Siendo así, para corregir la situación descrita cabría modificar lo dispuesto en el artículo 134 del CPP, que establece excepciones al artículo 124, que hacen procedentes, para ciertas faltas, la detención como medida cautelar. La opinión del Ministerio Público es que la pena sea de presidio, tal como se propuso en una iniciativa legal anterior que distinguía entre la usurpación violenta y la no violenta, y establecía una pena de presidio menor en su grado mínimo para el caso del artículo 458 del Código Penal y presidio menor en su grado medio en el de la usurpación violenta"".
Señora Presidenta, podríamos abundar en argumentos, en fundamentos, para que esta iniciativa sea aprobada.
Quiero insistir en que hoy solo votamos la idea de legislar. Pido a las señoras Senadoras y a los señores Senadores que nos ayuden respaldando el proyecto en general.
Esta es una modernización necesaria de nuestra legislación.
Muy bien lo dijo la Senadora Carmen Gloria Aravena: la normativa actual tiene más de 140 años de vigencia. Yo creo que estamos bastante atrasados. ¡Necesitamos poner al día la legislación! ¡Necesitamos que Carabineros de Chile, la Policía de Investigaciones y el Ministerio Público tengan herramientas nuevas para hacer frente a este tipo de delitos!
7
Yo les pido que nos ayuden y voten a favor de la idea de legislar.
¿Indicaciones para la discusión en particular? ¡Todas las que sean necesarias! ¡Todas las que las Senadoras y los Senadores quieran presentar! ¡De eso se trata el proceso legislativo: de mejorar las iniciativas! Si nos hemos equivocado, bueno, ¡corrijamos!
Pero hay chilenas y chilenos que sufren a diario la pérdida de sus propiedades; agricultores y agricultoras que ven cómo el fruto de su trabajo o de su esfuerzo se pierde simplemente porque alguien pone una bandera o un letrero, y se les impide sembrar, se les impide cosechar, poniendo en riesgo, por lo demás, la seguridad alimentaria que debe tener nuestro país.
Entonces, por favor, midamos las consecuencias de nuestros votos.
Repito: necesitamos este instrumento, necesitamos modernizar nuestra legislación. ¡Hagámoslo ahora! ¡No sigamos esperando!
Voto a favor, señora Presidenta .
Muchas gracias.";1
"35";"21633";169;2022;8;"QUINTANA";NA;"El señor QUINTANA.-
Gracias, señora Presidenta.
Quisiera tomarme de las palabras del colega que habló recién, el Senador García, pues creo que permiten poner la discusión en el contexto real. Porque esta discusión partió hace un rato hablando de las declaraciones de la CAM y la verdad es que eso no tiene nada que ver con este debate.
Yo destaco lo que ha señalado el Senador García respecto del letrero y la bandera.
Efectivamente, esto surge en un contexto. Siempre hay un contexto para estas discusiones legislativas. Y para esto tenemos que remontarnos un par de años atrás -2020-, cuando la Conadi, dirigida por el señor Malig , en el Gobierno del Presidente Piñera, redujo la ejecución presupuestaria del artículo 20, letra b), de la Ley Indígena. Y eso significó que no se pudieron comprar tierras. Se redujo la ejecución presupuestaria en 2020 a un 9 por ciento.
Eso significó -por eso esto no tiene nada que ver con la CAM- que comunidades mapuches que llevaban diez años, cinco años, dieciocho años con aplicabilidad, con sus procesos en marcha -no hay ninguna duda de que respecto de ellos cabe el derecho a la restitución de tierras, porque fueron usurpadas-, empezaran a ocupar, a perder la paciencia, porque finalmente el Gobierno decidió -en una decisión política- no comprar más tierras.
Y así surge este proyecto, en ese contexto.
Entonces, yo quiero que vayamos despejando mitos.
Otro mito que hay que despejar es el de los 533 días. Porque convengamos, y lo dijo el Presidente con mucha claridad, en que quienes solicitaron la segunda discusión fueron las filas de la Derecha. El mismo colega que me antecedió en la palabra, si mal no recuerdo, pidió hace más de un año, en la legislatura anterior, la segunda discusión.
Recuerdo que ese mismo día se dijo que no estaban los votos para aprobarlo y se solicitó que volviera a la Comisión. Este proyecto ha estado en dos ocasiones listo para votarse en Sala. Pero recuerdo que ese día coincidió también con una movilización de campamentos de la Región de Valparaíso acá, afuera. Dirigentes de los campamentos conversaron con todos y nos dijeron que este proyecto -a mí no me sorprende y a nadie de la Comisión de Seguridad le sorprende, porque esto lo dijeron los penalistas, al igual que algunos urbanistas- iba a tener efectos en las tomas de terreno urbanas.
7
Hay algunos penalistas que incluso fueron más lejos. Algunos investigadores dijeron: ""Como está redactado esto, va a tener efectos hasta en las tomas universitarias"", donde claramente no está presente -como dicen los abogados- el ánimo de señor y dueño, que aquí se reafirma que es un tema innecesario.
Por eso yo creo que se queda corto el Senador Insulza -hizo una tremenda y documentada exposición- cuando dice: ""este proyecto es malo"". Pienso que fue pudoroso en sus términos. Porque los especialistas de todos los sectores, de todo el espectro político, los penalistas, dijeron: ""Esto es deficiente, contradictorio, confuso e inútil"".
Solo para poner las cosas en contexto, yo quisiera citar también a un reputado abogado, que hoy día es miembro de la Corte Suprema, cuyo nombramiento fue aprobado transversalmente el año pasado en el Gobierno del Presidente Piñera, miembro del Estudio Matus-Ramírez , que señala lo siguiente -y cito un poco al Senador Insulza cuando se pregunta por qué estas penas en el mundo van en retirada y por qué son bajas-: ""Históricamente, el derecho penal ha sido instrumentalizado por los sectores sociales dominantes para lograr imponerse sobre los sectores más carenciados. En efecto, las tierras susceptibles de ser afectadas por este delito fueron por mucho tiempo las que pertenecían al Estado o a los pueblos indígenas y quienes las usurpaban eran, justamente, los representantes de la élite;"" -una élite que no sesionaba muy lejos de este lugar- ""por lo tanto, una pena más baja daba cuenta de la influencia de determinados sectores en la redacción de las leyes durante largos lustros"".
O sea, es imposible analizar este proyecto descontextualizado de la historia.
Por eso, con toda franqueza, ante estas interpelaciones a los sectores progresistas, de Centroizquierda, de decir ""ustedes no quieren la seguridad"", yo digo ¡no, por favor! Yo creo que varios de nosotros aquí hemos dado testimonio, y más que testimonio, de que nos preocupa el tema de la seguridad. Pero no queremos más bengalas, más cortinas de humo, sino soluciones reales.
El Senador José Miguel Insulza en su intervención ha sido muy claro en proponer caminos, como también lo hicieron los penalistas, para resolver este proyecto, que, dicho sea de paso, ni siquiera recibió la opinión del Ejecutivo , porque los autores no permitieron más tiempo en la Comisión para escucharlo. El Gobierno no se pronunció. Hay una Administración que llegó hace cuatro meses y sobre esto no señaló nada. Ni la Ministra Izkia Siches , ni el Subsecretario Vergara , ni el Subsecretario Monsalve fueron escuchados porque los autores no lo permitieron.
¿Y vamos a decir que no corresponde? ¡Sí corresponde! Porque hay otro proyecto, de autores similares, relativo al robo de madera, en que el actual Ejecutivo -convengamos- no solo se hizo presente, sino que formuló indicaciones.
Es lo normal. Un mínimo de fair play es escuchar al gobierno de turno que le va a tocar implementar un eventual proyecto de estas características.
Por eso yo iría también más allá en los términos.
He escuchado muchos proyectos de la Derecha, los he analizado, los he leído, pero creo que este va más lejos que cualquier otro.
Primero, no se hace cargo de la propia responsabilidad del Gobierno del momento al reducir drásticamente el presupuesto de inversión en tierras.
Creo que este proyecto es absolutamente contra el pueblo mapuche.
Lo quiero decir con todas sus letras e intentaré justificarlo.
Nunca había visto un proyecto contra el pueblo mapuche. Porque una cosa es que los autores -es algo bien curioso, y ustedes lo pueden revisar en sus carpetas- siempre están pensando en La Araucanía, en esas tomas a las cuales hago alusión de dos años atrás, de comunidades que habían optado por la legalidad en todos sus procedimientos.
Pero, curiosamente, nunca nombran a La Araucanía. Por eso se produce esta confusión y por eso esta iniciativa, si se llegara a aprobar tal como está, podría partir para cualquier lado, porque están los loteos brujos y otros temas que son eminentemente urbanos.
Entonces, el Senador Insulza hace muy bien cuando dice: ""Esto hay que ordenarlo"". Y se ofrecen alternativas, como modificar los artículos 457 y 458 del Código Penal y 134 del Código Procesal Penal.
7
O sea, no es que estas bancas no hayan tenido propuestas. ¡No, todo lo contrario!
Sabemos perfectamente cómo se origina este problema, porque es real. Este es un problema real.
Yo tengo mi tesis, que voy a señalar.
Creo que esto se originó a raíz de un fallo de la Corte Suprema del año 2018, sobre un desalojo en el fundo El Fiscal. Y el Máximo Tribunal señala: ""¿Saben qué? Córtenla,"" -no lo dice exactamente así- ""veinticuatro horas es un tiempo demasiado largo para proceder a la flagrancia"". La flagrancia es flagrancia, es ""en el momento"". Entonces, la Corte Suprema sostuvo: ""con doce horas es suficiente para que se produzca la flagrancia"".
Y no es efectivo, como se ha afirmado acá por uno de los autores, que Carabineros no tendría nada que hacer, que estaría atado de manos. Lo dijeron los penalistas, la Defensoría, incluso creo que la Fiscalía.
Por la vía de la citación a la unidad policial para los efectos de citar a la Fiscalía, igual en los hechos se produce el desalojo. El desalojo se realiza de todas maneras.
Además, este proyecto se ha redactado en términos de ""trabajos forzosos"" o ""prestación de servicios a la comunidad"". Esto me recuerda el siglo XX, en momentos muy tensionados de nuestra historia, en que también había trabajos forzosos en otras latitudes. Son experiencias que yo no quisiera replicar. Claramente, hay que sacar esas cosas de este proyecto. Y por eso aquí se ha planteado y asumido por los propios autores que esta es una iniciativa que tiene deficiencias.
En tal sentido, yo no estoy dispuesto, más en el clima actual, en el contexto actual del Senado, a despachar un proyecto tan mal planteado, tan mal formulado, deficiente, contradictorio, confuso, como lo han señalado los propios académicos de derecho penal.
Señor Presidente , simplemente quiero terminar recordando también algo de la historia.
No nos olvidemos, a propósito del debate constitucional -respecto a lo cual esto tiene muy poco que ver-, de que la Constitución de 1833 y la de 1925 contemplaban un receso legislativo entre los meses de septiembre y mayo. Se trataba de un receso legislativo bastante largo, pues era la época en que los congresistas, es decir, quienes habitaban estos espacios -como dice el Presidente-, necesitaban tiempo para ocuparse de las cosechas en sus predios.
La Constitución del 80 algo trata de mantener con las legislaturas ordinaria y extraordinaria. Por lo menos ya no se habló de receso. Y eso después ya no se aplicó.
Lo que quiero decir simplemente con esto es que el derecho penal, lamentablemente, fue utilizado en el siglo XX para afectar mayormente a los sectores más desposeídos del país. Y hoy día, curiosamente, llega esta misma discusión.
También he conversado con algunos destacados juristas de las bancas de enfrente -no lo ha hecho solo el Senador Insulza- y ellos saben que este es un proyecto con deficiencias. Lo mínimo que tendríamos que haber hecho es escuchar al Ejecutivo , ver qué alternativa tiene, como se hizo en el proyecto sobre robo de madera. Pero no: aquí algunos insistieron en echarle para adelante, a lo que fuera.
Y el resultado, claro, se puede ganar, quién sabe, en general, pero este es un proyecto del cual tenemos que hacernos cargo.
¿Me da un minuto, Presidenta ?
Reitero: nosotros creemos que hay cosas que corregir. El tema de la flagrancia es un tema por corregir.
Los penalistas, después de decir: ""Oye, todo esto está mal hecho"" -no sé si se acuerdan los colegas de la Comisión de Seguridad-, incluso daban algunas sugerencia, como incorporar la intimidación, que no está contemplada en los dos artículos, sino solo en uno.
Entonces, cualquiera que está siguiendo esta discusión desde afuera -y un poco en la lógica del populismo penal
7
que inspira este proyecto, no hay duda, de que finalmente es la no respuesta, es la parálisis del Estado- dice: ""Bueno, la usurpación hay que regularla, pues no está legislada"". Está legislada en dos artículos: la usurpación violenta y la no violenta.
El tema es que las penas, claro, se pueden mejorar, aumentar, pero eso requiere una redefinición total de este proyecto.
Por lo expuesto, voto en contra, Presidenta .";1
"36";"21633";171;2022;8;"CHAHUÁN";NA;"El señor CHAHUÁN.-
Señora Presidenta , Honorable Sala, nos encontramos a más de quinientos días de que estas iniciativas fueran presentadas. Estamos con un proyecto urgente y necesario respecto del cual no hay urgencia legislativa por parte del Gobierno, como si esto no existiese.
Y lo que hay, en definitiva, es una cultura de la impunidad que se está incoando desde el Ejecutivo.
Le hemos pedido al Gobierno que encabece una política de tolerancia cero en contra de la delincuencia y uno de los temas que ha propuesto nuestra bancada de Senadores y Senadoras es, justamente, ponerle urgencia al proyecto de ley de usurpación.
Lo que me parece inexplicable, Presidenta , es que se vote en contra de la idea de legislar, ¡en contra de la idea de legislar! Es muy bueno que eso lo sepan los vecinos y los ciudadanos de La Araucanía, de la Región del Biobío, de la Región de Los Ríos, de la Región de Los Lagos, de la Región de Valparaíso, ¡de la Región de Valparaíso!, de la Región de Arica, de la Región de Antofagasta, de la Región de Tarapacá.
Tenemos un problema ¡grave!, dado por el aumento sostenido, exponencial de la ocupación de predios. Baste ver que la Región de Valparaíso es la con más campamentos de Chile, y hemos estado ayudando para la regularización de esos campamentos. Se había establecido una fecha de corte el año 2011, se trabajó durante largo tiempo -yo estoy trabajando desde los trece años de edad en los campamentos de mi región-, y hemos logrado regularizar los dos campamentos más grandes de Chile.
Pero lo que no puede ocurrir es que, en definitiva, ahora haya una mano blanda: ""¿Sabe qué más?, es mejor no legislar, ¡no legislar!"". Y este es el tema de fondo.
En junio de 2016 presentamos la moción destinada a modificar las penas asignadas al delito de usurpación (boletín N° 10.780-07), la que, lamentablemente, no fue tramitada ni se fusionó con los proyectos de ley sobre la misma materia para la cual hoy se nos convocó.
Posteriormente, en julio de 2020, se me invitó a copatrocinar la moción que hoy se somete a nuestra consideración. O sea, este no es un proyecto nuevo. Ya en 2016 presentamos una iniciativa sobre esta materia. El proyecto que nos ocupa tiene el boletín N° 13.657-07, el que, a su vez, está fusionado con un proyecto de ley ingresado en enero de 2021, boletín N° 14.015-25.
Tal como lo señalé en los fundamentos de la primera moción, y se reitera en los siguientes, este delito, a pesar de tener como hecho base la fuerza en las cosas, apropiación violenta de una cosa o de un derecho real, lamentablemente, tiene asociada una penalidad, de multa desde 11 a 20 UTM, sorprendentemente baja y no dice relación alguna con el resto del cuerpo legal sobre la propiedad, provocando una disparidad entre la protección general que se le otorga a la propiedad y la sanción que conlleva aparejada este delito.
La propiedad raíz en la que se construyen viviendas constituye un preciado anhelo de todas las personas que están en condiciones de acceder a ella, y normalmente representa muchos sacrificios y privaciones lograr contar con la casa propia.
7
No debiera ser aceptable que la sustracción de un bien mueble, con o sin fuerza en las cosas, tenga mayor penalidad que lo que ocurre respecto de un inmueble. ¡Cómo va a ser posible que la sustracción de un bien mueble, con o sin fuerza en las cosas, tenga mayor penalidad que lo que sucede en el caso de un inmueble, que posee mucho más valor pecuniario y afectivo que otras especies!
Y lo que resulta de mayor gravedad es que en muchos casos estas usurpaciones constituyen un medio para que sus autores efectúen negocios ilícitos mediante loteos irregulares y que después van vendiendo a diversas personas que desconocen el origen espurio de esos bienes raíces.
Por eso, estimamos que la usurpación, como delito de apropiación indebida de un inmueble, con o sin fuerza, debe ser drásticamente sancionada, más que con penas pecuniarias, con penas efectivas de privación de libertad, considerando que, además, en la zona sur, cuando se llevan a cabo estos ilícitos, se cometen también atentados incendiarios contra vehículos o maquinarias agrícolas que se encuentran en su interior, o se roba madera que ha sido legítimamente producida por sus propietarios.
Sobre la base de estas consideraciones, otorgamos nuestro voto favorable a estas mociones refundidas en general, ya que estimamos que su texto puede ser perfeccionado. ¡Por supuesto que puede ser perfeccionado! Y acogemos los planteamientos hechos por el Senador Insulza y tantos otros. Pero lo que no puede ocurrir es que acá algunos Senadores pretendan que estos delitos queden en la impunidad, en la más completa impunidad.
Desde octubre de 2019 en la Región de Valparaíso han proliferado los campamentos, ¡han proliferado los campamentos!, en la provincia de San Antonio, en la provincia de Valparaíso, en la provincia de Marga Marga.
Entonces, yo quiero hacer un llamado de atención. Acá se requiere urgentemente que este tema esté regulado por la ley y, además, que considere la sanción necesaria y ajustada al ilícito.
Adicionalmente, hay un verdadero derecho de toma. Hay lugares donde el tomador finalmente hace un loteo y vende cada lote, ¡vende cada lote!
¿Y qué pasa con el sistema jurídico? El hecho queda en la impunidad, queda en la más completa inacción, porque no hay acciones.
Y cuando se habla de la flagrancia, Presidenta , es absolutamente imposible probarla o que el aparato del Estado funcione.
Eso ha ocurrido.
Yo he presentado tres recursos de protección que han llegado a la Corte Suprema. ¿Y qué ha resuelto el Máximo Tribunal? En uno, efectivamente, el desalojo, en una toma en Reñaca Alto. ¿Pero qué sucedió con los otros recursos de protección que hemos presentado? Le pide al Estado que haga el trabajo, que establezca una vía rápida para solucionar el problema. Y esos temas, al final, terminan en la más completa impunidad y los pobladores, en las mismas condiciones, porque el aparato del Estado no funciona.
Yo quiero aprovechar de recordar. Vamos a hacer un conteo diario de cada día que el Presidente Boric no concurra a la Región de La Araucanía: cumplimos hoy ciento cuarenta y cinco días del Presidente ausente en la Región de La Araucanía.
Presidente, ¡la Región de La Araucanía lo sigue esperando!
Es muy distinto ver los temas desde Santiago , desde La Moneda, que desde los territorios afectados. La usurpación no es un delito que afecte solo a La Araucanía, solo a la Región de Los Ríos, solo a la Región del Biobío, ¡no!, afecta a todo el país. Pero en la Región de La Araucanía, en la Región de Los Ríos y en la Región del Biobío tiene una condicionante adicional, que dice relación con una violencia que está desatada y donde hay impunidad.
Renovación Nacional presentó cinco querellas criminales, ¡cinco querellas criminales!, una directamente contra Héctor Llaitul , porque no es posible que estos hechos queden en la impunidad.
Y esto no es populismo penal; esto es hacerse cargo del problema, ¡hacerse cargo del problema! Porque si me dijeran, como han planteado algunos señores Senadores que me antecedieron en el uso de la palabra, que
7
regulemos mejor la usurpación o que, en definitiva, establezcamos una extensión de la flagrancia, uno podría decir: ""Bueno, estamos dispuestos a escuchar fórmulas"". Pero lo que no podemos aceptar es que finalmente no haya una acción y se vote en contra de la idea de legislar sobre esta materia.
Estamos dispuestos a conversar, a dialogar.
Yo me alegro de que este proyecto esté siendo discutido, porque estuvo muchos días en tabla, en el último lugar, sin que se consiguiera su tratamiento. Y hoy día estamos logrando que una iniciativa tan importante para muchos chilenos pueda ser efectivamente votada.
Espero que aquí prime la racionalidad, prime el hacerse cargo de un problema.
Este es un proyecto que además está dentro de la agenda de seguridad pública; sí, la misma seguridad pública de la cual claman los chilenos, ¡la misma seguridad pública en la que el Gobierno tiene un complejo para actuar!
Yo llamo al Presidente Boric a que no solamente no siga ausente en la Región de La Araucanía, sino que en los temas de seguridad pública tenga la...
(se desactiva el micrófono por haberse agotado el tiempo).
(El Senador indica a la Mesa que ha finalizado su intervención).";1
"37";"21633";173;2022;8;"DURANA";NA;"El señor DURANA.-
Gracias, Presidenta .
De acuerdo con el Código Penal vigente, el delito de usurpación, que significa en concreto tomarse un terreno público o privado, solo se encuentra sancionado con una pena pecuniaria, lo cual es absolutamente insuficiente para desincentivar una conducta delictiva que, lamentablemente, es de creciente ocurrencia en muchas de nuestras regiones, especialmente en la macrozona norte.
La ocupación ilegal, o las denominadas ""tomas"" de terrenos privados y fiscales, es un fenómeno que en los últimos meses ha mermado la seguridad jurídica en nuestra comunidad.
El borde costero de Arica, los terrenos correspondientes al humedal, la zona de Villa Frontera, Cerro Chuño y otros sectores de la ciudad son testigos de la proliferación de una labor sistemática y organizada de bandas criminales para cometer el delito de usurpación, con la participación de migrantes irregulares -muchos de ellos se quedan en las regiones de la zona norte, viven ahí y no sabemos a qué han venido, y tampoco lo sabe el Gobierno- y también de delincuentes chilenos. Pero ocurre que, luego de producida la toma, en poco tiempo aparecen loteos, construcciones precarias, cercos puestos por los propios usurpadores, quienes, organizados, venden irregularmente cada uno de estos lotes, amenazando y enfrentando con violencia cualquier intento de desocupación por parte de los propietarios de esos terrenos.
Es decir, estamos en tierra de nadie.
Es por ello que me llama la atención -y me lo han manifestado quienes son parte de la Comisión de Seguridad- que exista finalmente la sensación de no querer legislar por ser un mal proyecto y no se sumen todos a la posibilidad de encontrar efectivamente una norma que responda al sentimiento que necesita la ciudadanía.
Se dio un plazo, cerca de una semana o incluso quince días, para que el Gobierno estuviese presente en la Comisión, y eso no sucedió.
Considero que el delito de usurpación debe ser agravado en cuanto a su sanción; no puede mantenerse una penalidad tan baja como la actualmente vigente. La falta de una sanción más rigurosa y ejemplificadora constituye
7
un verdadero incentivo para la usurpación.
En ese contexto, lamentablemente, se da una situación irregular en el Código Penal respecto del delito de usurpación, al que, no obstante ser considerado como un hecho de fuerza, de apropiación violenta de un terreno o una propiedad, se le fija una baja penalidad, es decir, una multa de 11 a 20 unidades tributarias mensuales, la que no guarda relación alguna con el resto de la normativa vinculada a la propiedad y genera disparidad entre la protección general que se le otorga y la sanción aparejada al delito.
Constituye una adecuada política pública la modificación propuesta en este proyecto de ley: el hecho de sancionar este tipo de conductas criminales con penas privativas de libertad, puesto que la sanción de multa hoy vigente es claramente insuficiente.
Sin embargo, creo que la ciudadanía quiere que seamos más rigurosos. Por eso, la reflexión que debemos hacer de manera urgente es que la protección del derecho de propiedad privada sea un tema de derechos humanos, que no solo son de un sector, sino de todos los chilenos, de la totalidad de los sectores. Y, por lo tanto, ello debe ser prioritario para el sistema normativo de nuestro país.
La usurpación es un delito que atañe a la seguridad jurídica de un inmueble privado y muchas veces priva a quienes han adquirido un terreno con bastante esfuerzo a través del ahorro de toda su vida.
Una pena de presidio menor en su grado mínimo, como la que establece el proyecto de ley en discusión, debe ser agravada, sobre todo considerando los casos de reincidencia, lo cual es bastante común.
Dicha iniciativa también señala que cuando la usurpación se efectúe sin violencia en las personas se va a aplicar una sanción de prestación de servicios en favor de la comunidad, lo que nuevamente es insuficiente, puesto que este delito normalmente se realiza aprovechando la ausencia temporal o momentánea del dueño.
Un avance importante lo constituye el hecho de que se determina que este delito va a tener el carácter de permanente; es decir, desde que se inicia la ejecución de ese acto ilícito y mientras persista la ocupación, se considerará flagrancia todo ese lapso -lo que implica el apoyo de Carabineros de Chile y de la Policía de Investigaciones-, con el objetivo de poder actuar sin necesidad de tener un requerimiento fiscal previo.
Obviamente que en esto es muy importante la acción de quienes utilizan menores de edad para cometer la usurpación, aun cuando se cuente con el consentimiento del propio menor de edad.
Señora Presidenta, finalmente deseo señalar que no podemos seguir dilatando un proyecto de ley largamente esperado por muchos ciudadanos, y que el agravamiento de la pena para el delito de usurpación no puede ser calificado de populismo penal. No es populista cuando se protegen los ahorros de las familias chilenas.
Es por ello que manifiesto mi aprobación en general a este proyecto de ley y mi compromiso en la formulación de indicaciones, porque la protección de la propiedad debe ser la base de una política criminal comprometida con todos los chilenos, a fin de que sea una herramienta eficaz para combatir el creciente fenómeno de la usurpación en Chile.
Votaré a favor, Presidenta .";1
"38";"21633";175;2022;8;"ESPINOZA";NA;"El señor ESPINOZA.-
Muchas gracias, señora Presidenta .
He estado leyendo con mucha atención algunos elementos que me parece importante que el resto de los parlamentarios conozca y que guardan relación con ciertas observaciones que ha hecho la Biblioteca del Congreso Nacional respecto de iniciativas legales que han ido en esta línea de aumentar las penalizaciones en términos de la
7
usurpación.
Yo, Presidenta, quisiera iniciar mi intervención destacando dos aspectos que considero relevante no dejar pasar.
Como profesor de historia, me gustaría hacer solo un poquito de recuerdo y señalar que la usurpación es un tema que lamentablemente se ha arrastrado históricamente en nuestro país.
Uno de los asuntos más complejos, sobre todo en el sur de Chile a partir de la segunda mitad del siglo XIX, ha sido, sin lugar a dudas, el tema de la propiedad de la tierra.
Por eso, quiero hacer solo dos observaciones iniciales, sin el ánimo de polemizar bajo punto de vista alguno con los colegas que me han antecedido.
Hay que recordar aquí, por cierto, que las usurpaciones o todo tipo de usurpación son parte de la acción del Estado, que favoreció durante siglos a propietarios rurales no indígenas; que se avalaron ese tipo de usurpaciones de tierras fiscales indígenas por particulares, y que se consolidaron esas usurpaciones en propiedades de carácter rural.
Digo esto porque, claro, hoy día es fácil hablar desde el contexto actual.
Yo bajo punto de vista alguno estoy por oponerme a este proyecto en términos generales, pero sí creo que es importante hacer esas observaciones y señalar lo que ha ocurrido históricamente en el país en esta materia.
Fíjense que con mucha liviandad algunos aquí han planteado las problemáticas que tienen que ver con el tema de las usurpaciones.
Al respecto, quiero señalar, por ejemplo (y son datos que la propia prensa ha registrado), que la Fiscalía de nuestro país verifica fuertes aumentos de ocupaciones desde que la Conadi disminuyó la compra de tierras para las comunidades mapuche. Voy a entregar solo unos antecedentes porque el colega Kast no planteó esto en su intervención; tampoco lo hicieron los colegas de enfrente.
Esos datos indican que las ocupaciones de predios se dispararon de manera desmesurada entre el 2018 y el 2021.
De hecho, de 67 mil millones de pesos que hubo para compras de tierras el año 2018, la cifra disminuyó a 5,7 mil millones de pesos el 2020. De 67 mil millones a 5,7. ¡A menos de 6 mil millones! Esto significa una disminución de más del 1.000 por ciento en la compra y adquisición de tierras en esos años. Y el 2021 subió levemente a 10,6 mil millones de pesos.
No está mi colega del Biobío, el Senador Gastón Saavedra , porque quisiera dar otro antecedente. En el Biobío, en el año 2018 existían 124 ocupaciones de carácter ilegal, y esas subieron a 265 el 2020.
O sea, lo que quiero decir también con estos datos es que no le quitemos el significado político que esto tiene.
Porque aquí hubo un Gobierno, que fue el del Presidente Piñera -no estoy justificando bajo punto de vista alguno las tomas de terreno y las usurpaciones-, que adoptó la decisión política ¡de disminuir la compra de tierras de a lo menos 500 comunidades que ya tenían aplicabilidades!; es decir, estaban aptas para comprar esas tierras, se encontraban con sus papeles en regla y simplemente no se les aplicó aquello. La excusa fue la pandemia.
Quiero dejar en claro eso y que quede en la historia fidedigna de la discusión de este proyecto.
Yo no estoy en contra de que se pueda legislar -y por eso voy a votar a favor del proyecto en general-, pero obviamente tenemos que trabajar muy bien las indicaciones. No podría estar en contra tampoco de la idea de legislar porque yo sí comparto que las ocupaciones de tierras que se están dando en algunos lugares -en tierras fiscales y privadas- no corresponden, porque hoy día hay políticas de Estado que obviamente deben ir en la línea de poder mejorar la calidad de vida de la gente.
Así que no puedo entender que algunos opten, como ocurrió en la región que aquí represento, por tomarse lugares fiscales cuando existen políticas de Estado para lograr el acceso a la vivienda, a la casa propia. ¡No lo puedo concebir! Y lo han hecho en propiedades privadas, públicas y de todo tipo. Sí, es cierto: ¡eso no lo podemos permitir!
7
Creo que hoy día no estamos en las décadas pasadas, en los años sesenta, setenta. Claro, ahí no había otros mecanismos ni políticas de Estado destinadas a este tema.
Con mi voto a favor de la idea de legislar yo no estoy, de una u otra manera, echando por tierra lo que ha planteado aquí el Senador Insulza, quien ha dado su prolija visión que tiene sobre este proyecto. Pero me parece que también es importante -con esto termino la idea, Presidente - dejar muy en claro desde todo punto de vista, o meridianamente claro al menos, que este Congreso no puede avalar ese tipo de acciones. ¡No puede avalarlas!, ni con mentiras, ni con nada, como está ocurriendo o como a nosotros nos ha sucedido en la hacienda Rupanco . Yo conozco y he defendido toda mi vida a la gente de la hacienda Rupanco ; también he peleado con la empresa Manuka , porque es una entidad atropelladora de los derechos de los trabajadores y de los animales. En efecto, ha sido denunciada a nivel internacional por violencia contra los animales porque mataban a martillazos a los terneros machos.
No puedo concebir que haya personas que le digan a la gente que hay que ir a tomarse las tierras, porque estas tienen una propiedad. Nos guste o no, tienen una propiedad. ¿Cómo la obtuvieron? Obviamente, eso fue una lucha que por largos años dimos posdictadura para que fueran reivindicados los exhacendados de Rupanco. Además, como Senador, no puedo permitir, aceptar que incluso haya parlamentarios que avalen esos actos y que promuevan que la gente se vaya a tomar las tierras, porque se pone en peligro la vida de las personas.
En el caso de la hacienda Rupanco ya son todos mayores de setenta años, y a algunos de ellos les han hecho soñar que el Gobierno del Presidente Boric les va a reivindicar sus tierras, en circunstancias de que no hay ahí un tema que tenga que ver con la aplicabilidad que se da en el caso de las comunidades indígenas, a través de la Conadi.
Así que yo, en definitiva, no estoy de acuerdo en que haya usurpaciones de tierras, pero no podía dejar pasar el hecho de que aquí se omitiera una parte de la historia, que es importante conocer, y también una parte de la historia política del último gobierno, en el que -repito- se incrementaron de manera abrumadora las tomas de terrenos a lo largo del país.
Termino mis palabras, Presidenta , diciéndoles a los colegas parlamentarios que señalaron que este proyecto lleva más de 500 días en el Congreso, que eso no es responsabilidad de nadie más que del propio Parlamento, porque ustedes saben que cuando hay acuerdos políticos algunos proyectos pueden salir en un par de días, en semanas.
Entonces, esa responsabilidad, ¡discúlpenme!, no se la pueden achacar más que al propio Parlamento; es decir, la demora de 500 días respecto de un proyecto que efectivamente busca dar solución a una problemática y entregar más herramientas. Porque aquí lo que se hace es entregar más herramientas.
En definitiva, lo que se ha dicho acá, entre otras cosas, es que la flagrancia tiene una acotación de tiempo muy pero muy limitado y que, si se analiza -estoy totalmente de acuerdo-, hay que quizás tipificarla de mejor manera en el Código Penal para castigar no solo con multa, sino con otro tipo de pena. Pero veamos eso en las indicaciones.
Yo creo que echar abajo el proyecto en general es una mala idea, porque la usurpación de un terreno no solamente les pasa a los más potentados, a los que tienen más tierras; también ha habido, por cierto, usurpaciones a personas que poseen menos cantidad de tierras, y ellas merecen igualmente ser protegidas en sus derechos de propiedad.
Lo mismo pasa con los arriendos. Todos estamos en contra de lo que sucede ahí, en que muchas veces se trata de una persona humilde que vive de un arriendo, pero llega alguien a ocupar su propiedad, no le paga ni un mes, y punto, se acabó. Por eso se ha legislado también para que se le entreguen más herramientas a ella y pueda defenderse.
Yo, en este plano -repito-, voy a votar en general a favor. Sin embargo, creo que aquí tiene que generarse prontamente una discusión y formularse indicaciones que permitan perfeccionar un proyecto que -concuerdo con el Senador Insulza- tiene hartas imperfecciones y debe ser mejorado absolutamente.
He dicho, Presidente .
)-----------(
7";1
"39";"21633";179;2022;8;"NÚÑEZ";NA;"El señor NÚÑEZ.-
Gracias, Presidente.
Lo primero: una Senadora decía acá que había que hacerse cargo de las palabras y usar un lenguaje idóneo al participar en el debate del Senado. No obstante, creo que el debate puede ser muy duro, pero muy argumentado, y que las calificaciones y los juicios deben ser fundados para que aquel tenga sentido.
Por eso, yo no puedo dejar de señalar mi asombro cuando escuché la intervención de alguien que se retiró, el Senador Gahona -me hubiese gustado que ahora estuviera en la Sala-, quien nos habló recién de corrupción electoral del Presidente de la República .
Entonces, a mí me parece que hay que ser serios.
Yo le pediría al Senador Gahona que fuera más explícito, directo y si él tiene antecedentes de eso que los lleve a la Contraloría. Porque fíjense que, a pesar de que hay muchas dudas, yo confío en que este órgano va a actuar de acuerdo a las normas y los reglamentos.
Pero además pienso que en la vida hay que ser mínimamente coherente. Porque, si denoto o considero que hay que atacar la corrupción, supongo que la vamos a atacar en todos los casos, no solamente cuando yo acuso a un Presidente de la República que es de una coalición política distinta a la mía y estoy en la Oposición.
¿Qué es lo que me asombra? Me asombra que el Senador Gahona no haya dicho nada hasta ahora del principal caso de corrupción que hay en la Región de Coquimbo: el famoso ""Papaya Gate"". Alguien dirá: ""¿Y por qué? ¿Será porque la principal involucrada, Lucía Pinto , es militante de la UDI, frente a la cual el partido -y esto no es una calumnia- no ha tomado ninguna medida disciplinaria -no la investigó, no la separó de sus filas, ¡no hizo nada! (o
7
tal vez yo no lo sé), o será porque ella era la jefa de gabinete del Senador Gahona cuando este fue Diputado en su primer período legislativo?
A mí me gustaría que esas cosas se aclararan, porque, si vamos a hacer acusaciones al voleo, creo que lo mínimo es que nos hagamos cargo de las propias situaciones. Y si hay que hablar de corrupción, lo primero es que cada uno se haga cargo de los asuntos en los cuales está directa o indirectamente involucrado.
Presidenta , acá tenemos un problema que no podemos dejar de destacar. Las principales argumentaciones que han dado hasta ahora los Senadores y las Senadoras, a quienes he estado escuchando atentamente, tienen que ver con la situación de La Araucanía. Cerca del 90 por ciento de las intervenciones han comenzado contándonos la realidad de esa región.
Por consiguiente, me parece que la primera pregunta obvia sería: ¿resulta pertinente que el resto del país nos atengamos a los mismos criterios que van a imponer para lo que llaman ""usurpación""? ¿Los otros casos responderán a las mismas situaciones?
Francamente, quiero decirles que muchos comités de vivienda, frente a la lentitud del Estado o de los gobiernos de turno -este, el anterior u otro-, hacen ocupaciones de terrenos. Son ilegales, me dicen aquí. ¡Sí, son ilegales! Las mantienen por un tiempo, una semana, diez días, y las terminan. Y no comparto que a eso se lo catalogue como delito, que se le imponga una pena de cárcel y que a esa gente se la criminalice.
Me dicen que se les impone una sanción que es muy baja. Pero no es fácil la situación para una madre soltera que está a cargo de una familia con dos, tres niños -eso se ve en muchos comités de vivienda: una mujer que por irresponsabilidad del padre queda a cargo de los hijos y los debe mantener- y que participa en una ocupación de terreno para pedir que lo compren, porque el Estado en eso es ineficiente, asumámoslo. Y ustedes consideran que la multa que se le aplica, de cierta cantidad de UTM, es débil. Para una persona que no tiene asegurado el ingreso mensual una multa es un drama tremendo. Y no contentos con eso, más encima señalan que hay que agregarle otras penas.
Entonces, yo me pregunto de qué realidad nos estamos haciendo cargo.
En los términos en que está planteado, este proyecto de ley se podría aplicar, por ejemplo, en caso de ocupación o toma por una denuncia de acoso sexual que hagan los estudiantes y las estudiantes en un colegio particular o en una universidad privada. Incluso, un Senador en la Comisión dijo que cuando se ocupen las universidades o los colegios privados no hay que imponerles pena de cárcel, sino una pena restitutiva, una especie de trabajo voluntario. ¿Vamos a llegar a ese nivel, a criminalizar medios de protesta social que forman parte de la vida en democracia y frente a los cuales ya existen sanciones y modos de actuar por parte del Estado; donde no existe impunidad?
Lo encuentro realmente increíble.
Además, considero que no conocen la realidad de las ciudades o regiones que habitan, o donde viven. Tierras Blancas, en Coquimbo, es un sector popular enorme hecho en base a tomas -en su minuto, tremendamente necesarias, legítimas y válidas- donde el Estado se ha visto obligado a reconocer y a apoyar con políticas de autoconstrucción; lo mismo en la parte alta de Coquimbo. Y podríamos seguir describiendo situaciones similares en la Región Metropolitana; en la Octava Región con Agüita de la Perdiz, u otros lugares similares.
Entonces, a mí me parece que, en ese sentido, el proyecto no contribuye a resolver los problemas que se están viviendo, puesto que existen mecanismos legales que se pueden ocupar.
Aquí nos han señalado que la cuestión radica en que la justicia no actúa y que hay que atacar los loteos irregulares. Bueno, nosotros actuamos contra aquello: desarrollamos investigaciones, fuimos a la fiscalía y logramos que se detuviera a una vendedora de loteos irregulares. Y lo hicimos todo dentro del marco legal, sin ningún problema, Presidente , ¡sin ningún problema!
Por lo tanto, hoy día se pueden atacar los loteos irregulares a través de las normas vigentes, pero hay que mostrar voluntad política para hacerlo, y por supuesto contar con una fiscalía dispuesta a actuar. No se requieren herramientas legales extraordinarias.
7
Francamente, acá debemos preguntarnos si esta iniciativa va a resolver los problemas que están viviendo ciertas regiones en particular, como La Araucanía y la Provincia de Arauco, y que probablemente puede extenderse a otras zonas del sur del país, porque el conflicto del pueblo mapuche aún no se ha resuelto y está presente en todos los lugares donde habita.
Y nos dicen que se quiere dotar de herramientas que contribuyan a solucionar el problema; o sea, ¿hoy día el Estado carece de las herramientas pertinentes? ¿Y el estado de excepción constitucional y la propuesta de infraestructura crítica no se consideran? Todas las alternativas que estamos legislando son solo medidas represivas, es decir, no se hacen cargo de que persiste un conflicto político que debemos asumir y reivindicar.
Por eso, para mí la solución correcta no pasa por el presente proyecto de ley. Soy contrario a la iniciativa y no me convence ninguna de sus argumentaciones.
Por lo tanto, Presidente , voy a pedir que se aplace la votación. Y que además esté presente el Ejecutivo . Me gustaría mucho que a la sesión en que lo votemos asista el Director de la Conadi , para que nos explique qué ha pasado con las tierras que por mecanismos legales se tienen que entregar.
Y solo una reflexión final.
Probablemente alguien pensaría: si este proyecto hubiese estado vigente en la década del 90, ¿cuántas posibilidades hubiésemos tenido de encarcelar a más miembros de comunidades mapuches, pueblos originarios y pobladores que participaban en ocupaciones o tomas de terrenos? Todas las primeras compras de tierras realizadas por la Conadi respondieron a la movilización y al conflicto social, no fue un proceso espontáneo.
Por lo tanto, acá se está negando el conflicto, se quieren desconocer las circunstancias sociales y políticas que existen detrás de esta situación. Y por esta vía, lo único que vamos a lograr es generar una radicalización, porque estamos negando la realidad del pueblo mapuche y el problema de tierras que hoy día existe, y aquello me parece una muy mala política pública.
He dicho.
Gracias.";1
"40";"21633";185;2022;8;"WALKER";NA;"El señor WALKER.-
Gracias, Presidente.
Quiero intervenir, a propósito de este proyecto que intenta perfeccionar la sanción establecida en el Código Penal contra el delito de usurpación, citando una frase del Ministro Secretario General de la Presidencia , don Giorgio Jackson , en una entrevista que ha sido muy comentada por todos nosotros en las últimas horas respecto de una escala de valores distinta que tendría una generación política respecto de otra perteneciente a los gobiernos de Centroizquierda, la cual, por lo demás, le dio los mejores gobiernos a Chile durante treinta años, que fueron símbolo de prosperidad, de crecimiento económico y de reducción de la pobreza.
Pero ¿qué señaló respecto de este tema específico el Ministro Jackson ?, que ojalá nos pudiera acompañar en la sesión del martes para dar cuenta de sus palabras y explicarnos lo que quiso decir. Cito textual: ""Muchas veces las personas van a querer vender (...) porque no les sirve de nada tener los predios tomados y en conflicto. Lo único que quieren es venderlos e irse para otro lado donde no haya conflicto. Y también les conviene. Uno puede generar una situación de win-win"". Hasta ahí su declaración.
Entonces, usted comprenderá, Presidente, que resulta fundamental contar con la opinión del Ejecutivo, como colegislador, en este proyecto.
A mí me preocupan mucho las declaraciones del Ministro Jackson , pensando en los pequeños y medianos agricultores. Debemos entender que hay gente con vocación por cultivar la tierra. Muchas de esas tierras vienen de la reforma agraria y muchas corresponden a parcelaciones CORA. La agricultura, para cientos de miles de familias en nuestro país, no es solo una actividad económica, sino también una forma de vida que tiene que ver con las raíces del campo, con el amor a la tierra, con la seguridad alimentaria del país, de la que tanto se habla.
Entonces, no es cuestión de decirle a un pequeño o mediano agricultor de cualquier región del país, más allá de lo que está ocurriendo en la macrozona sur: ""No se preocupe si le toman el predio. Y hasta le conviene, porque lo harán igual. Pero, ¿sabe qué?, no se preocupe, se lo vamos a pagar"". Es un win-win, en palabras del Ministro Giorgio Jackson .
¡Qué frivolidad más grande! ¡Qué frivolidad más grande la del Ministro que tiene a su cargo la coordinación legislativa y política con este Congreso Nacional! ¡Qué desprecio por los agricultores, por la gente de trabajo, por la gente de esfuerzo!
Fíjese que yo tenía muchas dudas sobre votar a favor de este proyecto, pero gracias al Ministro Jackson me convencí de la necesidad de aprobar la idea de legislar y de poder discutirlo, porque de verdad no se entiende el desprecio por las actividades productivas, el desprecio por la gente que se levanta temprano en la mañana, el desprecio por los agricultores que deben hacer frente a la sequía, que deben hacer frente a las heladas, ¡y que les cierran las puertas de todos los bancos!
""No se preocupe: esto es un win-win, porque le van a pagar por su predio. Entonces, le conviene que se lo tomen"".
¿A dónde hemos llegado?
El otro día me llamó una dirigenta de un comité de vivienda de la Región de Coquimbo, y me dijo: ""Senador, estamos preocupados, porque llevamos cinco años trabajando con Bienes Nacionales para que nos cedieran unos terrenos para construir viviendas sociales, llevamos cinco años ahorrando, estamos siendo asesorados por una EGIS, estamos en conversaciones con una constructora, estamos postulando a subsidios habitacionales, pero llegaron otras familias y se tomaron el predio, ¡sin hacer la fila!, ¡sin realizar las gestiones ante Bienes Nacionales!, ¡sin ahorrar para el comité de vivienda!"".
¿Qué tipo de respuesta vamos a darles a esas familias?
Vamos a decirles: ""¿Saben qué? ¡No se preocupen! Porque el actual artículo 457 del Código Penal ya contempla una sanción"". ¿O vamos a legislar, a hacer la pega y tratar de mejorar nuestra legislación?
Yo entiendo que el artículo mencionado es perfectible. ¡Obviamente hay que distinguir las situaciones! Lo señaló muy bien el Senador Fidel Espinoza: es diferente cuando en la usurpación existe el uso de la fuerza, la violencia o la intimidación hacia las personas que cuando no concurren esas circunstancias. Entonces, vamos a decir
7
simplemente: ""¿sabe qué?, no hay que legislar"".
¿O vamos a esperar a que el futuro Congreso plurinacional o la futura Cámara de las Regiones resuelvan el asunto? ¡Ah, perdón, la Cámara de las Regiones no va a tener iniciativa en materias de seguridad!
¡Me equivoqué...!
¡Entonces, vamos a dejar la situación así...!
¡Yo me niego a esa frivolidad!
Mientras sea Senador de la Región de Coquimbo, voy a legislar. Por eso, apruebo la idea de legislar, para luego mejorar este proyecto.";1
"41";"21633";187;2022;8;"ALLENDE";NA;"La señora ALLENDE.-
Gracias, Presidenta.
La verdad es que escuchando atentamente el debate, hay momentos en que uno lamenta ciertas frases. Considero que hay abuso, para decirlo con claridad, cuando se distorsiona o se malinterpreta o se quieren poner algunas declaraciones, que a lo mejor pueden ser poco felices, pero que fueron emitidas en un contexto de entrevista bastante mayor.
He escuchado acá ""corrupción electoral"", ahora ""frivolidad"", ""win-win"". ""Y me parece que la seriedad del tema que nos ocupa hoy día no amerita que lleguemos a esta situación, porqueno es el mecanismo.
Y si no estamos de acuerdo con aprobar el proyecto no significa que no queramos que haya una legislación, sino que consideramos que la iniciativa no da el ancho para la solución que estamos buscando. Se requiere un proyecto que verdaderamente profundice en la materia y logre separar situaciones, algo que aquí no se hace.
Es cierto que La Araucanía vive una situación especial, pero con ello no estoy avalando las tomas violentas.
Tengo claro que allí hay un asunto histórico; tengo claro que ha habido usurpación de tierras desde hace siglos; tengo claro -y lo señaló incluso un colega de nuestra bancada - que la Conadi redujo las compras y curiosamente eso mismo hizo aumentar las tomas. Aquí se requiere la restitución de tierras pendientes y muchas otras medidas sobre las cuales no me voy a explayar, pues existe una deuda histórica para la cual se requiere una solución política, se necesita diálogo y, por supuesto, ocupar todos los instrumentos legales que el propio Gobierno está pidiendo para apoyar y para lograr ese buen vivir que se busca.
Entonces, no me voy a seguir deteniendo en La Araucanía, pero seamos un poquito más serios en ese aspecto.
Señora Presidenta , cuando no se hace ninguna distinción estamos criminalizando y metiendo en el mismo saco las usurpaciones violentas con las tomas de terrenos por parte de familias desesperadas, que necesitan una solución.
Y aquello no significa que uno quiera justificar, pero no puedo entender que no hagamos la diferencia. ¿Ustedes creen que la gente es feliz viviendo en un campamento? ¿Saben cómo se sienten las personas en esa situación?
Casa Abierta es una organización que agrupa a diecisiete campamentos de Valparaíso. Y me mandaron una carta para expresar lo mal que se sintieron, porque se consideran criminalizados.
En la Región de Valparaíso tenemos campamentos que llevan veinticinco años, ¡veinticinco años -no cinco, Senador Walker -¡, esperando la radicación.
Hemos estado junto al Ministro Montes en esos campamentos. El compromiso es volver con él para dar una solución definitiva. Este jueves va la Ministra de Bienes Nacionales, y espero que sigamos trabajando para que, de
7
una vez por todas, esa gente obtenga una respuesta.
Mientras tanto, siguen aumentando los campamentos.
Y repito, colegas: ¿ustedes creen que a las personas les gusta irse a vivir a los campamentos, sobre todo ahora que llovió? ¡Aunque benditas sean las lluvias para contrarrestar la macrosequía que tenemos! Esa gente se queda desconectada, sin acceso a distintos servicios. Ni siquiera los limpiafosas pueden subir y para qué hablar del retiro de la basura.
¿Ustedes creen que la gente busca vivir en campamentos; no, lo hace por necesidad?
Yo quisiera preguntarles a algunos colegas -a lo mejor son demasiado jóvenes-, ¿qué creen que pasaba en los años 60? ¿Se olvidaron acaso de cómo nacieron las poblaciones La Bandera, José María Caro? ¡Eran tomas de terrenos! ¿Y qué pasó con ellas?, que el Gobierno las regularizó, se constituyeron comités, y hoy día son poblaciones asentadas, ¡asentadas! Y es algo que tenemos que hacer: regularizar y, por supuesto, radicar, entregando servicios.
Con eso no estamos pidiendo que se salten la lista, pero sí queremos terminar con la especulación: ¡porque vaya que hay especuladores! ¿Y saben por qué? Porque en este país faltan terrenos, y muchos. Incluso, existen terrenos agrícolas destinados a inmobiliarias y nos quejamos de que nos falta alimento y que ni siquiera tenemos garantizada nuestra soberanía alimentaria. Por tanto, distingamos a los especuladores.
Y por eso señalo desde ya que ni los terrenos fiscales de Bienes Nacionales ni los pertenecientes a las Fuerzas Armadas deben ser comprados, sino que deben ser cedidos para viviendas sociales, porque este país necesita salir adelante.
Nos faltan 630 mil viviendas. Y este Gobierno se ha comprometido mediante un plan de emergencia que encabeza el Ministro Montes -nuestro colega hasta hace poco-, a llegar a por lo menos 240 mil. ¡Y vaya que hacen falta! Ni digo en la Región de Valparaíso, la región con más campamentos de Chile.
Entonces, abordemos el tema con la debida seriedad. No intentemos imponer un traje a la medida para la situación de La Araucanía al conjunto del país, sin ni siquiera distinguir a aquellos que usan el mecanismo de la toma pacífica, buscando como comité de vivienda poder lograr la anhelada casa.
Pero, ¡por favor!, no vengan a decirnos que todos están en el mismo saco o que la propuesta es la solución, porque no es así.
Por eso, comparto que aquí debemos presentar otro proyecto que de verdad otorgue soluciones y no que sea el traje a la medida que algunos están intentando imponer. Y efectivamente que se considere el tema de la flagrancia, el absurdo de la pena mínima de un par de meses y, como digo, que se distingan situaciones.
Por tales consideraciones, Presidenta , anuncio sinceramente que mi voto va a ser en contra.
A mí me cuesta mucho oponerme a una idea de legislar, porque uno trata siempre de buscar la posibilidad de introducir mejoras. Pero tengo la impresión de que este proyecto no soluciona el problema, sino que criminaliza, no hace distinciones, comete errores, no da alternativas reales. Y no es solo mi opinión: lo mismo manifestaron prácticamente todos los académicos que fueron consultados. Entonces, algo nos están diciendo sobre el particular.
Por eso, quienes hoy día estamos votando en contra de la idea de legislar lo hacemos porque queremos otro texto y no mejorar una mala iniciativa, que no tiene destino.
Queremos un proyecto que realmente intente solucionar los temas del conjunto del país, ¡del conjunto del país! Y no la especificidad de una región, para la cual -como ya he señalado- tendríamos que contemplar las cuestiones políticas e históricas, que ya suman décadas, por no decir prácticamente siglos.
Comparto lo expresado en la carta que recibí de Casa Abierta, pues los habitantes de esos campamentos se sintieron profundamente heridos. Esa gente lleva veinticinco años, como quienes habitan el campamento Manuel Bustos, luchando por regularizar, luchando por salir adelante.
7
Y con esto también quiero ser clara: por supuesto que debemos aplicarles la pena a aquellos especuladores que se aprovechan de las necesidades de la gente, que incluso les venden loteos irregulares, ¡irregulares!, de los que nunca van a ser propietarios y que nunca van a poder regularizar -son absolutamente unos especuladores-, e incluso a aquellos que incitan la toma de terrenos para aprovecharse de esta situación, para tratar de hacer negocios.
También hemos sabido de casos de personas que tienen terrenos e incentivan las tomas, porque saben que eventualmente la compra de esas tierras y su instalación en ellas podría ser una solución frente a necesidades tan dramáticas. Con eso no se busca el ""win-win"", como se señalaba acá, sino que se sabe que en algún momento hay que usar todos los instrumentos posibles, como evitar la especulación y tener un registro de tierras.
A veces ha ocurrido que se han comprado terrenos a aquellos propietarios que en el fondo han incentivado las tomas. Ese no es el caso del señor Correa, que fue asesinado vilmente, lo que obviamente no corresponde y no justifico. Eso jamás lo vamos a aprobar y estamos en absoluto desacuerdo con ello. Yo estoy hablando de especuladores que mienten, falsean y se aprovechan de las necesidades de la gente.
Por todas estas razones, Presidenta, quiero ser clara en que me duele que de repente tratemos con cierta frivolidad un tema como este y caigamos en unas acusaciones más de carácter político, contingentes al momento, que no es el caso de lo que estamos hablando ahora.
Por eso creo que no corresponden algunas palabras que he escuchado en esta sesión; pero sí corresponde que nos preocupemos por los legítimos dueños que, a lo mejor, efectivamente sufrieron tomas violentas -habrá que ver cada situación-, y también por aquellos que no han hecho ninguna toma violenta, pero tienen una necesidad dramática.
(Rumores en la Sala).
Señora Presidenta , sabemos lo que hacen los comités de vivienda -¡cuántos años llevan luchando por tener acceso!-, y que existe la especulación, la falta de terrenos.
Asimismo, cada día vamos perdiendo terrenos, porque no los ganamos. Y por eso es importante lo que ocurre con Bienes Nacionales y con las Fuerzas Armadas. Pero, ojo, no se trata de comprarles los terrenos a las Fuerzas Armadas, sino que tendrán que entregar aquellos que son hábiles para vivienda y que les fueron otorgados gratuitamente. Porque también hemos visto que hay ventas de terrenos, y yo me pregunto por qué tenemos que comprar terrenos que fueron entregados gratuitamente.
Entonces, desde ya anuncio una moción en tal sentido, porque me parece que aquello es inadmisible, que no corresponde.
Por todas estas razones, Presidenta , voy a votar en contra.
Muchas gracias.";1
"42";"21633";191;2022;8;"INSULZA";NA;"El señor INSULZA.-
7
Presidenta, no considero aceptable que un grupo de Senadores esté riéndose y hablando para todos lados, por allá y por acá, mientras estamos sesionando y alguien interviene.
Todos los Senadores merecemos igual respeto, ¡ya que se pide tanto respeto...!
Yo los escucho con mucho respeto, ¡ustedes no tienen por qué estar así...!
Gracias, Presidenta .";1
"43";"21633";196;2022;8;"COLOMA";NA;"El señor COLOMA.-
Muchas gracias, Presidenta.
Yo quiero, desde una perspectiva personal, por lo menos plantear cuál es el acercamiento que uno puede tener respecto de este tema, que ha sido bien interesante y en que ha habido intervenciones bien profundas. No en todas uno está de acuerdo; hay otras, en cambio, que sorprendentemente coinciden con aquello en lo que uno reflexiona, más allá del punto o la diferencia ideológica.
¿Cuál es por lo menos mi acercamiento al tema? Primero, hay que hacerse una primera pregunta: ¿hay hoy día en Chile un problema en materia de tomas violentas de predios? ¿Sí, o no?
Para mí ese diagnóstico es esencial, porque si alguno cree que aquello no ocurre, le encuentro toda la razón en que diga que no tenemos que cambiar ninguna norma respecto de la usurpación, de la flagrancia, o de nada, porque no existe el problema.
Hasta ahora tengo la convicción de que sí existe ese problema, y que es grave, que se da con más fuerza -es cierto- en algunas regiones de Chile, pero no excluyentemente; por tanto, es de carácter nacional.
Concluido eso, ¿es legítimo o no que el Congreso, a través de mociones, busque fórmulas para resolver una situación de esta naturaleza?
A mi juicio, de todas maneras.
Agrego que hubiera sido deseable -tengo que ser cuidadoso con las palabras- que el Gobierno tuviera un rol más activo, porque obviamente eso también tiene una lógica de liderazgo que siempre debe apreciarse en un país en el que, en estas materias, debería haber una lógica más bien común.
7
Pero, dado lo que hay en este escenario, a mí me parece muy valioso que un conjunto de parlamentarios haya presentado esta moción. Y creo que está bien inspirada; esa es mi visión. Probablemente, no del todo bien inspirada; es una votación en general, y así lo han dicho los autores de la moción reiteradamente.
Porque, ¿a qué apuntan básicamente las mociones? A dos temas fundamentales: a ver cómo se enfrenta, con una nueva lógica, la diferencia entre la usurpación y la ocupación de inmuebles para, de esa manera, modificar la limitada sanción dispuesta para la segunda en función de la primera; y cómo se readecúa el concepto de flagrancia, que es el que claramente está generando un mayor problema dentro de la sociedad, toda vez que la interpretación de las doce horas hace que en la práctica existan muchos predios, en distintos lugares, de distinta naturaleza, tomados sin que la fuerza pública haya podido actuar, porque no estaba en la situación que amerita esa opción.
Entonces, lo que tenemos que preguntarnos es si resulta correcta o no esa lógica. Desde mi perspectiva, es correcta.
Ahora, alguien podrá decir: ""Entonces mejor cambiar solo la flagrancia y no el delito de usurpación"". Pudo haber sido una alternativa, pero ello no obsta a la alternativa por la que se optó, que es separar el tema de la usurpación de la ocupación de inmuebles, dándole a la primera una sanción mayor. Porque no es que se haya inventado el delito: lo que se hace es darle un carácter distinto a esa conducta punible.
Las modificaciones que pretende realizar este proyecto no crean ni sancionan conductas nuevas, sino que perfeccionan las que hay, haciéndolas que sean posibles de exigir, de cumplir y de inhibir.
Alguien me puede decir, y lo he oído, que las penas son bajas, y que igual podrían ser irrelevantes para estos efectos. Bueno, si esa es la conclusión, lo que hay que hacer es subirlas, pero no rechazarlas por ser insignificantes o por ser menores.
La lógica debería ser: ""Bueno, si ese es el efecto del cambio de la norma de usurpación, entonces subámoslo en términos de diferenciar lo violento de lo no violento"", ya que es muy importante operar en consecuencia.
Lo que se hace en el delito de usurpación es sustituir las penas de multa por penas privativas de libertad, y cambiar la situación de flagrancia, para no dejar dudas ni interpretaciones, permitiendo que haya una norma, o un delito, o una conducta permanente que amerite el uso de la fuerza pública para reponer lo que no es otra cosa que el imperio del Estado de derecho.
Quiero decir que el Estado tiene mecanismos. Los Estados no pueden declararse inermes o inactivos respecto de distintas situaciones que se producen en un país. Una de las razones fundamentales es que los Estados deben dar seguridad a los ciudadanos. No es la única, pero sí una de las más importantes.
Entonces, si el Estado deja de prestar auxilio al ciudadano en materia de seguridad, empieza el circulo vicioso en el que, o algunos empiezan a defenderse por sí mismos, u otros desconfían del Estado. Y yo, por lo menos, no quiero que ninguna de esas hipótesis se transforme en una realidad de la cual cueste mucho salir después.
Por lo tanto, la consecuencia es decir que resulta razonable legislar en esta línea respecto del delito de usurpación en sí mismo, separándola de la ocupación de inmuebles, que tiene otra naturaleza, subiendo la pena en términos de que sea inhibitoria y tipificando una conducta que genere la legítima preocupación de caer en ella, por las sanciones que lleva aparejadas, así como -y esto es muy relevante- en materia de flagrancia, para darle un carácter completamente distinto del que posee ahora, que es el que quizás produce los mayores problemas.
Ahora, hay una reflexión de la que también me quiero hacer cargo, ya que he oído a algunos decir que hay una situación de necesidad en materia de bienes inmuebles, lo cual podría hacer más comprensible esta respuesta.
Yo me quedo, y quiero decirlo, con la reflexión que hizo el Senador Espinoza, que creo que apunta en la dirección correcta. Hoy día los Estados y las sociedades tienen fórmulas para resolver los problemas, que, si hay que mejorarlas, se procede a hacerlo. Lo que uno no puede hacer es actuar como si no existieran esas fórmulas y, por tanto, validar acciones que generan el desamparo de los derechos de las personas, y que provocan, en consecuencia, conductas más peligrosas en una sociedad que se siente desamparada en sus derechos fundamentales.
7
Por eso, Presidenta , me parece que con esto primero se enfrenta un problema real. O sea, no es algo inventado; da una solución específica, considera distintas situaciones de una manera que, a mi entender, amerita aprobar absolutamente la idea de legislar. En la discusión particular se podrá mejorar algunos tipos, considerar otras situaciones, hacer alguna diferenciación, perfecto, pero ello no amerita votar en contra, porque esto, ¿qué significa al final? O que no existe el problema, o que la solución es completamente inviable, sin que simultáneamente haya otra que se pueda plantear y sea conocida por lo menos desde el punto de vista legislativo.
Yo no conozco otra opción. Por tanto, resulta bien complicado hacerse cargo de un problema, o de reconocerlo, sin aceptar la solución propuesta y sin generar, tampoco, un mecanismo idóneo para enfrentarlo.
Por eso, señora Presidenta , valoro el esfuerzo que han hecho los Senadores. Sé que ha sido duro, porque estas cosas no son fáciles; sé que han estado sometidos a muchas incomprensiones, a muchas presiones, pero creo que al final uno tiene que tratar de ser coherente, y cuando uno ve un problema y sabe que tiene mecanismos legislativos para resolverlo, debe hacer el esfuerzo máximo con tal fin, y creo que así lo han hecho los Senadores.
Por eso, y con convicción, voto a favor de la idea de legislar.
Gracias, Presidenta .";1
"44";"21633";200;2022;8;"PASCUAL";NA;"La señora PASCUAL.-
Gracias, gracias; la había ido a ver hace un ratito.
El proyecto de ley no parece claro en cuanto a la innovación normativa que pretende introducir y a la realidad que vive todo el territorio nacional. Ello podría traer circunstancias no deseadas respecto de lo que se quiere legislar.
Ahora esto, que uno puede decir casi sin emoción y de manera muy técnica, es lo que quiero plantear de fondo: este proyecto no da ninguna certeza de que no pretenda criminalizar manifestaciones de protesta social; tampoco deja claro el panorama de los campamentos y/o tomas de terrenos que se hacen con desesperación por familias que buscan una vivienda propia, o -como decía el Senador Quintana hace un rato- mezcla las situaciones de protesta y movilización social de estudiantes, de trabajadores y trabajadoras, de pobladores y pobladoras, de comités de allegados, de comités sin casa, de los movimientos sociales en general.
Soy Senadora nueva (desde el 11 de marzo de este año), por lo que no me puedo hacer cargo por los más de 500 días que, según se ha dicho, ha estado acá este proyecto. Sin embargo, intentamos revisar todos los antecedentes de la moción y sus autores reconocen expresamente que la propuesta legislativa apunta a enfrentar la situación de la zona sur del país; por lo tanto, pareciera ir en contra, efectivamente, de la situación del pueblo mapuche. O sea, un problema político, económico, social, cultural y, por sobre todo, un problema histórico se pretende enfrentar con una respuesta penal en vez de asumirlo con visiones más integrales.
En un sentido más técnico inclusive, también revisamos las opiniones de académicos que vinieron a analizar el proyecto cuando se estudió en la Comisión. Y me llamó la atención lo que comentaban, por ejemplo, profesores como Javier Wilenmann , de la Universidad Adolfo Ibáñez, y José Luis Guzmán , de la Universidad de Valparaíso, quienes abogaron por la necesidad de evitar regular por vía penal aquellas tomas ilegales en las que vive gran
7
cantidad de población. Señalaron que en esos casos se podría criminalizar la conducta y generarse nuevos problemas. Advirtieron que solo una parte del problema se puede resolver mediante la vía penal y que se pueden terminar homologando situaciones muy pero muy diferentes a lo largo de todo el territorio nacional, y que, por lo tanto, se podría producir un efecto criminalizador que no queremos, insisto, con el movimiento social, con mecanismos que históricamente, en nuestro país, muchas organizaciones sociales han presionado a las políticas públicas para generar algunas hacia ellas.
Las políticas de vivienda social que hoy día tiene Chile -que así y todo seguimos pensando que deben cambiar- no serían parte de lo que la gente espera del Estado si no fuera por las tomas de terrenos que empezaron a efectuar las organizaciones de pobladores y pobladoras sin casa en los años cuarenta, cincuenta, sesenta, setenta, ¡en los de la dictadura!, y durante los treinta y dos años que llevamos desde el retorno a la democracia.
Las conquistas del movimiento estudiantil secundario y universitario vinculadas a mejoras en la educación, a la educación gratuita, a una educación a la que pudieran tener acceso los hijos y las hijas de los obreros, de los trabajadores y las trabajadoras, de los pobladores, como fue, por ejemplo, la experiencia de la UTE, no se habrían podido dar de no mediar tomas, por días o semanas, en establecimientos educacionales.
Nadie dice acá que estemos promoviendo la violencia, pero no es menos cierto que responder con una medida que no distingue situaciones tremendamente dolorosas, sociales, que tienen que ver con carencias de otro tipo, y que criminaliza, debe ser vista de esa manera.
Además, me da la sensación de que muchas de las argumentaciones que se han dado acá por parte de Senadores que obviamente no comparten la visión del Gobierno actual, Senadores de Derecha, o Senadores que hoy día no se sienten representados por este Gobierno, siguen un guion independiente del tema que estamos discutiendo, mediante el cual se quiere hacer responsable de la situación al Gobierno, que apenas lleva cinco meses. Aquí hemos escuchado que el origen de este proyecto de ley se halla en los problemas existentes en La Araucanía, pero luego se pasa a temas de seguridad que involucran a todo el país, después a los loteos irregulares, y luego a la venta de terrenos en toma en algunos espacios específicos del territorio.
Creo que, efectivamente, aquí hay que resolver el asunto. Estamos disponibles para discutir un buen proyecto; pero no este, que mezcla situaciones, que no da certezas penales en cuanto a que no criminalizará, insisto, el movimiento social y en particular el movimiento de pobladores y las demandas del pueblo mapuche. No es menor el dato que se ha dado acá, que no solo tiene que ver con el aumento de las tomas de terrenos o de tierras a partir de la disminución de los recursos para su compra para el pueblo mapuche, y tampoco es menor que desde los años 2019 al 2022 haya crecido, en un 224 por ciento, la cantidad de familias sin hogar que se fue a vivir a campamentos.
Entonces, son situaciones de crisis económica, de política social, las que generan circunstancias que a nadie le gustaría vivir, como puede ser una toma, como puede ser una usurpación.
Por lo tanto, desde esa perspectiva, me parece que el proyecto no ayuda a resolver lo que supuestamente quiere solucionar; y, lo que es peor, genera consecuencias tremendamente complejas, como si estuviéramos viviendo, en todo el territorio nacional, las realidades que dieron origen a esta moción, que son las que esta supuestamente quiere atacar, y que son las se dan en la zona sur del país.
Por lo mismo, Presidente , voto en contra de la idea de legislar respecto de este proyecto.
Gracias.";1
"45";"21633";202;2022;8;"CASTRO";"don Juan";"El señor CASTRO (don Juan).-
Gracias, Presidente.
Escuchando las diferentes intervenciones de los colegas Senadores de Centroizquierda, la verdad es que quedo con una sensación de un poco de dolor. Porque aquí se está pidiendo legislar, y negarse a ello duele. ¿Por qué
7
razón? Porque la esencia de esta Sala y de todos nosotros es discutir estos temas.
Si bien es cierto que este tema a lo mejor divide a la Centroizquierda y la Centroderecha, obviamente lo que aquí se busca de verdad es encontrar la solución a un problema que existe. Y todos sabemos que existe no solamente en la zona de La Araucanía, sino que en todo Chile.
Nadie está pensando en criminalizar las tomas. Al contrario, yo creo que es una situación que se debe ordenar. No tienen porqué existir las tomas y, si las hay, es porque los Gobiernos no han sido capaces de encontrar las soluciones que la gente necesita.
Entonces, cuando uno quiere analizar un tema, debería estar la voluntad para que sí se pueda discutir.
La Fiscalía Nacional, en una visita a la Comisión de Seguridad, dijo que era necesario legislar el tema de las usurpaciones, que era imprescindible mejorar la normativa y endurecer las penas. Entonces, cuando vemos que la Fiscalía tiene la intención de que legislemos, aquí la Centroizquierda o la Izquierda se niegan a hacerlo.
Cuando uno quiere mejorar un proyecto de ley están las indicaciones, y lo saben. Y si estiman que la iniciativa no corresponde, bueno, se presentará otra, pero deberíamos ser capaces de mostrar esa voluntad y encontrar la solución a los problemas que hoy día se están viviendo y que la gente está sufriendo.
Y me duelen -por su intermedio, Presidente - las declaraciones que hace el Senador Quintana. Él es representante de una zona donde realmente la gente lo está pasando mal y, por lo que yo entiendo de su intervención, defiende la usurpación. Y eso no se puede permitir en un Estado de derecho donde creemos que, razonablemente, somos capaces de encontrar solución a los problemas.
También -por su intermedio, Presidente - creo que el Senador Núñez, con su intervención, invita a las personas a adueñarse de lo ajeno. Y eso no corresponde.
Si somos capaces como legisladores de trabajar unidos por el bien de la sociedad, no deberíamos permitir que las personas se adueñen de lo que no les corresponde.
El Estado tiene la obligación -y el Presidente de la República es elegido para administrar el Estado- de buscar lo mejor para sus ciudadanos.
Y me duele mucho saber que varias veces en este Senado no discutimos los temas realmente importantes y se debaten cuestiones que no les mejoran la calidad de vida a las personas. Y ese es un llamado que yo siempre he hecho. ¿Podemos ponernos de acuerdo para trabajar y mejorarles la vida a las personas? Perfectamente, sí. Lo podemos hacer.
Entonces, frente a lo que nos divide ideológicamente, debemos ser capaces de encontrar un punto de acuerdo.
Porque, en lo personal, a mí me gusta que el trabajo, la capacidad de surgir, de crecer y desarrollarse sean también una herramienta para salir adelante. Y a aquellas personas que no la tienen, debemos ser capaces de entregarles las condiciones, pero no invitarlas a apropiarse de lo que no corresponde, porque si vamos con esa lógica, obviamente que quienes se sacrifican para lograr algo en la vida, por tener un bien o una propiedad, no tendrán ningún interés en seguir trabajando, porque saben que a la vuelta de la esquina habrá personas con el interés de quitarles ese esfuerzo y ese sacrificio.
Por eso yo creo que aquí, ante un proyecto como este, nadie debería negarse a legislar, porque esa es nuestra obligación.
La verdad, Presidente , es que me da mucha pena y dolor ver esto en los momentos que estamos viviendo, sabiendo lo que están sufriendo las personas. A lo mejor algunos dicen: ""La zona sur"". Efectivamente, en la zona sur tal vez están sufriendo más que en la zona central, pero también son chilenos que merecen todo nuestro respeto y necesitan que nuestro trabajo, de una u otra forma, les busque solución a lo que están viviendo.
He dicho, Presidente .
Gracias.
7";1
"46";"21633";204;2022;8;"EBENSPERGER";NA;"La señora EBENSPERGER.-
Gracias, Presidente.
Yo creo que la misión que nosotros tenemos en el Parlamento es buscar, a través de la legislación, soluciones a los distintos problemas que enfrenta nuestra sociedad.
También quisiera recordar -y he escuchado casi al cien por ciento de los Senadores- que nosotros siempre hemos rechazado todo uso de la violencia, sin distinción, venga de donde venga. Y las usurpaciones son una forma de violencia.
Efectivamente, este es un tema delicado, un problema que hoy día se vive en todo el país.
Aquí se ha centrado mucho el debate en la Región de La Araucanía, particularmente en la macrozona sur -también se hizo de esa manera en la Comisión-, pero este problema no solo afecta a dicha región o macrozona, sino que a todo el país.
Es por ello que cuando uno reconoce la existencia de un conflicto, nosotros debemos actuar.
Y así lo hizo un grupo de parlamentarios que, a través de dos mociones, presentaron proyectos de ley que, desde sus perspectivas, buscan solucionar un problema.
¿Es la solución real lo que ellos proponen? Algunos pensarán que sí, otros que no; pero creo que nadie podría no concordar en que esta es una situación compleja y que debemos ayudar a resolverla.
Hoy lo que votamos acá, en la Sala, es solamente la idea de legislar. Es decir, estamos de acuerdo en que es un problema y que hay que buscar una solución.
Lo que propone este proyecto -insisto-, ¿es la mejor solución? Bueno, para eso está la discusión en particular, para ver cuál es la mejor forma de resolver ese problema, si es que tiene una real solución; pero al menos intentarlo.
Por lo tanto, negarse a la idea de legislar, a mí al menos, me parece que no es lo correcto cuando estamos enfrentando un problema real.
Se ha dicho también que todas las personas y todos los profesores que intervinieron en la Comisión, que de alguna manera están relacionados con en esta materia, hablaron en contra de las mociones presentadas.
Si uno toma el informe de la Comisión, en la página 17, está la intervención de un conocido profesor de derecho penal -se ha aludido a todos los que hablaron en contra de los proyectos- y destacado abogado, el señor Acosta , quien señala en su intervención -y abro comillas de lo que dice el informe- lo siguiente: ""Junto con resaltar la importancia del asunto ante las dificultades que experimentan las víctimas del delito de usurpación para recuperar sus inmuebles, señaló que los instrumentos que ofrece el ordenamiento jurídico encuentran cortapisas, tanto en el procedimiento prejudicial como judicial, para hacer efectivos los derechos de las víctimas de manera eficiente. En esa línea, los proyectos de ley podrían contribuir a solucionar los problemas"".
Agrega el informe, en la intervención de este académico: ""Una solución de carácter civil se muestra inútil, porque una acción de comodato precario no prospera por los conflictos que se presentan al momento de notificar a las personas que ocupan indebidamente el inmueble, sea por su número, o porque impiden el acceso de las autoridades o porque es difícil identificarlos. De allí que deba ser en sede penal donde se resuelva este problema"".
""En materia penal, sostuvo, hay tres aristas de solución, dos de las cuales se abordan por los proyectos de ley"".
Luego, el señor Domingo Acosta manifiesta estar a favor en algunas cosas y en otras no; pero reconoce el problema y estima que la solución va por alguna vía civil. En otras, como la flagrancia, sostiene que es necesario modificar el Código Orgánico de Tribunales, en fin.
7
Finaliza arguyendo que los proyectos de ley discurren en una idea correcta en aras de solucionar un problema complejo, que en algunos casos importa la participación de mafias que alientan e incentivan las ocupaciones para, posteriormente y mediante loteos informales, vender los terrenos.
A continuación -y es la última intervención que voy a leer-, en la página 38 del informe figura la intervención del Director de la Unidad de Delitos Violentos del Ministerio Público , señor Paredes. Dice: ""considerando un aporte las mociones en estudio, mencionó que la penalidad de multa asociada al delito base de usurpación no se condice con el daño que produce este ilícito ni resulta disuasiva para evitar su comisión. La usurpación, añadió, es uno de los pocos delitos que el Código Penal asocia a una pena de multa: por lo mismo, aumentar el tramo para establecer una pena de presidio, aunque sea en su escala menor, constituiría un avance en concordancia con la gravedad del ilícito"".
¿Por qué leo esto? Porque creo que hay posiciones distintas, como en todo en la vida. Y de eso se tratan las discusiones que tenemos acá, en el Parlamento: de exponer nuestros puntos de vista y tratar de llegar a un acuerdo, para estamparlo en una ley y aportar a la solución de estos conflictos.
Claramente, existen problemas graves de usurpaciones violentas en la macrozona sur, y también están las tomas de terrenos. Acá se ha hablado mucho sobre la materia, y nadie quiere estigmatizar ni que el día de mañana sean probablemente acusadas de delitos personas que viven en una vulnerabilidad extrema.
Pero también tenemos que reconocer, porque es una realidad, que en dichos campamentos hay mucha gente que juega con la vulnerabilidad de las personas, y les cobra por un pedazo de terreno, que tampoco es suyo porque se lo han tomado, una, dos y tres veces -o sea, no barato- su valor. O que luego otros ocupantes se adueñen o compren un grupo de terrenos para después subarrendarlos. Es decir, también se ve un abuso de la vulnerabilidad de la gente que realmente sufre un problema.
Señalo todo esto porque cuando en el año 2014 termino de ser Intendenta de Tarapacá, región a la que yo represento, la entrego con seis campamentos. ¡Hoy hay sesenta y nueve! Y a muchos de ellos no puede entrar nadie y están tomados por mafias del crimen organizado, como ocurre en la toma La Mula, en Alto Hospicio, donde hasta los funcionarios de salud -esto ya lo he dicho acá, pero creo importante repetirlo- deben ingresar con chalecos antibalas, porque son violentados por las mafias que se adueñan de esos campamentos y por personas desconocidas, muchas de las cuales ni siquiera son chilenas. ¡Son verdaderos delincuentes!
Entonces, el problema es real, existe y es necesario buscar la forma de solucionarlo.
También se señaló, Presidente , que sería bueno escuchar al Ejecutivo . ¡Por cierto que sí! Se escuchó al Ejecutivo anterior y sería bueno saber qué piensa el Ejecutivo actual.
Este proyecto estuvo para tabla desde diciembre del 2021. En abril -el 12 de abril, para ser exacta- vuelve a la Comisión con un plazo de un mes para presentar indicaciones, hasta el 12 de mayo, cosa que tampoco ocurrió. Y recién ahora es puesto en tabla.
El Ejecutivo ha tenido tiempo, más de tres meses -abril, mayo junio, julio; ya estamos casi en el cuarto mes-, para haber ido a la Comisión y pedir ser escuchado; para entregar alguna indicación sustitutiva; para decir que no está de acuerdo con el proyecto o plantear cuál es la forma que ellos tienen para resolver el tema de las usurpaciones.
Pero esconder la cabeza como el avestruz y no legislar para enfrentar el problema tampoco es la solución.
Por eso, Presidente , yo voy a votar a favor la idea de legislar.
Pienso que la discusión en particular será un trabajo arduo, donde habrá que tratar de buscar una manera de solucionar las usurpaciones violentas y el problema que generan aquellos que, aprovechándose de la vulnerabilidad de otros en las tomas de terrenos, hacen uso y abuso de la condición de esas personas. Pero lo que no me parece aceptable es hacernos los lesos y no querer legislar, excusándose en que este es un mal proyecto.
Para eso está la discusión en particular: para mejorar el proyecto y buscar la solución a este grave problema, que - reitero- no solamente afecta a la macrozona sur, sino a todo el país.
Gracias, Presidente .
7
He dicho.";1
"47";"21633";206;2022;8;"KUSANOVIC";NA;"El señor KUSANOVIC.-
Gracias, Presidente.
La verdad es que yo no había pensado intervenir en este proyecto, pero el vivir en un Estado de derecho, el vivir en comunidad, el vivir en democracia tiene una regla fundamental: que se cumplan las leyes y las normas de la república. Cuando dejamos de cumplir las normas, ya no estamos viviendo en comunidad, ya no estamos viviendo en un Estado de derecho. Y uno de los principios fundamentales es el derecho a la propiedad. Las tomas, las usurpaciones, son un acto violento que vulnera a las personas; son casi una violación de una persona.
Yo no sé si a alguien le ha tocado vivir estas situaciones, pero uno de los actos más denigrantes que existen es cuando te toman una propiedad o te toman un terreno. Es realmente denigrante la impotencia que se siente, la vulnerabilidad que se siente. Y si uno reacciona agresivamente, es acusado de responder con violencia. ¡Si el hecho violento, que ya se desató, es la usurpación!
De repente, me da la impresión de que estoy en el lugar equivocado y quizá deberíamos legislar sobre cómo se hacen las tomas, porque me parece que eso es lo que se quiere: que legislemos cómo se hacen las tomas y qué proceso se sigue para hacerlas.
¡Pero estamos viviendo en democracia y tenemos que obedecer reglas fundamentales!
Además, me parece que no estamos trabajando, como dijo el Senador Castro, en los problemas que preocupan a las personas. ¡Si este es un tema fundamental! Acá da la impresión de que hay funcionarios del Estado que avalan las tomas.
Entonces, ¿qué está pasando? ¿Estamos destruyendo al país, destruyendo la democracia? Acá somos todos responsables del futuro de este país. ¡Todos somos responsables!
Y nos ponemos serios o no nos ponemos serios, pero no podemos avalar ni permitir las tomas. ¡No hay ninguna toma que sea permitida! Todas las tomas son violentas, sea cual sea y en el lugar que sea.
¡Si acá no vamos a culpar a Adán y Eva del pecado original de las cosas...! Las culpas se pagan por las cosas que se hacen ahora, en la legislación que tenemos y en lo que estamos viviendo.
Así que voto a favor, sea que el proyecto se vote hoy o la próxima semana.
Gracias.";1
"48";"21633";210;2022;8;"INSULZA";NA;"El señor INSULZA.-
7
Está bien, Presidente.
Solo quiero hacer uso de mi derecho a fundamentar el voto, primero, para pedirle excusas a la Senadora Aravena .
No fue mi intención de manera alguna ofenderla, por cierto. Siempre he respetado la forma en que ella hace sus planteamientos.
Segundo, yo solamente he dicho que este proyecto no cambia una realidad, porque tres meses de presidio no los cumple nadie en este país, ¡nunca! No conozco a nadie que haya ido efectivamente a la cárcel, habiendo sido condenado a tres meses.
En cambio, sí es un error grave incluir en el texto esta especie de servicio comunitario, que a mi juicio viola el Convenio 29 de la Organización Internacional del Trabajo sobre Trabajo Forzoso, el cual define ""trabajo forzoso"" como ""todo trabajo o servicio exigido a un individuo bajo la amenaza de una pena cualquiera"" -una multa en este caso- ""y para el cual dicho individuo no se ofrece voluntariamente"".
Yo no sé si es flagrante o claro decir eso.
En tercer lugar, lo que me molesta de este proyecto en lo fundamental -por eso mi voto contrario a la idea de legislar- es que plantea un problema social y humano desde la visión del derecho penal y no del derecho civil. Y por eso he propuesto tratarlo desde el punto de vista del derecho civil.
Por último, quiero reiterar aquello que dijo, de manera muy personal, la Senadora Allende: muchos de nosotros, a lo mejor los que somos mayores aquí, crecimos en medio de las tomas.
Mi primera actividad política fue en 1961 en la toma de la población Santa Adriana , que ahora está construida y pavimentada; la gente ya está asentada en este lugar. Hasta un alcalde de El Bosque , mi querido amigo Sadi Melo , fue habitante de esa toma.
Pero después vinieron otras, y hubo mucha sangre, como en Pampa Irigoin -algunos aquí la deben recordar- o en la toma José María Caro , ese 19 de noviembre del 1962 -yo me encontraba cerca-. Este año se cumplen cincuenta años del hecho que dejó una gran cantidad de muertos en ese lugar.
Entonces, no estamos hablando de situaciones ajenas a nuestras vidas. También son parte de nuestra historia, tal como las que han señalado algunos Senadores respecto de La Araucanía.
Por respeto a eso, Presidente, yo no puedo aceptar que se señale que todo el que se tome un terreno comete un delito.
Voto en contra.
Eso quería fundamentar.
Gracias.";1
"49";"21633";212;2022;8;"GAHONA";NA;"El señor GAHONA.-
Gracias, Presidente.
Lamento que el Senador Núñez no esté presente en estos momentos en la Sala. En todo caso, le voy a decir las cosas en su cara cuando lo vea.
Lamento sus alusiones. Parece que el Senador Núñez todavía cree que estamos en campaña, porque estos mismos
7
dichos los repitió durante meses, cuestiones que evidentemente no tienen ningún asidero y que reflejan la odiosidad, la violencia verbal y su afán mentiroso permanente.
Y cuando dije ""corrupción electoral"", me refería al uso de recursos fiscales para hacer propaganda o promover alguna opción u otra en un proceso electoral. Y creo que eso es lo que existe efectivamente en lo que está haciendo el Gobierno.
A pesar de que el Senador señala que no hay antecedentes, nosotros los hemos entregado a distintas instancias y, especialmente, a la Contraloría. Por lo tanto, no fue una acusación al voleo la que hice cuando hablé de corrupción electoral. Será la Controlaría la que determinará si estamos equivocados o no.
Y, en segundo término, me parece que esas alusiones reflejan la miseria humana. En definitiva, lo que hizo el Senador Núñez es como si yo empezara a preguntar: ¿Qué pasó con los 9,6 millones de dólares que el gobierno venezolano le entregó a la Universidad Arcis? ¿O qué pasó con las cuentas corrientes en dólares que él manejaba, a través de la editorial que él y el Partido Comunista representaban?
Entonces, esa canallada que hace él es como si yo empezara a preguntar por todas estas cosas, que están en un reportaje de Cíper, que los invito a leer. Las alusiones realizadas por el Senador Núñez no están en ningún reportaje; sobre ellas no existe formalización de ningún tipo.
Por lo tanto, espero que se retiren del acta las alusiones que hizo el Senador Núñez, porque me parecen incorrectas, falsas y dichas solo con un afán de odiosidad, típico de él en su permanente accionar parlamentario.
Gracias, Presidente .
(Pausa prolongada, mientras el Presidente examina el Reglamento).";1
"50";"21633";217;2022;8;"SAAVEDRA";NA;"El señor SAAVEDRA.-
Gracias, Presidente.
Mi intervención obedece a que necesariamente hay que plantear por qué uno va a votar, como corresponde y en consecuencia, ante una situación que en las regiones, y particularmente en la que habitamos, se está dando.
El objetivo declarado del proyecto refundido que discutimos y votamos hoy es el de diferenciar las distintas hipótesis de usurpación y ocupación de inmuebles para modificar la sanción dispuesta en la ley, garantizar la aplicación de la norma y disuadir esta clase de hechos mediante la sanción eficaz, confiriéndole carácter delictivo a la respectiva conducta, eliminando el límite a la flagrancia y estableciendo la prestación de servicios en beneficio de la comunidad como nueva vía sancionatoria para la modalidad no violenta, a fin de facilitar la detención de ocupantes ilegítimos.
Sin embargo, y a juzgar por los testimonios de los invitados que comparecieron ante la Comisión de Seguridad Pública, las múltiples modificaciones propuestas al Código Penal y al Código Procesal Penal no son totalmente suficientes, pues no dan cuenta de situaciones, por ejemplo, en las que el propietario facilita la ocupación del predio y no efectúa la denuncia dentro del plazo de flagrancia, con fines de especulación inmobiliaria. Tampoco recoge adecuadamente ni distingue los diversos tipos de usurpación de aquellas acciones destinadas a tomas de establecimientos con fines de protesta social o tomas de terrenos para instalar viviendas sociales.
Los académicos y expertos que expusieron ante la Comisión también aportaron elementos de juicio, en que invitaron a diferenciar hechos distintos, a saber: la toma de un establecimiento educacional no constituye un delito de usurpación, porque el ánimo de los estudiantes no es apropiarse del inmueble; lo mismo ocurre con aquellas tomas donde se instalan campamentos, que constituyen una forma de protesta para demandar del Estado la
7
satisfacción de una necesidad social.
La regulación de la usurpación requiere sin duda de un cuidadoso estudio previo de la realidad criminal, de la conducta de los usurpadores y de la realidad social que da contexto a este ilícito, pues la usurpación más común no es la violenta, sino la no violenta, y sus causas son más o menos las mismas: exclusión social o desamparo y, muy a menudo, falta de acceso eficaz de las personas más necesitadas a la vivienda.
Al respecto, como indicó el profesor José Luis Guzmán , de la Universidad de Valparaíso, es preferible incidir sobre las causas o factores de esta situación antes que legislar penalmente, porque se corre el riesgo de imponer una pena a las víctimas de esta situación social, como podría darse con los comités de vivienda o con las ocupaciones de inmigrantes.
Por cierto, y aunque se ha enfatizado que se trata de un delito que se comete en todo el territorio, es cosa de analizar a los invitados y los argumentos utilizados en la Comisión para darse cuenta de que se trata de mociones que nacen mirando a La Araucanía y a la macrozona sur, aun cuando lo que sucede en ese territorio implica mucho más que una mera discusión jurídica referida a la naturaleza del inmueble.
Como lo reiteró el colega Huenchumilla a lo largo de la discusión, uno de los objetivos de este proyecto es enfrentar las ocupaciones que se producen en la macrozona sur del país, pero lo que sucede en dicha zona responde más bien a un conflicto político que el Estado no ha sabido resolver.
Por tanto, enfrentados al dilema de no hacer nada o de avanzar en algunos aspectos regulatorios y sancionatorios, por mínimos que pudieran resultar, parece razonable apoyar esta iniciativa, que, confiamos, se podrá seguir perfeccionando en la Cámara de Diputados. Lo importante es que dicha normativa fortalezca su condición de norma general y nacional y no solo de aplicación a un territorio específico, y que se centre en entregar las mejores formas para que Carabineros pueda actuar y que el propietario del inmueble lo pueda recuperar oportunamente.
Eso, y no la sanción como objetivo final, es lo importante.
Por todo lo anterior, anuncio mi voto favorable.
He dicho.";1
"51";"21633";225;2022;8;"EDWARDS";NA;"El señor EDWARDS.-
Gracias, Presidente.
Quiero partir aclarando que la usurpación, en todo momento y en cualquier circunstancia, a mi juicio constituye un delito. Y quienes hemos defendido el Estado de derecho no nos vamos a perder en aquello.
Aquí tenemos una gran diferencia con quienes enarbolan una delirante teoría argumentando que una toma ilegal de tierras podría resultar en una situación de win win, como lo hemos escuchado de un Ministro hace unos días. Es un razonamiento impresentable, que no solo refuerza una lógica de impunidad, sino que además demuestra la incapacidad de entender cómo funciona la justicia y los incentivos para efectos de aumentar la violencia.
Siempre será un pésimo precedente que el Estado pague a los dueños legales de un terreno una compensación para que se puedan adquirir esas tierras y después entregárselas a quienes ilegalmente, por la fuerza y con violencia en muchos casos, se las han tomado. Eso es algo absolutamente inaceptable. Y la teoría del win win es completamente ridícula de parte de, por su intermedio, un Ministro de Estado .
Peor aún, si se aprueba la propuesta de Constitución que elaboró la Convención, el Estado además les podrá expropiar sus terrenos a quienes hayan sido víctimas de usurpación, pagando un precio, no de mercado, sino justo.
Aquí es difícil pensar en un win win, especialmente cuando hay definiciones de justicia tan distintas.
Y esto no se trata de interpretaciones. Basta citar al mismo Ministro del win-win, que afirmó -por su intermedio, Presidente- que ""en expropiaciones no siempre el precio justo es algo parecido, al menos, al precio de mercado"".
Esta es una de las partes en que se aprecia la importancia de este proyecto, más allá de las expropiaciones en sí, sino de la violencia que generan, porque por medio de la modificación al Código Penal lo que se busca es elevar las penas de usurpación a penas privativas de libertad, siendo que hoy día son solo multas, además de excluir del Código Procesal Penal la hipótesis de flagrancia de solamente doce horas, período después del cual se complica totalmente el desalojo.
Esto no tiene nada que ver con aquellas personas que sufren en campamentos, Presidente, sino que está enfocado en los violentistas y empresarios del robo, como los narcos y los narcoterroristas de la macrozona sur y muchos otros que lucran algunas veces con las tomas de terrenos.
Justificar las usurpaciones de la macrozona sur como razonables, como lo acabo de escuchar de un Senador -por su intermedio, Presidente -, dada la situación de la zona, resulta absolutamente impresentable y significa tener cero empatía con las víctimas que sufren día a día el terrorismo permanente, los balazos y los ataques.
Por cierto que el proyecto es perfectible, Presidente , pero es urgente que avancemos en esta tramitación, como en el resto de los países. Usted puede constatar, en el estudio que hizo la Biblioteca del Congreso, que en la gran mayoría de los países latinoamericanos la usurpación es un delito que no solo se sanciona con multa, sino también con penas un poco más altas.
Se tienen que agravar estas penas. Es necesario modernizar esta legislación. Tenemos que promover la defensa de los chilenos que son víctimas de violencia de este tipo, generada por la tolerancia de estas usurpaciones, y además, obviamente, la protección de los chilenos que se han ganado con su esfuerzo su propiedad privada.
Hoy día el terrorismo y la delincuencia están descontrolados en zonas importantes de Chile, en parte por la tolerancia de la usurpación que ha existido.
7
Por lo anterior, Presidente , y porque por lo menos desde Republicanos -y entiendo que también de parte de muchos Senadores presentes de otros partidos- vamos a defender a las víctimas. Entendemos que el Estado tiene que estar del lado de las víctimas, ¡jamás del lado de los victimarios!, que utilizan las usurpaciones para obtener, generalmente, más que posiciones políticas, beneficios propios que muchas veces no les corresponden.
Voto a favor de la presente iniciativa. Y espero que lo antes posible vuelva en particular con las respectivas modificaciones.
Gracias, Presidente .";1
"52";"21633";227;2022;8;"MOREIRA";NA;"El señor MOREIRA.-
Gracias, Presidente.
Quiero saludar -pues me han informado que están presentes en las graderías- a don Alejo Apraiz , Presidente de la Asociación de Víctimas de la Violencia Rural ; a Dayana Pereira , viuda del cabo Nain, y a Ana Martínez , viuda de Jorge Maulén. Precisamente ellos han querido estar presentes el día de hoy en nuestro Senado a fin de tomar conocimiento de este proyecto.
Como miembro de la Comisión de Seguridad Pública en el período legislativo pasado, entiendo que es un tema difícil para algunos y de importancia para otros, pero que, por la amplitud de casos posibles, se vuelve cada día más complicado de resolver.
Para algunos se reduce solo a las denominadas ""tomas"" de La Araucanía, donde definitivamente no reina el Estado de derecho, sino la ley del más fuerte. Sin embargo, la usurpación también afecta a pequeños propietarios urbanos que ven con impotencia cómo sus casas o departamentos son invadidos por personas muchas veces desconocidas, quienes rechazan los emplazamientos de los dueños.
Todos debemos recordar cuánto demoró el Estado en desalojar los inmuebles tomados en la calle República, de Santiago, un barrio eminentemente patrimonial. Si el Estado, con todos sus medios, demoró años, qué pocas esperanzas quedan para las personas normales. Incluso ayer, en Quilpué, la familia de una persona asesinada por interponer acciones contra una usurpación fue notificada de que el tribunal de garantía rechazó desalojar el predio.
El problema es histórico, social, judicial, pero también político.
Para mí lo primero son las víctimas, la defensa del derecho a la propiedad y la preocupación por aquellas personas que con esfuerzo han adquirido una propiedad para sembrarla, cultivarla o simplemente arrendarla.
Concuerdo con los profesores de derecho que asistieron a la Comisión en cuanto a que el proyecto requiere modificaciones importantes porque tiene nudos difíciles de resolver. Pero es necesario avanzar, por lo que lamento que este proyecto haya vuelto a la Sala, por el evidente retraso que esto implica para su tramitación.
La señal es confusa y cabe preguntarle seriamente al Gobierno y a cierta Izquierda: ¿les interesa o no la defensa de la propiedad? Porque los chilenos demandan certezas. ¿Cómo saber qué es un precio justo en el proyecto de Nueva Constitución si el Ministro Segprés -muy amigo de este Senado- ya anunció que precio justo no es lo mismo que precio de mercado? O cómo saber por qué el Presidente de la República prefiere a mi Región de Los Lagos. Por cierto, agradezco y valoro que la visite; pero, ¿por qué no puede ir a La Araucanía? ¡Si está al lado! ¡Va a la Región de Los Lagos y no a La Araucanía, donde la situación es dramática, con predios tomados e incluso organizaciones que anuncian restituciones sin que exista ninguna represalia jurídica!
Por lo mismo, no puede haber más dilaciones. Obviamente el proyecto requiere mejoras, pero la señal debe ser contundente, ¡contundente! Por eso quiero manifestar que apoyo este proyecto.
Y reitero que lamento los retrasos. Tenemos que avanzar, porque no puede ser que haya una región del país secuestrada por el terrorismo que se disfraza en la idea de ""violencia rural"". Todos sabemos la verdad. Cuando los
7
terroristas exhiben armas de guerras, desafían al Estado, al propio Presidente de la República . Sabemos que con ellos nunca podrá haber diálogo.
Por eso me parece importante que hayamos concurrido, por la información que manejamos, a la prórroga de los estados de excepción y que hoy día se sepa que también va a haber lugares de la Región de Los Ríos.
Bueno, esperamos que las cosas se hagan.";1
"53";"21633";229;2022;8;"KAST";NA;"El señor KAST.-
Gracias, Presidente.
Primero, quiero saludar a quienes hoy día nos acompañan y representan a las víctimas de la violencia en La Araucanía. Está presente Alejo Apraiz , quien dirige una agrupación que efectivamente acoge a cada una de las víctimas que se sienten abandonadas por el Estado; Dayana Pereira , viuda del cabo Nain, quien junto a sus hijos vio cómo el terrorismo apagó la luz de esperanza de su familia, y Ana María Martínez , viuda de Jorge Maulén - quien perdió la vida en Tirúa después de meses de lucha-, y que vio cómo se frustró el sueño de su familia completa.
Desgraciadamente, hoy día no nos acompañan Valentina Correa y su familia, que sufrió el asesinato de su padre en manos de sicarios, y a quien la Justicia chilena, en el día de ayer, paradójicamente no les devolvió los terrenos que le arrebató la mafia que mandó asesinar a su padre. Pero no solamente eso: también les reprochó a ella y a su familia su inactividad en el proceso y que por eso no autorizaría el desalojo.
De verdad invito a los colegas presentes a que nos pongamos un minuto, ¡un minuto!, en los corazones y en las vidas de las víctimas, de aquellos que tal vez hoy día nos miran y dicen: ¿cómo es posible que en Chile no se pueda garantizar algo tan simple como vivir tranquilo en tu casa, en tu parcela? ¿Para qué está la política si no es para garantizar la paz? De hecho, de eso se trata: de que uno pueda vivir tranquilo en su casa. Es la antítesis de la barbarie y de la ley de la selva.
Y si alguien cree que debemos redistribuir y entregar tierras a otros, ¡ningún problema! Pero hagámoslo bajo el Estado de derecho: comprando y entregando la tierra, otorgando algún subsidio habitacional, pero nunca autorizando que exista la ley de la selva, porque eso es la antítesis de la democracia. La democracia, al final, se trata de que estemos de acuerdo en tolerar todas las diferencias, pero nunca la violencia, ¡nunca el que yo tengo el derecho a imponerme sobre el otro sin pasar primero por la ley, por un intercambio voluntario! Eso es justamente lo que hacemos con este proyecto de ley.
Hace dos años este mismo Senado rechazó el proyecto del robo de madera. ¡Ni siquiera aprobaron la idea de legislar! Y hoy día esos mismos Senadores nos dicen: ""No, ahora sí estamos disponibles para aprobarlo"". ¿Qué cambió? Que hoy día gobiernan ellos. ¡Qué bueno ese cambio! ¡Qué bueno que hoy estén disponibles para aprobar el robo de madera, que de hecho votaremos mañana!
Yo les pido que entiendan la importancia de esta iniciativa porque no solamente ayuda a la región que represento; este es un proyecto refundido de distintos colegas -los tres Senadores de Chile Vamos, de La Araucanía, somos autores-, sino también porque ayuda a distintas regiones donde desgraciadamente han lucrado, ¡han lucrado con la toma de terrenos de otros! Y esto es el fracaso absoluto de la política, cuando frente a este lucro, a esta indolencia, simplemente nos quedamos sin hacer nada.
Lamento que hoy día estemos votando solamente la idea de legislar, porque el acuerdo de Comités, en marzo, fue que la Comisión de Seguridad Pública tenía dos meses para despachar en general y en particular el proyecto.
Entonces, ¡hoy día debiéramos estar votándolo para que fuera enviado a la Cámara de Diputados en forma definitiva! ¡Pero no hicieron nada! Hubo una falta tremenda de la Comisión de Seguridad. Espero que eso se revierta.
Quiero agradecer que hoy día lo estemos votando. Y valoro que nos estén acompañando Alejo Apraiz , Dayana
7
Pereira , Ana María Martínez y también Juan Carlos Gazmuri , quien dirige una agrupación de la sociedad civil que pone primero a las víctimas y dice ""No más violencia"".
Presidente , por su intermedio, espero que todos nos pongamos un minuto, al momento de apretar el botón para votar, en los zapatos y en las vidas de quienes sufren las usurpaciones. Estoy seguro de que si lo hacemos todos votaremos en forma unánime a favor. Y si no, claramente les estaremos fallando a la democracia y a la obligación que tenemos como Senadores de garantizarle a cada familia chilena el sentido común de vivir en paz y de ser dueño de lo que tienen, de su pedazo de tierra.
Gracias, Presidente .";1
"54";"21633";231;2022;8;"BIANCHI";NA;"El señor BIANCHI .-
Muchas gracias, señor Presidente .
Tenemos un problema, un megaproblema en el país. En Chile no se puede vivir en paz, no se puede estar tranquilo porque estamos desbordados de delincuencia, de narcotráfico. Este no es el país que conocemos.
Hoy vivimos una tremenda crisis. ¿Y qué piensa la gente? Que aquí no hacemos nada. Y la verdad es que no están tan equivocados -lo digo con mucho respeto-, porque es increíble e impresentable que esta iniciativa se haya dilatado tanto. Nos dijeron que esperáramos una semana para que viniera el Ministro a explicarnos. Pero el Ministro ¡no está, no vino! ¡No cambió nada! ¡Estamos viendo el mismo proyecto, que seguimos dilatando, y es un tema mínimo!
Entonces, yo pienso: está bien, los tiempos han cambiado, la seguridad pasó a ser un tema que quizá no tenía el mismo valor que antes. ¡Pero hasta cuándo vamos a seguir romantizando la violencia o permitiendo que ciertas cosas sucedan como si fuesen normales!
Entonces, este es un proyecto mínimo.
El tema de la usurpación tiene que enmarcarse dentro de una serie de proyectos, pero le damos tantas vueltas que la verdad de las cosas es que yo veo mucha más inteligencia en la delincuencia que en los entes políticos de decisión.
No quiero imaginarme todo lo que falta.
¡Pobre gente, que depende de lo que aquí se tendrá que realizar! ¡Pobre gente de Chile! Es un tema esencial la seguridad. Y no quiero personalizarlo en un problema de derecha ni de izquierda, porque, al igual que en el otro Gobierno, ha habido problemas.
Entonces, ¿qué es lo que pasó? La primera etapa del Gobierno era preguntarse de quién era la culpa: si del que estaba antes o del que está ahora. Después, el revertir lo que se opinaba antes. ¿Y cuándo se ponían de acuerdo para ver qué era lo que pasaba, qué le afectaba a la gente? Esa política, por amateur, se la devoró la delincuencia.
La verdad es que de dónde proviene el problema yo creo que poco importa. Entonces, ¿cómo lo solucionamos?
Vemos espectáculos penosos. La otra vez en la Cámara de Diputados alguien dijo que acá viene un Bukele o un sheriff. ¿Qué va a suceder? Que van a empezar a salir todos estos superhéroes y va a formarse la autotutela, el ""yo me defiendo"", porque no hay justicia y porque ya ni siquiera vale la pena denunciar los hechos. ¡Para qué denuncio si no pasa nada! ¡Para qué denuncio si no me van a pagar! ¡Para qué denuncio si la Justicia no funciona!
¿Cuánto ganan los carabineros en este país? Un carabinero que recién sale gana lo mismo que un guardia de seguridad. Entonces, vamos a terminar en un país en que habrá más cámaras de seguridad que timbres en las casas.
¡Este no es Chile!
7
El alcalde de mi comuna decía: ""Apuren el tema de cerrar las calles"". O sea, cerrar las casas, cerras las calles; nos encerramos por la pandemia, nos encerramos por la delincuencia.
¡Hasta cuándo dejamos que lo negativo vaya superando lo que nosotros podemos revertir acá!
Yo exijo otra conducta, y se lo exijo al Gobierno, que no está en la Sala.
Y, por favor, no es una crítica contra el Gobierno. ¡No! Este no es un tema ni de derecha ni de izquierda, sino de justicia, de un mínimo de inteligencia, de valor, de empatía, de respeto hacia la ciudadanía, que hoy reclama y se muere de miedo. Y con justicia lo hace, porque veo que acá las cosas van muy lento. Los delincuentes van mucho más rápido que la clase política.
He dicho, Presidenta.";1
"55";"21633";233;2022;8;"DURANA";NA;"El señor DURANA.-
Gracias, Presidenta .
El sábado en la Región de Arica y Parinacota, en Lluta, en el kilómetro 5, personas chilenas, también algunos extranjeros, quisieron tomarse un predio fiscal y un terreno sembrado que pertenece a particulares.
Los agricultores enfrentaron a los que se querían tomar el terreno, y hubo lesionados.
Durante todo el sábado, en las redes sociales -incluso recibí mensajes, llamadas- se decía: ""Se salió de control esto de las tomas. Por favor, hacer algo"".
Hubo mensajes como: ""Vecinos, yo estaba en la entrada del camino, pero las personas que se están tomando los terrenos, que serían cinco hectáreas, son aproximadamente doscientas. No quieren los terrenos para sembrar, sino que como parcelas de agrado. Por el camino hay varios vehículos que están esperando a entrar a ocupar los terrenos. Las pocas personas que estamos hemos parado el ingreso a la entrada para que no pasen. Pero, lamentablemente, lo hicieron por otro lado. Hay un hombre grandote que tiró los pallets que dejamos y empujó a unos vecinos"".
""Igual, temprano, en otras de las tomas estaba una vecina con su bebé en coche y la tiraron para un lado"".
""Tratamos de cerrar todos los pasos, algunos por un camino de tierra que daba a una empresa agrícola; el otro que ingresa por la carretera, que pasa por la escuela G-8"".
De hecho, el campus de la universidad en el sector de Lluta, donde se analizan las certificaciones de dominio de la denominación de origen, también estaba en riesgo.
""Vecinos, vecinas, hacemos un llamado urgente. Se necesita que ahora vayan a la entrada de Porvenir, por el puente, con vehículos para cerrar el paso, porque estos que se tomaron los terrenos están entrando con camionetas y llevando palos para cerrar"".
""Por favor, ¡ayúdennos!"".
Carabineros llegó al lugar. Al principio solo pudo ver el desorden público. No tiene instrucción de desalojar, salvo que llegue la orden de alguna autoridad. Luego se constituyó el delegado presidencial, casi al mediodía, hasta que hubo una agresión y ahí Carabineros, en función del delito flagrante, custodió la entrada del camino que llevaba a las tomas.
Finalmente, esto es gracias a las señales que se han dado en el tiempo, en distintos gobiernos, con respecto a las tomas ilegales.
7
Me piden hacer llegar videos a las autoridades de Santiago, incluso a Senadores, para que todos vean los problemas que se están generando, no solo en la Región de La Araucanía sino también en la macrozona norte.
Esto está sucediendo porque se ha perdido el respeto a la propiedad privada.
Yo quiero hacer un llamado, finalmente, en función de la tranquilidad de la ciudadanía, porque de verdad la gente ya está más que molesta con las situaciones que estamos viviendo en todo el país y, obviamente, en la macrozona norte, donde en los delitos de mayor connotación social, los homicidios, las violaciones, los asesinatos de personas que incluso son quemadas, aparentemente ya no estamos hablando solo de extranjeros.
Creo que se hace necesario meditar, pensar y finalmente hacer que la ley vuelva a ser parte del Estado de derecho en nuestro país.
Voto a favor, Presidenta.";1
"56";"21633";235;2022;8;"ARAVENA";NA;"La señora ARAVENA.-
Gracias, Presidenta .
Voy a ser bien breve porque ya me referí a este proyecto hace poco.
Quiero saludar a las representantes de la Asociación de Víctimas de la Violencia Rural, y especialmente a las viudas del cabo Nain y de Jorge Maulén, porque de verdad hoy día están generando un apoyo moral importante para muchas víctimas de violencia vinculadas a la usurpación. Eso hay que entenderlo.
Probablemente, ellos no fallecieron por esta situación, pero hay muchos carabineros hoy día en el país, en nuestra macrozona sur, que con frío, bajo la lluvia y en condiciones muy precarias están cuidando casas, incluso de personas que tienen sus terrenos usurpados o han recibido amenazas en ese sentido.
Yo quiero reiterar que tanto Carabineros como la Fiscalía Nacional plantearon la urgencia de legislar al respecto y aumentar las penas por usurpación.
Reconocemos que hay muchas cosas por mejorar y, en ese contexto, sabemos que efectivamente las penas mínimas hoy día no se están cumpliendo.
Entonces, ¿cómo hacemos para que eso mejore? Quizá trabajar en una línea paralela con las penas alternativas y en cómo somos capaces de ir perfeccionando los mecanismos para que esto no ocurra, porque cuando se trata de delitos realmente graves, como este, debe recaer una responsabilidad en quien lo haya cometido.
También quiero agregar que el Subsecretario Monsalve , en una declaración de hace poquitos días, reconoce en los medios de comunicación que las penas de usurpación son muy bajas. Estamos hablando de la segunda autoridad del Ministerio del Interior admitiendo que hoy día se requiere legislar.
Pero también quiero hacer un punto, al que ya se han referido otros Senadores, en el sentido de que son preocupantes y graves, en mi opinión, las declaraciones del Ministro Jackson, en las cuales plantea que es un win- win tomar un predio.
Las actividades agrícolas, forestales o agropecuarias en general son nobles ocupaciones, de las cuales muchísimos seres humanos en este país se sienten orgullosos. No todo el mundo está esperando que le tomen un predio para vendérselo a la Conadi. ¡Por favor! Históricamente se compran doce, quince predios, a valores de mercado algunos, pero ese no es el punto. Hay mucha gente que ama lo que hace y a la cual no le dan más alternativa que entregarlos al precio que le paguen después de muchísimo sufrimiento.
Entonces, la verdad es que burlarse de algo así es bien extraño, por decir lo menos, y preocupante, porque se trata
7
de representantes del Gobierno.
¿De qué lado está el Gobierno? ¿Cómo concibe la actividad productiva? ¿Cómo concibe la actividad agrícola?
Yo soy agrónomo, crecí en el campo, conozco mucho la agricultora de mi región. Tenemos muchas actividades, pero yo les diría que hay una nobleza tremenda en el cultivo de la tierra, la crianza de animales y la vida del campo.
Por lo tanto, es una ofensa que alguien diga algo así.
En ese contexto, con toda humildad puedo reconocer que probablemente hay muchos errores que subsanar en el proyecto, pero de eso se trata legislar.
Tenemos una tremenda responsabilidad moral con el norte, con el sur, con Chile completo, en lo que dice relación con el respeto a la actividad productiva; respeto a la propiedad privada; respeto a lo que juramos defender cuando llegamos aquí, que es la Constitución vigente.
En ese contexto, yo solo pido unidad porque hoy día, frente a la angustia por la violencia que está viviendo el país, nosotros tenemos que demostrar que somos capaces de legislar, de avanzar y de ocupar todas nuestras capacidades para, de alguna manera, defender lo poco de seguridad que les queda a nuestras familias chilenas.
Voy a aprobar este proyecto.
Muchas gracias.";1
"57";"21633";237;2022;8;"INSULZA";NA;"El señor INSULZA.-
Presidenta , no pensaba hacer uso de la palabra, porque ya fundamenté hace algunos días sobre este proyecto.
Pero, como el Senador Durana leyó una larga narración, quiero mencionar que estuve en contacto todo el tiempo con el concejal de mi partido, Mario Mamani , quien encabezaba el grupo de trabajadores que evitaron la toma de ese predio. Ellos consiguieron, primero, detenerla, y después lograron, dentro de doce horas, hacer el desalojo.
Ahora, la iniciativa que se nos está presentando no sirve para esto. ¡Claro! Si se demoran doce horas, sí. Pero si es una especie de flagrancia perpetua, el proyecto sirve para sacar a gente que lleva diez o veinte años ocupando un predio.
Lo que nosotros hemos propuesto es que se aumente el período de flagrancia y que no se incrementen las penas de ninguna manera. Se aumenta el período de flagrancia y se permite un juicio mucho más corto, en caso de que no alcancen a llegar con la demanda, de manera que los propietarios no tengan que esperar tres años.
Para eso podría servir un proyecto sobre usurpación. Y eso no está en esta propuesta.
Por esa razón, estamos engañando a la gente si le decimos: ""Aprobamos un maravilloso proyecto"". ¡No! Si se aprueba, yo voy a presentar las indicaciones, para incluir las cosas que estamos planteando. Es cierto. Pero creo que sería mejor presentar un proyecto en limpio y de nuevo.
Por eso estoy votando en contra, Presidenta .";1
"58";"21633";239;2022;8;"GARCÍA";NA;"El señor GARCÍA .-
Muchas gracias, Presidenta .
Honorable Sala, brevemente quisiera recordar que hoy votamos solo la idea de legislar y que, de conformidad con lo señalado en el artículo 68 de nuestra Constitución Política, cuando un proyecto es desechado en su idea de legislar, debemos esperar un año para presentar la misma iniciativa o una idea referida a la misma materia.
Y creo que nuestro país no puede darse el lujo de esperar un año para legislar en asuntos que son de tanta preocupación para toda la ciudadanía.
También quiero señalar que junto con la Senadora Carmen Gloria Aravena en la Comisión de Seguridad del Senado presentamos las indicaciones que se hacen cargo de todas las observaciones que hicieron los distintos expertos que expusieron en ella.
Por lo tanto, podemos asegurar que, aprobándose esas indicaciones, el proyecto cumple con todas las exigencias.
Y, por supuesto, va a quedar un proyecto moderno, un proyecto que es necesario y que se hace cargo de una legislación extraordinariamente atrasada.
Quiero también recordar que, en el informe de la propia Comisión de Seguridad, tanto Carabineros de Chile como el Ministerio Público señalaron estar de acuerdo con el proyecto, que era necesario y que contenía las herramientas requeridas para enfrentar de mejor manera el creciente delito de usurpación.
También quiero hacer presente que el texto que hoy rige el delito de usurpación data de 1874. Eso muestra lo atrasada que está nuestra legislación y la necesidad que tenemos de ponerla al día.
Asimismo, existe un informe sobre cómo ha venido ocurriendo y cómo se ha desarrollado el delito de usurpación estos últimos meses: el 22 por ciento de las denuncias -¡22 por ciento de las denuncias!- proviene de organismos del Estado, entre ellos, las municipalidades.
Por lo tanto, este es un instrumento, una modernización de nuestro ordenamiento jurídico, que también es requerido por organismos del Estado.
Por eso, señoras Senadoras, señores Senadores, yo les pido encarecidamente, como Senador por la Región de La Araucanía, que nos pongamos en el lugar de las víctimas y votemos favorablemente la idea de legislar.
Ya tendremos el tiempo para conocer las indicaciones, discutirlas y presentar a la Sala un proyecto que ojalá sea la suma de muchas voluntades, la suma de una voluntad muy muy mayoritaria, para que efectivamente podamos entregarles a Carabineros de Chile y al Ministerio Público estos nuevos instrumentos.
Finalmente, señora Presidenta , saludo a don Juan Carlos Gazmuri ; a Alejo Apraiz , Presidente de la Asociación de Víctimas de Violencia Rural en nuestra Región de La Araucanía; saludo con el mayor sentimiento a la señora Dahianna Pereira , viuda del Cabo Nain, asesinado en actos de servicio en una emboscada en la localidad de Metrenco, comuna de Padre Las Casas, Región de La Araucanía; y, por supuesto, saludo también con igual cariño a la señora Ana María Martínez , viuda de Jorge Maulén , comerciante muerto en la ruta entre Cañete y Tirúa .
Ellos representan a tantas otras víctimas, a tantas otras personas, que hoy día no pueden estar con nosotros, porque la violencia terminó con ellos.
Gracias, Presidenta .";1
"59";"21633";248;2022;8;"EDWARDS";NA;"El señor EDWARDS .-
Presidenta , reafirmando las palabras de quien me antecedió, el Senador Cruz-Coke, la verdad es que el primer acuerdo era votar el proyecto en general y en particular -creo- dos meses atrás. Luego se postergó y se volvió a postergar.
Por lo tanto, a mi juicio esta iniciativa debiéramos sacarla bastante rápido; se ha discutido hace mucho tiempo en la Comisión, la cual lleva varios años en ella.
Así que ojalá se den todas las facilidades para que en el espíritu de lo que hemos acordado muchas veces, con largas y tediosas discusiones en la reunión de Comités, el plazo sea de una semana y el proyecto se pueda votar lo antes posible, ojalá el próximo miércoles.";1
"60";"21633";251;2022;8;"KAST";NA;"El señor KAST.-
Presidenta, buscando generar un clima de entendimiento y agradeciendo al jefe de mi bancada por haber intentado en varias ocasiones que se cumpla el acuerdo que se tomó en marzo, le hago una propuesta que busca unir las distintas miradas que se están presentando hoy día.
Yo no tengo problema en que se fije el 24 de agosto como plazo para formular indicaciones. Pero quiero que se agregue como acuerdo que la semana siguiente, la del 29 de agosto, sea el plazo límite para que la Comisión despache el proyecto.
No sé si me explico. Lo que está detrás del espíritu que plantean los Senadores Cruz-Coke y Edwards es que tengamos plazos que se cumplan. Aquí nadie quiere que se haga mal la pega legislativa. Presidenta, dado que no se hizo la pega -porque lo cierto es que quienes solicitaron más tiempo no hicieron nada los últimos tres meses; esa es la verdad, pues no presentaron ni una indicación ni trataron el proyecto-, para buscar un entendimiento, solo pedimos que se fije el 24 como fecha para la formulación de indicaciones y que la semana siguiente sea el plazo perentorio de la Comisión para despachar la iniciativa a la Sala.";1
"61";"21633";253;2022;8;"QUINTANA";NA;"El señor QUINTANA.-
Presidenta , esta discusión se genera porque se trata de un proyecto tremendamente defectuoso, y lo reconocieron así hasta sus propios autores en la sesión anterior, quienes no quisieron en su momento acoger las observaciones y propuestas de cambio que fueron hechas por penalistas. Y, para poner las cosas en su justa dimensión, los autores tampoco estuvieron dispuestos a darse una semana para escuchar la opinión del nuevo Ejecutivo , tal como se hizo en el proyecto sobre robo de madera, que entiendo que llega mañana a la Sala con cambios importantes.
O sea, aquí no solamente debe haber indicaciones de los señores Senadores y señoras Senadoras; también es urgente tener indicaciones del Ejecutivo ; por de pronto, del Ministerio de Vivienda.
Yo he insistido en la discusión y lo reitero hoy día: este es un proyecto que tiene efectos no solo en las comunidades del sur. Los autores, probablemente, siempre tuvieron en su cabeza el tema del sur, pero no hacen ninguna referencia a La Araucanía, para ser concreto. En efecto, esta iniciativa va a tener consecuencias en asuntos urbanos en distintos puntos del país.
Este proyecto no se mejora en una sola sesión. Entonces, me parece que no es razonable pensar que en el plazo del 24 de agosto va a estar lista la iniciativa, más aún porque el Presidente de la Comisión de Seguridad está convocando -lo sabe muy bien el Senador Prohens, porque fue parte de ese acuerdo esta mañana, junto con la Senadora Rincón y el Senador Van Rysselberghe- a varias sesiones para tratar el proyecto que perfecciona las normas de persecución del crimen organizado, y, por otro lado, porque ya llegaron las indicaciones del Gobierno a la iniciativa que crea el Ministerio de Seguridad Pública, que son temas que también tienen urgencia.
Entonces, lo que están planteando los colegas sencillamente no es realizable en el plazo que han señalado, más aún cuando se trata de un proyecto tan defectuoso como el que fue aprobado esta tarde.";1
"62";"21633";255;2022;8;"INSULZA";NA;"El señor INSULZA.-
7
Presidenta, la verdad es que no quería referirme al plazo; puede fijarse el que se quiera.
Simplemente, quiero hacer ver que el 24 está en medio de la semana regional de agosto; por tanto, el 24, 25, 26, 27, 28 y 29 da más o menos lo mismo. En consecuencia, lo que está planteando el Senador -no sé si fue el Senador Kast quien dijo que esto quede despachado el 29- implica que tendríamos que hacer sesiones especiales durante la semana regional para tratar las indicaciones.
Lo que él dice, conciliadoramente, es que está de acuerdo con modificar el plazo de indicaciones hasta el 24, pero pide que se discuta el proyecto antes del 29. Eso quiere decir que lo discutamos en semana regional, con feriados y fines de semana incluidos.
Lo razonable -y de esto hablábamos cuando nos referíamos al plazo de una semana, creo yo- era contar con un período acotado en la Comisión para despachar la iniciativa, lo que va a ser difícil, como lo ha recordado el Senador Quintana .
Pero demos un plazo razonable para formular las indicaciones. Puede ser una semana, si se quiere; no tengo ningún inconveniente en ello. Y tratemos el proyecto en la última semana, la que viene después de la regional. De otra manera no hay ninguna posibilidad.
Además, esto no se debiera decidir necesariamente con una votación de Sala. Pongámonos de acuerdo. No tengo ningún inconveniente en que las indicaciones se presenten a la brevedad. Hoy día estamos a 9; podemos fijar el plazo hasta el lunes 22. ¡No tengo ningún problema en eso!
Pero tengamos claro que es semana regional y, por lo tanto, no podremos despachar el proyecto en esa semana, porque tendríamos que volver. Creo que el despacho podría ser a fines de septiembre, por lo menos. Y yo tendré que citar a alguna reunión especial para eso.";1
"63";"21633";257;2022;8;"EDWARDS";NA;"El señor EDWARDS.-
Presidente , tal como a varios colegas, me ha tocado estar en muchas discusiones y en muchos acuerdos respecto a este proyecto, por eso voy a citar la frase de un filósofo chileno, que dijo: ""No nos pidan que seamos tontos después de las 12, además de ser tontos antes de las 12"".
Es evidente que están retrasando la discusión de la iniciativa.
Lo que ha propuesto el Senador Kast es que esto quede despachado en la semana del 29. Esa es la propuesta. Y se pide que se pueda votar, que no haya oposición para ello, apenas se pueda en la Sala, una vez que lo despache la Comisión la semana del 29.
Pero ahora se dice ""a fines de septiembre"", cuando esto debió haber sido votado en general y en particular, gracias a un acuerdo mayoritario, hace dos meses.
Creo que acá está en juego, Presidente -y me va a perdonar-, la credibilidad de los acuerdos que se toman en Comités. Si no se puede confiar en dichos acuerdos porque luego se vuelven a votar, si la palabra de los señores Senadores que acordaron esto no se respeta, se hace muy difícil trabajar en un Senado que tenga altura de miras.
Acá hay un acuerdo. Se pide que, si se despacha en la semana del 29 en la Comisión, se vote en la siguiente en la Sala, pero sin artimañas y respetando mínimamente los acuerdos que se han alcanzado.";1
"64";"21633";259;2022;8;"ARAVENA";NA;"La señora ARAVENA.-
Bien breve.
Solo para tratar de buscar un acuerdo porque finalmente todos tenemos que lograr un objetivo común, creo que debiéramos dejar para el viernes 26 o el lunes 29 el último plazo para presentar indicaciones, de vuelta de la semana regional. Ese podría ser un buen tiempo para ingresar las indicaciones.
Es una sugerencia solamente.
Lo importante es que hay que trabajar bien. De hecho, yo soy de la idea de hacer una separación del tipo de delito; por tanto, si uno quiere ponerle cabeza y corazón a esto, creo que el propuesto es un buen plazo para trabajar bien el proyecto.
Por eso me parece que el 29 sería una buena fecha.";1
"65";"21633";261;2022;8;"KAST";NA;"El señor KAST.-
Muy breve, Presidente .
Simplemente creo que el Senador Insulza me entendió mal. No he dicho que el 29 sea la fecha para que esto esté despachado, sino la semana que comienza ese día. Por lo tanto, Presidente , estoy de acuerdo con lo que plantea el Senador Insulza en el sentido de que la Comisión tenga esa semana para despacharlo.
Y lo otro es que deseo corregir al Senador Quintana, quien dijo que nosotros no dimos la posibilidad de que el Ejecutivo pudiera intervenir. Eso es falso, y lo sabe el Senador Insulza, porque sí posibilitamos que se sesionara antes de votar el proyecto para que el Ejecutivo viniera a la Comisión, pero finalmente no asistió.
Así que, para no seguir dilatando esto, propongo que, tal como señaló el Senador Insulza, fijemos como plazo para presentar indicaciones hasta el lunes 22; así la Comisión tendrá la semana del 29 completa para tratar y aprobar el proyecto, y en la semana siguiente podremos verlo en la Sala.";1
"66";"21633";263;2022;8;"NÚÑEZ";NA;"El señor NÚÑEZ .-
Presidente , entiendo que nos estamos poniendo de acuerdo en el plazo para presentar indicaciones. Hay una propuesta de que sea hasta el 29 de agosto. No tenemos ningún problema en eso; es algo que se hace en todos los proyectos de ley.
Pero, dado que aquí se han citado los acuerdos, quiero ser transparente en decir que el Comité del Partido Comunista va a ejercer todas las facultades y prerrogativas que le corresponde, como en cualquier iniciativa de ley.
Si el proyecto está maduro y las indicaciones se resuelven de buena manera en la Comisión, muy bien; pero si hay indicaciones del Gobierno y su análisis requiere una semana extra al plazo que se ha fijado, también lo vamos a defender, Presidente .
Así que quiero dejar en acta que no somos parte de ningún acuerdo que establezca que la Comisión perentoriamente tiene que despachar esto en cuatro, cinco o seis días, porque puede haber indicaciones del
7
Ejecutivo que requieran mayor estudio. Tenemos que abrirnos a esas opciones.
Obviamente, como se trata del debate en particular, se votarán las normas del proyecto; nadie está dilatando en extremo su tramitación. Pero no nos pueden obligar a que esto tenga que salir, sí o sí, con las indicaciones que estén presentadas, cuando ni siquiera han llegado las del Ejecutivo.
En ese sentido, Presidente , tenemos posibilidades en el Reglamento y las vamos a ocupar.
)------------(";1
"67";"21633";265;2022;8;"WALKER";NA;"El señor WALKER.-
Gracias, Presidente.
Ya que estamos organizando la agenda legislativa de los próximos días y semanas, quiero señalar que, como es de público conocimiento, hoy se aprobó, prácticamente por unanimidad en la Comisión de Constitución de la Cámara de Diputados, el proyecto que rebaja los quorum de reformas constitucionales a cuatro séptimos, y también hoy día, en la Comisión de Constitución del Senado, aprobamos por unanimidad, en general y en particular, el proyecto de artículo único que rebaja los quorum de las leyes orgánicas constitucionales.
Hemos conversado con los distintos Comités y queremos pedirle, Presidente , que recabe la unanimidad para que votemos el día de mañana en la Sala este importante proyecto, que fue despachado por unanimidad en la Comisión de Constitución.";1
"68";"21633";280;2023;5;"KAST";NA;"El señor KAST.-
Sí, realizaré el informe primero.
La Comisión de Seguridad Pública tiene el honor de informar, en su primer trámite constitucional, el proyecto que modifica el Código Penal para castigar con penas privativas de libertad el delito de usurpación, ampliar el delito de flagrancia y facilitar la detención de los ocupantes en la forma que se indica, que fue originado en mociones y que se encuentra actualmente sin urgencia.
Asistencia: en la sesión en que se discutió esta iniciativa participaron presencialmente o por vía remota la Ministra del Interior y Seguridad Pública, señora Carolina Tohá ; el Ministro Secretario General de la Presidencia , señor Álvaro Elizalde ; el General Director de Carabineros de Chile, señor Ricardo Yáñez , y la Teniente Natalia Bueno; el Delegado Presidencial de La Araucanía , señor José Montalva ; el Delegado Presidencial Regional de Arica y Parinacota, señor Ricardo Sanzana . Y del Ministerio Público concurrieron los asesores de gabinete señora Pilar Irribarra y señor Cristian Paredes .
La idea matriz o fundamental del proyecto consiste en modificar el Código Penal para sancionar toda hipótesis de usurpación de inmuebles, extender el período de flagrancia de este delito, permitir la restitución anticipada de los inmuebles ocupados ilegalmente y mejorar la persecución penal.
Esta iniciativa no contiene normas de quorum especial.
En cuanto a la estructura del proyecto aprobado por la Comisión, este consta de cuatro artículos permanentes y uno transitorio.
Fundamentos de la propuesta: las mociones subrayan que el tipo penal de usurpaciones requiere modificaciones que den cuenta de la gravedad de estos delitos, puesto que actualmente las ocupaciones ilegales de inmuebles solo se sancionan con multa y, además, presentan un período de flagrancia que hace imposible el proceder eficazmente de las Policías.
A su vez, las mociones destacan que es necesario disuadir la comisión de este tipo de delitos, porque hoy las ocupaciones ilegales se han extendido a nivel nacional, generando incluso crímenes brutales, como el que sufrió Alejandro Correa en Concón a manos de un sicario.
En definitiva, se propone sancionar las ocupaciones ilegales de inmuebles con mayor severidad; establecer la extensión del período de flagrancia; propiciar la restitución anticipada de los inmuebles; aplicar técnicas especiales de investigación, como ocurrió con el proyecto sobre robo de madera; y sancionar a todas aquellas personas que se dedican a cometer usurpaciones con fines de lucro.
7
En cuanto a su contenido, la propuesta, como bien dije, consta de cuatro artículos permanentes y un artículo transitorio.
El primer artículo modifica el Código Penal.
En el numeral 1, básicamente, se incluye la presunción de legítima defensa en favor de alguien que se ve enfrentado a una usurpación violenta.
En el número 2 se configura la usurpación violenta, a la que se le otorga una pena privativa de libertad, de presidio menor en su grado medio a máximo, cuyo tramo superior va de tres años y un día a cinco años.
El numeral 3 se refiere a la usurpación sin violencia, en que, obviamente, la pena es más baja, de presidio menor en su grado mínimo a medio, esto es, de sesenta y un días a tres años.
El número 4 agrava la pena cuando se trata de usurpaciones a viviendas que están siendo ocupadas o a lugares públicos, como un hospital, una escuela, etcétera.
El numeral 5, aprobado por cuatro votos contra uno, establece una referencia a la norma general cuando se empleen menores de edad en la usurpación.
El número 6 autoriza el uso de técnicas especiales de investigación, tal como explicábamos, similar al caso del robo de madera.
El numeral 7 habla de la reincidencia de usurpación. En aquellos casos en que sea reincidente no se puede aplicar el grado mínimo.
Y el número 8 -de hecho, es el único que ya está aprobado- aumenta la pena cuando la usurpación se hace con ánimo de defraudar: los loteos brujos.
El artículo 2º introduce modificaciones en el Código Procesal Penal.
El numeral 1 regula la flagrancia. Esto se aprobó por unanimidad. En el fondo, hace que la usurpación sea un delito permanente. En la práctica, lo es -el mundo penal está de acuerdo-, pero esta modificación lo hace explícito.
El número 2 habla de la restitución anticipada en el marco de una investigación penal. O sea, permite que se restituya independiente de que no haya terminado el proceso de investigación. También fue aprobado unánimemente.
El número 3 también fue acordado por unanimidad.
El número 4 habla de las técnicas especiales de investigación, similar al robo madera.
El artículo 3º es interesante, porque se mete en la Ley General de Urbanismo y Construcciones. Quienes hacen un loteo brujo hoy día ya reciben penas de cárcel, pero solo en caso de que sean propietarios del terreno. Me explico: si hoy día un propietario ocupa su propio terreno para hacer un loteo brujo, tiene penas de cárcel. Y lo que hace este proyecto de ley es establecer que el usurpador que utiliza un terreno que no es propio para hacer un loteo brujo también reciba pena de cárcel.
El artículo 4º introduce modificaciones al decreto ley N° 2.695, de 1979, que es el llamado ""decreto ladrón"". Y en este artículo, básicamente, se impide que se inscriban terrenos que están siendo usurpados mientras exista un proceso de investigación.
Por último, el artículo transitorio, que se originó en una indicación del Ejecutivo, también aprobada por unanimidad, establece que los miembros de las familias que pertenezcan al Catastro Nacional de Campamentos 2022 -es decir, el del año pasado, por lo que es un número fijo- no podrán ser detenidos para ir a la cárcel; o sea, no se les aplica la pena de cárcel. Sí se puede decretar la restitución del terreno, pero no es posible aplicar pena de cárcel para esas familias. Esa era una inquietud que también se manifestó.
Ese es el informe, estimado Presidente .
7
Traté de ser breve, pero intenté explicar en qué consiste este proyecto de ley.";1
"69";"21633";282;2023;5;"GAHONA";NA;"El señor GAHONA.-
Gracias, Presidente.
La presencia de loteos irregulares es cada vez más común en nuestro país, donde malintencionados se aprovechan de las familias más vulnerables para lucrar y aprovecharse de ellas, dándoles una falsa esperanza de un hogar propio.
Por otro lado, también es preocupante el gran aumento de usurpaciones realizadas con fines lucrativos, transformándose en un verdadero modelo de negocios para el crimen organizado, cuestión que ha ocurrido en la Región de Coquimbo, en el sector la Rinconada El Sauce, en la capital porteña.
Por último, la situación que se vive en el sur de nuestro país es cada vez más inquietante y el estado de excepción no ha sido capaz de disminuir estos delitos.
La legislación actual no nos permite enfrentar eficazmente estos ilícitos: no existen sanciones proporcionales a la gravedad de los hechos; Carabineros no tiene la facultad de resguardar adecuadamente la propiedad privada, y el Ministerio Público no posee las herramientas necesarias para investigar estos delitos.
Aquellos que cometen estos actos conocen muy bien estas deficiencias en nuestra legislación y han podido aprovecharlas para beneficio propio.
Por estas razones, es importante aprobar esta iniciativa, para enfrentar, de una vez por todas, esta situación que se evidencia a lo largo de Chile.
Presidente, me gustaría analizar los puntos más importantes de este proyecto, que busca hacer frente a esta situación.
Primero, se modifica el delito de usurpación, aumentando sus penas desde una multa de 11 a 20 UTM, es decir, de 700 mil a poco más de 1.200.000 pesos, a una pena de presidio menor en su grado medio a máximo, es decir, de quinientos cuarenta y un días a cinco años. Cuando concurre el delito de usurpación sin violencia en las personas o fuerza en las cosas, la sanción, evidentemente, es más baja, aplicándose una pena de sesenta y un días a tres años. O sea, es proporcional al nivel del delito.
De esta forma se establece una sanción -repito- proporcional y acorde a la gravedad del delito, buscando eficazmente desincentivar la comisión de este ilícito.
En segundo lugar, se autoriza a los fiscales para disponer de técnicas especiales de investigación. Así, el Ministerio Público por fin contará con las herramientas suficientes para investigar eficazmente estos delitos.
Como tercer elemento, se aclara que el delito de usurpación tiene el carácter de permanente, extendiendo el período de flagrancia, lo que permitirá que Carabineros proteja la propiedad privada. Esto es importante, ya que actualmente se contempla un período de flagrancia de tan solo doce horas. De esta manera, se podrá evitar la excesiva judicialización que existe hoy día.
En cuarto lugar, es importante aclarar que el proyecto deja exento a los campamentos o asentamientos irregulares que forman parte del Registro Nacional de Campamentos .
Después de analizar el fondo de la iniciativa, persiste la duda de quienes en su momento intentaron dilatar la aprobación de este proyecto de ley.
7
El argumento de que esta iniciativa buscaba criminalizar a un porcentaje de la población en La Araucanía es totalmente falso. Estamos frente a un hecho que se replica a lo largo del país, incluyendo a la región que represento, en donde se estima que hay más de trescientas familias afectadas por los loteos irregulares, ubicadas principalmente en las zonas rurales cercanas a las comunas de Coquimbo y La Serena.
En consecuencia, Presidente, por el resguardo del derecho de propiedad y la protección de las familias, voto a favor de este proyecto de ley.
Muchas gracias.";1
"70";"21633";285;2023;5;"LAGOS";NA;"El señor LAGOS.-
Muy brevemente, señor Presidente.
Pido que se recabe la autorización para que la Comisión de Hacienda pueda funcionar en paralelo, a fin de terminar de darle un par de retoques al proyecto sobre roalty minero y tenerlo listo para que la Sala lo pueda despachar mañana.
Gracias, señor Presidente.";1
"71";"21633";288;2023;5;"INSULZA";NA;"El señor INSULZA.-
Presidente, entiendo que tenemos cinco minutos para argumentar.
En primer lugar, quiero precisar que no avalo en absoluto la usurpación, menos aquella que se produce en terrenos o bienes raíces de particulares, la cual provoca un detrimento económico sin ninguna motivación.
En segundo lugar, tampoco avalo, de ninguna manera, las usurpaciones hechas con violencia contra las personas y mucho menos aquellas en que se cometen otros delitos, como amenazas, lesiones, lesiones graves, hasta homicidios en algunos casos.
En tercer lugar, hacemos el alcance respecto a la violencia en las personas porque es el bien jurídico protegido de mayor envergadura en nuestro ordenamiento jurídico, más allá de la protección constitucional del derecho de propiedad. Creo que la vida es más importante. Y eso tiene que ver con lo que voy a decir posteriormente.
Sin embargo, cuando se legisla en esta materia, resulta evidente entender también el déficit habitacional existente en nuestro país y el hecho de que muchas familias que se encuentran en tomas no pueden conseguir todo el
7
ahorro necesario para la vivienda y menos aún ser consideradas por los bancos para otorgarles créditos hipotecarios.
Muchas veces esas familias no tienen otra alternativa que tomarse terrenos, inscribirse en comités para la vivienda, esperar por años, en muchos casos, para la obtención de una vivienda propia, sin contar que existen muchas situaciones en que la gente muere esperando.
Esa es una realidad en nuestro país.
Además, debemos considerar que esto tiene su historia, Presidente . Esto no empezó ahora. Porque, si bien hoy puede haber muchas otras tomas, esto comenzó hace bastantes años en Chile.
Recordemos, para empezar, que comenzó cuando las tierras que les pertenecían a los indígenas fueron usurpadas por determinadas familias y colonos, con ayuda de los Gobiernos de la época. Curiosamente, esto ocurrió al mismo tiempo que se dictaba el Código Penal, y da la impresión de que, probablemente, la poca severidad de las penas tenía que ver precisamente con que los que debían cumplirlas seguramente no lo iban a hacer.
Después hubo un período importante de movilización del campo a la ciudad, en que se tomaban terrenos.
Nosotros no podemos olvidar -algunos que somos más antiguos- que vivimos esa situación. Mi primera acción política en la vida fue la toma de Santa Adriana en 1965: cinco mil familias agrupadas debajo de la lluvia con hules que apenas podían cubrir a las mujeres y a los hijos. Hay gente que todavía existe, que hace política en este país, que es de Santa Adriana ; yo los recuerdo bien: Sadi Melo Moya es uno de ellos, por ejemplo.
Pero luego vinieron también las muertes.
No podemos olvidar el 19 de noviembre de 1962, en José María Caro . Tampoco vamos a olvidar el 11 de marzo de 1966, en El Salvador, o Pampa Irigoin en 1969. ¡Esa es gente que murió en confrontaciones con la Policía o con el Ejército por su lucha por la vivienda!
No lo podemos desconocer; no los podemos olvidar, Presidente .
Tampoco podemos dejar de llamar la atención sobre la preocupación de que la ley en proyecto, tal como está redactada, más allá de la voluntad de quienes la presentaron, puede conducirnos a situaciones similares. Porque cuando se lucha por la vivienda y la vida de los hijos es posible cometer errores muy graves; y cuando eso se reprime, las cosas se pueden poner francamente violentas.
Planteamos muchas veces este tema, y por eso se demoró la salida de este proyecto.
Luego llegó una nueva presidencia de la Comisión que determinó que esto debía salir de inmediato, ¡de inmediato! Y la verdad es que no podemos crear artificialmente la sensación de que estamos legislando para la gente en su inmensa mayoría, cuando no tenemos cuidado en este proyecto de ley de proteger la vida de las personas. ¡Y queremos proteger el derecho de propiedad por sobre la vida de las personas!
Este proyecto, Presidente, fue tratado, como decimos en este país, a matacaballo, en una sesión.
No estuve en toda esa sesión -otra Senadora me reemplazó-, pero la verdad es que las indicaciones se agruparon por paquetes. El Presidente , a su solo arbitrio, elegía la indicación que sería sometida a votación, en su mayoría indicaciones de su autoría. De treinta votaciones expresas, doce fueron votadas con indicación del Presidente . Se daban por rechazadas aquellas no vistas, y menos leídas, por entenderse que eran contrarias a la aprobada. Y en varios casos hubo retractaciones de votaciones erradas, ya que, una vez que las indicaciones estaban aprobadas, se descubría que había una versión mejor y se procedía... (se desactiva el micrófono por haberse agotado el tiempo y se reactiva por indicación de la Mesa).
No he terminado todavía, Presidente .
Como decía, se anulaba la indicación y se votaba otra inmediatamente después.
Muchas veces legislamos de manera desprolija, no cabe duda, Presidente. Pero cuando está en juego la vida de las
7
personas, la supervivencia de muchas familias modestas, deberíamos tener algo más de cuidado.
Por esa razón es que nosotros hemos pedido votar algunas indicaciones que incluso salieron en general, porque son complementarias de otras que no nos parecen adecuadas, que estamos votando en contra, que van a incidir y se relacionan con las que están siendo aprobadas.
Pido que este Senado realmente vea con cuidado este proyecto, Presidente. De lo contrario, podemos lamentarlo muchas veces después.
Muchas gracias.";1
"72";"21633";290;2023;5;"MOREIRA";NA;"El señor MOREIRA.-
Gracias, Presidente.
Entiendo que hay algunos temas -diría yo- ideológicos, palabra que hemos tenido que usar con la llegada de este Gobierno, ya que muchas materias se ven desde la perspectiva ideológica y son muy sensibles para la izquierda.
Pero la usurpación hoy día sale gratis. Es más, puede ser un buen negocio, lucrativo, con poco riesgo.
Como lo dije cuando se discutió este proyecto en general, la usurpación tiene una baja pena por una cuestión histórica y política.
Por supuesto que este tema tiene alcance político. La izquierda, en su afán de rebautizar los conceptos, enreda y confunde, y las ha llamado ""tomas"" para bajar el impacto que el delito tiene.
Obviamente, las tomas no nacen en esta década, pero es en estos últimos años cuando adquiere tintes dramáticos.
En la macrozona sur, las llamadas ""tomas"" llevan una década, o más, sin que haya resultados en la recuperación de esos terrenos. Las víctimas ven impotentes cómo personas ajenas aprovechan el fruto del esfuerzo de años y décadas ante la inacción del Estado.
¡El Ministerio Público durante años hizo oídos sordos a las quejas y acciones de los propietarios, derivando las causas al procedimiento civil, que demora hasta décadas y requiere conocer los datos del ocupante!
Todos conocemos al ex Fiscal Nacional, que siempre decía: ""Nosotros no podemos actuar de oficio. ¡No! ¡Nunca!"".
La muerte de Alejandro Correa en manos de un sicario marca un antes y un después, pues ello se hizo con el solo objeto de callarlo y, de esa manera, consolidar una toma y loteo irregular en Quilpué. Esta es otra de las muestras de inacción que solo incentivan al crimen.
Los ejemplos siguen y siguen: las casas narco, ¡a cuadras incluso de la propia residencia del Presidente de la República ! Y también están las casas okupa.
La usurpación no es un problema solo del mundo rural, y menos un problema que únicamente afecte a grandes terratenientes o latifundistas, como les gusta mostrar, con cierta caricatura, a algunos sectores de la izquierda (no siempre son todos). Las víctimas son también familias humildes, personas con una segunda vivienda para arrendar.
¿Y las sanciones? ¡Ridículas multas que nadie paga! El negocio está pintado. Ya sea una ocupación pacífica o violenta, el daño al derecho de propiedad es evidente. Y siendo un delito de ejecución permanente, la Corte Suprema, en una de esas decisiones con más tinte político que jurídico, determinó que solo había flagrancia durante las primeras doce horas desde que comenzó la ocupación ilegal.
7
Ya se ha hecho mención a las soluciones que ha planteado la Comisión de Seguridad. Por supuesto que se avanza en esa materia. El proyecto incorpora los casos en que el inmueble privado o público esté destinado a la vivienda; cuando se impide o dificulta el combate a la propagación de incendios, o cuando se impide la provisión de servicios esenciales. La iniciativa obliga a sancionar con el máximo, lo que es de toda lógica. Baste recordar la toma de viviendas en San Pedro de la Paz y los daños causados a familias modestas.
Pareciera que a ciertos sectores les preocupa mucho el contenido y que este proyecto de ley salga lo más blando posible.
Por esa razón, me quedo con lo que aprobó la Comisión de Seguridad.
Y por supuesto que voy a votar en contra de aquellas indicaciones que ha presentado el Ejecutivo y que ablandan esta ley, que tiene que ser más enérgica.
Entiendo que estas cosas se deben muchas veces a los sectores o a las coaliciones políticas que sustentan a este Gobierno. Y como es un tema sensible para la izquierda, con estas indicaciones se pretende, yo no diría desvirtuar el proyecto, pero sí ablandarlo.
Gracias, Presidente .";1
"73";"21633";292;2023;5;"TOHÁ";"Ministra del Interior y Seguridad Pública";"La señora TOHÁ (Ministra del Interior y Seguridad Pública).-
Gracias, Presidente.
Trataremos de ser lo más prudentes posible.
Quisiera informar la postura del Ejecutivo en esta materia y decir, en primer lugar, que como Gobierno - particularmente el Presidente Boric- lamentamos que no hayamos llegado a esta Sala con una indicación consensuada para enfrentar este proyecto.
Esa fue la voluntad del Presidente Boric , la señaló explícitamente en la reunión que tuvimos con la bancada de Diputados y Senadores de La Araucanía, previo a su visita a la zona.
Ese esfuerzo por construir una normativa consensuada se realizó, se estuvo muy cerca, pero por algunos aspectos muy puntuales no se logró concordar y, como resultado, se llegó a la votación de la Comisión con una diferencia.
Sin embargo, pese a ese esfuerzo, en el cual se había avanzado significativamente, en la Comisión no solo quedaron pendientes los temas en que se mantenían diferencias, sino que en aquellos en que se habían logrado acuerdos se separaron las posturas y se presentaron indicaciones parlamentarias que se alejaban bastante de lo conversado originalmente.
Como resultado, llegamos a esta Sala con propuestas que tienen distancias significativas. Y distancias en que debiéramos hacer el esfuerzo por tratar de reducirlas, porque esta es una materia donde es importante trasmitir certezas; es una materia en la cual es importante construir consensos acerca de qué no podemos aceptar y cómo lo debemos sancionar.
Al Ejecutivo le interesa esto por dos motivos.
Uno, porque en este tema -que ha estado largamente en el debate- ha costado avanzar justamente porque estas
7
diferencias existen. Y de esa manera comunicamos discordia, comunicamos confusión en un tema en que la ciudadanía espera certezas.
Pero también le interesa porque hay dos modalidades tocadas por esta normativa que hoy día están teniendo un tipo de evolución en la sociedad y en que claramente se requieren cambios en la legislación para ser enfrentadas de manera más efectiva.
La primera se refiere a las usurpaciones que se dan en el ámbito rural, muchas de cuyas historias ya conocemos, en que por tiempos muy prolongados hay personas que no pueden acceder a sus predios, y esto en el contexto de una zona donde hay conflictos que nos interesa resolver y no acrecentar. Y entendemos que, para resolverlos, el camino es el que quisimos presentar en la sesión anterior -lo haremos en la siguiente-: toda la política que está haciendo el Gobierno en la macrozona sur, que incluye la creación de una comisión que proponga una solución al tema de tierras que permita superar lo que ha sido este largo capítulo de disputa fáctica, que genera inseguridad y violencia, y que no resuelve, sino que agrava el conflicto histórico que hay en la zona.
Pero la segunda razón apunta a que en ese campo donde existía una larga tradición de luchas sociales, de pobladores sin casa, que en su desesperación buscaban soluciones a través de un mecanismo que ciertamente es ilegal, pero que está ligado a una lucha social, hoy tenemos una distorsión completa, porque estas luchas sociales se han transformado en un terreno de especulación lucrativa de personas inescrupulosas, que hacen todo tipo de operaciones simulando que realizan tomas de la forma histórica que conocemos, y que en realidad son negocios de loteos irregulares, en que la gente tiene que pagar derechos.
Hay personas que lucran y que han transformado esto en un tremendo negocio, a veces con fines teóricamente sociales y a veces, incluso, para construir segundas viviendas frente a las playas. O sea, se trata de una actividad que debiera avergonzarnos y que requiere una regulación.
Esta normativa busca resolver aquello y, lamentablemente, como decía, esto que casi fue un acuerdo se ha transformado hoy día en un disenso. Y quisiera pedir, Presidente , que en esta sesión hagamos un esfuerzo por achicar el margen de ese disenso, para lo cual quiero explicar la indicación y la propuesta del Ejecutivo y sus fundamentos.
Esta propuesta, lamentablemente, tuvo una discusión muy tensa en la Comisión; tres de sus propuestas fueron acogidas, que son importantes, pero que no son lo medular del proyecto. La primera se refiere a hacer una excepción, una norma transitoria, para que la detención en flagrancia de las personas que están ocupando inmuebles no se aplique a las personas que forman parte de los campamentos que se encuentran en el catastro validado por el Ministerio de Vivienda el año 2022.
La segunda, que fue aprobada también, es la que faculta al dueño de los inmuebles usurpados a reclamar que estos se le restituyan durante el proceso sin esperar a que este termine...(se desactiva el micrófono por haberse agotado el tiempo).";1
"74";"21633";294;2023;5;"TOHÁ";"Ministra del Interior y Seguridad Pública";"La señora TOHÁ ( Ministra del Interior y Seguridad Pública ).-
La tercera que fue aprobada se refiere a establecer un nuevo tipo penal en el título de estafas en el caso de loteo irregular o loteo brujo. Esto alude a cuando hay engaño o perjuicio a la persona afectada.
Pero existen tres indicaciones -en realidad, en lo sustantivo son dos- en que hubo disenso. Y creo que es muy complejo el disenso, porque si el proyecto queda en los términos en que se aprobó en la Comisión, la señal que daremos no solo será de mantener la discordia, sino de traer aún más violencia, en vez de traer paz.
La primera se refiere a que la propuesta del Ejecutivo fue crear en el caso de la usurpación violenta una figura adicional, la usurpación con intimidación. Pero en la Comisión de Seguridad Pública se agregó al mismo tratamiento de la usurpación violenta o con intimidación a la usurpación no violenta. Y cuando una usurpación es no violenta no quiere decir que no haya violencia, sino que las personas no la sufren. Entonces, puede haber, por ejemplo, un candado roto o bienes dentro del inmueble usurpado que se rompen, y sigue siendo una usurpación no
7
violenta.
El Ejecutivo no es partidario de que a una toma, a una usurpación que se hace con violencia en las cosas se la trate igual que a una con violencia en las personas. No tiene la misma gravedad la violencia en las cosas que la violencia en las personas. Y en los términos en que esto quedó en la Comisión, el tratamiento es el mismo.
Sin embargo, el Ejecutivo sí está de acuerdo en que una usurpación no violenta esté agravada cuando tenga fuerza en las cosas. Eso no está en la indicación original del Ejecutivo ; estamos dispuestos a ponerlo en una norma especial, pero no a darle el mismo tratamiento que a la violencia a las personas o la intimidación. Esa señal sería muy confusa y, además, contradictoria con el tratamiento que tiene la violencia en otros cuerpos, en otros tipos...(se desactiva el micrófono por haberse agotado el tiempo).";1
"75";"21633";300;2023;5;"TOHÁ";"Ministra del Interior y Seguridad Pública";"La señora TOHÁ ( Ministra del Interior y Seguridad Pública ).-
Muchas gracias.
Este es el último tema, porque entremedio hay uno chiquito, pero es consecuencia del anterior, así que es irrelevante.
El Ejecutivo era partidario, y la Comisión también tomó esta idea, de que la usurpación fuera considerada como delitos permanentes. Es decir, mientras se ejecuta se considera siempre en flagrancia, y eso significa que es posible intervenir directamente para detener la ejecución de este delito sin necesidad de esperar una orden del juez.
Habitualmente, cuando un delito no tiene pena privativa de libertad eso no se pude hacer. Pero en este caso la propuesta del Ejecutivo es que se considere primero la flagrancia mientras se esté desarrollando, y segundo, que se autorice la actuación de las Policías incluso cuando no haya pena privativa. Por ejemplo, en el caso de la usurpación no violenta.
Hasta ahí, todos de acuerdo. ¿Cuál es el problema? Que, a esta propuesta del Ejecutivo de que las Policías puedan intervenir sin esperar una orden judicial y aunque el delito no tenga pena privativa, se le agregó en la Comisión que se pueda ejercer la legítima defensa y hacer retención de las personas que participan en la usurpación también de manera indefinida.
¿Qué significa eso? Que ante una usurpación de un local que, por ejemplo, lleva varios meses y en que por alguna
7
razón las Policías no han actuado (deberían actuar y ahora no tienen ninguna excusa para no hacerlo; no tienen ni siquiera que esperar una orden del tribunal), el propietario pueda organizar con un grupo de amigos el ir a retomarlo por sí solo. Y como es un caso de legítima defensa, puede hacer también ejercicio de la violencia amparándose en este argumento.
Bueno, eso es una invitación a hacer justicia con mano propia; a generar verdaderas confrontaciones entre civiles; a abrir la puerta también a una pasividad policial. Porque, si las personas pueden recuperar sus inmuebles de manera propia, probablemente esto será lo que se gatille, en lugar del deber de responder cuando hay una situación de este tipo, sobre todo considerando que se están dando todas las condiciones en la legislación.
Entonces, como Ejecutivo, insistimos en volver a la propuesta original y dar a las Policías la responsabilidad de desocupar los predios y no a los propietarios la responsabilidad de armar operaciones civiles de justicia con mano propia.
Esas son las indicaciones, Presidente, y lamento que no se haya logrado el consenso en su momento, pero hoy día todavía estamos a tiempo.";1
"76";"21633";302;2023;5;"ARAVENA";NA;"La señora ARAVENA.-
Gracias, Presidente.
Bueno, este proyecto se inició en una moción de varios Senadores, y ya se refundió con otra iniciativa. Se presentó el 2 de marzo del 2021, han pasado muchísimos años. Esto ha sido difícil.
Sin embargo, cuando los autores de este proyecto nos pusimos de acuerdo en su presentación lo hicimos pensando justamente en el fallecimiento -ya lo dijo el Senador Kast- de una persona víctima de un sicariato producto de una toma de terreno, independiente de que sí es real que en La Araucanía ha habido una cantidad importantísima de usurpaciones en los últimos años, que han generado muchas situaciones de violencia, atentados terroristas, etcétera.
El Ministerio Público y también Carabineros de Chile, cuando se presentó este proyecto, plantearon que era muy importante legislar al respecto. ¿Por qué? Porque este viene a resolver un problema muy complejo, dado que la usurpación en Chile tiene solo sanción de multa -ya lo han dicho varios colegas-, y evidentemente eso no permite la detención de las personas y genera un costo muy alto para los propietarios por la contratación de abogados para poder sacarlas de los predios o de las casas, y en el caso de los predios agrícolas muchas veces hemos visto que a las pocas horas están de vuelta las personas que se hallaban usurpándolos.
Solo el 9 de agosto del 2022 este proyecto fue aprobado, y actualmente lleva más de 1.121 días de tramitación.
Hoy día Francia, Alemania, España y Portugal, solo en Europa, y algunos países de Latinoamérica, como Perú, Argentina , Uruguay, entre otros, ya tienen esta legislación actualizada hace muchos años.
Lo que nosotros pretendemos es que ambos tipos de usurpaciones tengan pena de cárcel, porque si bien la Ministra , por su intermedio, Presidente , ha planteado una alternativa para la usurpación no violenta, nosotros creemos que en la práctica siempre la usurpación es violenta, no desde el punto de vista de la afectación física, pero sí de la psicológica, porque la Constitución vigente hoy día es muy clara respecto al derecho de propiedad y al deber del Estado de respaldarla, cosa que claramente ha estado en falta durante los últimos años.
Por lo tanto, hemos propuesto la aplicación no solo de multas, sino también de penas privativas de libertad para ambos casos, entendiendo que, tratándose de penas privativas de libertad, que son de grado mínimo, como las no violentas, probablemente habrá medidas alternativas, que van a permitir actuar a los carabineros.
En ese sentido, también me parece muy importante que se permita la utilización de técnicas especiales de
7
investigación. Creo que esto fue un aporte, como también la restitución anticipada del inmueble. Hay casos en que a veces transcurren dos años para que las personas puedan recuperar sus casas que hoy día están usurpadas, e incluso mucho más.
Se establecen regulaciones especiales para los loteos brujos y se excluye la posibilidad de detención respecto de la usurpación no violenta de inmuebles de familias que están dentro del Catastro Nacional considerado hasta el 2022, lo que me parece muy bueno también, porque lo contrario sería realmente difícil de abordar y de administrar.
Eso sí, tengo una diferencia respecto de cómo se trataron en este proyecto las indicaciones que presentó el Ejecutivo . Yo creo que habría sido mucho más práctico ir revisando su opinión en cada una de las indicaciones que se repusieron, porque claramente para quienes no estuvieron en el proyecto no es tan fácil intelectualmente memorizar todo lo que nos dijo la Ministra , porque resulta evidente que los que estuvimos en la discusión lo sabemos, pero en mi opinión habría sido mejor, más didáctico, que el Ejecutivo explicara cada una de sus indicaciones.
Pero, bueno, no se dio así, y hoy día lo que corresponde es enviar, en mi humilde opinión, una señal a la ciudadanía en el sentido de lo que avanzamos con este proyecto, porque la verdad de las cosas es que todos los días vemos situaciones muy graves respecto a la usurpación en Chile.
No puede ser que un país que está en vías de desarrollo todavía no tenga herramientas jurídicas para proteger los bienes que con tanto esfuerzo han adquirido las familias. Y si bien existe una historia contada por un Senador que me antecedió, creo que uno tiene que hacerse cargo de la situación que está pasando hoy día, como la del crimen organizado, y de las agrupaciones terroristas que hay en mi región, que están vinculadas a la usurpación, y no se trata de cosas que el Estado pueda apoyar y menos que este Senado pueda respaldar.
Así que yo, obviamente, voy a apoyar nuestro proyecto, con todas las mejoras que se le puedan hacer después en la Cámara de Diputados.
Muchas gracias.";1
"77";"21633";304;2023;5;"CHAHUÁN";NA;"El señor CHAHUÁN.-
Señor Presidente , Honorable Sala, el delito de usurpación ha sido siempre parte de mi preocupación legislativa, por eso es que en el año 2008, siendo miembro de la Cámara de Diputados, presenté la primera moción sobre la materia, consignada en el boletín N° 5.844-07, destinada a aumentar las penas a los responsables de este delito.
Como este proyecto no tuvo mayor avance en dicha rama legislativa, en el año 2016 presenté una nueva moción en esta Corporación, con igual finalidad, contenida en el boletín N° 10.780-07, que quedó radicada en la Comisión de Constitución, Legislación, Justicia y Reglamento, la cual tampoco tuvo tratamiento legislativo.
Y en el año 2020, la Senadora Carmen Gloria Aravena me invitó a patrocinar el proyecto de ley que actualmente nos convoca, y que en esta oportunidad estamos discutiendo en particular, con indicaciones muy acertadas, a las que adhiero plenamente, porque el delito de usurpación es un grave atentado al derecho de propiedad garantizado como derecho fundamental en nuestra Carta Fundamental.
El problema de las usurpaciones o tomas de terreno ha avanzado rápidamente en los últimos años, con casos complejos en distintos puntos del país.
Hace poco tiempo se informaba de una nueva construcción ilegal en Viña del Mar, ciudad a la que represento en este Hemiciclo, en el terreno donde está el condominio Borinquén , proyecto destinado a viviendas sociales. Y la región de Valparaíso es la que suma más campamentos en Chile, donde viven 30 mil familias.
A la hora de tomar un terreno, llegan organizados, actúan muy rápido, con máquinas, cercos, etcétera. Y a esto se
7
suma que a muchas personas se les entrega un título falso, y que, desde el punto de vista civil, hay una jurisprudencia antigua que establece que, si alguien tiene un título, al menos aparente, es el dueño el que tiene que probar que es falso.
Por ello es de suma importancia que aprobemos este proyecto de ley, que distingue entre la usurpación violenta y la no violenta.
Asimismo, nos parece absolutamente acertada la norma que establece que la comisión de delitos de usurpación será flagrante desde que se inicie su ejecución y mientras persista la ocupación.
Por estas consideraciones, vamos a votar favorablemente.
De más está decir que la Región de Valparaíso tiene la mayor cantidad de campamentos de Chile, y por supuesto que hay algunos de ellos dentro del Catastro que ha sido histórico, y que representa también el desafío de muchas familias para tener un título de dominio, que yo distinguiría de la acción del crimen organizado que hoy día hemos visto en las Regiones de Valparaíso y de La Araucanía, o en la de Antofagasta.
Por lo tanto, reitero que yo distinguiría claramente aquello.
En ese sentido, por supuesto que vamos a aprobar este proyecto, que va en la dirección correcta de terminar con lo que ha sido una práctica habitual, donde hay crimen organizado, donde hay delincuencia organizada, y donde hay un derecho de toma que ha ido construyéndose en la práctica, donde los tomadores terminan vendiendo títulos de dominio a terceras personas, situación a la que debemos hacer frente de manera enérgica, porque acá está en juego también el derecho de propiedad en todas y cada una de sus formas.
Por eso vamos a votar favorablemente el proyecto, y a revisar cada una de las indicaciones con los matices que acabo de señalar.
Gracias, Presidente .";1
"78";"21633";306;2023;5;"ALLENDE";NA;"La señora ALLENDE.-
Presidente , creo que es muy importante hoy día que podamos avanzar, como nos explicaba la Ministra del Interior , y ojalá con un poco más de pausa y reflexión para ver aquellos puntos que parecen ser muy esenciales y las distinciones que lamentablemente parecen no hacerse en este proyecto, el cual me parece que no tuvo la mejor discusión en la Comisión de Seguridad, algo que ya se ha dicho.
Por otro lado, considero importante transmitir certezas y dar señales claras sobre el particular.
En el inicio esta moción tenía la finalidad de aumentar las penas justamente para el delito de usurpación violenta y de facilitar en ese contexto la detención y desalojo, pero mediante una serie de indicaciones se decidió redefinir el tipo penal a conductas permanentes; se incorporó también la fuerza en las cosas, en que a modo ejemplar la Ministra mencionó lo del candado, sin distinguirla adecuadamente de la fuerza en las personas; se establecieron penas privativas de libertad a usurpaciones no violentas, y probablemente lo más grave es que no se resolvió de manera adecuada la situación de hombres y mujeres que viven en campamentos.
Dudo que haya alguien en esta Sala que no esté de acuerdo en que debemos impedir la ocurrencia de situaciones de carácter violento, como las que se vivieron hace poco en San Pedro de la Paz, donde estaba a punto de entregarse un conjunto de viviendas, y lo más grave aún es que llevaban diez años organizados esos comités, que integraban familiares de víctimas de la dictadura. Y, por lo tanto, es más doloroso todavía que, después de diez años, se intentara tomar.
Creo que fue muy afortunado el desalojo, y se hizo sin heridos, ni mucho menos, a excepción de una agresión a un
7
medio de comunicación. En definitiva, no era fácil, porque había cerca de diez mil personas. Pienso que fue muy adecuado.
Por cierto, no estamos de acuerdo con que ocurran ese tipo de tomas. La gente de los comités ha estado ahorrando por años y, evidentemente, no es aceptable que suceda aquello.
Pero tampoco podemos decir que no hay diferencias con las tomas no violentas. Aquí se recordó que en el pasado hemos tenido luchas históricas, las que, afortunadamente, dieron lugar a poblaciones como la José María Caro , la Santa Adriana y la Santa Olga; son históricas en este país; surgieron de los años sesenta en adelante. No todos los habitantes de ellas eran criminales, pero hoy día los estaríamos tratando prácticamente de delincuentes, siendo que eran personas desesperadas que no tuvieron otra solución.
En ese sentido, creo que es tremendamente inadecuado que no se distinga aquello. Por lo tanto, no me parece que hoy día se quiera pasar de una multa -estamos de acuerdo en que puede ser muy baja- a una pena de presidio menor en su grado mínimo a medio (es decir, de sesenta y un días a tres años).
No creo que eso sea razonable y me parece que es criminalizar a mucha gente.
Y hablo por la Región de Valparaíso, que es la que tiene la mayor cantidad de campamentos en todo el país y donde contamos con un déficit de más de setenta mil viviendas. El gran desafío de este Gobierno -ojalá que se pueda concretar- es llegar a construir treinta y un mil viviendas.
Me refiero a lugares como el campamento Manuel Bustos -estuvimos allí hace unos días con el Ministro de Vivienda -, que tiene alrededor de mil setecientos hogares, lo que lo convierte en el campamento más grande de Chile, y data desde el año 1995.
Lamentablemente, hay que señalar que el Catastro Nacional de Campamentos disponible llega hasta una fecha determinada, y a partir del año 2022 ha aumentado.
La gran pregunta que debemos hacernos es qué pasa allí. Lo que sucede es la especulación del suelo, la carestía de los arriendos, la imposibilidad de acceder, la situación económica, el hacinamiento y la falta de respuestas.
Por cierto, tenemos un Plan de Emergencia Habitacional en el cual el Gobierno se ha comprometido a construir doscientas sesenta mil viviendas. Creo que es muy necesario. Pero, si no se hace una distinción, estaremos criminalizando a todas y cada una de las personas que viven en tomas, incluso si se trata de una usurpación no violenta y que está motivada por todas las necesidades señaladas.
Queremos legislar, regular, ser claros, y hay cosas en las que estamos de acuerdo -como decía la Ministra Tohá-; pero hay otras en las que evidentemente no vamos a tener consenso y queremos avanzar.
Aquí no estamos dando respuesta a las situaciones que se dieron y siguen ocurriendo, incluyendo las posteriores al 2022. Es lamentable, porque esto da cuenta de un problema grave que afecta a familias y que no ha sido solucionado.
Yo espero que logremos un buen acuerdo, en el que entendamos lo que es necesario legislar, que tengamos certeza y seamos claros en las reglas.
Evidentemente, estamos de acuerdo con que se facilite la recuperación de las propiedades o se restituyan anticipadamente; se autoricen técnicas especiales de investigación, y, por cierto, se castigue a los especuladores, aquellos que lucran, mienten y falsean; pero también estamos por no seguir criminalizando.";1
"79";"21633";308;2023;5;"GARCÍA";NA;"El señor GARCÍA.-
Muchas gracias, señor Presidente.
Saludo a la señora Ministra del Interior y Seguridad Pública .
Yo quiero iniciar esta intervención diciendo que el delito de usurpación ha venido creciendo fuertemente en nuestro país, en todas las regiones. Este no es un tema solo de La Araucanía; ocurre en todo Chile. Me atrevería a decir incluso que sucede con mayor fuerza en regiones distintas a La Araucanía.
Nuestra legislación en esta materia tiene ciento cuarenta años. Está atrasada y no da cuenta del fenómeno actual.
Por lo tanto, no inhibe a que las personas tomen la decisión de usurpar terrenos o viviendas (inmuebles en general), porque finalmente la única penalidad es una multa. Eso no es disuasivo.
Por ende, tal como lo han solicitado el Ministerio Público y Carabineros de Chile, necesitamos que se contemplen penas más enérgicas, para asegurar que este tipo de delitos comience a disminuir significativamente.
Esa fue la razón por la cual se presentó este proyecto de ley. Lo que hemos propuesto es que tanto la usurpación violenta como la no violenta tengan penas de cárcel en distinta gradualidad, ya que eso permite que se decreten medidas cautelares y que los involucrados puedan ser registrados como personas que han cometido un delito. De manera contraria, solo con la multa, no persuadimos, se facilita la impunidad y se crean las condiciones para que este delito se siga multiplicando.
Son muchos países en el mundo los que tienen establecidas en sus legislaciones las penas privativas de libertad para la usurpación. Eso nos lleva a afirmar que nuestra legislación está atrasada, es débil y, finalmente, no se ha transformado en un disuasivo importante para disminuir este tipo de delitos.
A esto hay que agregar el tema de la flagrancia. De acuerdo con un fallo de la Corte Suprema de Justicia, la detención en flagrancia solo se puede llevar adelante durante las doce horas inmediatamente posteriores a la comisión del delito de usurpación. Muchas veces la autoridad y los dueños se vienen a enterar después de las doce horas. Esto facilita aún más el que se cometa este tipo de delitos y la impunidad.
Por lo anterior, nos ha parecido de la mayor conveniencia considerar la usurpación como un delito de carácter permanente, de tal forma que en cualquier momento, mientras se mantenga su ejecución, se puedan concretar las detenciones que correspondan.
Yo quiero señalar, señor Presidente , que este es un proyecto necesario, una modernización imprescindible de nuestra legislación.
Escuché con atención al Senador José Miguel Insulza respecto de los efectos que este proyecto podría tener en relación con los comités de vivienda que recurren a la toma de terrenos para tener su casa propia.
En ese sentido, quiero decir que yo creo que la reacción del Estado en general, a través del tiempo, es demasiado lenta.
Esos comités esperan años para tener sus viviendas propias. Por lo tanto, yo estoy de acuerdo con que hagamos todos los esfuerzos para agilizar los procesos y que dispongamos de la mayor cantidad de recursos para que el Ministerio de Vivienda pueda materializar más y más viviendas; pero eso no nos puede llevar a justificar las usurpaciones ni las tomas de terrenos.
Lo anterior, porque muchos de los afectados son, precisamente, comités de vivienda que después de
años han logrado que se les...
(se desactiva el micrófono por haberse agotado el tiempo).";1
"80";"21633";310;2023;5;"GARCÍA";NA;"El señor GARCÍA.-
Como decía, los afectados son comités de vivienda que después de muchos años han logrado que se les compre su terreno para comenzar a construir, y vienen personas de otros lados, de otros comités, y se toman esos terrenos.
Entonces, yo creo que nosotros tenemos que crear las condiciones para que este delito disminuya significativamente.
Ese es el propósito de este proyecto de ley, y yo llamo a aprobar sus normas.
Muchas gracias, Presidente .";1
"81";"21633";312;2023;5;"DURANA";NA;"El señor DURANA.-
Gracias, Presidente.
Las tomas y usurpaciones de terrenos son un grave problema en Chile y, obviamente, constituyen una vergonzosa realidad en la Región de Arica y Parinacota, donde hoy forman parte del panorama que ofrece nuestra ciudad. Es un problema creciente y explosivo que venimos reclamando quienes representamos a los ciudadanos de la región, los cuales merecen, por parte del Gobierno, una respuesta contundente que le ponga fin.
En septiembre del año 2021 solicité, mediante oficio, un catastro de los terrenos tomados en la ciudad. Lejos de obtener una respuesta eficaz, hasta la fecha, las tomas en Arica han tenido un crecimiento explosivo y al parecer no importa si se trata de campos minados o santuarios de la naturaleza, de la dilapidación de recursos hídricos con el robo de agua, de la amenaza a la estabilidad de los cerros como producto de los pozos sépticos, de la afectación de quebradas y de la destrucción del patrimonio arqueológico, entre otros.
Son problemas que debemos enfrentar.
Este catastro es básico para que el Ministerio Público tenga eficacia en el ejercicio de las acciones que procedan en contra de las personas y de las verdaderas mafias que se encuentran detrás de la toma de estos terrenos.
Algunas estimaciones consideran que la superficie de terreno tomado es superior a las 500 hectáreas, la gran mayoría de ellas en la propia ciudad de Arica. Esto es simplemente vergonzoso.
El problema es de tal magnitud e impunidad que los terrenos usurpados son ofrecidos en venta en la ciudad de Tacna (Perú) y su posesión irregular está incluso protegida por el crimen organizado.
No es difícil concluir que estos problemas son provocados esencialmente por la inacción del Estado. No queremos que las autoridades del Gobierno solo vayan a sacarse fotos a las tomas; lo que queremos es que den soluciones a un problema que nos asfixia.
Las usurpaciones se han visto incentivadas por las bajas sanciones a este delito y la existencia de multas que no tienen ninguna eficacia. Asimismo, el Ministerio Público reclama la falta de herramientas para enfrentar estos ilícitos.
Es por ello que el proyecto de ley en debate aumenta las penas de este tipo de delitos, autoriza al Ministerio Público a utilizar técnicas especiales de investigación para enfrentarlos y contempla la necesidad de considerar la flagrancia como un elemento que ayude en la persecución del delito y no que constituya una verdadera limitación.
En ese contexto, no es entendible el criterio que quiere fijar el Gobierno al plantear indicaciones que buscan limitar este proyecto de ley, ya que eso solo refleja la falta de consecuencia con el objetivo planteado y con la seguridad
7
de ciudades como las de la macrozona norte, que se ven gravemente afectadas por el delito de usurpación.
Por eso, manifiesto mi voto a favor de todos y cada uno de los artículos de este proyecto de ley, de acuerdo con el texto aprobado por la Comisión de Seguridad Pública.
Gracias, Presidente .";1
"82";"21633";314;2023;5;"WALKER";NA;"El señor WALKER.-
Muchas gracias, Presidente.
Por supuesto, voy a concurrir con mi voto favorable a este proyecto de ley, que modifica el Código Penal para castigar con penas privativas de libertad el delito de usurpación, ampliar el período de flagrancia y facilitar la detención de los ocupantes.
Sin embargo, hay dudas respecto de algunos artículos en general.
Obviamente, la pena asociada a la comisión del delito con violencia o intimidación en las personas debe ser distinta a la que se imponga cuando se comete el delito con violencia en las cosas, porque los bienes jurídicos protegidos son distintos: en un caso, se resguarda la vida, la integridad física del propietario del inmueble y, en el otro, la propiedad propiamente tal. Tiene que haber una gradualidad.
De la intervención de la señora Ministra del Interior entendí que el Gobierno está preparando una indicación al respecto. Ojalá exista acuerdo para votarla en esta misma jornada, si es que hubiere unanimidad y buena disposición para ello.
Pero, obviamente, tiene que existir gradualidad.
Ahora, quiero decir algo, porque se ha hablado mucho de los comités de vivienda y de las tomas.
Desde luego, el proyecto hace inaplicable la regla sobre detención y flagrancia contenida en esta iniciativa respecto de quienes habitan en campamentos catastrados hacia el año 2022. Y es importante recordarlo y precisarlo para quienes están siguiendo este debate.
De la experiencia que tengo desde hace mucho tiempo con los comités de vivienda, por lejos, Presidente , son ellos los más preocupados de que después de años de esfuerzo, de ahorro, de construcción de sus viviendas sociales finalmente otras personas se salten la fila y ocupen esos terrenos o inmuebles que tanto les ha costado conseguir.
Nos pasó la semana pasada en Ovalle, cuando junto con el Seremi de Vivienda, José Manuel Peralta , y el Director del Serviu , Ángelo Montaño -un muy buen equipo que está trabajando en materia de vivienda en la Región de Coquimbo-, fuimos a visitar las casas de San Sebastián, un loteo que está a punto de entregarse en la comuna después de más de diez años. Y son las propias dirigentas de los comités de vivienda las que le plantearon al Seremi: ""por favor, pónganos más seguridad porque no queremos que nos pase lo mismo que ocurrió en San Pedro de la Paz"", donde hubo una toma de viviendas sociales, saltándose la fila y afectando a familias muy vulnerables que llevaban años esperando su solución habitacional.
Hay aspectos que este proyecto recoge de la Ley ""Devuélveme mi casa"", que ahora ya está en plena vigencia y que propiciamos desde la Cámara de Diputados con el ex Diputado Gonzalo Fuenzalida ; que aprobamos en el
7
Senado, primero en la Comisión de Constitución, y que hoy día es ley de la república.
Esta normativa ha sido muy eficaz porque junto con la interposición de la demanda se puede solicitar la medida precautoria de restitución anticipada del inmueble. Y ha sido muy efectiva también para ponerle fin a la pesadilla de miles de propietarios, muchos de ellos adultos mayores de sectores vulnerables, de clase media, cuyo único bien o patrimonio es su departamento o su casa que estaba arrendada o subarrendada. Gracias a la Ley ""Devuélveme mi casa"" y a las modificaciones que le hicimos a la normativa de arrendamiento de predios urbanos y al juicio sumario, hoy día han podido obtener la restitución anticipada de su inmueble.
Reitero, ahora que se incorporó la Ministra, que creo que efectivamente tiene que establecerse una pena distinta cuando el bien jurídico protegido es la vida humana, cuando hay intimidación a las personas, respecto del delito cometido con fuerza en las cosas.
Espero que se pueda llegar a un acuerdo en esta materia.
Vamos a aprobar el proyecto.
Muchas gracias, Presidente .";1
"83";"21633";316;2023;5;"QUINTANA";NA;"El señor QUINTANA.-
Gracias, señor Presidente.
Yo quiero partir con lo que señalaba el Senador Matías Walker, porque este proyecto se planteó por parte de sus autores de manera tácita digamos, porque no fue explícito. De hecho, no hay ninguna mención a la Región de La Araucanía ni a las regiones del sur donde podría aplicarse esto -y digo ""podría""-, no hay ninguna referencia ni en los cambios que se hicieron ni en el proyecto original. Siempre se pensó en La Araucanía, pero los efectos de eso, como bien señalaba el colega que me antecedió en la palabra, tendrán lugar más bien en lo urbano.
Y por eso la discusión que se ha dado en esta Sala es en torno a la usurpación no violenta, que, como bien decía el Senador Insulza, surge en el mundo básicamente por tomas de terrenos para soluciones habitacionales. Y ese es un tema en el que aquí nos estamos enredando.
Este es un proyecto que parte con incoherencias, que es defectuoso. Hubo tres penalistas -esto lo he dicho en otras ocasiones, no es primera vez que tenemos esta discusión en la Sala- que señalaron, respecto al proyecto original, que no cambia mucho en esos aspectos, que adolecía de una serie de incoherencias. Y son tres penalistas, algunos también muy afines al anterior Gobierno.
Yo siento que eso no lo estamos resolviendo bien, nos estamos perdiendo una oportunidad.
Por mi parte, habría esperado que esto lo hubiéramos resuelto como lo hicimos, por ejemplo, con el proyecto de robo de madera, donde el Gobierno, usted, Ministra Tohá -por su intermedio, Presidente -, se involucró y presentó indicaciones, y sacamos una buena iniciativa.
Todos teníamos la oportunidad para haber hecho eso y nos estamos farreando esa posibilidad con un proyecto incoherente, con algunos aspectos probablemente inconstitucionales, donde el remedio podría ser incluso peor que la enfermedad.
Y quiero explicitar los consensos que existían tanto en el Gobierno como en la alianza gobernante.
Había acuerdo para penalizar con mayor severidad la usurpación violenta (acuerdo total en las filas del oficialismo); mecanismos más eficaces para la restitución del inmueble.
Incluso es bueno señalar que existió un principio de acuerdo con los asesores de los Senadores de Chile Vamos en
7
el sentido de que, en el caso de la usurpación no violenta, entendiendo que debe haber una diferencia significativa en la sanción, si se entregaba el inmueble en setenta y dos horas, se aplicaba una multa -por supuesto, eso no salía gratis-, pero no se daba lugar a todo un proceso penal, tal como se plantea hoy día.
Entonces, había acuerdo en eso.
También hubo consenso en habilitar a las Policías para detener en el caso de la ocupación ilegal de un inmueble.
La Ministra Tohá lo decía recién: siempre el Gobierno estuvo dispuesto a eso, porque entiende que aquí hay un problema. Pero creo que acá no lo estamos resolviendo bien y que la solución puede ser mucho peor.
Asimismo, la incorporación en el artículo 10 del Código Penal de la exención de responsabilidad o la legítima defensa privilegiada al mismo nivel de abusadores sexuales de menores me parece sumamente peligrosa. El incentivo no va a ser para que las Policías concurran, sino para que alguien, que se siente perjudicado en sus derechos, llegue con un camión de personas a sacar a los usurpadores, lo que va a terminar en más violencia.
Entonces, esto puede traer más violencia.
Y ni siquiera quiero mencionar cómo surge este conflicto en Chile y por qué las penas de usurpación hoy día son tan bajas. Bueno, eso es porque este conflicto viene de los siglos XIX y XX, y todos sabemos quiénes hacían las leyes en ese momento y el rol que jugaba el gran hacendado, lo que ya está demostrado.
Sin embargo, me parece que todavía tenemos una oportunidad.
Yo espero que finalmente tomemos el camino.
El Ejecutivo ha hecho una propuesta bastante razonable, haciéndose cargo de estos temas y entendiendo que estamos frente a un delito permanente. Puede decirlo y no puede decirlo -también se ofrecieron alternativas-, porque, al igual que el secuestro, este es un delito permanente y dura mientras el bien esté ocupado.
Creo que se pudo resolver de manera más adecuada para facilitar la detención y mejorar, de paso, la flagrancia.
Sin embargo, no se quiso corregir de esa manera.
Y lo que vamos a tener es que la usurpación violenta, respecto de la cual no cabe duda de que debe tener pena de crimen (tres años y un día hasta cinco años y la no violenta de sesenta y un días a tres años), va a quedar más grave que la usurpación violenta y fraudulenta de aguas, que es una situación que ocurre en Chile.
De hecho, el año 2022 la PDI investigó 358 denuncias de usurpación violenta o fraudulenta de aguas. Ahí parece que el derecho de propiedad no importa, porque claramente se pone al mismo nivel la violencia en las personas con la violencia en las cosas.
Francamente, creo que esto va a quedar muy incoherente.
Lo del catastro también se puede prestar para que un juez diga ""¡Ah! Usted está en el catastro, no le pasa nada.
Usted no está en el catastro""...
(se desactiva el micrófono por haberse agotado el tiempo).";1
"84";"21633";320;2023;5;"SANHUEZA";NA;"El señor SANHUEZA.-
Gracias, Presidente.
Lamentablemente, en los últimos años se ha identificado un alto aumento de los delitos de usurpación o tomas de terrenos, lo que se ha visto influenciado por una serie de factores.
Primero, la existencia de sanciones bajas frente a su comisión. Se ha señalado que las penas de multas actualmente reguladas no sirven para disuadir la comisión del delito, de manera tal que se constituyen en meras sanciones de carácter simbólico. En este sentido, se aumentan sistemáticamente las penas correspondientes a los delitos de usurpación y ocupación de bienes inmuebles.
En segundo término, existen herramientas débiles para la investigación del delito cometido, lo que impide un acabado trabajo del Ministerio Público para determinar, por ejemplo, identidades, patrones en la comisión del delito, objetivos específicos y procedimientos utilizados para ello por quienes cometen este ilícito. Para remediar dicha complejidad, se propone autorizar a los fiscales para disponer de técnicas especiales de investigación.
Tercero, existe un período de flagrancia que ha impedido la detención de quienes cometen el delito. Esta situación también se corrige mediante aquellas normas que fijan reglas específicas sobre flagrancia, las cuales disponen que esta existirá durante todo el tiempo en que se prolongue la consumación del delito.
De otro lado, es necesario considerar, además, que el delito de usurpación se ha cometido también en contextos diferentes.
Por un lado, es posible identificar aquellas usurpaciones cuyo objetivo consiste en lotear irregularmente los terrenos e intentar venderlos o arrendar a personas que se encuentran en una situación socioeconómica desventajada. Sucede así en lo que se ha conocido como ""tomas"", distintas a los campamentos, que se realizan con los fines ya enunciados.
En este sentido, a inicios del 2022 se identifican un total de 486 tomas a lo largo del país. Este problema intentó ser abordado por el Ministerio de Vivienda y Urbanismo, en conjunto con el de Bienes Nacionales.
Por otro lado, es posible identificar aquellas usurpaciones realizadas en la macrozona sur, que también incluyen un factor político. Esto, según se ha estudiado, ha afectado principalmente a la Región de La Araucanía, tal como se demuestra en el Informe sobre Violencia en la Macrozona Sur del año 2018 al 2021.
Como se observa, cualquiera sea el motivo de la usurpación se genera una situación muy perjudicial para los dueños de terrenos afectados, lo que se mejora con este proyecto de ley, que es de suma importancia y pone el énfasis en la seguridad pública, cuestión que muchas veces incomoda a ciertos sectores que olvidan que la principal demanda ciudadana es volver a vivir en paz.
Por dichas consideraciones, apoyamos sin vacilaciones el presente proyecto de ley.
Gracias, Presidente .";1
"85";"21633";322;2023;5;"PASCUAL";NA;"La señora PASCUAL.-
Gracias, Presidente.
Al igual que algunos Senadores y Senadoras que me han antecedido en el uso de la palabra, a mí me gustaría despejar que el hecho de tener una posición distinta en este proyecto de ley, cuyo debate hoy día estamos llevando a cabo, en algunos puntos implique estar amparando la usurpación de los bienes de las personas.
7
Creo que este proyecto es conflictivo y complejo no por razones que algunos quieren adscribir solo a una posición política o ideológica, sino porque establece un delito permanente, cualesquiera sean su contexto y su gravedad, pues su comisión se va a tener que pagar, sí o sí, con cárcel.
Por ejemplo, el proyecto consagra penas de cárcel si la usurpación es con violencia o sin ella; si es con violencia contra las personas o si es con violencia contra las cosas.
Y si bien todo eso tiene un nivel de gravedad, me parece que no están a la misma altura todas esas gravedades.
Entonces, quiero plantear este punto, porque no se trata de que una no se disponga a discutir ciertas cosas.
En segundo lugar, el proyecto también me parece sumamente complejo y conflictivo, porque no va en la búsqueda de lo que se indicó en algún momento en materia de loteos brujos o de una serie de otras situaciones, sino que va contra todo tipo de circunstancias y contextos.
Entonces, en general, el proyecto tiene como intencionalidad establecer un nuevo tipo penal que en todos los casos y contextos va a tratar esta situación -insisto- como si fuera una usurpación violenta, con una reacción sumamente amplia y ambigua, que extenderá el castigo penal a innumerables hechos, entre los cuales podemos encontrar, por ejemplo, disputas vecinales por deslindes (ninguna usurpación ni toma de terrenos); tránsitos no autorizados; eventuales confusiones sobre acceso a predios; situaciones de demandas o de protesta social; ocupación transitoria o temporal provocada por alguna situación distinta. Aquí muchos y muchas pueden haber ocupado temporalmente una oficina ministerial, una oficina de alguna autoridad universitaria, una oficina en cualquier lado, y también podrían haber sido acusados de lo mismo, casos que no necesariamente tienen que ver con lo que se buscaba al principio, que es un fenómeno también complejo.
También el texto está, por lo tanto, alterando el tipo penal de usurpación violenta, afectando todas las modificaciones que se proponen, especialmente lo vinculado a las penas que se establecen a mi juicio de forma desproporcionada.
En tercer lugar, este proyecto de ley -lo dijo la Ministra y nosotros lo compartimos- promueve la justicia por las propias manos o, dicho de otra manera y en jerga más jurídica, la autotutela.
Una persona que es usurpada en su terreno o en su vivienda, como esto es permanente y como aumenta la flagrancia en términos del tiempo que puede durar ya que se hace más eterna, puede prepararse para ir a recuperar su terreno días después, semanas después, meses después. Si resulta un herido o un muerto, hay legítima defensa privilegiada de una persona natural. O sea, ya no solo se cambió la legítima defensa privilegiada en la Ley Nain-Retamal para las Policías, sino ahora también para las personas naturales.
Esto es peligroso para los ocupantes, pero también para quien se quiere defender de esa ocupación o usurpación.
En cuarto lugar, si bien el artículo transitorio puede dar un respiro a aquellas familias que están en una toma registrada hasta el año 2022 en el listado de campamentos nacionales, me parece que no da cuenta de todo lo que pudiera ocurrir en materia de campamentos y de déficit de vivienda en nuestro país. Y el día de mañana dejar esto solo vinculado a una fecha, que es el año 2022, y no a una hipótesis que pudiera, por ejemplo...
(se desactiva el micrófono por haberse agotado el tiempo).
Pido treinta segundos, Presidente, como se les dio a todos los demás.";1
"86";"21633";324;2023;5;"PASCUAL";NA;"La señora PASCUAL.-
Y, por lo tanto, como tenemos un catastro de déficit habitacional, que se calcula del orden de 450 mil a 600 mil viviendas, y lo que está catastrado en campamentos es apenas ciento y tantas mil familias -por tanto, son ciento y tantas mil viviendas por lo bajo-, el día de mañana pueden originarse conflictos adjudicables a situaciones como esta.
7
Finalmente, entiendo y valoro el esfuerzo que hace el Ejecutivo por moderar esta iniciativa parlamentaria.
Sin embargo, aquí estamos operando sobre la base de dejar lo menos malo de lo malo, pero, en rigor, creo que no es una moción seria la que se nos presenta hoy día.
Muchas gracias, Presidente .";1
"87";"21633";326;2023;5;"EDWARDS";NA;"El señor EDWARDS.-
Presidente , yo me siento bastante identificado con las palabras de la Senadora Aravena, así que simplemente voy a hacer una pequeña reflexión para la Ministra Tohá , a quien escuché hablar.
No sé si está acá la Ministra Tohá . ¿O ya se fue?";1
"88";"21633";329;2023;5;"EDWARDS";NA;"El señor EDWARDS.-
¡Usurparon el escritorio...!
(Risas).
Yo escuché a la Ministra con atención y quiero recordarle algunas palabras del Presidente.
El Presidente Boric hablaba de que no podíamos pasar del ""no lo vimos venir"" al ""aquí no ha pasado nada"".
Y la verdad es que el domingo se realizó una elección y su Gobierno obtuvo la peor derrota que nunca su sector había tenido en la historia de Chile. Y si hay algo que hizo que esa derrota fuera posible a manos del Partido Republicano, fueron los problemas de seguridad.
Por eso yo realmente no puedo entender que una Ministra del Gobierno que ha sido derrotado el domingo, por mala gestión en seguridad y en otras materias, pero en particular por seguridad, siga poniéndole zancadillas a la agenda de seguridad como si las cosas estuvieran bien.
Me parece que el Gobierno debiese, por lo menos, tomar nota de lo que le han dicho los chilenos tras dos macizas presentaciones en su contra respecto a su gestión, particularmente en seguridad.
A mí me gustaría que la Ministra ojalá tomara nota, en vez de ponerle cortapisas a este proyecto a través de lo que ella dice y también a través de sus parlamentarios.
En segundo lugar, la Ministra habla de que es una mala señal que existan votaciones divididas.
Bueno, si a ella le molesta que haya votaciones dividas, yo la llamo a que también trate de llegar a acuerdo en otras materias en que no lo están haciendo.
El día de mañana, por ejemplo, vamos a votar supuestamente el proyecto del royalty, proyecto absolutamente
7
inconstitucional en su tramitación y cuya inconstitucionalidad fue votada en una Sala del Parlamento y se ganó por dos votos. Un proyecto que aumentaba impuestos pasó el primer trámite en la Cámara de manera inconstitucional e ilegal, llegó al Senado y una gran cantidad de Senadores que están acá votaron su legalidad y constitucionalidad a sabiendas de que no era así.
Hoy día ese proyecto no tiene acuerdo y la Ministra quiere votarlo mañana.
¡Entonces ahí no es problema no llegar a acuerdo!
Yo quiero decirle a la Ministra que los republicanos tenemos humildad en la victoria y queremos dialogar en el Consejo. Pero el Gobierno tiene que saber que en la derrota no puede seguir impulsando agendas que van en contra del beneficio del país, pues los chilenos han dicho claramente que hoy día ustedes son una minoría social y que tienen que escuchar, de una vez por todas, lo que está pidiendo la mayoría. Y lo que está pidiendo la mayoría es avanzar en la agenda de seguridad.
Por eso este proyecto de ley debe aprobarse tal como salió de la Comisión y sus indicaciones tienen que rechazarse.
A mí me encantaría que la Ministra , por lo menos tratando de entender lo que dijeron los chilenos el domingo, retire esas cuatro indicaciones y escuche al Presidente cuando dijo que no podemos pasar del ""no lo vimos venir"" al ""aquí no ha pasado nada"", porque aquí sí pasó algo: hubo una votación, fueron derrotados y una parte importante es la agenda de seguridad.
Así que yo le pido a la Ministra que ojalá pueda retirar esas indicaciones y avancemos en la agenda de seguridad, de una vez por todas.";1
"89";"21633";339;2023;5;"KUSANOVIC";NA;"El señor KUSANOVIC.-
Gracias, Presidente.
Señores Ministros presentes, hoy día estamos votando una ley sobre un tema que ha estado preocupando a muchos en nuestra sociedad: la toma o usurpación de bienes inmuebles, que vulnera el derecho a la propiedad de los ciudadanos.
Es esencial recordar que la propiedad es un derecho fundamental, protegido por nuestra Constitución y las leyes dictadas conforme a ella. Es el derecho de cada persona a gozar y disponer de sus bienes, ya sea un hogar, un terreno, etcétera. En definitiva, el derecho a la propiedad es fundamental para garantizar el progreso y la estabilidad económica de nuestra sociedad.
Sin embargo, en los últimos tiempos hemos visto el surgimiento de tomas ilegales y usurpaciones que violan este derecho fundamental. Estas acciones son inaceptables en una sociedad civilizada y democrática como la nuestra.
Las tomas y las usurpaciones no solo afectan a los propietarios legales de los bienes, sino que también causan un grave daño a la sociedad en su conjunto. La socava desde sus cimientos.
Estas acciones ilegales han causado un gran impacto en la seguridad jurídica del país y en la confianza en las instituciones encargadas de proteger nuestros derechos.
¡Todos debemos defender y proteger nuestros derechos legales, independientemente de nuestra posición política o social!
Además, no es justificable ni moralmente correcto justificar actos en nombre de una causa social.
Por lo tanto, es importante respetar las normas que nos hemos dado para convivir en sociedad y debemos buscar soluciones a estos problemas, porque eso es lo que espera la ciudadanía, y nuestro trabajo es legislar entregándolas a quienes representamos.
Esta ley será un gran aporte para garantizar que todos los ciudadanos gocen plenamente de sus derechos fundamentales.
Gracias.";1
"90";"21633";341;2023;5;"ESPINOZA";NA;"El señor ESPINOZA.-
Muchas gracias, Presidente.
Este proyecto ha generado una serie de discusiones y, tal como lo dije hace un par de meses cuando se me consultó sobre esta materia, yo soy de aquellas personas que, bajo punto de vista alguno, avalan tomas violentas ni especuladores que pretendan, a través del sueño de la casa propia, violentar los derechos de aquellos que son llevados a lugares que generalmente están desprovistos de los servicios básicos que puedan darle mínima dignidad y calidad de vida a la gente.
7
Por lo tanto, yo valoro de este proyecto el que se eleve el límite a la flagrancia y que se facilite la detención de ocupantes ilegítimos.
Pero lo que no podemos permitir -y aquí hay dos Senadores de mi zona: el Senador Kuschel y el Senador Moreira-, es que este proyecto se transforme en la ""ley Pampa Irigoin"", porque lo que pasó en Pampa Irigoin fue algo que dividió profundamente a los chilenos.
Por si los colegas no lo saben, el domingo 9 de marzo de 1969 quinientas familias humildes de Puerto Montt fueron acribilladas por fuerzas policiales, a pesar de que la noche anterior a los hechos, el sábado 8 de marzo, las mismas autoridades gubernamentales de la época fueron a conversar con los habitantes de la toma y en esa conversación les anunciaron que al otro día serían empadronados, que estuvieran tranquilos, asegurándoles que el problema de la toma se solucionaría.
Esa fue una matanza cruel, ocurrida en Puerto Montt, que dividió profundamente a la sociedad chilena por largos años.
Por lo tanto, yo estoy de acuerdo con lo que aquí han planteado incluso algunos colegas de la derecha en el sentido de que no es posible que hoy día aceptemos tomas de terrenos, menos aún cuando tenemos una política habitacional robusta e importante, a pesar del déficit.
Yo les pregunto a los colegas qué otro país del mundo cuenta con un programa habitacional en donde ahorrando 800 mil, 1 millón de pesos, la gente saque su casa propia y no le deba un peso al Estado. Eso no existe en ningún otro país de Latinoamérica ni del mundo. Y por eso yo no justifico las tomas el día de hoy.
Pero tenemos una realidad, y es que lamentablemente todavía existen miles de campamentos en el país a los cuales les estamos entregando, con este proyecto de ley y con estas indicaciones, tremendamente equivocadas desde mi punto de vista, herramientas para que se produzcan enfrentamientos como los que vivió Puerto Montt el año 1969. Eso es lo que estamos haciendo, en la práctica: suscitando enfrentamientos. ¡El que tenga más plata contrata más guardias de seguridad para ir a acribillar, para ir a maltratar! ¡Eso no lo podemos permitir!
¡Todo lo otro está bien!
Hoy día no se justifica que haya personas tomándose terrenos que después comienzan a vender, en espacios pequeños y a precios gigantescos, para que la gente instale ahí mediaguas sin ninguna condición sanitaria, ¡ninguna!, permitiendo que vivan en el lugar niños y adultos mayores en pésimas condiciones.
No nos vayamos a los extremos. ¡Si lo que pasó el domingo, ya, está bien! Rojo Edwards estaba ayer en un canal de televisión, suavecito, era el mejor del mundo, y ahora está mostrando su verdadera cara. Esa va a ser su cara en la discusión de los próximos meses: ¡la del Rojo Edwards de hoy día! ¡Que los chilenos lo sepan!
Pero no nos vayamos a los extremos.
Lo del domingo, sí, fue una coyuntura, consecuencia de todos los factores que yo mismo he responsabilizado: la borrachera constitucional; los constituyentes, que no pensaron en Chile sino en que el 80 por ciento del plebiscito de entrada les daba garantías para hacer lo que quisieran. Pero eso tampoco le da derecho al colega Edwards -por su intermedio, Presidente - a venir acá a dar cátedra de cómo tenemos que trabajar estos temas.
El llamado que yo hago es a que nos cuidemos, porque -repito- una cosa son indicaciones que vayan en la línea de proteger el Estado de derecho y la propiedad, y otra, entregar herramientas de las cuales -como me parece que la propia Ministra lo planteó aquí- nosotros mismos nos arrepintamos el día de mañana.
Voy a votar a favor, por cierto, del proyecto de ley, porque creo en un Estado de derecho. Algunos me dirán por ahí: ""Bueno, su padre fue el que en aquellos años dirigía las tomas"". Pero han pasado cincuenta años. ¡En ese tiempo no había política habitacional, no había otras herramientas para que la gente que llegaba a las ciudades tuviera la posibilidad de acceder a un pedazo de tierra! ¡Eran otros tiempos! Y por eso hoy día yo no avalo las tomas, no avalo ese tipo de actos, las usurpaciones, porque también se les quita el derecho a personas que han logrado tener sus cosas con harto esfuerzo.
Por lo tanto, voto a favor del proyecto, pero en contra de las indicaciones que hacen que se convierta en el
7
""proyecto Pampa Irigoin 2"".
Gracias, Presidente .";1
"91";"21633";343;2023;5;"SANDOVAL";NA;"El señor SANDOVAL.-
Muchas gracias, Presidente.
Por su intermedio, saludo al Ministro y a la Subsecretaria que nos acompañan.
En la página 109 del programa de Boric se señala, textual: ""No habrá desalojos sin solución habitacional para las familias"". Repito: ""No habrá desalojos sin solución habitacional para las familias"". El programa contempla la construcción de una cantidad significativa de viviendas. Curiosamente, este año la tramitación de permisos de edificación ha caído en un 45 por ciento, equivalente a la baja que aconteció hace prácticamente veinte años, en 1991, con una cifra similar de caída en materia de permisos de edificación.
¿Qué significa esto? Que, si no hay desalojos sin solución habitacional, lo que el Gobierno está diciendo es lo siguiente. Y no voy a emplear palabras mías, sino palabras de Patricio Hales , personero no precisamente de derecha, sino de izquierda, y activo colaborador del Gobierno de la Unidad Popular, quien en un artículo señala: ""Yo creí que era mentira que Boric prometía no desalojar las tomas de propiedades"". Y añade: ""El dueño deberá esperar `el más corto plazo posible'"" para la restitución de los valores.
O sea, ¿qué interpreta Patricio Hales ? Que Boric le está diciendo a la gente: ""¡Tómense los terrenos! Nosotros vamos a pagar después los precios que significan esas tomas"".
Y agrega otra situación: ""Las familias sufriendo la inhabitabilidad organizarían más tomas, con permiso del Presidente "". Es lo que se contempla en el programa de acuerdo a lo que se indica en su página 109. Puede que no coincida la página, si lo están buscando, porque yo estoy leyendo una edición PDF.
Leo completo el párrafo: ""Las familias sufriendo inhabitabilidad organizarían más tomas, con permiso del Presidente , e inevitable violencia entre propietarios e invasores ilegales. Inseguriza al país"".
¡ Patricio Hales!
""El pueblo"" -agrega a continuación- ""siempre hace su propia interpretación de nuestros discursos e interpretará del programa de Boric la permisividad de usurpación vigente de terrenos"".
¡Una persona de izquierda, que incluso participó activamente en el Gobierno de la Unidad Popular!
Él mismo señala, en este artículo publicado en la radio Cooperativa, que durante el Gobierno de la Unidad Popular existieron más de ocho mil tomas, y que vio al propio Presidente Allende incitar a la gente que tomaba ilegalmente sus sitios a que la desalojaran. ¿Y cuál fue la respuesta? Pifias y gritos contra quien los conminaba a terminar con ese tipo de acciones.
Recientemente, hace cinco días, leímos el siguiente titular: ""Ministro de Vivienda alza la voz tras toma de departamentos en San Pedro de la Paz. `Esto es algo que no vamos a aceptar'"".
Bueno, Ministro , ¿cómo lo hacemos?, ¿cómo lo enfrentamos? Porque la realidad nos indica que hoy día estamos llenos de tomas de sitios, de terrenos, de departamentos, de casas, como en el caso de San Pedro, donde la misma autoridad administrativa dispuso el desalojo. ¿Cómo encontramos esos departamentos? Muchos de ellos destruidos. Y esas 208 familias, que anhelaban precisamente una solución habitacional, al no tener una regulación o una autoridad que se pusiera los pantalones para resolver el problema, en definitiva fueron perjudicadas con este drama.
7
Por lo tanto, ¿qué hay que hacer? La inacción que vemos hoy y a la cual se refería el Senador Insulza va a criminalizar a más personas. ¡Si lo que tenemos que resolver es el fondo del problema, no justificarlo! Debemos plantear una solución al problema y no buscar una artimaña para darle una explicación que en definitiva no tiene.
¡Eso es lo que debemos hacer!
Hay problemas en la ejecución de los programas habitacionales, se nos caen los permisos de edificación, se nos caen contratos, hay empresas que no están ejecutando sus compromisos. Vemos con harta complejidad esta situación y, por lo tanto, lo que hay que hacer es simplemente resolverla.
Esta es una tramitación en primera instancia. Yo creo que es válido avanzar en ella. Vamos a votar a favor, obviamente, esperando que en los siguientes trámites las observaciones del Ejecutivo muestren un camino de solución.
Muchas gracias, Presidente .";1
"92";"21633";345;2023;5;"SAAVEDRA";NA;"El señor SAAVEDRA.-
Gracias, Presidente.
Ninguno de los que estamos acá, en este lado del Senado, avalamos las tomas de terrenos ni las usurpaciones. Y en eso hay que ser categóricos, porque pareciera que aquí hay buenos y malos y que allá, al frente, están todos los buenos.";1
"93";"21633";347;2023;5;"SAAVEDRA";NA;"El señor SAAVEDRA.-
Yo quiero recordarles que el año 1969, el 19 de abril, participé de una toma de terreno porque en Talcahuano no había dónde construir y en aquel tiempo no había programas de vivienda. Es una fecha emblemática, además, para los que militamos en el Partido Socialista: 19 de abril.
Segundo, quiero señalar que hay situaciones que hoy día deben sonrojarnos a los que estamos acá, porque se levanta la voz y, por su intermedio, Presidente , la verdad es que Rojo no se pone colorado para no asumir lo que es la realidad y lo que él prometió, porque dijo que si ganaba el domingo al otro día comenzaba a arreglar los problemas de Chile. Y quiero recordarle que en este país, en nuestro país, hay 1.091 campamentos y un poco más de 72 mil familias viviendo en esa condición, en condición de pobreza, sin agua, sin luz. ¡Así están viviendo esos chilenos! Y debe ser preocupación de todos nosotros, por lo tanto, resolver ese problema.
Es posible que mi región sea un poco más activa que otras. Hasta ahora, en este Gobierno, el Gobierno del Presidente Boric, mi Gobierno, se han entregado 7.300 soluciones habitacionales y están en ejecución otras 10 mil.
Por consiguiente, algo está pasando ahí que es distinto a lo mejor de lo que ocurre en otras regiones o en algunas municipalidades que no son del todo céleres para tramitar los permisos de construcción o que simplemente no quieren hacerlo para hacer oposición y obstrucción al Presidente Gabriel Boric y a su programa de solución de los problemas básicos de la ciudadanía.
Con respecto al proyecto que se está discutiendo, yo quiero que haya seguridad en el país y creo que fui el primero de la bancada del lado de acá en pedir estado de excepción constitucional para la zona de Arauco y el Biobío. A mí no me tiembla la mano en eso, pero debo decir que este proyecto lo que genera es un enfrentamiento entre los chilenos, y eso nosotros no lo podemos permitir como legisladores, ¡no lo podemos permitir!
Tercero, y dentro de lo mismo, se les restan facultades a los jueces, a los tribunales. Las indicaciones 73, 74 y 75
7
apuntan a aquello.
Por lo tanto, señor Presidente , voy a pedir reserva de constitucionalidad respecto de tales indicaciones, porque los que estamos acá tenemos que hacer una legislación por dentro de la ley, tenemos que respetar el Estado de derecho y no buscar resquicios para tratar de imponer condiciones que no son buenas para el país. Se trata de lograr que haya paz social, no que haya, por consiguiente, enfrentamiento entre los chilenos. Y noto que en la victoria de algunos que proclaman la humildad, la pasividad, hay más bien soberbia, que es la peor consejera cuando se logra un triunfo como el que la ciudadanía ha establecido, porque la democracia permite esto.
Se los recuerdo a aquellos que a lo mejor no están tan acostumbrados a eventos democráticos, a creer en la democracia, pues el Senador Rojo Edwards no tiene precisamente una historia y un pasado que tengan que ver con el fortalecimiento de la democracia. Sus orígenes fundacionales no son precisamente los demócratas; son más bien los autoritarios, los de la imposición, los de la injusticia y el mal tratamiento a las personas.
Por lo tanto, Presidente , reitero que pido reserva de constitucionalidad respecto de las indicaciones 73, 74 y 75.
He dicho, muchas gracias.";1
"94";"21633";349;2023;5;"RINCÓN";NA;"La señora RINCÓN.-
Muchas gracias, Presidente.
La verdad es que este es un proyecto que debió haberse legislado hace ya bastante tiempo y que por distintas razones fue quedando en el tintero.
He escuchado a mis colegas con atención y quiero decir que las palabras del Senador Fidel Espinoza me interpretan plenamente. Son otros tiempos; son tiempos en que el esfuerzo, el ahorro, las políticas públicas de vivienda han ido avanzando y permitiendo que el sueño de la casa propia, ese que impulsara con tanta fuerza el Gobierno del Presidente Eduardo Frei Montalva , vaya siendo una realidad.
Pese a que la Constitución actual protege el derecho de propiedad incluso por sobre otros derechos y resulta, al final, el más protegido de la Carta Fundamental, en la realidad, cuando este derecho se ve afectado, cuando está en riesgo o en contradicción, existe una baja penalidad en materia penal, y por tanto creemos que es importante avanzar en esta legislación. Lo dijimos en el pasado, cuando la discutimos en general, y lo reiteramos hoy día.
Uno de los temas más complejos en materia de usurpación es la flagrancia. Se señaló una y otra vez, por parte de las Policías y los tribunales, que el plazo establecido en la ley, de doce horas, hacía imposible actuar de manera proporcional e inmediata.
Este proyecto avanza de manera importante:
Incorpora, dentro del listado de penas que pueden imponerse a los autores de conductas calificadas como simples delitos, la sanción de prestación de servicios en beneficio de la comunidad.
Regula los efectos de la revocación de la pena de prestación de servicios en beneficio de la comunidad cuando esta se hubiese impuesto como pena principal y sea sustituida por otra de reclusión única equivalente a un día por cada ocho horas de servicios pendientes.
Dispone la improcedencia de la sustitución de servicios en beneficio de la comunidad por el pago de una multa cuando aquella pena se haya impuesto con el carácter de principal.
Precisa que el delito de ocupación ilegal de una cosa inmueble con violencia en las personas se configura aunque la conducta delictiva tenga carácter parcial y transitorio.
Endurece la pena aplicable al autor del delito de ocupación de una cosa inmueble con violencia, aumentándola desde una multa hasta una pena de presidio menor en su grado mínimo.
7
Sustituye la pena aplicable al delito de ocupación ilegal cuando este se efectuare sin el uso de la violencia contra las personas.
Otorga a los delitos de ocupación ilegal, con o sin violencia en las personas, el carácter de permanente. Aquí, obviamente, hay una discusión que tenemos que resolver en la Sala.
Determina que, mientras exista la ocupación ilegal, esta acción delictiva tendrá el carácter de delito flagrante, de modo que, sin importar el tiempo transcurrido desde el inicio de la ocupación, la policía estará facultada para detener a los ocupantes en cualquier momento, conforme a la autorización legal para proceder a ello.
Y dispone que se aplicarán las penas establecidas respecto del delito de ocupación con violencia en las personas a los mayores de dieciocho años que, para proceder a la ocupación de un terreno, se valgan del engaño, la fuerza o la coerción de un menor, incluso si no mediara violencia o hubiere sido consentido por él.
Presidente, sin lugar a dudas hay temas que arreglar en la discusión particular en esta Sala. Nosotros vamos a respaldar varias de las modificaciones que se hicieron en la Comisión y a recoger algunas de las indicaciones que el Ejecutivo está reponiendo, porque creemos que este es un proyecto necesario a la luz de los tiempos.
Cualquier ocupación, cualquier usurpación, sea de viviendas sociales o no sociales, merece sanción. Lo digo porque algunos han distinguido. Y por eso partía mis palabras indicando la importancia de lo que señalaba mi colega Fidel Espinoza . Los tiempos han cambiado y hoy día necesitamos tener una sola mirada, de modo que los hombres y las mujeres de nuestro país sientan que, cuando hay esfuerzo, cuando hay compromiso, cuando hay respeto a la ley, ellos tienen protección y amparo.
Por eso vamos a respaldar esta moción parlamentaria, Presidente.
Gracias.";1
"95";"21633";351;2023;5;"HUENCHUMILLA";NA;"El señor HUENCHUMILLA.-
Muchas gracias, Presidente , por su deferencia.
Este proyecto de ley toca dos cuestiones sociales muy importantes en nuestro país, que son, en términos gruesos, históricamente, la toma de terrenos, los campamentos, la lucha por la vivienda, los loteos irregulares, y por otro lado, el tema de las usurpaciones, que específicamente se han venido produciendo en la Región de la Araucanía desde hace veintisiete años.
La pregunta es: los problemas sociales que estoy describiendo, ¿tienen una mejor solución en el Estado de derecho por la vía del derecho penal? ¿Es esa la solución?
¿Por qué digo esto? Porque la toma de terrenos y el delito de usurpación, al revés de lo que ocurre con el robo y con el hurto -por ejemplo, si a usted le roban su automóvil o su billetera, pierde ambas pertenencias-, no implican perder la propiedad del terreno, al estar inscrito en el conservador de bienes raíces respectivo. La teoría de la posesión inscrita en Chile respecto de los inmuebles dice que la persona sigue siendo propietaria de su bien, aunque esté tomado o haya sido usurpado.
¿Qué perdió usted? La tenencia material. Y por eso que históricamente el Código Penal ha considerado una pena menor para ese hecho.
Y nosotros hoy día estamos criminalizando ese proceso. Porque las tomas de terrenos empezaron en el Gobierno de Jorge Alessandri, allá por el año 58 en adelante. Y el Gobierno de Eduardo Frei creó el Ministerio de Vivienda y Urbanismo, mediante el cual el Estado dio respuesta al déficit habitacional que había llevado a muchas personas modestas a no creerle al Estado y a empezar la toma de terrenos, fenómeno que se ha prolongado por más de
7
sesenta años. Esa es la realidad social, y la respuesta fue institucional.
Y las usurpaciones en La Araucanía comenzaron cuando algunos sectores del pueblo mapuche dejaron de creer en la solución del Estado y entraron a la vía de la violencia, que ha pasado por todos los gobiernos, de todos los signos, en la historia de Chile.
Por lo tanto, aquí nadie puede tirar la primera piedra porque todos los Gobiernos tuvieron la oportunidad de buscar una solución. Hoy día no pueden pretender endilgarle toda la responsabilidad a un solo gobierno porque todos somos responsables al haber estado todos a cargo del Estado.
A mí me hubiera gustado una solución, señor Presidente , parecida a la que propuso el ex Diputado de Renovación Nacional Gonzalo Fuenzalida en la iniciativa a que se refería el Senador señor Walker , y que en la Comisión de Constitución yo apoyé, llamada ""Devuélveme la casa"": una solución civil que es perfectamente posible de realizar, mediante la cual se puede obtener la restitución de los terrenos sin necesidad de entrar a la vía del derecho penal y elevando las penas, como aquí se está haciendo, hasta presidio menor en su grado máximo, o sea, cinco años; de eso estamos hablando.
Yo creo que no estamos legislando como Estado desde el punto de vista político que corresponde a los graves problemas sociales que tenemos.
Y me llama la atención que el Senador Rojo Edwards, a quien no veo por aquí, dijera que los republicanos están disponibles al diálogo y acto seguido nos invita a legislar mal, porque nos señala ""no veamos las indicaciones, rechácenlas, retírenlas"". ¡Qué curioso! O sea, él nos llama al diálogo y no quiere escuchar, nos llama al diálogo y no quiere intercambiar opiniones con nosotros respecto de las indicaciones.
No es así la vida. Los republicanos van a aprender duramente que gobernar desde afuera es más fácil que estando adentro. Esa es nuestra responsabilidad.";1
"96";"21633";353;2023;5;"BIANCHI";NA;"El señor BIANCHI.-
Gracias, Presidente.
Yo creo que las autoridades y quienes estamos en cargos públicos tenemos que reflejar lo que la ciudadanía nos mandata.
Acá se ha hablado y se ha explicado el contexto histórico de la situación de la vivienda, sin mirar lo que está pasando en el presente y lo que pueda suceder en el futuro.
El Senador Edwards nos conminaba a considerar la votación del día domingo, donde no solo el Partido Republicano, sino que -yo diría- todos los partidos transversalmente hicieron lo imposible para llevar la franja electoral al tema de la seguridad: más parecía una franja para elegir Fiscal Nacional que consejeros constitucionales. Y como el tema era la seguridad, sobre esa base votó la gente.
Y no solo votaron por el sector que ganó, sino que también hubo una alta cantidad de votos nulos, cuestión que nos indica que la gente no cree en lo que hoy día están proponiendo las autoridades, que no se imaginaba lo que está pasando en el país, que no confía en que si llama para denunciar algo aquello vaya a ser eficaz.
Entonces, yo llamaría a no ridiculizar a quienes quizá se puedan jactar de un triunfo, sino que a considerar lo que está diciendo Chile. Y Chile nos está diciendo que debemos tener una visión en este asunto. En tal sentido, creo que la Comisión de Seguridad no se equivoca y su parecer responde a lo que la gente hoy día está pidiendo.
Por tanto, considero desafortunado mirar lo que pasó dos días atrás sin hacernos cargo de lo primero que estamos votando, e ir en un sentido contrario. Está en absoluta contradicción lo que quiere Chile con lo que un sector está
7
pidiendo; sector con el cual, por lo demás, me siento más representado.
Acá lo que se está haciendo es buscar muchas excusas para justificar que alguien usufructúe del trabajo ajeno y eso no lo puedo permitir.
Por ejemplo, yo estaba en un grupo de WhatsApp en el que había unas personas que eran dueñas de unas parcelas que todavía estaban pagando y unos extranjeros se las estaban tomando. Y aunque en Punta Arenas no tenemos una alta incidencia del delito de usurpación, las querían ocupar ilegalmente. Los afectados llamaron a las autoridades para poder hacer algo al respecto y estas ni siquiera llegaron. Así que, legítimamente, los vecinos dijeron: ""Debemos agruparnos, defendernos, poner cámaras, porque todavía estamos pagando con nuestro esfuerzo"".
Recuerdo que el año pasado a una persona le tomaron su vivienda durante dieciocho meses y se la hicieron bolsa.
Y como no tuvo con qué arreglarla para volver a arrendarla ni tampoco pudo pagar el hipotecario ahora se la están rematando. Y eso porque alguien ocupó la casa durante ese tiempo.
Yo no creo que la cuestión sea ideológica, ni menos que sea un asunto de izquierda o de derecha, sino que corresponde a lo que hoy día está demandando el país. Yo podría perfectamente hablar de las políticas de vivienda de hace cuarenta, cincuenta años y del desarrollo histórico que han experimentado, pero debo hacerme cargo de aquello que está pasando hoy, del presente, y sobre todo del futuro.
Por eso, voy a aprobar el proyecto en los términos en que lo ha planteado la Comisión de Seguridad Pública.
Gracias, Presidente .";1
"97";"21633";356;2023;5;"SORIA";NA;"El señor SORIA.-
Estimados colegas, yo les voy a contar algo muy cortito, pero que fue la realidad de muchos años atrás.
En el Gobierno de Salvador Allende, con el cual partí como alcalde de Iquique , José Tohá era el Ministro que tenía que ver con las viviendas. Y el diálogo que sostenemos esta tarde partió en esa época.
En Iquique lo hicimos todo mediante autoconstrucción. ¡Todo! ¡Y vayan a ver las casas: de primer nivel! Viviendas de 10 metros de frente por 20 de fondo.
Cuando se quiere, y los gobiernos le ponen empeño, se puede.
Y yo felicito a todos los que hoy están tirando para delante. Ese es el Chile que queremos; todo se puede hacer.
En Iquique se abrió el camino a la vivienda; no lo teníamos. Y vayan a ver lo que hicimos ¡años de años atrás! Con calidad de vida, con casas que tienen hasta su piscinita en los 10 metros por 20.
Eso era todo, Presidente y colegas.
Quería contarles un pasaje de la historia de Chile.";1
"98";"21633";360;2023;5;"KAST";NA;"El señor KAST.-
Gracias, Presidente.
La verdad es que cuando escucho los comentarios de algunos colegas me habría encantado que hubiesen estado en la Comisión de Seguridad para haber profundizado cada uno de los puntos.
Algunos dicen: ""Estamos apagando el fuego con bencina"". Y son los mismos discursos que escuchaba cuando veíamos el robo de madera dos años atrás. Un proyecto que después fue aprobado y hoy día el Ejecutivo celebra con total fuerza.
Lo mismo nos decían con la Ley Nain-Retamal: ""No, esta es la peor ley que podríamos aprobar"". Y después se aprobó con el 80 por ciento del Senado, aquí mismo, hace pocas semanas atrás.
Este proyecto lleva más de dos años esperando. Quiero decir además que me da mucha lástima que, habiendo un acuerdo de Comités para que esta materia se aprobara en marzo del año pasado, la Comisión de Seguridad no haya cumplido con lo acordado; o sea, la iniciativa debió haber salido antes.
Después, el Presidente Boric , en una reunión que sostuvimos en cerro Castillo, nos pidió que tratáramos de consensuar el asunto y se generó cierto acuerdo que finalmente se dilató, se dilató y tampoco se cumplió; es decir, nuevamente un intento fallido.
Y es un proyecto no solo para la Región de La Araucanía, porque Valentina Correa , hija del asesinado Alejandro Correa , también fue parte de las personas que nos ayudaron con la iniciativa. Su padre fue víctima de un sicariato realizado por mafias que muy bien detalló el Senador Cruz-Coke recién y que se han masificado en todo el país.
Y aquí se han dicho cosas que son curiosamente falsas. Por ejemplo: ""Todas las personas van a tener penas de cárcel"". ¿Perdón? No leyeron el proyecto. En el artículo transitorio se acaba de hacer una alusión especial a las personas que viven en campamentos.
Entonces, me impresiona la liviandad con la cual se habla.
Se señala también: ""Aquellos que tengan problemas de deslindes van a terminar en la cárcel"". ¡Por favor! Si es un juez quien tiene que ponderar cada una de las situaciones. No es automático el hecho de que alguien se vaya a la cárcel.
Más aún, sabemos que las penas que pusimos son tan bajas que ninguna persona, aunque esté utilizando una usurpación violenta, va a terminar encarcelada. Porque son menos de cinco años y un día. Y en Chile, como vivimos en un sistema judicial de mentira, cualquier condenado a esa pena no pasa ni un día en la cárcel. Y en el caso de usurpación no violenta: ¡son menos de tres años!
Realmente, aquí hicimos un trabajo serio; un trabajo cuidadoso.
Es más, escuchamos al delegado presidencial de La Araucanía , quien nos pidió cambiar el nombre: ""Pongámosle ocupación ilegal y no usurpaciones para tener delicadeza en el lenguaje"". ¡Perfecto!, lo acogimos. Y se cambió la denominación administrativa del proyecto de ley en la primera norma que propusimos.
Entonces, ¿qué estamos haciendo acá? Algo muy de sentido común para que la política haga su pega. No puede ser que cuando la política falla, que es lo que sucede hoy día, impere la ley de la selva. Los ciudadanos están cansados de que no haya respeto, de que no se respete al otro. Y en el fondo la impunidad lo único que fomenta finalmente es que haya más violencia.
Aquí se dice: ""Los que dejaron de creer en la solución del Estado recurrieron a la violencia"". Bueno, ¡y nosotros hemos tolerado que esa violencia prolifere, pues! Porque a cualquiera que se tome un terreno o haga usurpaciones violentas no le pasa absolutamente nada.
7
Como bien expliqué hace un rato, este proyecto consta de cuatro artículos muy sencillos.
El primero es algo que hacen muchos otros países, y establecimos que una usurpación recibirá penas de cárcel; somos de los pocos donde eso no ocurre.
Me van a perdonar, pero que se diga ""su terreno está inscrito, así que no se preocupe"" ¿de qué me sirve si está tomado y además tengo que pagar las contribuciones? O sea, está tomado; tengo que pagar las contribuciones, y además debo pagar el crédito hipotecario. ¡No, pues! Claramente es importante que se pueda asegurar que quien se ha esforzado toda su vida tenga derecho a ocupar sus pertenencias.
Después, hacemos cosas tan obvias como que, si se utiliza a menores de edad, se apliquen penas más altas.
Cosas tan obvias como que, tratándose de usurpaciones, que todos los expertos califican de permanente, pueda existir la flagrancia permanente.
Entonces, aquí no hay ninguno de los casos que se han esgrimido.
Ahora, en el caso de la autotutela, ¡por favor!, lo único que se hace es señalar que si alguien es atacado en una usurpación violenta se pueda defender. Eso establece el proyecto de ley, la ""legítima defensa"", que de hecho la acabamos de aprobar en la Ley Nain-Retamal para otros casos.
En fin, creo que es un proyecto de ley muy serio. Y espero que lo aprobemos con mucha convicción. Yo por lo menos, como Presidente de la Comisión de Seguridad , puedo dar garantías de que trabajamos de forma muy seria, incluso escuchamos al delegado presidencial de Arica a petición de algunos Senadores.
Y estoy convencido de que para la Región de La Araucanía y para muchas otras regiones del país este proyecto de ley va a ser un tremendo avance.
He dicho, Presidente.";1
"99";"21633";363;2023;5;"BUSTOS";"Prosecretario";"El señor BUSTOS (Prosecretario).-
En este momento han llegado a la Mesa los siguientes documentos:
Mensajes de S.E. el Presidente de la República
Con el primero, inicia un proyecto de ley que modifica el decreto con fuerza de ley N° 1, de 2005, del Ministerio de Salud, que fija el texto refundido, coordinado y sistematizado del decreto ley N° 2.763, de 1979, y de las leyes N°18.933 y N°18.469, en las materias que indica, crea un nuevo modelo de atención en el FONASA, otorga facultades y atribuciones a la Superintendencia de Salud y modifica normas relativas a las Instituciones de Salud Previsional (Boletín N° 15.896-11).
--Pasa a la Comisión de Salud y a la Comisión de Hacienda, en su caso, y de conformidad con lo dispuesto en el artículo 77 de la Carta Fundamental, se manda a poner en conocimiento de la Excma. Corte Suprema.
Con el segundo, hace presente la urgencia, en el carácter de ""simple"", respecto del proyecto de ley
7
precedentemente individualizado.
--Se toma conocimiento de la calificación y se manda agregar el documento a sus antecedentes.
)------------(";1
"100";"21633";370;2023;5;"KAST";NA;"El señor KAST.-
Gracias, Presidente.
Es muy simple.
Esta fue la solicitud formulada por el delegado presidencial del Presidente Boric en La Araucanía para cambiar el nombre original de este proyecto, que hablaba de ""delito de usurpación"", por una denominación que se refiera a ""delitos de ocupaciones ilegales"".
Eso básicamente es lo que hace esta modificación. Así que espero que la votemos a favor.";1
"101";"21633";386;2023;5;"INSULZA";NA;"El señor INSULZA.-
En verdad, Presidente , nosotros estamos en contra de esta modificación, y por esto la votamos aparte, cuestión que señalamos en la Comisión.
No solo se establece una legítima defensa privilegiada, que es específicamente para este delito, sino que además se le da el mismo tratamiento a la ocupación de un terreno que a delitos de mayor gravedad, como el de robo con fuerza en lugar habitado o destinado a la habitación, por escalamiento. Aquí no hay escalamiento, no hay nada: simplemente es la ocupación. Bien sabemos que para esto hay que botar cosas, hay que destruir, etcétera, y aquí esto no ocurre.
El secuestro tiene la misma gravedad en cuanto a la pena, al igual que la sustracción de menores, la violación a un menor de dieciocho años y mayor de catorce. Delitos como la introducción de objetos por vía anal, vaginal o bucal, la utilización de animales en una agresión sexual, se sancionan... (se desactiva el micrófono por haberse agotado el tiempo).";1
"102";"21633";388;2023;5;"GARCÍA";NA;"El señor GARCÍA .-
Presidente , lo que hace este artículo es incorporar la legítima defensa cuando se trate de una usurpación violenta.
Y parece del todo razonable que cuando alguien ingresa violentamente a una propiedad cualquier persona se pueda defender ante ello. Eso permite esta norma.
Además, es preciso decir que siempre siempre esto lo va a calificar el juez; no se trata de lo que una persona simplemente determine.
El actual precepto expresa aquello concretamente en el respectivo inciso, y además señala que no debe haber dolo.
Por lo tanto, creo que los resguardos frente a los temores que manifiesta el Senador Insulza están perfectamente establecidos en el propio texto de la ley vigente.
Gracias, Presidente .";1
"103";"21633";399;2023;5;"QUINTANA";NA;"El señor QUINTANA.-
Efectivamente, Presidente.
7
No resulta atendible o justificada la incorporación de la ""fuerza en las cosas"", debido a que en nuestro ordenamiento jurídico es cualquier ingreso al lugar por vía no destinada al efecto (artículo 440 del Código Penal).
Entonces, se impone una pena alta a quien ocupe un terreno saltando un cerco, pasando a través de un forado o rompiendo un candado. Además, la incorporación de ""ocupare total o parcialmente"" resulta innecesaria y manifiesta la falta de profundidad en el estudio del tipo penal de usurpación.
Ambas incorporaciones resultan injustificadas por no existir evidencia de que la ausencia de dichas menciones haya generado la falta de persecución penal o de condena.
La doctrina penal chilena, ha sostenido Etcheberry , refiriéndose a los elementos del delito de usurpación, señala que entre ellos se encuentra la permanencia del invasor en el inmueble ocupado, por breve que sea, pero que en todo caso exteriorice el ánimo de señor y dueño.
El aumento resulta desproporcionado en comparación con la usurpación violenta... (se desactiva el micrófono por haberse agotado el tiempo).";1
"104";"21633";401;2023;5;"KAST";NA;"El señor KAST.-
Presidente, este es el corazón de la propuesta.
La verdad es que aquí lo que se configura es la definición de usurpación violenta, y toda la construcción que vamos a ver después sobre la usurpación no violenta, que le baja las penas, se basa justamente en ella.
Por lo tanto, si alguien ingresa a un inmueble rompiendo un candado, se considera una usurpación violenta. Y no solo eso, sino que además esta tipificación permite que el delito sea permanente, cosa que en la jurisprudencia, en la que señalan los expertos, ya es así, o ya debiera serlo; sin embargo, desgraciadamente un fallo de la Corte Suprema en su minuto asumió que el plazo de la flagrancia expiraba después de las doce horas.
Entonces, este es el corazón de la propuesta, y por eso llamamos a votar en contra la indicación del Ejecutivo.";1
"105";"21633";426;2023;5;"KAST";NA;"El señor KAST.-
No tengo para qué repetir el argumento. Pero creo que algunos que tal vez votaron en la línea del Ejecutivo pueden querer, en el fondo, votar a favor de la norma de cualquier manera. Porque si no, nos quedamos sin nada.
Por eso me parece legítimo que se quiera votar de nuevo.";1
"106";"21633";428;2023;5;"INSULZA";NA;"El señor INSULZA.-
Presidente , aquí lo que nos parece totalmente notable es la falta de profundidad en el estudio del tipo penal de
7
usurpación, porque estas cosas no tienen que ver con el tipo penal. Es un profundo error entrar en temas de esta índole. Por lo demás, si alguien va a tomarse un terreno, yo parto de la base de que por lo menos pasará caminando por el lugar, o sea, traspasará una cerca o alguna marca.
Por lo tanto, aquí en realidad lo que se hace es tipificar el delito de manera distinta. Por eso votamos en contra.";1
"107";"21633";440;2023;5;"MOREIRA";NA;"El señor MOREIRA.-
No es por ser majadero, Presidente.
En esta ocasión no hay ningún problema con el pareo; sin embargo, las cosas tienen que estar por escrito, como corresponde. Porque el día de mañana podría surgir una situación por un voto y ahora estaríamos sentando un precedente.
Eso es todo.
Pero entiendo el caso puntual de este momento.";1
"108";"21633";445;2023;5;"QUINTANA";NA;"El señor QUINTANA.-
Presidente , nuestra crítica al hecho de poner penas de crimen a la usurpación no violenta tiene que ver con las mismas observaciones que se formulan en relación con las nuevas formas comisivas.
Se aumenta de pena, de multa a presidio, aplicándose presidio menor en su grado mínimo a medio, esto es, sesenta y un días a tres años. Luego, el aumento resulta desproporcionado en comparación con otros delitos establecidos en el mismo párrafo. Así, aquel tiene una pena más alta que la usurpación violenta y fraudulenta de aguas: presidio menor en su grado mínimo a medio, es decir, sesenta y un días a tres años. Y lo mismo ocurre con el delito de destrucción y alteración de límites o lindes: presidio menor en su grado mínimo, esto es, sesenta y un a quinientos cuarenta días.
Hay que tener presente, además, que la incorporación -esto se mencionó en el debate en general- de la usurpación no violenta en España tuvo lugar el año 1995 como respuesta a los okupas, puesto que su Código Civil no la contemplaba. Y se vuelve al tema de la vivienda.
Por eso votamos a favor de legislar en el sentido señalado.";1
"109";"21633";447;2023;5;"KAST";NA;"El señor KAST.-
Presidente , yo creo que de nuevo aquí estamos ante una diferencia muy profunda.
Lo que busca solucionar este proyecto son justamente las usurpaciones que ocurren y respecto de las cuales hoy día se sancionan con multa. Y lo que plantea el Ejecutivo es mantener las usurpaciones con pena de multa cuando son no violentas.
Sin embargo, cabe señalar que en Chile no se pagan las multas, y no solamente no se pagan, tampoco se puede tomar detenidas a las personas cuando hacen ocupaciones no violentas.
Por lo tanto, esta norma tiene que ver con el corazón de este proyecto de ley, en que efectivamente ponemos un grado menor de pena, pero por lo menos permitirá que se produzca la detención.
Probablemente, las personas que incurran en estos ilícitos nunca pasarán un día en la cárcel, pero al menos se podrá tomarlas detenidas. Y si reiteran esto, empieza a aumentar la gravedad del hecho.
Entonces -repito-, esto forma parte del corazón de la propuesta, y por eso rechazamos la indicación del Ejecutivo, Presidente.
7";1
"110";"21633";458;2023;5;"GARCÍA";NA;"El señor GARCÍA .-
Presidente , tal como lo explicó hace unos minutos el Senador Felipe Kast , este es uno de los artículos corazón del proyecto.
Ya aprobamos la usurpación no violenta con pena de multa y de cárcel. Ahora se trata de aplicar aquí pena de cárcel en su grado mínimo a medio, desde sesenta y un días, para la usurpación no violenta.
Muchos sostienen que no hay usurpación no violenta, que todas son violentas, porque significa ""hacerme de algo que no es mío""; implica atropellar a las personas propietarias de un inmueble y atropellar también, por supuesto, los bienes que la acompañan. Sin embargo, nosotros preferimos mantener la actual diferenciación que hace el Código Penal entre usurpación violenta y no violenta, aplicando una pena menor a la no violenta.
Por eso llamamos a aprobar la norma.";1
"111";"21633";465;2023;5;"KAST";NA;"El señor KAST.-
Lo que hace el artículo 458 bis que se propone es establecer que cuando la usurpación se haga en vivienda habitada, o sea, con personas que están viviendo en ese lugar, en un hospital, en una escuela, no se pueda ocupar el grado menor de la pena, sino que se tenga que aplicar el grado mayor de la pena.
Básicamente, eso es lo que hace este artículo.";1
"112";"21633";467;2023;5;"INSULZA";NA;"El señor INSULZA.-
Presidente , esto también es del corazón de nuestra preocupación por este proyecto.
Este artículo sanciona a las personas faltas de vivienda que recurren a este recurso. Y estas personas pueden ser ciertamente sacadas de ahí, sin ninguna duda. Por lo demás, esto es no violento. Sin embargo, a nosotros nos parece que es un despropósito, además, penarlos con la cárcel.
Uno podría hasta argumentar -seguramente algún colega de la oposición lo haría- en el sentido de que en la cárcel van a tener techo, por lo menos. Esta es gente que no tiene techo.
A nosotros nos parece que esto es un despropósito.
Gracias.";1
"113";"21633";480;2023;5;"INSULZA";NA;"El señor INSULZA.-
Nosotros consideramos que esta norma es completamente innecesaria.
El artículo 72 del Código Penal dice: ""Cuando el delito sea cometido con la intervención de una o más personas menores de dieciocho años de edad y mayores de catorce, se excluirá el mínimum o el grado mínimo de la pena señalada, según corresponda, respecto de los imputados mayores de edad que hubieren participado en él"". Y luego sigue, por cierto.
La verdad es que esta norma está de más.
Hace unos días -recordemos- estuvimos en una Comisión Mixta que, por unanimidad, rechazó un texto que era obvio de un proyecto de ley porque ya se encontraba en otra ley. No podemos seguir con esto.";1
"114";"21633";482;2023;5;"KAST";NA;"El señor KAST.-
Gracias, Presidente.
Lo que hace esta norma y esta descripción es simplemente ratificar la gravedad que significa utilizar a menores de edad.
Y para asegurarse de que tenga coherencia con el resto del Código Penal, justamente, se hace referencia en esta mención al lugar permanente.
Este artículo fue aprobado por cuatro miembros de la Comisión, con excepción del Senador Insulza.
Y la verdad es que creo que, efectivamente, viene a confirmar un elemento que nos parece relevante, porque, más encima, en varios lugares hemos visto que, desgraciadamente, se ha utilizado a menores de edad en este tipo de acciones.
Así que invitamos a votar a favor de este artículo 458 ter.";1
"115";"21633";488;2023;5;"INSULZA";NA;"El señor INSULZA.-
En cuanto al tema del crimen organizado, acabamos de dictar una ley que modificó todo lo relativo a esta materia.
El proyecto despachado por el Congreso se encuentra en este momento en el Tribunal Constitucional -en realidad, creo que ya fue despachado por dicho tribunal; no estoy seguro-. Por lo tanto, nuevamente ocurre lo mismo que señalé hace un instante.
¡Estar reiterando normas es legislar muy mal! ¡No podemos poner la misma cosa con distintas palabras en varios proyectos de ley!
¡Este es un grave error!
Yo llamo la atención sobre este problema de técnica legislativa.
Estas son las cosas que desprestigian al Congreso, Presidente .
Por lo tanto, nosotros pensamos que hay que eliminar esta norma.";1
"116";"21633";490;2023;5;"KAST";NA;"El señor KAST.-
Gracias, Presidente.
Me sorprenden las palabras del Senador Insulza, porque él votó a favor esta norma en la Comisión.
Pero, además de eso, quiero manifestar que esta norma, básicamente, entrega la posibilidad de tener, al igual que respecto del robo de madera, técnicas especiales de investigación en casos en donde está el crimen organizado, que sabemos que, desgraciadamente, en La Araucanía existe con mucha frecuencia.
Esto recibió unanimidad en la Comisión, Presidente . Así que yo los invito a que podamos también ratificar esta unanimidad en la Sala.";1
"117";"21633";499;2023;5;"KAST";NA;"El señor KAST.-
Gracias, Presidente.
Esto se refiere a lo que señalábamos hace un rato, que es el caso de la reincidencia. En el fondo, se aplica simplemente lo dispuesto en el artículo 449, que es la norma general. De esta forma, se impide, en caso de reincidencia, que se aplique lo más bajo de la pena. Básicamente, busca agravar en el caso de la reincidencia.
El señor COLOMA (Presidente).- Ofrezco la palabra en el sentido inverso.
Ofrezco la palabra.
Ofrezco la palabra.
En votación.";1
"118";"21633";505;2023;5;"RINCÓN";NA;"La señora RINCÓN.-
Presidente , perdón que vuelva atrás. Ya sé que está votado. Pero quiero aclarar que cuando nosotros pedimos votación separada era para que hiciéramos la discusión. Y cuando el Secretario informó de la votación separada, no señaló por qué.
En el punto anterior nuestro tema era que la norma, tal como estaba despachada de la Comisión, impone un marco rígido. Y los jueces, por lo tanto, no pueden evaluar conductas atenuantes o buenas conductas de las personas, y no le dan movilidad.
Por eso queríamos votarlo separadamente.
Y, tal como se presentó, no se pudo ni siquiera explicar.
Dejo constancia en la discusión, porque me parece que es superrelevante.
7
Gracias, Presidente .";1
"119";"21633";507;2023;5;"QUINTANA";NA;"El señor QUINTANA.-
Presidente , esta incorporación nos parece del todo inadecuada, no solamente porque modifica el delito de secuestro, que no es parte de la idea matriz del proyecto, sino que porque fija una regla de flagrancia innecesaria, por cuanto la usurpación es un delito de carácter permanente. Y, por tanto, mientras el usurpador se encuentre en el inmueble, se entiende que se está cometiendo el delito.
Había una propuesta del Ejecutivo en tal sentido que permitía hacerse cargo de lo que fue la discusión original, y que probablemente motivó este proyecto, como fue el fallo de la Corte Suprema de 2018 respecto a un predio en Collipulli. La proposición apuntaba a resolver lo relativo a la detención. Y para eso había una fórmula que facilitaba la detención. Sin embargo, los colegas que tienen mayoría en la Comisión no lo permitieron.
Por eso, nos parece que hay que rechazar esta incorporación del numeral 1 del artículo 2°.";1
"120";"21633";509;2023;5;"KAST";NA;"El señor KAST.-
Gracias, Presidente.
Me sorprenden las palabras del Senador Quintana, porque esto fue aprobado por unanimidad en la Comisión, o sea, los dos votos de su sector fueron a favor.
Esto es de sentido común.
Todos los fiscales, todos los invitados, los delegados presidenciales nos pidieron que votáramos a favor esto.
Entonces, invito a que lo aprobemos porque lo que busca es, simplemente, que la flagrancia quede como algo permanente, que es lo que todos creen que es necesario clarificar para que nunca más tengamos dudas al respecto.";1
"121";"21633";524;2023;5;"TOHÁ";"Ministra del Interior y Seguridad Pública";"La señora TOHÁ ( Ministra del Interior y Seguridad Pública ).-
El objetivo de esta indicación es, precisamente, hacer la distinción de que en este tipo de delito, que estamos considerando que se desarrolla mientras se sostenga la usurpación o la ocupación, se puede actuar en flagrancia por parte de las Policías, y no así ejercer la legítima defensa o hacer retención de las personas, porque eso promueve una seudoautotutela, que es extremadamente peligrosa debido al tipo de situación de la que se trata una ocupación, una usurpación prolongada.";1
"122";"21633";526;2023;5;"KAST";NA;"El señor KAST.-
Reitero que, más allá de que se votó en su minuto la norma relativa a la flagrancia, el tema de la legítima defensa fue algo que discutimos largamente.
Y como bien argumentó el Senador José García , es algo fundamental, porque, en el fondo, no puede ser que una persona quede en completa indefensión cuando es atacada en su propia vivienda, en su propia parcela.
Entonces, realmente esto no es la autotutela, no es que no van a poder recurrir a los fiscales, ni a la Policía. Todos van a poder hacerlo. Lo que pasa es que, si se vieran enfrascados en una situación que nadie desea, claramente deberían tener el derecho a la legítima defensa.";1
"123";"21633";533;2023;5;"GARCÍA";NA;"El señor GARCÍA.-
Presidente, esta norma fue aprobada en la Comisión por unanimidad, tiene mucho sentido y creo que tenemos bastante acuerdo en ello.
Lo que permite es la restitución anticipada del inmueble, de tal manera que las personas afectadas puedan, lo antes posible, tomar posesión de algo que es de su propiedad.";1
"124";"21633";552;2023;5;"KAST";NA;"El señor KAST.-
Bueno, yo tengo aquí unanimidad. Pero lo relevante es que permite las técnicas investigativas especiales, que es coincidente con lo que ya aprobamos hace un rato.";1
"125";"21633";554;2023;5;"QUINTANA";NA;"El señor QUINTANA.-
Presidente , esto nos parece inoportuno porque todavía no se publica la ley de crimen organizado, por lo cual la norma en votación debe ser rechazada en virtud de lo dicho anteriormente, es decir, porque el proyecto de ley sobre crimen organizado, boletín 13.982-25, modificó todo lo relativo a esta materia.
De hecho, el proyecto despachado por el Congreso se encuentra en el Tribunal Constitucional para su control preventivo y obligatorio de constitucionalidad.
Por eso se rechaza.
(Rumores en la Sala).";1
"126";"21633";562;2023;5;"INSULZA";NA;"El señor INSULZA.-
Presidente , nosotros no estamos cuestionando el fondo de este artículo, ¡estamos diciendo que está en otra ley!
Y está tratado de manera distinta en esa ley que está a punto de ser despachada por el Tribunal Constitucional.
Entonces, ¿cuál va a valer, la que aprobó el Tribunal Constitucional o esta?
Yo creo que es una buena pregunta, por eso estamos pidiendo su votación separada. No es en contra, yo estoy de acuerdo con la ley. El problema es que no podemos hacer dos artículos iguales en los mismos días, Presidente.
Quedamos medio mal; ese es el punto.
Y esto ha pasado en varias normas aquí, en que hemos señalado lo mismo. Ahora, si ustedes quieren hacerlo, bien; pero nosotros vamos a votar en contra nada más que por eso. No es el momento de presentar este tipo de cosas, porque se está despachando una ley en el Tribunal Constitucional sobre este mismo tema.
Gracias, Presidente .";1
"127";"21633";568;2023;5;"RINCÓN";NA;"La señora RINCÓN.-
Gracias, Presidente.
Hoy día, en cuanto a los loteos irregulares de propiedad fiscal o propiedad privada realizados por el propietario o terceros, se sanciona en la Ley de Urbanismo al que lotee irregularmente el terreno con pena privativa de libertad, que puede ir desde tres años y un día hasta diez años.
La Comisión aprobó de manera unánime las indicaciones números 99 y 100, de los Senadores Aravena , García y Prohens , que aplican la misma pena de tres a diez años a quienes ocupen los terrenos loteados irregularmente.
Pero -y ese es nuestro problema- lo hizo sin distinguir si ellos son engañados o no por el loteador irregular.
Y, a su vez, por indicación del Ejecutivo, aprobada por unanimidad, se aumenta la pena en un grado, llegando a seis años de presidio aproximadamente, al que engaña a esos ocupantes con celebrar un contrato de compraventa o arrendamiento de lote, sitio o terreno sin ser propietario ni tener título alguno.
Por lo mismo, hay dos discordancias, Presidente . Se sanciona con pena de hasta diez años a quien ocupa un loteo irregular sin distinguir si fue engañado o no...
(se desactiva el micrófono por haberse agotado el tiempo).
El señor COLOMA (Presidente).- Le daremos diez segundos.
La señora RINCÓN.- Así podré terminar.
Decía que se sanciona con menor pena al que lotea irregularmente y engaña -seis años, aproximadamente- que al que ocupa esos terrenos siendo engañado -hasta diez años-; ello, sin considerar que a estos ocupantes de loteos irregulares igualmente corresponde sancionarlos por delito de usurpación violenta o no.
De ahí que se pide votación separada, para rechazar el número nuevo que modifica el artículo 138° del decreto con fuerza ley N° 458 y las indicaciones números 99 y 100, que agregan a los ocupantes en el delito de loteo irregular.";1
"128";"21633";570;2023;5;"KAST";NA;"El señor KAST.-
Gracias, Presidente.
Aquí lo que estamos votando es algo muy preciso, que se refiere a que en la actual Ley General de Urbanismo y Construcciones se le impone la pena de presidio menor en su grado máximo a presidio mayor en su grado mínimo al propietario, ¡al propietario!, loteador o urbanizador que realice cualquier clase de actos o contratos que tengan por finalidad última o inmediata la transferencia del dominio. En el fondo, que inscriba ilegalmente.
Eso está hoy día en la ley.
Y lo único que hace la Comisión de Seguridad, a propósito de una indicación que hicieron efectivamente algunos de los colegas Senadores, es agregar que a aquel que haga exactamente lo mismo, pero que no sea propietario, también se le aplique la misma norma.
Por lo tanto, no innova la disposición pertinente, simplemente la amplía, para que esas personas también puedan ser penalizadas.
Por eso, llamamos a votar a favor.";1
"129";"21633";581;2023;5;"PROVOSTE";NA;"La señora PROVOSTE.-
Presidente , mire, lo que ocurre es que en el artículo transitorio propuesto originalmente no se distingue entre clases de usurpación ni se menciona tampoco a integrantes de familia, con lo cual se evitan los problemas de aplicación que se han manifestado.
Entonces, dado que el Catastro no es necesariamente exhaustivo en cuanto a familias o integrantes de las mismas, la norma debiese hacer referencia a los terrenos y no necesariamente a las familias.
Por eso nosotros llamamos a apoyar la indicación que ha presentado el Ejecutivo, que busca aclarar particularmente esta situación.";1
"130";"21633";583;2023;5;"GARCÍA";NA;"El señor GARCÍA .-
Presidente , el artículo transitorio que viene propuesto por la Comisión también fue iniciativa del Ejecutivo , a través de la correspondiente indicación, y a nosotros nos parece que está bien recogida la protección que les queremos dar a las familias que se encuentran en el Catastro Nacional de Campamentos elaborado por el Ministerio de Vivienda, hasta el año 2022.";1
"131";"21633";588;2023;5;"KAST";NA;"El señor KAST.-
Gracias, Presidente.
Solo una clarificación, complementando lo que dijo el Senador García .
Lo importante y la diferencia que tiene esto con lo que plantea el Ejecutivo es que nosotros defendimos mucho que no fuese la familia la que quedara sujeta a un proceso en que terminara encarcelada, pero no así los terrenos. Y el Ejecutivo , con quien teníamos una diferencia, quería que el terreno, aunque fuese variando su ocupación el día de mañana con familias distintas, pudiese quedar eximido y no se le aplicara la ley.
Por eso es tan importante como quedó la redacción finalmente.
7
En verdad se trata de una indicación del Ejecutivo, pero nosotros pedimos eso en la Comisión, y de ahí que se aprobara por unanimidad, ¡por unanimidad!, que fuesen las familias y no los terrenos.
Invito a votar a favor, Presidente .";1
"132";"21633";598;2023;8;NA;NA;"Fecha 08 de agosto, 2023. Diario de Sesión en Sesión 64. Legislatura 371. Discusión General. Pendiente.
ESTABLECIMIENTO DE PENAS PRIVATIVAS DE LIBERTAD PARA DELITO DE USURPACIÓN, AMPLIACIÓN DE PERÍODO DE FLAGRANCIA Y FACILITACIÓN DE DETENCIÓN DE OCUPANTES (SEGUNDO TRÁMITE CONSTITUCIONAL.
BOLETINES NOS 13657-07 Y 14015-25, REFUNDIDOS)";1
"133";"21633";601;2023;8;"JOUANNET";"de pie";"El señor JOUANNET (de pie).-
Señorita Presidenta, honorable Cámara, en nombre de la Comisión de Seguridad Ciudadana, vengo en informar sobre el proyecto de ley que regula los delitos de ocupaciones ilegales de inmuebles, fija nuevas penas y formas comisivas e incorpora mecanismos eficientes de restitución, en segundo trámite constitucional y primero reglamentario, con urgencia calificada de suma, que corresponde a las siguientes mociones, refundidas:
1.- De los senadores señores Francisco Chahuán , José García y Kenneth Pugh , y de la senadora señora Carmen Gloria Aravena , que modifica las sanciones del delito de usurpación y las equipara con las de otros delitos a la propiedad, boletín N° 13657-07, y
2.- Del senador señor Felipe Kast y de las entonces senadoras Marcela Sabat y Ena von Baer, que modifica el Código Penal para castigar con penas privativas de libertad el delito de usurpación, ampliar el período de flagrancia y facilitar la detención de los ocupantes, en la forma que se indica, boletín N° 14015-25.
Por razones de tiempo y con el propósito de tratar derechamente materias esenciales de esta moción, solo abordaré aspectos básicos que han servido de base a estas iniciativas parlamentarias.
Lo atinente a los antecedentes que sustentan este proyecto y la mención de las autoridades del Ejecutivo, otros invitados e intervenciones de las señoras diputadas y de los señores diputados participantes en el debate y análisis de las mociones se encuentran en detalle en el informe respectivo que está a vuestra disposición.
Constancias reglamentarias previas
1.- Idea matriz o fundamental del proyecto
Se pretende, por un lado, diferenciar las diversas hipótesis de usurpación y ocupación de inmuebles, para así modificar la limitada sanción dispuesta en la ley a su respecto, que corresponde a multa. Y, por otro, garantizar la
7
aplicación de la norma y disuadir la comisión de esta clase de hechos mediante una sanción eficaz, otorgándole carácter delictivo a la respectiva conducta, para lo cual se elimina el límite a la flagrancia y se establece una nueva vía sancionatoria para la modalidad no violenta, con el propósito de facilitar la detención de los ocupantes ilegítimos.
En resumen, los objetivos principales de estas mociones refundidas son los siguientes:
1.- Sancionar con presidio toda hipótesis de usurpación.
2.- Extender el período de flagrancia tratándose de este delito.
3.- Permitir, tanto durante la investigación del delito como al presentarse civil, la restitución anticipada del inmueble ocupado.
4.- Autorizar la aplicación de técnicas especiales de investigación en la persecución de las usurpaciones.
5.- Castigar con penas de presidio la celebración con engaño de compraventas o arrendamientos de sitios ocupados ilegalmente.
6.- Modificar la Ley General de Urbanismo y Construcciones para sancionar al ocupante ilegal que pretenda transferir el dominio de lotes de terrenos tomados.
7.- Incorporar restricciones en las normas para regularizar la pequeña propiedad raíz mientras exista juicio pendiente por el delito de usurpación.
8.- Hacer inaplicables las reglas sobre detención y flagrancia contenidas en esta iniciativa respecto de quienes habitan en campamentos catastrados hasta el año 2022.
2.- Normas de carácter orgánico constitucional y de quorum calificado
No hay disposiciones con ese carácter.
3.- Normas que requieren trámite de Hacienda
No contiene normas que deban ser conocidas por la Comisión de Hacienda.
4.- Votación general del proyecto
En sesión N° 54, de 5 de junio de 2023, el proyecto refundido fue aprobado en general por mayoría de votos.
Votaron a favor los diputados señores Jorge Alessandri (Presidente), Cristián Araya , José Miguel Castro , Andrés Jouannet , Henry Leal , Raúl Leiva , Andrés Longton y Diego Schalper , y la diputada señora Gloria Naveillan . En contra, el diputado señor Jaime Araya y las diputadas señoras Mercedes Bulnes , en reemplazo de la diputada señora Lorena Fries ; Alejandra Placencia y Maite Orsini . No hubo abstenciones.
5.- Reserva de constitucionalidad
No se formuló reserva de constitucionalidad.
Discusión y votación particular.
El texto aprobado por el Senado consta de cuatro artículos permanentes y uno transitorio, que, en suma, modifican el Código Penal y el Código Procesal Penal, el decreto con fuerza de ley N° 458, del Ministerio de Vivienda y Urbanismo, que aprueba la nueva Ley General de Urbanismo y Construcciones, y el decreto ley N° 2.695, que fija normas para regularizar la posesión de la pequeña propiedad raíz y para la constitución del dominio sobre ella.
Uno de los objetivos centrales de este proyecto es elevar de multa a sanción penal la comisión del delito de usurpación en sus diversas hipótesis y consagrar la legítima defensa privilegiada, entre otros aspectos.
Primeramente, se debe señalar que la Sala del Senado, en sesión de 2 de marzo de 2021, acordó refundir ambas mociones.
7
Así, el artículo 1, compuesto de ocho numerales, introduce diversas modificaciones al
Código Penal. De esa forma, entre otros aspectos:
-Añade la usurpación violenta al catálogo de delitos respecto de los cuales se presume legalmente que concurre la legítima defensa.
-Establece una sanción penal de presidio menor en su grado medio a máximo, esto es de quinientos cuarenta y un días a cinco años, al que con violencia e intimidación en las personas o fuerza en las cosas ocupare total o parcialmente un inmueble, de forma permanente o transitoria, o usurpare un derecho real que otro poseyere o tuviere legítimamente, y al que, hecha la ocupación en ausencia del legítimo poseedor o tenedor, vuelto este le repeliere.
-También se sanciona con presidio menor en cualquiera de sus grados, de sesenta y un días a dos años, la usurpación sin violencia.
-Añade un nuevo 458 bis, que prescribe que en el caso de que la usurpación, violenta o no, sea llevada a cabo en un inmueble privado o público destinado a la vivienda, a impedir o dificultar la propagación de incendios o a la provisión de servicios esenciales, la sanción del delito se aplicará en su máximo.
-Incorpora un nuevo artículo 470 bis, que establece que se aplicarán las penas del artículo 467 del Código Penal, que regula la estafa, aumentadas en un grado, al que mediante engaño dispusiere a otro a celebrar un contrato de compraventa o arrendamiento de sitio, lote o terreno sin ser propietario ni tener título alguno sobre el inmueble, ni autorización del dueño para enajenarlo o transferir su uso o goce, siempre que le ocasionare un perjuicio patrimonial a la víctima. Se considera agravante actuar abusando de la situación de precariedad socioeconómica de la víctima.
El artículo 2, mediante cuatro numerales, modifica el Código Procesal Penal, a saber:
-Incorpora un inciso final al artículo 130 (situación de flagrancia) que precisa que en los delitos de secuestro y de usurpación habrá situación de flagrancia mientras se mantenga privada de libertad a la víctima (en casos de secuestro) y mientras subsista la ocupación del inmueble o la usurpación de los derechos reales constituidos sobre ellos.
-Añade un nuevo artículo 157 bis, que regula la restitución anticipada en procedimientos por ocupación de inmueble.
El artículo 3 incorpora una modificación al decreto con fuerza de ley N° 458, del Ministerio de Vivienda y Urbanismo, de 1976, que aprueba la nueva Ley General de Urbanismo y Construcciones, que modifica el artículo 138, y agrega al ocupante dentro de quienes pueden incurrir en la infracción de realizar cualquier clase de acto o contrato, tales como ventas, promesas de venta, reservas de sitios, adjudicaciones en lote o constitución de comunidades o sociedades tendientes a la formación de nuevas poblaciones que tengan por propósito inmediato la transferencia del dominio, en contravención a lo dispuesto en dicha norma.
El artículo 4, que consta de 3 numerales, introduce modificaciones al decreto ley N° 2.695, de 1979, que fija normas para regularizar la posesión de la pequeña propiedad raíz y la constitución del dominio sobre ella:
-Se reemplaza el artículo 6° por uno que consagra que el requisito de no existir juicio pendiente se acreditará mediante el correspondiente certificado expedido por el Conservador de Bienes Raíces respectivo, con una declaración jurada conjuntamente presentada y, además, por la información de la que disponga la Subsecretaría de Bienes Nacionales.
Para concluir, el proyecto consagra un artículo transitorio, que establece que no podrá ser detenida, conforme al artículo 130 del Código Procesal Penal (flagrancia), ninguna persona que hubiere cometido los delitos de usurpación, si integra una familia que se encontrare ocupando un inmueble que forme parte de un campamento incluido en el Catastro Nacional de Campamentos elaborado por el Minvu en 2022.
En este segundo trámite constitucional, la Comisión mantuvo lo esencial de estas mociones, que es establecer sanción penal por la comisión del delito de usurpación, ya sea con violencia o de manera pacífica; lo concerniente a
7
la legítima defensa privilegiada respecto del que impide la consumación de delito de usurpación violenta o con fuerza en las cosas, quedando exento de responsabilidad penal, y la flagrancia permanente. No obstante ello, introdujo cambios mediante indicaciones o rechazo de normas del texto aprobado por el Senado, con el propósito de mejorar la iniciativa, a saber:
1. Se precisan de mejor forma los casos que permiten la aplicación del máximo de las penas previstas por la comisión de los delitos de ocupación ilegal o usurpación de inmuebles y que son cuando el delito acaece en un lugar habitado o destinado a la habitación, o se da obstaculizando una acción destinada a impedir o dificultar la propagación de incendios u obstaculizando el suministro de servicios públicos o domiciliarios, tales como electricidad, gas, agua, alcantarillado, colectores de aguas lluvia o telefonía.
2. Se elimina la norma que relaciona expresamente los delitos de usurpación con el artículo
72 del Código Penal, que impide establecer el mínimum de la pena cuando participan menores de edad, ya que el artículo 72 se aplica a todo tipo de delitos, es decir, se torna innecesario vincular los delitos de usurpación en que participan menores de edad con el referido artículo.
3. Se suprime el artículo 458 ter, que aumentaba la pena a presidio menor en su grado máximo cuando los delitos de usurpación hubieren sido cometidos por una organización delictiva y que permitía en esos casos aplicar las técnicas especiales de investigación.
4. Se incorpora como delito con sanción de multa al que sin estar legalmente autorizado destruyere o alterare los términos o límites de un inmueble con el objetivo de posibilitar una posesión y a quien sin tener la posesión material de un bien inmueble, instale banderas, estacas u otras demarcaciones destinadas a manifestar intención de posesión de sitios no destinados a la habitación.
5. Respecto de las modificaciones del decreto ley N° 2.695, que fija normas para regularizar la posesión de la pequeña propiedad raíz:
-Se incorpora un requisito adicional para requerir el reconocimiento de poseedores regulares de bienes inmuebles urbanos o rurales, cual es el de acreditar, mediante declaración jurada, que no existe juicio pendiente en su contra o sentencia condenatoria respecto al delito de usurpación.
-Se precisa que no procederá el reconocimiento de posesión regular sobre parte alguna del inmueble si existiere juicio pendiente por el delito de usurpación, sea contra el solicitante de regularización o contra terceros, aunque se aclara que quien haya obtenido sentencia absolutoria ejecutoriada por el delito de usurpación, podrá solicitar que se le reconozca la calidad de poseedor regular, de conformidad al citado decreto ley.
-Se presume que se actúa con dolo para obtener maliciosamente el reconocimiento de calidad de poseedor regular de conformidad al citado decreto ley, en caso de que el interesado obtuviere el reconocimiento de poseedor regular mientras existiere juicio pendiente o sentencia condenatoria en su contra por el delito de usurpación, si este tuviere por objeto el mismo inmueble o parte de él.
-En el evento de que no haya oposición al reconocimiento de calidad de poseedor regular dentro del plazo legal, previa certificación de ese hecho, se exige al solicitante que pretende regularizar la propiedad, que acredite, a través de una declaración jurada, dentro de un plazo de diez días, que no hay juicios pendientes en la forma que prescribe la ley. Acreditada tal situación, el Servicio de Registro Civil podrá dictar la resolución ordenando la inscripción del inmueble en el Registro de Propiedad del Conservador de Bienes Raíces respectivo.
-Se incorpora un artículo 5 en el proyecto, facultando al director del Servicio de Vivienda y Urbanismo poder deducir acciones y querellas respecto de hechos que sean constitutivos del delito de usurpación que se hayan cometido en el territorio de su competencia.
6. Finalmente, se reemplaza el artículo transitorito y se precisa que no podrá ser detenido en flagrancia ninguna persona que hubiere cometido los delitos de usurpación, que se encontrare ocupando un inmueble que forme parte de un campamento incluido en el Catastro Nacional de Campamentos elaborado por el Ministerio de Vivienda y Urbanismo del año 2022 y respecto de ellos tampoco procederá la presunción establecida en el párrafo segundo del numeral 6° del artículo 10 del Código Penal, esto es la legítima defensa privilegiada.
7
Es todo cuanto puedo informar.
He dicho.";1
"134";"21633";603;2023;8;"PALMA";NA;"El señor PALMA.-
Señorita Presidenta, miro con gran preocupación este proyecto de ley. Siempre he sido una persona que está a favor de la democracia y la paz social. Mis valores y mi actuar siempre han sido consistentes en esa dirección, trabajando en el día a día por un país libre de violencia, desde el territorio, mediante talleres de autocuidado y autoeducación popular.
Por lo tanto, votar a favor un proyecto de ley que fomenta la violencia va totalmente en contra de ese mandato y de todo aquello por lo que he trabajado hasta ahora.
Lo que hace este proyecto de ley es instalar, entre otras cosas, la institución de la legítima defensa privilegiada, promoviendo el uso de la justicia por propia mano o autotutela cuando un ciudadano sienta amenazado su derecho de propiedad. Esta es una mala señal que se da a la ciudadanía, pues significa claudicar en los esfuerzos de construir un verdadero Estado de derecho, diciéndole a la ciudadanía que se defienda como pueda, fomentando el enfrentamiento directo entre ciudadanos mediante las armas, comenzando una escalada de arme y violencia, cuyas nefastas consecuencias las hemos podido ver en países como Estados Unidos, donde se ha llegado al extremo de que niños y niñas no pueden ir tranquilos a la escuela, ya que en cualquier momento aparece un compañero de curso con la ametralladora del padre.
Señorita Presidenta, ¿este es el país que queremos construir? ¿Un país en que las personas tengan más armas que libros en sus casas? ¿Un país en que los niños vayan al colegio a estudiar con el temor de ser asesinados por otros? Un país así va directo a la desintegración social y a la destrucción de la escasa humanidad que nos va quedando.
Yo me pregunto: ¿qué pasaría si el que intenta repeler la usurpación resulta ser en realidad el verdadero usurpador? La probabilidad o factibilidad de error es bastante amplia, ya que solo con posterioridad a los hechos sabremos sus resultados.
Sin lugar a dudas, este proyecto es otra ley de tiro fácil, en la que gana el que dispara primero. Ese no es el Chile con el que yo y muchos y muchas soñamos.
La solución a la violencia no es más violencia, sino la creación de mecanismos eficaces de solución de conflictos y procesos judiciales más breves y ágiles. No podemos caer en el facilismo de la escalada de violencia.
No podemos enseñar eso a nuestros hijos, porque algunos de ellos estarán aquí sentados el día de mañana tratando de solucionar los problemas que nosotros generamos y que no pudimos solucionar, o bien cosechando nuestros aciertos.
Tenemos que pensar en las futuras generaciones de una vez por todas y dejar de ser tan inmediatistas.
Por eso, votaré en contra este proyecto de ley, porque creo que los ciudadanos y ciudadanas
merecemos mucho más que un “arréglenselas como puedan”.
He dicho.";1
"135";"21633";605;2023;8;"DONOSO";NA;"El señor DONOSO.-
7
Señorita Presidenta, es impresionante que cada vez que hablamos de cómo combatir la violencia un sector de esta Sala se oponga, y no hay otro motivo que el gusto por la violencia. Las tomas no pueden ser una forma de acción política; las molotov no pueden ser una forma de acción política. El temor de las personas producto del terrorismo tampoco puede ser algo defendible.
Tenemos que instaurar un estado de excepción constitucional y generar las leyes que permitan avanzar hacia el Estado de derecho. Creer que una ley va a hacer que la gente viole la racionalidad es insensato. Una ley no está por sí sola; una ley se enmarca en un esquema jurídico, en la Constitución y en las leyes penales. Por consiguiente, tenemos un sistema que le va a dar sustento.
No es real que si una persona se defiende con un arma cuando ingresa un tumulto a usurpar o tomar su propiedad con violencia esto va a ser una guerra civil, porque para que una persona pueda usar un arma legítimamente debe tenerla inscrita, y puede usarla en el lugar donde la tiene inscrita. Por lo tanto, no es que pueda convocar a todos sus amigos para que la defiendan.
Tenemos que entender el sistema jurídico completo para avanzar en serio en recuperar la paz. No puede ser que Chile esté dividido en dos: los que vivimos en Estado de derecho y los que no disfrutan el Estado de derecho, porque tienen que esconderse, arrancar de sus propiedades y temer que el sacrificio de sus vidas se lo puede tomar cualquiera en nombre de lo que sea.
Este proyecto de ley, aunque muchos lo enmarcan en la zona sur por las tomas terroristas, también afecta a las poblaciones y a los bloques. Ahí es donde los narcotraficantes sacan a la gente a patadas. Si la gente los denuncia, los narcotraficantes ingresan y la sacan volando.
A esas personas, que no tienen dinero para pagar grandes estudios de abogados ni mucho menos la capacidad para sustentar un juicio por cinco años, la única opción que les queda es una ley como esta, que ampare el derecho, que ampare su derecho a vivir en paz, que ampare su derecho a vivir en su vivienda, que ampare su propiedad, que ampare la paz.
He dicho.";1
"136";"21633";607;2023;8;"MELLADO";"don Miguel";"El señor MELLADO (don Miguel).-
Señorita Presidenta, en la macrozona sur este problema, que hoy asombra a Chile entero, es pan de todos los días desde hace décadas.
Hay usurpaciones históricas, como, por ejemplo, la del fundo La Romana, de propiedad de René Urban, quien no tuvo otra opción que vender ante el hostigamiento que sufrió por parte de la comunidad de Temucuicui. Ni hablar del caso de Roxana Carrut , en Traiguén, cuyo marido murió esperando recuperar sus tierras usurpadas, o del caso de María Inés Floody , en Nueva Imperial, quien también está esperando que le devuelvan sus tierras usurpadas desde hace mucho tiempo.
Solo en el verano del 2021, en la comuna de Nueva Imperial se registraron cuarenta predios tomados y otros cincuenta con banderas o marcados con carteles que indicaban que se trataban de terrenos en recuperación.
Mientras tanto, la glosa que prohíbe adquirir tierras que han sido perturbadas es ignorada. El año pasado, la Corporación Nacional de Desarrollo Indígena (Conadi) concretó la compra de tierras paras ocho comunidades bajo el artículo 20, letra b), de la ley N° 19.253, con una inversión que sobrepasó los 17.000 millones de pesos. Entre ellas están las comunidades Amuley Lof Pichi Pantano 1 y José Huenchual 2, las cuales habían protagonizado previamente usurpaciones, de acuerdo con lo que ellas mismas declaraban en sus redes sociales.
Ante estas situaciones de indefensión absoluta, ¿qué pueden hacer los agricultores? No pueden trabajar sus predios, ni siquiera pueden entrar a ellos; ven sus hogares y recuerdos convertidos en cenizas; las compañías de seguros no los quieren asegurar; están atados de manos, solos y desesperados, porque cada inversión hecha puede convertirse en pérdida, y más encima, a pesar de que el Estado no les da garantías para que puedan
7
trabajar en paz, tienen que pagar contribuciones, salvo que se les otorguen ayudas cosméticas con rebajas que solo se dan en estado de excepción constitucional.
Es más, la Comisión Interamericana de Derechos Humanos admitió a trámite una demanda presentada por víctimas de la violencia rural en el sur del país, quienes argumentan falta de protección del Estado, porque deben irse de los lugares en donde viven normalmente. ¿Acaso los agricultores no tienen derechos humanos? ¿Sus derechos son menos importantes que los del resto de la población?
Hoy las penas son multas de 11 a 20 UTM en caso de usurpación violenta. Pregunten cuántas multas han cursado.
¡Cero!
Las usurpaciones no son meras ocupaciones, sino que son la puerta de entrada a otros ilícitos más violentos, como los incendios, las extorsiones y otros delitos que solo buscan presionar al dueño para que se vaya de manera forzada por la falta de seguridad en general.
El presidente de la Asociación de Agricultores de Malleco nos recuerda: “Hace pocos días, un grupo de niños se quedó sin su escuela y decenas de familias mapuches se quedaron sin salud y sin su sede social. En sus manos, señores parlamentarios -nos dice-, está cambiar hoy la historia y actualizar la ley de usurpaciones de acuerdo con lo que ocurre hoy en el país, y con mayor gravedad en el sur. Solo con sus votos se podrá evitar más muertes en los campos, donde no solo se produce el alimento de ustedes, sino también de todos los chilenos. En sus manos está hoy el verdadero futuro de nuestro país”.
He dicho.";1
"137";"21633";609;2023;8;"FRIES";"doña Lorena";"La señora FRIES (doña Lorena).-
Señorita Presidenta, la ocupación ilegal de inmuebles es un delito que se sanciona con multa en nuestro actual Código Penal. Sin duda, este delito requiere una adecuación a la dinámica actual que tiene.
Hemos visto cómo la modalidad de loteos irregulares, más conocidos como loteos brujos, ha crecido en los últimos años y cómo bandas criminales convierten las usurpaciones en negocios lucrativos, muchas veces a costa de quienes viven en una absoluta precariedad y no han podido acceder a viviendas.
Sin embargo, el resultado del debate en la Comisión de Seguridad Ciudadana ha superado con creces la necesidad inicial de actualizar este delito.
Las modificaciones introducidas durante la tramitación de este proyecto ponen en riesgo la integridad de las personas con la incorporación de la legítima defensa privilegiada entre civiles y la flagrancia. Ambas son un grave peligro para la convivencia democrática y el Estado de derecho, puesto que, en vez de encauzar institucionalmente el conflicto, estamos legalizando que los particulares, los eventuales dueños de los predios usurpados, hagan justicia por sus propias manos.
Este proyecto no responde al problema que surge de las ocupaciones ilegales, sino que propone mecanismos que suscitan actos de violencia que no van a fortalecer las tareas de seguridad que nos encomienda la ciudadanía.
Entre ellos están la legítima defensa y también la flagrancia.
Este proyecto tampoco distingue entre ocupaciones de terrenos violentas y no violentas. No es lo mismo emplear violencia e intimidación, poniendo en riesgo a las personas, que la ocupación de manera no violenta.
No se puede aplicar la misma sanción a quienes atenten contra la integridad de las personas que a quienes afecten el derecho a la propiedad.
Hemos hecho todos los esfuerzos y agotado las instancias para que la oposición entienda la magnitud y las consecuencias de esta carta blanca a la violencia.
7
La complejidad de este debate está dada por un delicado equilibrio, que no se resuelve en las modificaciones que se están presentando en este hemiciclo.
Debemos dar con una adecuada protección del derecho a la propiedad, sin que ello ponga en peligro el derecho a la vida y criminalice la pobreza.
Nuestra tarea es avanzar en soluciones en el marco del Estado de derecho, y que el Estado y sus instituciones intervengan a tiempo, de manera adecuada y eficaz, para resguardar la paz social y evitar el enfrentamiento entre personas.
Legislar para permitir que se utilicen mecanismos violentos solo nos lleva a aumentar la inseguridad en las personas.
He dicho.";1
"138";"21633";613;2023;8;"KAISER";NA;"El señor KAISER.-
Señorita Presidenta, este proyecto no sería necesario si la fuerza del Estado no se hubiese debilitado al punto de ya no ser capaz de entregar seguridad, orden y paz a los chilenos; este proyecto no sería necesario si no hubiese gente que justificara la toma de lo ajeno, y no estamos hablando solo de los campos en el sur, sino que estamos hablando de departamentos, de casas y, también, de propiedades fiscales.
Este proyecto, damas y caballeros, no sería necesario si tuviésemos consenso de cómo actuar ante personas que se dedican al delito de usurpación, como tampoco lo sería si tuviésemos una legislación potente a la hora de sancionar a aquellos que quieren hacerse con lo ajeno, y a los carabineros para implementarla.
Hoy, damas y caballeros, votaremos nada más y nada menos que la devolución del derecho de los ciudadanos a defender lo propio cuando el Estado fracasa en ayudarle, y el Estado ha fracasado de manera vergonzante.
Entonces, ¿qué les vamos a decir a aquellos a quienes les cobramos contribuciones -porque les seguimos cobrando contribuciones, aunque sus campos o sus propiedades estén tomadossi rechazamos este proyecto? ¿Que lo mejor es que simplemente hagan abandono de lo suyo y se vayan a otra parte, o que vean si pueden tomarse algo de terceros? No es la forma, damas y caballeros.
Aquí estamos restableciendo el derecho de las personas de proteger un derecho, que incluso está consagrado en la Carta de las Naciones Unidas como un derecho humano, cual es el derecho de propiedad, y creo que este Congreso, que le ha quedado al debe a la gente en entregarle protección policial, cuanto menos puede ahora entregarle la posibilidad de defender lo propio por propia mano, si es necesario.
No creo que con este proyecto vayan a aumentar los niveles de violencia; todo lo contrario, creo que van a disminuir, porque el criminal hace un cálculo a la hora de iniciar una acción, pero también hace el cálculo de cuál va a ser la resistencia que va a enfrentar. Entonces, a mayores niveles de resistencia, menor voluntad para cometer un delito; a mayor capacidad de castigo, menor voluntad para cometer un delito.
7
Este proyecto crea las condiciones para que haya castigo y para que haya resistencia. Por eso, lo votaré a favor.
He dicho.";1
"139";"21633";615;2023;8;"ALINCO";NA;"El señor ALINCO.-
Señorita Presidenta, Coyhaique , mi ciudad, nace de una toma de terrenos y de la construcción de una casa bruja - así denominada por nosotros-, levantada en una noche por don Juan Carrasco , padre del exdiputado democratacristiano Baldemar Carrasco Muñoz .
El derecho a la tierra es parte de nuestra historia, de nuestra cultura. ¿Acaso el Estado le asegura un terreno a quien no lo tiene? Si el Estado chileno y los diferentes gobiernos aseguraran un terreno para que un agricultor pudiera vivir en él y ganarse los porotos, un terreno donde pidiera construir su vivienda, no tendría ningún problema en apoyar este proyecto de ley. Pero la cosa es diferente. ¿Acaso los grandes terratenientes no le han robado el territorio a sus legítimos dueños? Pasa con la tierra y con el mar chileno, mar que hoy está privatizado.
Por lo tanto, aprobar este proyecto de ley significa despreciar y desconocer lo que hicieron nuestros antepasados.
¿Ustedes saben por qué existe Chile Chico? ¿Han escuchado hablar de la guerra de Chile Chico? Se dio cuando policías y militares de los ejércitos de Argentina y de Chile agarraron a balazos a un grupo de colonos para defender intereses de empresas inglesas, allá por 1918, y, a punta de balazos, los chilenos y chilotes ¡defendieron su tierra, mierda!
¿Qué pasa? Hoy, tenemos el derecho de respetar nuestra historia.
Por lo tanto, llamo a votar en contra este proyecto. Acá se habla de incorporar nuevos métodos eficientes para la restitución. ¿Balas, acaso? ¿Masacres, como la de Pampa Irigoin? Esto no lo podemos permitir.
Por eso, hay que votar en contra, ¡hay que votar en contra!
He dicho.";1
"140";"21633";617;2023;8;"CONCHA";"doña Sara";"La señorita CONCHA (doña Sara) .-
Señorita Presidenta, los casos de usurpación de terrenos y viviendas han aumentado de forma preocupante en los últimos meses. La violencia asociada a las tomas, sea de terrenos o de inmuebles públicos o privados, ha tenido un aumento que tiene atemorizados a los vecinos de los lugares usurpados. Me refiero a conductas violentas y delictivas, pero no de las familias que, por extrema pobreza, buscan un lugar que, sin dañar a otros, pueda terminar siéndoles traspasado.
Por eso, estoy de acuerdo con esta propuesta, en la medida en que especifica que los campamentos ya formalizados en el catastro oficial no serán causal de su aplicación y que hace diferencias con las tomas pacíficas e inscripciones de terrenos que no tengan un juicio en curso, lo que permite avanzar en los procesos de comités de vivienda.
Cabe destacar que este proyecto de ley también incluye sanciones para las tomas de inmuebles públicos, que en general no son realizadas para habitarlos, sino para impedir el curso normal de algún servicio público, lo cual es un perjuicio a todo ciudadano. Me refiero a la toma temporal de alguna oficina pública a modo de protesta.
A su vez, este proyecto aborda el preocupante tema de la estafa por venta de inmuebles sin ser el dueño legítimo.
Cabe recordar que las estafas por venta de lugares no habitables y que son ofrecidos en venta por quienes no son sus dueños han aumentado, afectando gravemente a personas vulnerables en su sueño de la casa propia. Esto debe ser penalizado y regularizado, cosa que hace este proyecto de ley.
7
Quien esté en contra de sancionar todo tipo de delitos está muy mal, porque daña la democracia, toda vez que busca resguardo legal para la violencia y la estafa. Aquí no se criminaliza la pobreza, lo que se criminaliza es la violencia y los perjuicios por estafa. Además, se establecen límites acerca de dónde se puede instalar un campamento, para que no se afecte la seguridad, como ocurre cuando Bomberos no puede desplazarse para apagar incendios, que vienen con más fuerza cada verano, así como la prohibición de tomarse lugares donde luego piden instalación de cañerías de agua y cableado de luz, que son cosas que afectan incluso a las mismas personas que habitan en el lugar.
Estoy disponible para avalar las modificaciones y mejoras que busquen un mayor resguardo a quienes no entran en el perfil de los delitos que el proyecto busca castigar y prevenir, a fin de eliminar cualquier vacío legal o mal uso de esta ley en proyecto.
He dicho.";1
"141";"21633";619;2023;8;"LEAL";NA;"El señor LEAL.-
Señora Presidenta, vamos a votar a favor este importante proyecto de ley. Quienes vivimos en La Araucanía y en la macrozona sur creemos que es una de las iniciativas más importantes.
Tenemos cientos de predios tomados, cuyos legítimos dueños o tenedores están impedidos de utilizarlos. No me cabe en la cabeza que haya sectores que quieran votar en contra de que quienes han sido usurpados puedan recuperar sus terrenos.
Esta iniciativa tiene aspectos muy relevantes: en primer lugar, dispone que será un delito lo que antes era una falta. Cuando un grupo de personas se tomaba los predios, no se podía detener a nadie, porque dicha ocupación constituía una falta. Con este proyecto les diremos a miles de chilenos que cuando les tomen sus predios, dicha acción va a ser considerada un delito, por lo que se podrá detener a los delincuentes que ingresaron a sus predios por la fuerza.
Además, se establecerá la flagrancia permanente. Esto significa que en cualquier momento el legítimo poseedor o tenedor podrá pedir al juez de garantía la restitución como medida cautelar. Eso garantizará terminar con la impunidad que existe en la macrozona sur y en todo el país.
No es verdad, como algunos dicen, que con este proyecto habrá autotutela. Lo que habrá será legítima defensa.
Cuando el dueño de un predio se vea invadido por la fuerza, podrá defenderse, y si hace uso de medios para repeler, contará con la legítima defensa privilegiada. Nos parece justo que quien es privado de su dominio, posesión o tenencia tenga el derecho a defenderse ante la justicia.
Miles son los chilenos de la Región de La Araucanía y de la macrozona sur que esperan esta ley en proyecto, y nosotros no podemos sino respaldarlos y ponernos siempre del lado de las víctimas y no de los delincuentes.
También pido a algunos colegas que dejen de mentir. Esta iniciativa no se va a aplicar a los asentamientos regulares permanentes. A aquellos campamentos que estén registrados y catastrados no se les va a aplicar esta futura ley. Este proyecto está dirigido a quienes usurpan inmuebles de manera irregular, violenta y por la fuerza, privando a sus dueños del uso y goce de esos terrenos. No es autotutela; sí es legítima defensa.
A quienes nos han pedido apoyo para esta iniciativa, a esos miles de chilenos de nuestra región que hoy nos están viendo, no les podemos fallar. No podemos fallarles a quienes están siendo usurpados, a quienes tienen que pagar sus contribuciones sin poder usar sus terrenos. A esos chilenos, a esos habitantes de La Araucanía, hoy les decimos: “sí, estamos con ustedes. No seguiremos amparando la impunidad, la toma, la amenaza y el matonaje con que han actuado esas verdaderas mafias en la macrozona sur, y dispondremos que se sancione con penas de cárcel a quienes actúen de esa manera.”.
Por mi Región de La Araucanía, por Chile, voto a favor la ley de usurpaciones.
7
He dicho.";1
"142";"21633";621;2023;8;"GONZÁLEZ";"doña Marta";"La señora GONZÁLEZ (doña Marta).-
Señorita Presidenta, sin duda, este proyecto es uno de los más complejos que han pasado por este hemiciclo.
Hemos visto a los pobladores y a las pobladoras cómo han debido manifestarse por esta iniciativa. Es realmente vergonzoso que llevemos a la ciudadanía al extremo de mandar cartas diciendo que está dispuesta a defender sus terrenos con su vida, para que sus hijos tengan una vida digna, para que sus hijos tengan un techo donde vivir.
¿Cómo es posible que nosotros, como clase política, tengamos a la ciudadanía en ese extremo, teniendo que arriesgar sus vidas para tener un techo donde vivir?
El domingo se celebró el Día del Niño. ¿Usted sabe cuántos campamentos celebraron el Día del Niño, con todos sus dirigentes pidiendo donaciones para hacer una celebración? En esos campamentos hay muchos niños que lo pasaron bien el fin de semana, y cuyos ojos brillaban con alegría, felicidad y esperanza. ¿Cuánta potencialidad hay en esos niños de los campamentos? Sin duda, muchísima. Sin embargo, me pregunto cuántos de esos niños de los campamentos van a terminar la enseñanza media, cuántos de esos niños de campamentos van a acceder a la educación superior, cuántos de esos niños y niñas van a ser padres antes de los
17 años de edad, cuántos de esos niños y niñas de campamentos van a poder romper el círculo de la pobreza.
Nosotros tendríamos que estar legislando para poder sacarlos del círculo de la pobreza, para que no tengan que estar viviendo en campamentos ni tomándose terrenos como grupos de familias. Recordemos que las poblaciones emblemáticas de distintas regiones se construyeron a raíz de los campamentos, porque la sociedad movilizada tuvo que mover al Estado para que respondiera con algo tan básico como es la vivienda. Y hoy ¿qué hacemos? Seguimos criminalizando la pobreza, seguimos queriendo no entender lo que pasa en nuestro país.
Para mí este proyecto pone la carreta delante de los bueyes. Estamos llevando al extremo una situación que se tiene que resolver por otra vía. Si los parlamentarios de La Araucanía tienen conflictos en su zona, no pretendan que todo Chile esté pasando por un conflicto de violencia para que ellos puedan resolver algo que no han podido resolver por años con diálogo, con consenso, con escucha.
Por otro lado, también quiero condenar enérgicamente toda la pérdida de dinero en asentamientos precarios, porque los asentamientos precarios son los campamentos. No es posible que la prioridad del gobierno sea un kit de emergencia para los campamentos, porque esas no son las prioridades de los campamentos. Por supuesto, quiero relevar la labor de la Fundación un Techo para Chile, que sí ha estado construyendo donde no llega el Estado.
He dicho.
-Aplausos.";1
"143";"21633";623;2023;8;"PULGAR";NA;"El señor PULGAR.-
Señor Presidente, si bien he escuchado atentamente a mis colegas, debo señalar que claramente las realidades son distintas, sobre todo en la Región del Maule, donde tenemos bastante ruralidad.
Creo que la clase política debe hacer un mea culpa por lo siguiente:
En mi región no hay usurpaciones, pero sí hay tomas y sí ha existido un abuso en distintos territorios, sobre todo en los campos: muchos trabajadores que durante veinte o treinta años dieron su vida en los campos hoy están siendo expulsados de aquellos territorios, de aquellas pueblas que tenían. ¿Por qué? Porque ya no son útiles. Sacan al inquilino, sacan a aquel que dio su vida por el campo porque el patrón murió y los hijos se reparten la herencia.
7
Así comienzan a echar a los campesinos. Esa es la realidad en nuestra región.
Claramente estoy en contra de las tomas, pero convengamos en que hay una necesidad de viviendas.
Ahora, cuando hablamos de tomas ilegales, por favor, veamos cómo las forestales se “han hecho el pino” -por así decirlo- en muchos territorios, sobreponiendo escrituras en terrenos que no son de ellas. Esa es una práctica que todos conocen. Es un abuso. Vayan a ver cómo está la zona de Constitución y sus conflictos. De hecho, en una conversación en un café escuché cómo un empleado de una forestal trataba de negociar con una familia de los que habían “usurpado”. Esa práctica de las grandes empresas también es usurpación, y también tenemos que rechazarla. Sin embargo, entendemos que muchos son financiados por esas grandes empresas. Da vergüenza.
Mucha de la responsabilidad es de la clase política de este país, tanto de derecha como de izquierda. Es una situación de la que debemos hacernos cargo.
Claramente voy a estar en contra de las usurpaciones, pero no podemos ponernos una venda respecto de una situación real. Terminemos con el negocio y sobre todo con el dolor de la gente.
Vuelvo a citar lo ocurrido en el sector de San Clemente: un terreno de 1,8 hectáreas fue vendido en casi 2.000 millones de pesos por un hijo de un exdiputado de la Democracia Cristiana. Siempre -es rarola política está metida en estos negocios. Pero, por supuesto: este país -vuelvo a insistirtiene mucha plata, pero aquí también hay muchos sinvergüenzas.
No voy a apoyar este proyecto. ¿Por qué? Porque conozco a los sinvergüenzas de mi región.
He dicho.";1
"144";"21633";625;2023;8;"MOREIRA";NA;"El señor MOREIRA.-
Señor Presidente, todos sabemos que a lo largo de Chile hay muchas tomas de terrenos y de casas habitación.
Incluso, se ha dado el caso de propiedades que, cuando se van a entregar a gente que postuló a través del subsidio, se encuentran con que han sido tomadas.
Personalmente, estoy en contra de que me quiten un terreno, ya sea por necesidad o para el uso de personas que están buscando lucro, quienes son verdaderos delincuentes que engañan muchas veces a gente vulnerable que necesita un lugar donde vivir, porque detrás de ellos hay familias. Yo respeto la propiedad privada.
En esta materia hay responsabilidad del Estado. Estamos ante una gran necesidad de viviendas, situación que debe ser la prioridad en estos momentos de parte de las autoridades de gobierno, en este caso del Ministerio de Vivienda y Urbanismo. Desgraciadamente, personas que son verdaderos delincuentes se han aprovechado de la creación de determinadas fundaciones, llegando incluso a arrendarlas. En esos casos, a quien le roban es a la gente, principalmente a la que hoy está en las tomas en distintas partes de Chile.
Si vienen a mi propiedad y se la toman, ¿lo tengo que aceptar? ¡Claro que no! A quienes argumentan en contra de este tipo de proyectos de ley les quiero preguntar si dejarían que se tomaran sus casas o sus terrenos. ¿Se quedarían tranquilos? ¡No, pues!
Son muchos los dueños de terrenos y de propiedades que, a pesar de que se encuentran tomadas, deben seguir pagando sus contribuciones. ¿Y por qué ellos tienen que asumir una responsabilidad que es del Estado de Chile, no de los privados? Si se van a meter a mi casa o a mi propiedad es obvio que me voy a defender y que voy a buscar el medio para sacarlos, porque hoy no sacamos absolutamente nada con recurrir a los tribunales, ya que han sido los propios tribunales los que en algunos casos han señalado: “Que se arregle el privado con el Estado”. Eso no puede ser. Debe ser la prioridad de parte del Estado ayudar a la gente que está…";1
"145";"21633";627;2023;8;"TELLO";"doña Carolina";"La señorita TELLO (doña Carolina) .-
Señor Presidente, en Chile, según el Catastro Nacional de Campamentos 2022-2023, de la Fundación Un Techo para Chile, de la que hay muchos representantes presentes en las tribunas, existen 1.290 campamentos con sobre 110.000 familias viviendo en ellos. Es en esa realidad de tantas familias del país que vemos la preocupación sobre este proyecto, el cual busca, de manera indirecta, complejizar un problema que ya es complejo en sí mismo y que responde a una serie de factores que, objetivamente, se encuentran alejados de la criminalización y de la mirada excesivamente penalista que, lamentablemente, tiene este proyecto.
Esta propuesta representa un debilitamiento del Estado de derecho, es un riesgo de autotutela y, por sobre todo, es un peligro para la paz social. Me parece preocupante en exceso que estemos discutiendo una iniciativa que, incluso, podría facilitar el enfrentamiento entre particulares, dejando al Estado como un mero espectador, sin un rol efectivo, y poniendo en riesgo la integridad no solo de los intervinientes, sino también de los territorios de nuestro país.
Me parece extremadamente riesgoso para nuestra ciudadanía y para nuestra democracia que estemos legislando respecto de iniciativas que puedan tender a que se haga justicia por mano propia, obviando, en ciertos aspectos, el debido proceso, además de no hacen cargo del problema central.
En nuestro país, los mencionados campamentos no responden a usurpaciones violentas, ni tampoco, en mucha de la experiencia comparada, buscan evitar una restitución.
Quiero ser claras: debemos contar con una herramienta, con una normativa efectiva que asegure la restitución, pero no de esta manera, que además busca trasladar materias que son de orden propiamente civil al ámbito penal, el cual bajo ningún punto de vista asegura que lleguemos a un resultado satisfactorio que resguarde y cautele los derechos.
Sin duda, necesitamos herramientas normativas que se hagan cargo de una problemática que se arrastra por décadas, que también demuestra la crisis habitacional que arrastramos y que hoy buscamos solucionar, en parte, a través del Plan de Emergencia Habitacional del gobierno de nuestro Presidente Gabriel Boric.
Además, como Comité, presentamos indicaciones relativas a ponderar hechos como la situación socioeconómica y el contexto en el cual se provocan las usurpaciones de terrenos, pues sabemos que no podemos obviar de esta discusión la serie de factores que hacen que no solo hoy, sino, como mencioné, durante décadas y años, las ocupaciones de terrenos respondan a factores multidimensionales, los cuales como Estado debemos atender y no solo enfrentar desde lo punitivo, sino también desde la comprensión de dicho fenómeno, con el objeto de enfrentarlo de forma estructural.
Rechazamos este proyecto, ya que sin duda constituye un riesgo latente de vulneración de derechos y de hechos que podrían enfrentar a civiles sin la más mínima protección.
He dicho.
-Aplausos.";1
"146";"21633";629;2023;8;"LONGTON";NA;"El señor LONGTON.-
Señor Presidente, la pregunta que se hacen cientos y miles de familias a lo largo de todo Chile es por qué deben soportar tener que vivir con angustia permanente, con impunidad permanente y en una situación de desamparo cuando sus terrenos y sus propiedades son usurpadas.
¿Por qué se vulnera tan flagrantemente el derecho de propiedad y ellos tienen que vivir soportando aquello, sin que haya alguna consecuencia? En ningún Estado de derecho eso es tolerable, pero en Chile se ha tolerado durante décadas. El que comete un delito no tiene ninguna sanción, pasan años y años y la persona no solo no es detenida, sino que además no paga un peso de multa, como se encuentra establecido actualmente en nuestra
7
legislación.
Entonces, lo que hacemos con esta iniciativa es algo muy simple, pero muy relevante respecto de una norma que no ha tenido ninguna modificación desde que se creó nuestro Código Penal, en 1874, pues proponemos que se establezca la flagrancia permanente. Eso permitirá que las personas que incurran en este delito puedan ser detenidas, lo que no ocurre hoy, ya que actualmente la detención en flagrancia tiene un límite de 12 horas y finalmente nadie es detenido.
También aumentamos las penas de multa y las penas de cárcel, porque ¿cómo va a ser razonable que si alguien usurpa un terreno, sobre todo aquellos que lo hacen de manera violenta, no tenga ninguna sanción o una sanción efectiva? En este proyecto establecemos penas de cárcel y establecemos la legítima defensa privilegiada, que no es algo muy distinto a lo que ocurre con el robo con violencia e intimidación, es decir, la posibilidad de defenderse, de que se presuman los elementos de la legítima defensa cuando alguien entra a tu terreno de manera ilegal y está en riesgo tu vida, ya que hay una agresión ilegítima. Esos elementos, que en cualquiera sociedad serían de sentido común, acá son objeto de debate permanente por aquellos que ven con romanticismo las usurpaciones, que ven como legítimo derecho el poder usurpar un terreno y que no ocurra nada.
Preguntemos a los diputados que se sientan enfrente si les han usurpado algún terreno a ellos o a algún familiar alguna vez, si conocen la angustia que se vive con ello y, además, tener que seguir pagando las contribuciones.
En la Región de Valparaíso subió en 67 por ciento este tipo de delitos. El caso más dramático lo vivió Valentina Correa en la ciudad de Quilpué, porque detrás de esto muchas veces hay crimen organizado y narcotráfico. Su padre fue asesinado por un sicario y a Valentina Correa aún no se le devuelve su terreno; aún está en un proceso judicial. ¿Qué le decimos a esa familia? ¿Que las personas no tienen el legítimo derecho a defenderse y que esas personas pueden ser detenidas? No.
Por todo lo señalado, vamos a votar a favor este proyecto, con el objeto de que se establezcan sanciones reales para este delito.
He dicho.";1
"147";"21633";631;2023;8;"ARCE";"doña Mónica";"La señorita ARCE (doña Mónica) .-
Señor Presidente, leyes contra los manifestantes, leyes contra nuestra propia soberanía alimentaria, leyes contra nuestra soberanía medioambiental, próximamente leyes que beneficiarán a violadores de los derechos humanos, y ahora quieren leyes que criminalizan a las familias que viven la precaria realidad de no poder acceder a la vivienda.
Consulto al gobierno lo siguiente: ¿Cómo quiere ser recordado? ¿Como el gobierno que, en vez de construir 260.000 viviendas sociales, debió construir 650.000 nuevos espacios en las cárceles? Sí, compañeros. Ese es el número de personas que viven en déficit habitacional. Y si deciden tomarse un terreno para no vivir en la calle, ustedes los van a encarcelar.
Llevan construidas un 23 por ciento de las 260.000 viviendas sociales que prometieron en campaña; es decir, no alcanzarán a cumplir con su palabra.
Con lo que sí van a cumplir es con los deseos de quienes no votaron por ustedes, o sea, con construir un Estado más represor y punitivo de las luchas y movimientos populares: el mundo al revés.
Tomarse terrenos para construir campamentos no es un deporte ni tampoco un capricho, sino una necesidad, porque las personas que se van a vivir a un campamento lo hacen porque ya no tienen otra opción, y eso es terrible.
No les basta con que esas personas no tengan acceso a agua o a electricidad, sino que además quieren encarcelarlas y perseguirlas.
7
Votaré en contra de este proyecto.
He dicho.
-Aplausos.";1
"148";"21633";633;2023;8;"BELTRÁN";NA;"El señor BELTRÁN.-
Señor Presidente, le hago la siguiente pregunta: ¿cómo actuaría usted si unos desconocidos ingresaran al patio de su casa y se instalaran a vivir allí? ¿Qué harían los colegas? Erradamente, siempre pensamos en la realidad como si se tratara de otras personas, pero no nos ponemos en el lugar de los demás, como si no nos pasara. Es más, no somos capaces de entender que esta problemática perfectamente le puede pasar a cualquiera de nosotros en cualquier momento.
Reitero, entonces, la pregunta: Si llegara un desconocido y se quedara a vivir en el patio de su casa, ¿qué haría? ¿Sabe lo que sucedería? Una impotencia absoluta se apoderaría de toda su familia; la angustia de su esposa; el terror, la inseguridad de sus hijos; la imposibilidad de poder conciliar el sueño sabiendo que en su propia casa, en ese lugar que tanto les costó construir, hay otros que se sienten con el derecho de arrebatársela de un día para otro. El trabajo y el anhelo de su familia se verían destrozados por la violenta interrupción en su propiedad por parte de quienes no sienten el más mínimo grado de compasión con el sufrimiento ajeno. Eso es lo que pasaría.
Pero, lamentablemente, no es mucho más lo que se podría realizar, debido a que como país carecemos de un marco legal que permita resguardar a los ciudadanos frente a este tipo de atropellos. Es por eso que estoy emitiendo estas palabras con energía.
Tenemos la oportunidad de cambiar esta realidad y dar protección a los cientos de familias, particularmente de la Región de La Araucanía, que represento y que han sido despojadas de su sueño, de su trabajo, del hogar que las alberga.
Con respeto, pregunto a mis colegas que pretenden votar en contra: ¿con qué cara mirarán a sus votantes para explicarles por qué los abandonaron? ¿Cómo les pedirán nuevamente el apoyo cuando rechazaron una iniciativa que los protege a ellos y a su propiedad?
Soy consciente de la gran necesidad de vivienda que existe. Efectivamente, se requiere legislar sobre la materia y apoyar a aquellas personas que no tienen casa, pero eso no significa, ni tampoco es aceptable, que en la Región de La Araucanía se tomen los terrenos sin permitir que los propietarios, los agricultores puedan sembrarlos, hacerlos útiles.
Por todas las razones expuestas, por la Región de La Araucanía y por nuestro país, votaré este proyecto como debe ser: a favor.
He dicho.";1
"149";"21633";635;2023;8;"NUYADO";"doña Emilia";"La señorita NUYADO (doña Emilia) .-
Señor Presidente, este es un proyecto que viene a responder al gran empresariado, que contó con leyes con que el Estado chileno asesinó y despojó de sus tierras ancestrales al pueblo mapuche.
Lamentablemente, a raíz del poco compromiso que han tenido los diversos gobiernos, las comunidades han tenido que salir a movilizarse y a ocupar sus tierras ancestrales. Por lo tanto, con este proyecto lo único que ocurrirá será entregar, a aquellos que usurparon las tierras a las comunidades, más leyes para que las sigan reprimiendo y encarcelando.
7
Quiero señalar lo que ocurre hoy con todas aquellas familias vulnerables que están en campamentos. Debo decir que no todas se encuentran registradas en ese catastro nacional del Ministerio de Vivienda y Urbanismo. Todas ellas también serán perseguidas. Es una responsabilidad del Estado y de este Parlamento dar seguridad y viviendas dignas a esas familias.
Por lo tanto, convoco a las parlamentarias y a los parlamentarios que con mucho entusiasmo quieren votar favorablemente este proyecto para responder al gran empresariado terrateniente en el territorio Wallmapu y a las grandes inmobiliarias, que tanto daño le han hecho a las viviendas con la especulación sobre sus altos precios.
Lamentablemente, eso no lo hemos visto. Lamentablemente, para eso no hemos sido capaces de legislar, pero sí para reprimir, para generar hoy mayor pobreza y mayor cantidad de personas encarceladas por luchar por la dignidad, por la justicia de tener una casa digna y por recuperar lo que en el pasado el mismo Estado, a través de diversas leyes, les quitó.
He dicho.
-Aplausos.";1
"150";"21633";637;2023;8;"ROMERO";"don Agustín";"El señor ROMERO (don Agustín).-
Señor Presidente, cuando los seres humanos éramos unos simples monos peludos y vivíamos en pequeñas manadas, nos vimos en la necesidad de tener que organizar nuestra vida en común, ya que en ese entonces sabíamos que no podíamos caer en la anomia social de andar arrebatándonos lo que sembrábamos, de apropiarnos de lo que no era nuestro.
Pero parece que un sector del país, representado fundamentalmente por la izquierda radical octubrista, quiere que volvamos a las cavernas, al arrebato, a andar con garrotes, a la anarquía, a la violencia. Las usurpaciones de terrenos o tomas ilegales han aumentado en nuestro país en más de 81 por ciento desde 2018 a 2022. Y, para más remate, los datos indican que existen 40.000 familias inmigrantes viviendo en campamentos, muchos de los cuales están en mi distrito N° 8.
Esta indefensión afecta gravemente nuestro Estado de derecho, porque desde el momento en que no estamos seguros de que se respete o se garantice el derecho de propiedad, la autotutela descontrolada está a un paso.
Vemos cómo se toman casas en muchas comunas de Chile. Parece que una simple multa no es un desincentivo para quienes ocupan ilegalmente un inmueble, lo que también se suma a lo engorroso que son los procesos para lograr su restitución.
Los chilenos queremos un Estado que nos proteja, nos defienda y nos garantice nuestro derecho a vivir tranquilos.
Negar que existe un problema en esta materia es querer tapar el sol con un dedo. Por lo mismo, mientras el gobierno no se haga cargo y no proteja a los chilenos de la posibilidad de perder su propiedad o de ser víctimas por la compra o venta de loteos brujos, necesitamos esta reforma legal que sanciona de verdad la usurpación de terrenos, porque una simple multa no desincentiva para nada esta conducta ilegal y también tan lucrativa para muchos.
Este proyecto mejora mucho el proceso de restitución anticipada de los inmuebles tomados y sanciona a quien ocupe ilegalmente un terreno que desee transferir a otros. Hoy existen mafias que se toman terrenos, los lotean y los venden en millones de pesos a personas desesperadas por un lugar donde vivir.
Por eso, también estamos conscientes de las dificultades prácticas que implica la normativa propuesta, y para evitar que esto afecte a las personas, hemos dicho -ello también lo señala el proyectoque no se aplique retroactivamente a quienes se encuentren en los catastros actuales.
Este proyecto es un avance en la materia y sanciona de verdad, no de manera simbólica, esta conducta, que hoy goza de impunidad y que indigna a la gran mayoría de los chilenos.
7
He dicho.";1
"151";"21633";639;2023;8;"BÓRQUEZ";NA;"El señor BÓRQUEZ.-
Señor Presidente, por su intermedio saludo a la señora ministra. Este proyecto logra hacerse cargo de un problema que nos afecta como país desde hace mucho tiempo, pero que se ha intensificado enormemente durante los últimos años, tanto en su magnitud como en el grado de violencia ejercida. Me refiero a la usurpación, que es una de las mayores vulneraciones al derecho de propiedad, derecho que nuestra Constitución garantiza a todas las personas.
Por eso, me llama la atención que haya diputados que estén en contra de este proyecto y que justifiquen a quienes ocupan inmuebles ajenos y que se resisten a dejarlos. ¡Con qué cara pueden justificar aquello! ¡Para qué hablar de los estafadores que “venden” terrenos sin traspasar la propiedad del bien inmueble a los compradores! Esta realidad se repite de manera reiterada en Chiloé, en particular en la comuna de Quellón.
La única manera de reducir estas conductas es endurecer las sanciones y entregar mayores facultades investigativas. Por eso -como dije-, no entiendo a quienes están en contra de este proyecto, como si existiera otra forma de erradicar este problema. ¡Qué ingenuidad más grande!
La gente va a seguir ocupando inmuebles ajenos y estafando a los compradores de terrenos si no existen consecuencias negativas por su comportamiento y si no entregamos mayores facultades al Ministerio Público para investigar estos hechos.
Por eso, voy a votar a favor el proyecto. No podemos quedarnos de brazos cruzados esperando que la gente deje de cometer el delito de usurpación. ¡Debemos actuar ahora!
He dicho.";1
"152";"21633";641;2023;8;"NAVEILLAN";"doña Gloria";"La señora NAVEILLAN (doña Gloria).-
Señor Presidente, el artículo 88 del Reglamento señala: “Se prohíbe a las personas que concurran a las tribunas, realizar cualquier manifestación de aprobación o desaprobación, durante la sesión.”.
En las tribunas hay una señora que tiene un letrero en contra del diputado Longton , que dice: “Longton, esto no es un reality”. Me parece que es una falta de respeto tremenda.
Por eso, le pido, señor Presidente, que tome las acciones correspondientes.
He dicho.";1
"153";"21633";643;2023;8;"SERRANO";"doña Daniela";"La señorita SERRANO (doña Daniela) .-
Señor Presidente, por su intermedio saludo a quienes están en las tribunas. En todo caso, si el objetivo es subir el nivel de la discusión en el Congreso Nacional, nunca está de más recordar que esto no es un reality.
7
Dicho esto, este proyecto es una aberración para el Estado de derecho y para cualquier sociedad que se precie de reconocer y proteger la democracia y la pacífica convivencia ciudadana, pero además es una declaración de guerra contra los más desprotegidos, pues es una forma de decirles: “¡Desde ahora en adelante, ustedes están solos!”.
Lo digo de esta forma, porque quiero ser enfática. En materia de vivienda, la situación a nivel nacional es crítica, y este proyecto de ley, en lugar de hacer frente al problema desde la raíz, se preocupa de perseguir y criminalizar a las familias afectadas por la crisis habitacional.
En marzo de este año recibimos datos alarmantes en materia de viviendas. Según el Catastro Nacional de Campamentos, desde 2021, el número de familias que vive en campamentos ha aumentado casi 40 por ciento.
Exactamente, tenemos 113.887 familias que viven en 1.290 asentamientos, sin acceso a servicios básicos y, muchas veces, hacinadas en condiciones de absoluta precariedad.
Entonces, si queremos hacernos cargo de los problemas habitacionales del país, no podemos promover proyectos de esta índole, que traspasan la responsabilidad y que contemplan, incluso, cómo desalojar los terrenos, poniendo la propiedad privada como el principal derecho a resguardar y no haciéndose cargo de las grandes carencias que existen en materia de vivienda, educación, salud y acceso al agua. ¡Cómo es posible que, ante tanta adversidad social, existan parlamentarios que sigan defendiendo el derecho de propiedad! Lo que corresponde es atacar la desigualdad social, promoviendo, por ejemplo, otro tipo de pacto social o la redistribución de la riqueza y no seguir defendiendo intereses propios.
A algunos solo les interesa proteger el derecho a la propiedad; en cambio, nosotros y nosotras no estamos de acuerdo con este tipo de proyectos. Si queremos superar la desigualdad y los problemas habitacionales, legislemos de manera seria y no permitamos que se resuelvan los conflictos como propone este proyecto. Hay que garantizar a cada chileno y chilena el acceso a la vivienda y no seguir lucrando ni poniendo la propiedad privada como el derecho fundamental por proteger.
He dicho.
-Aplausos.";1
"154";"21633";645;2023;8;"BENAVENTE";NA;"El señor BENAVENTE.-
Señor Presidente, por fin estamos discutiendo un proyecto de ley que protege un derecho tan importante como el derecho de propiedad.
Vale la pena recordar que el derecho de propiedad se puede perder, porque no es un derecho absoluto ni permanente. Se pierde cuando hay una razón valedera y justa, es decir, cuando el propietario decide voluntariamente desprenderse de su derecho de propiedad, o bien cuando existen razones de utilidad pública y, en ese caso, el Estado expropia esa propiedad, pagándole al propietario su valor comercial.
Cualquier otra forma de perder alguno de los atributos del dominio, es decir, usar, gozar o disponer de un inmueble, será siempre violenta, existan o no lesiones a las personas o haya destrucción o no de los bienes.
¡Siempre será violento vulnerar el derecho de propiedad!
Se habla mucho de que este proyecto protege a los terratenientes. Un ejemplo: las tomas de departamentos adquiridos con subsidio que no habían sido entregados. Otro ejemplo: en marzo de 2022, personal de la fundación Teletón llegó al antiguo inmueble, ubicado en la calle Huérfanos , en donde guardaban sillas de ruedas y otros elementos necesarios para las personas que atiende esa fundación. Sin embargo, no pueden abrir la puerta porque el inmueble está tomado por la Cooperativa de Vivienda y Trabajo Ayllú, y sigue tomado, porque el recurso de protección ha demorado mucho tiempo. ¿Qué vamos a hacer en situaciones como las descritas?
Por eso, el proyecto va en la dirección correcta. Además, se señala que no se aplicará a los campamentos. El
7
Presidente Boric , durante su campaña, habló de desalojos conversados, siempre que hubiera una solución habitacional. ¡Empecemos ya con las soluciones habitacionales, porque el tren va bastante lento! Hasta el momento no vemos ningún avance.
Obviamente, es necesario entregar una solución habitacional a muchos chilenos que esperan su casa propia. Para eso debemos terminar con el mecanismo que crearon para sacar plata del Estado y destinarla a fines políticos, en especial en el Ministerio de Vivienda y Urbanismo. Ahí había dinero para dar una solución habitacional a muchos chilenos, y se la negaron.
He dicho.";1
"155";"21633";647;2023;8;"NAVEILLAN";"doña Gloria";"La señora NAVEILLAN (doña Gloria).-
Señor Presidente, tras escuchar varias intervenciones, creo que hay que aclarar un par de cosas importantes, porque se generan muchas dudas y se confunde a la gente que nos escucha.
Por su intermedio, señor Presidente, a los diputados de las bancadas de enfrente que han planteado que con este proyecto se afecta a las personas que viven en campamentos, les digo que esa es una tremenda mentira. Soy miembro de la Comisión de Seguridad Ciudadana, que estudió este proyecto de ley, y puedo afirmar que las personas que viven en campamentos no serán erradicadas.
Por su intermedio, señor Presidente, quiero decirles a las personas que están escuchando esto y a las que están en la tribuna que esto no considera el desalojo de personas que están en los registros de campamentos. Por lo tanto, inventar que se va a desalojar a gente porque es pobre, no tiene casa o no tiene donde vivir es una mentira del porte de una catedral.
Por su intermedio, señor Presidente, quiero hacerles una pregunta a mis colegas de todos los sectores. Hay muchos de ustedes que tienen propiedades; de hecho, hay muchos que tienen varias propiedades, por ejemplo, la Vicepresidenta de la Cámara que está sentada a su lado.
¿Alguno de los diputados que están en esta Sala y que tienen propiedades estaría dispuesto a entregar sus terrenos a gente que vive en campamentos y que no tiene casa? ¿Alguna de las personas que está en esta Sala estaría dispuesta a oponerse a una ley como esta si fueran sus terrenos los afectados? Tengo esa duda y me gustaría aclararla. No sé si alguno estará dispuesto a responder eso. Probablemente ninguno.
También escuché con atención la intervención de la colega Emilia Nuyado , por la cual tengo el máximo respeto.
Sin embargo, inferir que como consecuencia de este proyecto de ley los terratenientes serán favorecidos, las tierras usurpadas, etcétera, es un tremendo error. La gran mayoría de las personas, al menos en la Región de La Araucanía y en la comuna de Arauco, que tienen sus propiedades usurpadas, son pequeños agricultores, la gran mayoría vinculados a la ex-CORA.
He dicho.";1
"156";"21633";649;2023;8;"BARRERA";NA;"El señor BARRERA.-
Señor Presidente, primero que todo saludo a las agrupaciones de vivienda que están en la tribuna y que se verán afectadas por este proyecto si se aprueba.
(Aplausos)
Segundo, vamos a rechazar este proyecto, y si se llegara a aprobar, esperamos que nuestro gobierno lo vete.
7
Felipe Kast , Marcela Sabat , Ena von Baer , Carmen Gloria Aravena , Francisco Chahuán . Los menciono con nombres y apellidos, para que la gente sepa quiénes son los responsables. Son parlamentarios de Evópoli, Renovación Nacional, republicanos y de la UDI. Es la derecha en su conjunto la que ofrece hoy al país una regulación en materia de ocupación de terrenos que lo que menos ofrece es paz y seguridad social.
En defensa de la propiedad privada nos vienen a decir que es necesario transformar de infracción con multa a delito con penas corporales la ocupación de terrenos. Este proyecto de ley de usurpaciones, o ley maldita, como la han bautizado los comités de allegados y de vivienda, encarcela la pobreza. No vamos a ponernos del lado de quienes creen que por la fuerza se solucionan los problemas sociales.
(Aplausos)
Nos van a mentir y nos van a decir que esta regulación se centra en el problema de loteos brujos, que es un problema que, por supuesto, debemos solucionar y evitar. Pero ¿por qué agregan la legítima defensa? ¿Para qué el agravamiento de las penas y la detención ciudadana? Lo voy a decir, aunque nadie lo quiera decir: la derecha quiere usar esta iniciativa para criminalizar a las personas que no tienen acceso a la vivienda. Con la aplicación de la usurpación temporal van a criminalizar a las organizaciones sociales que hagan tomas temporales para que sus demandas sean escuchadas.
A propósito de la legítima defensa privilegiada y que sean civiles los que desalojen con propia mano a los mapuches de los terrenos ocupados en el sur, ¿ustedes se harán cargo de los enfrentamientos y del recrudecimiento del conflicto histórico? No lo harán, porque les sirve generarle una crisis al gobierno y están dispuestos a hacerlo a costa de todo.
¿Qué vamos a hacer con los campamentos? Tuvieron la decencia de incorporar una norma transitoria para no echar, utilizando la fuerza pública, a las personas que se encuentran en campamentos catastrados por el Minvu, pero solamente hasta 2022. Que la bancada de enfrente no mienta en relación con los que vengan y los que no están en el catastro. ¿Qué vamos a hacer con las personas sin techo?
El gobierno está avanzando decididamente en el plan habitacional, pero ustedes no aprueban la reforma tributaria ni aportan a que tengamos más recursos para solucionar los problemas sociales, que, repito, no se solucionan por la fuerza.
(Aplausos)
¿Qué vamos a hacer mientras no se construyan las casas? ¿Qué vamos a hacer mientras tanto con los niños y las niñas que no tendrán un techo para protegerse de la intemperie?
¿Dónde está su decencia? ¿Dónde está la compasión de la derecha con las familias sin casa?";1
"157";"21633";651;2023;8;"NAVEILLAN";"doña Gloria";"La señora NAVEILLAN (doña Gloria).-
Señor Presidente, por enésima vez invoco el artículo 88.
Usted tiene el deber de hacer cumplir el Reglamento. Las personas que están en la tribuna han estado permanentemente interviniendo. O entienden que no pueden intervenir con aplausos, gritos ni letreros o usted pide el desalojo.
En segundo lugar, dada la hora ―de acuerdo con lo establecido quedan menos de diez minutos para el término del Orden del Día―, pido el cierre del debate.
He dicho.";1
"158";"21633";653;2023;8;"MEZA";NA;"El señor MEZA.-
Señor Presidente, antes de entrar al fondo del asunto, quiero señalar que de las cosas que se han dicho durante este debate hay una que me llamó profundamente la atención. El diputado Palma señalaba que con esto íbamos a lograr que la gente mandara con miedo a sus hijos al colegio. Quiero informarle, por su intermedio, señor Presidente, que los padres y apoderados ya mandan con miedo a sus hijos al colegio: con miedo a los overoles blancos que se interponen con violencia ante cualquiera que ose contradecir alguno de sus designios casi religiosos. Lo indico para que eso quede claro.
Yendo al fondo del asunto, hay una pregunta que es necesario responder en esta Sala. Cuando se aumenta la pena para un delito o se consagra un delito nuevo, ¿a quién se está protegiendo? Lo pregunto, porque en esta Sala se ha tratado de decir que estamos criminalizando no sé qué cosa o que se está persiguiendo no sé qué. Lo importante es que buscamos proteger a quienes cumplen la ley, a quienes respetan a otros.
Es falso señalar que con esto se está yendo en contra de todos quienes tienen la angustia y el sueño de acceder a una vivienda. En el distrito que me toca representar, específicamente en la comuna de Cerro Navia, ha ocurrido que familias que están esperando una solución habitacional en comités de vivienda y de allegados han debido proteger los terrenos en donde se construirán sus viviendas por miedo a las tomas. Al final ocurre que el que violentamente se toma un terreno, se salta la fila y se gana automáticamente la protección de ciertos personajes de la política, que prefieren proteger al que violentamente busca una solución en lugar del que espera pacientemente. Hay familias en Cerro Navia que llevan diez o quince años esperando una solución habitacional.
Cuando están a punto de obtenerla, les sobreviene el miedo de que otro se tome el terreno en donde sus viviendas serán construidas.
Esto no se trata de criminalizar a quienes quieren acceder a una vivienda digna, sino, justamente, de protegerlos para que sigan el conducto regular. Lo que no podemos permitir es que se enfrenten familias con familias porque el Estado no es capaz de protegerlas. Lo que no podemos permitir es que quienes se saltan la fila a través de la violencia pasen por encima de quienes hacen las cosas como corresponde.
Por mujeres a las cuales les he tomado una tremenda admiración, como la señora Isabel, de Cerro Navia , y la señora Kety , que respetan la ley, votaré a favor el proyecto, para protegerlas de quienes usan la violencia para llegar a una solución.
He dicho.";1
"159";"21633";655;2023;8;"JOUANNET";NA;"El señor JOUANNET.-
Señor Presidente, en este proyecto de ley puede haber algunos matices, pero no puede haber matiz en el fondo, porque no es normal que alguien se tome la propiedad de otro; no es normal que hoy en La Araucanía haya más de mil predios tomados.
Como yo me hago cargo de cuando fuimos gobierno, debo señalar que en el gobierno de la Presidenta Michelle Bachelet había tres predios tomados, uno de ellos era de la Iglesia católica, que nos pidió no desalojar, pero en el gobierno del Presidente Sebastián Piñera los predios tomados subieron a ochocientos. Hoy existen aproximadamente mil predios tomados. Eso no es normal.
Esta iniciativa permitirá que en el caso de La Araucanía no se haga costumbre que se usurpen los predios, porque la usurpación de los predios es el inicio de la violencia.
7
Efectivamente, tiene que haber un proceso de reparación de tierras a muchas comunidades que están esperando desde hace mucho tiempo, pero se tiene que hacer en orden, porque generalmente ocurre que las comunidades violentas se saltan la fila y se les entregan las tierras a ellas. Ese es un sistema que durante años no ha favorecido a las comunidades ni a la región. Hoy, la usurpación en la Región de La Araucanía es el principio de todos los males, como es la violencia que tenemos.
Con este proyecto de ley vamos a ir ordenando eso. ¡Ese es su sentido! No tiene que ver con atentar contra la gente en los campamentos. No podrán ser detenidas las personas que se encuentren ocupando un inmueble que forme parte de un campamento incluido en el Catastro Nacional de Campamentos elaborado por el Ministerio de Vivienda y Urbanismo el año 2022.
Lo que está claro es que esta iniciativa nos permitirá comenzar a correr el cerco en materia de seguridad, porque por Dios que lo han corrido para este lado.
Así como ocurrió con la ley sobre robo de madera, esta futura ley nos permitirá hacer lo mismo. Por eso, saludo que el gobierno le haya puesto suma urgencia. Como he señalado en otras oportunidades, uno puede tener algunas diferencias, pero objetivamente en esto el gobierno ha ido avanzando para dar efectivamente una señal en el caso de La Araucanía con el fin de que tengamos una situación normal.
Lo que no es normal es que la gente se tome los predios de otro. Eso no es normal. El Estado no llega. Por eso, la flagrancia será permanente, porque no es normal que la gente se tome los predios de otro. Eso no es normal.
En el caso de La Araucanía, eso no puede seguir ocurriendo. Esto nos va a ayudar a construir una situación normal en una región que hoy se bate en la violencia permanente.
Este proyecto de ley nos va a ayudar a que reivindiquemos, por ejemplo, el caso de Fernanda Lagos Hueichaqueo, quien el otro día murió por una barricada, porque todo esto tiene origen en la violencia.
He dicho.";1
"160";"21633";659;2023;8;"BULNES";"doña Mercedes";"La señora BULNES (doña Mercedes).-
Señora Presidenta, los dos aspectos más cuestionables de este proyecto son las disposiciones que consagran la flagrancia permanente y la legítima defensa privilegiada.
La función para la que fui elegida es legislar. El 4 de agosto pasado recibí en mi correo institucional una carta de una organización de agricultores de Temuco de nombre SOFO, mediante la cual me advierten, en un tono amenazador, que estarían observando mi votación para ver de qué lado estoy. No acepto amenazas, ni abiertas ni sutiles.
Por cierto, este proyecto tiene algunas cosas positivas, como las normas que modifican la Ley General de Urbanismo y Construcciones para mejorar algunas disposiciones sobre loteos brujos, y aquellas que modifican el decreto ley N° 2.695, de 1979, para complementar algunas normas; pero en definitiva estas disposiciones no son indispensables ni trascendentes. Ambos cuerpos legales se bastan a sí mismos en su actual redacción.
Pero más allá de aquellas, me es imposible desligarme de mi responsabilidad con las actuales y futuras generaciones de nuestro país, pues lo que se propone en materia de flagrancia permanente y de legítima defensa privilegiada podría generar una espiral de violencia social inimaginable, cuyo final nos es desconocido.
La ley tiene un carácter permanente de búsqueda del bien común; no es ni debe ser un punto político. Estimar la usurpación como un delito permanente en flagrancia continua y autorizar a las víctimas reales o supuestas, sin que sea necesario siquiera acreditar una posesión regular o legítima, para que usen la violencia a título de legítima defensa privilegiada para recuperar el predio presuntamente usurpado convierte la presente ley en un abierto llamado a la autotutela, a la justicia por propia mano.
¿Qué sucede si la consumación de la usurpación se extiende en el tiempo por meses, años o incluso décadas? Hablemos de las tierras indígenas. Los dueños originales, despojados a través de la llamada “Pacificación de La Araucanía”, ¿estarán autorizados para emplear medios violentos para terminar esa usurpación? Del modo en que se está legislando, también los pueblos indígenas, cuyas tierras fueron usurpadas en forma violenta durante una guerra unilateral, podrían estimarse autorizados para recuperarlas en forma violenta. ¿Eso es lo que se busca? ¿La guerra? ¿Qué es lo terrible de aquello? Algo que la civilización occidental aprendió hace siglos.
7
Solamente la justicia puede conducir a la verdad; solamente la justicia es legítima y puede ejercerse a través de…";1
"161";"21633";661;2023;8;"BERGER";NA;"El señor BERGER.-
Señora Presidenta, el derecho de propiedad y su protección es uno de los principales ejes de la economía a nivel mundial. Sin embargo, Chile es uno de los pocos países del mundo donde la pena por usurpación no es un delito, sino simplemente una falta. No confundamos esto con los asentamientos precarios o campamentos en los que se instalan familias vulnerables, que deben tener un tratamiento humanitario y solidario, ya que estamos hablamos de usurpaciones ilegales de terrenos ajenos con fines comerciales y de loteos brujos que merecen un tratamiento sancionatorio robusto, puesto que, además de despojar del derecho de propiedad a quienes han invertido años de recursos y esfuerzos, eso implica una estafa y una burla para quienes buscan la anhelada casa propia. Para peor, pudimos ver el caso de Alejandro Correa, en Valparaíso, quien fue asesinado por sicarios con el objetivo de apropiarse de sus bienes raíces.
Voy a apoyar este proyecto, porque incorpora disposiciones absolutamente congruentes con las nuevas formas de usurpación y de estafa que se están configurando en Chile. Dichas disposiciones facilitarán el procedimiento para hacer justicia y evitar, en cierta forma, que se siga asesinando a propietarios inocentes, que lo único que buscan es resguardar los bienes que son fruto del esfuerzo de años.
He dicho.";1
"162";"21633";663;2023;8;"SAFFIRIO";NA;"El señor SAFFIRIO.-
Señora Presidenta, la idea central del proyecto consiste en diferenciar las distintas hipótesis de usurpación y de ocupación de inmuebles para, de esta manera, modificar la limitada sanción dispuesta en la ley a su respecto.
Por otra parte, el proyecto tiene por objeto garantizar la aplicación de la norma y disuadir la comisión de esta clase de hechos mediante una sanción eficaz, confiriéndoles carácter delictivo a la respectiva conducta, para lo cual se elimina el límite a la flagrancia y se establece una nueva vía sancionatoria para la modalidad no violenta, a fin de facilitar la detención de los ocupantes ilegítimos.
El primer texto, correspondiente al boletín N° 13657-07, destaca que el delito de usurpación tiene una penalidad baja en el Código Penal, una multa entre 11 y 20 UTM, lo que no está acorde con la importancia de la propiedad como el bien jurídico protegido y genera, a la vez, una disparidad entre la protección y la sanción del delito.
El segundo texto, correspondiente al boletín N° 14015-25, se enfoca en los grupos organizados que buscan lucrar mediante la usurpación de terrenos y estafar a compradores. La poca aplicación del delito de usurpación y su baja pena asociada, que va entre 6 UTM y 20 UTM, han llevado a la impunidad en muchas ocupaciones.
Los autores de esas iniciativas hacen una distinción entre dos tipos de usurpación: la que se lleva a cabo por extrema necesidad, que deriva en asentamientos irregulares, y la que se realiza con fines distintos, como la comercialización ilegal de predios ajenos. Destacan el aumento de la práctica de loteos brujos en grandes ciudades de Latinoamérica, incluyendo Chile, lo que aumenta la informalidad habitacional y financia a organizaciones criminales.
Finalmente, cabe señalar que la penalidad baja de la usurpación como falta genera problemas prácticos y normativos, ya que para el desalojo no se pueden aplicar medidas cautelares que recaigan sobre la libertad del infractor.
7
Además, el plazo de flagrancia es corto, lo que dificulta la acción policial. Los desalojos y las usurpaciones representan un alto costo para carabineros y una gran frustración para las víctimas, debido a la reincidencia en muchos lugares.
He dicho.";1
"163";"21633";665;2023;8;"RIQUELME";"doña Marcela";"La señorita RIQUELME (doña Marcela) .-
Señorita Presidenta, podemos ver dos problemas importantes al momento de legislar sobre esta materia, estableciéndose dos ideas controversiales, aparte del efectivo aumento de las penas.
Primero, la eliminación del límite de la flagrancia hasta que este termine la usurpación del terreno o propiedad, cuestión que altera la naturaleza jurídica de la flagrancia, que viene del latín flagrans, que significa “en ardiente”, “en caliente”, mientras el delito está aún en llamas, lo que altera totalmente su naturaleza jurídica.
Segundo, genera la figura de legítima defensa privilegiada para la ocupación violenta.
Les pido a los colegas que realmente tienen interés en esto que escuchen. Cuando vemos la legítima defensa privilegiada y la modificación, si nos vamos a las páginas tres y cuatro del comparado, veremos que esta legítima defensa privilegiada se aplica a los siguientes delitos: secuestro, sustracción de menores, violación, violación de un menor de edad, violación impropia y parricidio. Es decir, se aplica a delitos cometidos contra las personas.
Sin embargo, a través de este proyecto se quiere insertar un delito contra la propiedad dentro de esta legítima defensa, lo que se desmarca totalmente del c oncepto de legítima defensa privilegiada. Entonces, se quiere introducir en esta figura, en este punto, el delito de usurpación, es decir contra la propiedad.
Es más, si vamos a la página ocho del comparado, constataremos que se sustituye la figura del artículo 457 del Código Penal, y se señala: “Al que, con violencia o intimidación en las personas o fuerza en las cosas, ocupare - ¡ojo!total o parcialmente un inmueble, sea público o privado -¡ojo!-, de forma permanente o transitoria…”, va a tener una pena de 541 días a tres años.
A lo mejor, podemos decir que eso está bien, porque estamos protegiendo el derecho de propiedad. Pero esperen un momento, ya que en la página nueve del comparado, si nos vamos al artículo 458 que se propone, encontraremos que se eliminan los tres supuestos, o sea, sin violencia, sin intimidación, sin fuerza. ¿Y qué hago? Ocupo total o parcialmente un bien público o privado de manera permanente o transitoria. O sea, si voy a hacer un pícnic a la plaza, la pena que voy a tener sería de 61 días a 540 días. Si ustedes dicen esto está bien, entonces yo voy a hacer un pícnic a las plazas. Pero esto está mal, esto es pésimo, porque si ustedes se fijan en esta figura, si elimino esto, las personas que están ocupando sus casas o que están instalándose en las plazas van a tener una pena de presidio.
He dicho.";1
"164";"21633";667;2023;8;"WINTER";NA;"El señor WINTER.-
Señorita Presidenta, en todas las definiciones de la palabra “patria” esta se asocia, de algún modo, a la tierra, a la tierra de nuestros padres, a la tierra de nuestra infancia, a la tierra que nos vio crecer. Entonces, ¿cómo se le exige patriotismo a quien no tiene tierra?
Hay quienes quieren plantear que este es un debate sencillo, pero no lo es. En él se cruzan nuestra historia, el Estado de derecho y la relación de la patria con quienes no tienen un lugar donde habitar en ella.
Para comenzar, quiero declarar que reconozco, como legislador, la necesidad de que el Estado de derecho se
7
imponga. La mayoría de mis representados sueña y aspira a tener su tierra o su casa, y que aquello sea respetado por la ley.
Por eso, quiero comenzar haciendo una distinción sana para el debate: por una parte, la situación y calificación de las tomas de terrenos, y, por la otra, las cualidades específicas de este proyecto de ley para solucionar los problemas que él mismo denuncia.
Sobre las tomas quiero que decir que no soy ciego. Reconozco que hay extorsión, que existen las tomas vip, corrupción y también loteadores inescrupulosos y sumamente violentos, muchas veces ligados al narcotráfico. Por tanto, como izquierda, no podemos romantizar así sin más la ausencia de Estado como si esta siempre fuera rellenada por la organización popular. No es así. En nuestra América Latina la ausencia de Estado casi siempre está siendo rellenada por la violenta, voraz, criminal e insaciable carga del narcotráfico.
Sin embargo, no voy a caer en considerar que toda toma de terreno es criminal. En muchos de los discursos anteriores nos interpelan acerca de cómo nos sentiríamos si viviéramos con el miedo de ser víctimas de una usurpación. ¡Buena pregunta! Pero no anula la pregunta que le subyace: ¿cómo nos sentiríamos si con nuestra familia no tuviéramos un lugar en el mundo donde pasar la noche todas las noches? Nadie elige vivir en un campamento. El mercado también expulsa y obliga a muchas familias a vivir en ellos. Cuando los especuladores del suelo, bancos y otras entidades financieras concentran tal cantidad de suelos, construidos o no construidos, y hacen que las familias paguen el 90 por ciento de sus ingresos por un arriendo, lo que están haciendo es expulsar a muchos compatriotas hacia aquella tan indeseable situación.
No, Presidenta. Si considerara criminal toda toma de terreno, me estaría cargando la historia de Santiago y de mi distrito.
En 1972, uno de cada seis habitantes de la capital vivía en un campamento. ¿De dónde venían los que con sus manos levantaron las tomas? Venían del desierto, a ser jardineros de las mansiones que se habían levantado con la riqueza del salitre, mineral que de la tierra seca y calcinante había sido extraído con sus propias manos. Venían también del sur, de los territorios que, más allá del Biobío -paradójicamente-, habían sido usurpados de manera criminal por el mismo Estado de Chile.
No estoy disponible para tratar de criminales a quienes formaron La Pincoya, La Victoria, La Legua, la población Recabarren , en Renca, o La Bandera, en San Ramón.
Hay que tener memoria. No me parece idea más irresponsable que la de un legislador que promueve el enfrentamiento entre civiles, como lo hace esta iniciativa.
Por eso, llamo a actuar con memoria y responsabilidad.
He dicho.
-Aplausos.";1
"165";"21633";669;2023;8;"CARIOLA";"doña Karol";"La señorita CARIOLA (doña Karol) .-
Señorita Presidenta, quiero partir manifestando que este es un proyecto de ley que me preocupa demasiado.
Como diputada, entiendo y comparto que hay aspectos que debemos regular y que son relevantes para la ciudadanía, pero dudo que esta iniciativa sea la solución real a ello o que se encamine siquiera en esa dirección.
Así, efectivamente, considero importante que discutamos aspectos tales como establecer sanciones a loteos irregulares, y en particular sancionar a quienes ilegalmente lucran con las necesidades humanas más básicas, convirtiéndose en verdaderas mafias, porque abusan además de los sueños de las personas.
También, es significativo el establecimiento de mecanismos más expeditos y eficaces para la restitución de bienes
7
inmuebles ocupados ilegítimamente. Pero, insisto, creo que tal como llegó a esta Cámara el proyecto en discusión no solo es preocupante, sino alarmante.
Es importante advertir que esta propuesta podría llegar a implicar un serio retroceso para nuestra convivencia pública, una criminalización grave a personas o grupos en condiciones de vulnerabilidad, una puesta en riesgo del Estado de derecho, puesto que, entre otros aspectos, permite la autotutela, el ajusticiamiento por mano propia; establece una política criminal que sanciona la precariedad, que criminaliza a los y las más pobres de nuestro país, que incentiva situaciones que no hacen más que desestabilizar la paz social, posibilitando incluso el enfrentamiento entre particulares para solucionar conflictos que tienen que ver con la propiedad privada.
Es alarmante que una ley permita esto. Estamos volviendo a la ley de la selva o a los tiempos cavernarios; estamos incitando a que las personas se enfrenten entre sí para resolver problemas cuya solución corresponde al Estado.
Este proyecto aparenta tener buenas ideas e intenciones, aparenta promover soluciones, pero lo que hace es incentivar a la ciudadanía a hacer justicia con sus propias herramientas, a detener a quienes usurpen inmuebles y a desalojarlos sin auxilio de la fuerza pública.
No estoy de acuerdo con que se lleve adelante esta iniciativa ni que la votemos a favor. Creo que es un retroceso civilizatorio, pues criminaliza la organización social, a las y los pobladores de nuestro país, a quienes por tantos años han luchado por algo tan sentido y necesario como es el derecho a la vivienda propia.
Es por eso que en su momento nos opusimos a ese decreto que obligaba al Estado a quitar a los pobladores de tomas de terrenos la posibilidad de tener subsidios habitacionales.
¡Qué macabro, Presidenta! Eso es lo que está detrás de una iniciativa como esta: quitar a los pobladores y pobladoras de este país el derecho a tener una vivienda propia y también el ejercicio de su derecho a manifestarse.
He dicho.";1
"166";"21633";671;2023;8;"ORSINI";"doña Maite";"La señorita ORSINI (doña Maite).-
Señorita Presidenta, el tema de las usurpaciones es complejo. Efectivamente, existen víctimas de este delito, por lo que es necesario fortalecer su regulación y su persecución para evitar cuestiones tan graves como que agrupaciones vinculadas al crimen organizado puedan apoderarse de terrenos o casas para cometer ilícitos.
Pero no todos los casos pueden tratarse de la misma forma. La pregunta, entonces, es si las herramientas que entrega esta ley en proyecto son o no las adecuadas. Mi respuesta es no.
Este proyecto tiene graves problemas, principalmente dos.
En primer lugar, amplía el tipo penal que mete en el mismo saco y con pena de cárcel conductas que son graves y conductas que no debieran tener una sanción penal. No es lo mismo quitar la casa a un adulto mayor y ocuparla para vender drogas a que un grupo de personas a las que el Estado les ha fallado se tomen un terreno históricamente abandonado -ello, exigiendo su legítimo derecho a un hogar y organizadas colectivamente en comités de vivienda- buscando que les den una respuesta a su situación habitacional.
Sí, es necesario legislar en contra de las usurpaciones, pero no a costa de penalizar con cárcel a quienes por necesidad viven en asentamientos informales. No podemos criminalizar la pobreza y la necesidad, menos aún cuando la realidad en Chile es que hoy 114.000 familias viven en campamentos y que la crisis habitacional es un problema de compleja solución y con múltiples aristas.
El segundo problema de esta iniciativa, que para mí es el más grave, es que desliga al Estado de su responsabilidad con la seguridad. Le dice al dueño del terreno y, peor aún, a cualquier persona: “¿Le tomaron un terreno? No se preocupe. Ahora usted tiene legítima defensa privilegiada, así que puede ir nomás y echar a esas
7
personas por su cuenta a la calle”. “¿Estudiantes se tomaron un colegio? Usted puede ir, desalojarlos, y no le va a pasar nada”. “¿Una persona en situación de calle duerme en su cuadra? Cualquier tipo de violencia que decida ejercer en su contra será considerada legítima defensa”.
Sé que a mis colegas de enfrente eso les parece estupendo. Pero ¿cuál es el problema? Que lo que vamos a tener es un enfrentamiento armado constante, con heridos, con muertos; un desastre. ¿Y el Estado? ¿Y la justicia? “Callampín bombín”, como les gusta decir ahora.
Y si ya lo hicimos en el caso de las usurpaciones, ¿por qué parar ahí? ¿Dónde más vamos a aplicar la autotutela y la legítima defensa privilegiada? “Mira, este tipo me estafó. Legítima defensa: voy y lo apaleo”. Sí, suena absurdo.
Pero lo que pasa es que el principio que hay detrás de este proyecto es absurdo.
Entregar este tipo de herramientas no otorga más seguridad, sino que, muy por el contrario, es llamar a la gente a tomarse la justicia por sus propias manos, es fomentar los enfrentamientos civiles, y eso siempre -¡siempre!es menos seguridad…";1
"167";"21633";673;2023;8;"BECKER";NA;"El señor BECKER.-
Señorita Presidenta, seré muy breve.
La verdad es que este gobierno ha sido ambiguo en cuanto al tema relacionado con las expropiaciones o las tomas irregulares.
En una oportunidad, en este hemiciclo, el propio Presidente Boric , cuando era diputado, dijo: “… Temucuicui, territorio recuperado por el pueblo mapuche. Y son quienes lideran la recuperación de tierras en Malleco”. Esto fue en 2018.
¡Qué podemos esperar de un gobierno que no quiere que las personas se defiendan de los ataques y de las usurpaciones! Para los que no lo saben, este gobierno está en contra de la legítima defensa; este gobierno está, muchas veces, con el victimario y no con las víctimas.
¡Qué podemos esperar de un gobierno donde la ministradel Interior y Seguridad Pública dice que este proyecto es una bomba de inseguridad! Señora ministra, ¡vivimos en una bomba de inseguridad hace veinticinco años! Pregúnteles a todas las familias que han perdido sus terrenos, que han sido robados sistemáticamente.
Este proyecto, de una vez por todas, hace un poco de justicia ante tanta violencia, dolor y la falta de un Estado justo para que todos puedan trabajar en sus tierras o en sus casas.
¿Qué les parecería a mis amigos de enfrente si un día de estos con un grupo de personas nos tomáramos sus casas? Así lo vivimos a diario. Ninguna de las tomas son pacíficas, pues llegan más de cincuenta o cien personas armadas, encapuchadas, con palas. ¿Eso es una toma pacífica? ¡Por favor, vayan y compruébenlo!
Lo que ocurre aquí es que hay muchas personas que entre 1970 y 1973 firmaron las famosas expropiaciones, entre las cuales está la diputada Carmen Hertz . Su firma aparece en muchas tomas irregulares o usurpaciones de terrenos, los que, en la mayoría de los casos, quedaron absolutamente sin producir nada, como lo que hoy está ocurriendo en nuestra región.
Como siempre termino, y lo digo de todo corazón: ¡Dios salve a Chile de este mal gobierno!
He dicho.";1
"168";"21633";677;2023;8;"MORENO";NA;"El señor MORENO.-
Señorita Presidenta, recién lo acabamos de alcanzar. Estáb amos sesionando sin el quorum requerido.
Le pido que cuando no haya quorum y estén sonando los timbres se cierren las puertas una vez transcurrido el tiempo necesario, o bien dejan de hacer sonar los timbres, porque tenerlos sonando porque no hay quorum en la Sala, y no aplicar el Reglamento es amenazar y no cumplir la amenaza. El Reglamento es bastante claro.";1
"169";"21633";679;2023;8;"MEZA";NA;"El señor MEZA.-
Señorita Presidenta, el inciso final del artículo 77 del Reglamento señala: “Si en el curso de una sesión falta número y esta circunstancia fuere observada por quien presida,…”. Por lo tanto, usted también puede observar la falta de quorum.
Le pediría que despejáramos esto de que solo es a solicitud de dos jefes de Comités.
Ahora hay 47 diputados presentes y usted perfectamente puede dar cuenta de esta situación y tomar las acciones que correspondan.
He dicho.";1
"170";"21633";681;2023;8;"ROJAS";"doña Camila";"La señora ROJAS (doña Camila).-
Señorita Presidenta saludo a quienes nos acompañan desde las tribunas, especialmente a las dirigentas que vinieron desde San Antonio .
El Estado tiene múltiples responsabilidades con las personas, entre ellas, la protección, la seguridad y también el derecho a la vivienda. Este proyecto de ley, tal como está, desliga de todos esos deberes al Estado.
En estos días han venido a conversar con nosotros representantes de familias que viven en campamentos de San Antonio y de Viña del Mar. No estamos hablando de tomas vip, sino de campamentos formados por familias que no tienen acceso a una vivienda, porque no han podido acceder a un crédito hipotecario, pues se les considera demasiado pobres, o porque se les considera que tienen demasiada plata para acceder a un subsidio.
Esta iniciativa pudo haber sido beneficiosa por las importantes materias que regula, tanto para quienes han visto
7
afectados sus terrenos como para quienes viven en campamentos. Lamentablemente, no se consideraron las indicaciones del Ejecutivo, por lo que el proyecto no hace más que desligar al Estado de su responsabilidad y deber fundamental de proteger a los ciudadanos y ciudadanas, pero también en materia jurídica, estableciendo un actuar, tutelando la resolución de los conflictos que se producen entre los ciudadanos a través de un actuar policial, primeramente, y, luego, a través del Poder Judicial.
Es absolutamente improcedente que el mismo Estado les diga a los ciudadanos que se tomen la justicia por sus propias manos. Creo que eso es lo más grave de este proyecto de ley. Se está entregando un espacio demasiado amplio a la autotutela, lo que resulta peligroso no solo para la democracia, sino también para la seguridad de las personas y de las comunidades.
Si les decimos a las personas que resuelvan sus conflictos como puedan y que hagan justicia por su propia cuenta, la pregunta que surge es ¿para qué sirve entonces el Estado si no es capaz de ser el sostén para la resolución de los conflictos y de las necesidades de los ciudadanos? ¿En qué tipo de tragedias podríamos terminar con esta legítima defensa privilegiada entre particulares que irresponsablemente se quiere aprobar?
Este proyecto de ley, en vez de prevenir casos como el del terrible homicidio de Alejandro Correa, podría motivar muchos más casos como ese; podríamos ver, incluso, más y peor violencia contra los mismos dueños de los terrenos a los que, supuestamente, se pretende proteger.
Ninguna ley puede permitir que impere la justicia por mano propia, debido a la incapacidad del Estado de dar soluciones habitacionales que se vienen demandando por décadas, que son históricas en nuestro país.
Me parece que este es un proyecto mediático, facilista, pero que, además -esto es lo más grave-, es sumamente peligroso para la seguridad de las personas y para la democracia.
Tenemos que hacer un esfuerzo mayor para dar respuesta a las demandas habitacionales y no nos podemos permitir aprobar iniciativas de ley de este carácter, que lo único que hacen es poner en riesgo a las personas.
He dicho.
-Aplausos.";1
"171";"21633";683;2023;8;"MORENO";NA;"El señor MORENO.-
Señorita Presidenta, qué duda cabe de que este es un avance legal necesario.
En primer lugar, quiero aclarar que la bancada republicana comprende perfectamente la complejidad que encierra el tema de la vivienda y la situación que afecta a muchas familias que hoy en día viven en campamentos. Por eso, vale la pena aclarar que este proyecto hace inaplicables las reglas sobre detención y flagrancia contenidas en la instancia respecto de quienes habitan en campamentos catastrados hasta 2022.
El proyecto tiene algunos aspectos positivos: extender el período de flagrancia, tratándose de este delito; autorizar aplicaciones de técnicas especiales de investigación, que son por cierto necesarias; castigar con penas de presidio la celebración con engaño de compraventa o arrendamiento de sitios ocupados ilegalmente, y otras medidas que van a ayudar mucho.
Es fácil criticar la norma cuando no se vive con susto, como en la macrozona sur, o cuando no ha sido tomado el domicilio -parcela o casadonde se vive.
El diputado Meza señaló que algunas personas que están esperando su vivienda, personas que están en la fila y no se la han saltado, han debido tomarse esos lugares. Situación similar ocurre en mi distrito, el N° 17, específicamente en Talca, donde hay personas que no han podido acceder a su vivienda, porque los terrenos en donde se van a construir las viviendas sociales están tomados.
7
Quiero citar una frase de Chesterton: “Llegará el día que será preciso desenvainar una espada por afirmar que el pasto es verde”. Muchos claman por el Estado de derecho y por el orden; muchos claman por reponer la seriedad y la seguridad en nuestro país, y este proyecto avanza en eso.
Defender que una persona pueda pasar por la propiedad de otra, so pretexto de alguna necesidad que se comprende y que el mismo Estado, en particular este gobierno, no ha sido capaz de resolver, en buena parte porque se ha robado la plata de los asentamientos precarios a través de convenios llevados a cabo por personas no capacitadas en la materia, no es excusa para saltarse el derecho que tienen otros sobre su trabajo y esfuerzo.
Por lo tanto, desde el Partido Republicano vamos a apoyar este proyecto. Esperamos que comprendan que este es el camino a seguir.
He dicho.";1
"172";"21633";685;2023;8;"CUELLO";NA;"El señor CUELLO.-
Señorita Presidenta, en primer lugar, quiero saludar a las dirigentas del campamento Felipe Camiroaga y también a las dirigentas de San Antonio que nos acompañan en la tribuna.
Este es un proyecto que enfrenta con política criminal un problema social. Es un proyecto absolutamente desproporcionado, porque, por ejemplo, equipara, tal como fue despachado por la Comisión de Seguridad Ciudadana, la ocupación de un inmueble con violencia en las personas con la ocupación de un inmueble con fuerza en las cosas. Eso es absolutamente desproporcionado. Penaliza por igual conductas por completo distintas.
Lo más grave de este proyecto -en eso coincidimos con muchos diputados y diputadases que introduce mecanismos de autotutela, es decir, permite que los civiles empleen la fuerza para resolver un conflicto. Eso atenta no solamente contra la noción mínima de Estado de derecho, sino que también pone en riesgo -es lo que más temen quienes viven en campamentosla seguridad de las personas, la seguridad de las familias.
Estamos frente a un proyecto que constituye una aberración jurídica que, como hemos dicho, pretende dar una solución penal, una solución criminal a un problema social que, además, tiene una dimensión enorme. Según TECHO-Chile, son 114.000 las familias que hoy viven en campamentos.
En la Región de Valparaíso tenemos la mayor cantidad de campamentos del país. Sin duda, el origen de los asentamientos precarios, de los campamentos, tiene que ver, por supuesto, con una desigualdad patente en la sociedad, una desigualdad marcada por los bajos ingresos, por el desempleo que se produjo durante la pandemia, lo que agravó el problema, y por los altos costos para adquirir una propiedad o arrendar.
Muchas veces los colegas desatienden que acá no estamos hablando de números, sino de personas; estamos hablando de que en estos campamentos habitan adultos mayores, niños, adolescentes y personas con dificultades de movilidad. Por lo tanto, pretender encarcelar, pretender reprimir de una forma tan desproporcionada, tan irracional esa necesidad humana que es vivir bajo un techo, no lo podemos aceptar ni tolerar.
Vamos a votar en contra este proyecto, porque tengo la convicción de que no se puede encarcelar la lucha por la vivienda digna. Esa convicción nace del conocimiento que tengo de la realidad del campamento Felipe Camiroaga , de los comités unidos de vivienda de Santa Julia y de los cerros Centinela y La Virgen, en San Antonio.
He dicho.";1
"173";"21633";687;2023;8;"ARAYA";"don Cristián";"El señor ARAYA (don Cristián).-
Señorita Presidenta, mientras más escucho al Frente Amplio y al Partido Comunista hablar en contra del proyecto,
7
más me gusta el proyecto, más útil lo encuentro y más importante es que sea aprobado. Los voy a invitar a hacer un poquito de memoria.
2017: el Partido Comunista de Chile demandó a ocho familias para que desalojaran un terreno en la comuna de Lo Barnechea. Esas familias se dedicaban, entre otras cosas, a la venta de madera y de carbón; familias que necesitaban recurrentemente auxilio y ayuda social de la Municipalidad de Lo Barnechea.
2022: se produce el desalojo, en la localidad de El Huáscar, en Antofagasta, de una toma encabezada por Jacqueline Santander , militante y vicepresidenta de la Comisión de Mujer y Género del Partido Socialista en Antofagasta. Recordemos a Gloria Bascuñán o a Claudia Soto -no sé cuál es cuál-, una mujer que mantenía una doble vida: de día era funcionaria del Ministerio de las Culturas, las Artes y el Patrimonio de este gobierno y por las noches lideraba una toma ilegal en Cerro Navia. Recordemos también que este año el municipio de Coquimbo se querelló contra un concejal de la misma comuna por una toma ilegal.
Parece que hay una afinidad profunda de parte de la izquierda ideológica con las tomas ilegales; parece que, en realidad, lo que aquí vemos es una verdadera protección de las tomas ilegales. Lamentablemente, no es algo que nos sorprenda.
Es importante restablecer el orden en nuestro país. La única forma de enfrentar la crisis de seguridad que vive Chile es comenzando por lo más básico: restableciendo el Estado de derecho, el imperio de la ley. En ese sentido, combatir con energía y con fuerza las tomas ilegales es fundamental.
Vemos que la izquierda tiene profundas conexiones con las tomas ilegales. Las utilizan; utilizan a los dirigentes, los ideologizan y usan los espacios para adoctrinar a la gente en estado de necesidad. Detrás hay mafia, narcotráfico, tomas ilegales en terrenos fiscales que abundan y crecen todos los días.
En el norte, gran parte de los inmigrantes ilegales son los responsables de estas tomas. En esta Sala vemos que hay un grupo que prefiere resguardar el interés de esos inmigrantes ilegales y que se siga atentando contra los derechos humanos de niños con tal de resguardar este espacio de poder, porque luego suben a esas mismas personas a una micro y las llevan a protestas.
Aprobaremos este proyecto, porque es fundamental para restablecer el orden y la seguridad en nuestro país.
He dicho.";1
"174";"21633";689;2023;8;"SANTIBÁÑEZ";"doña Marisela";"La señorita SANTIBÁÑEZ (doña Marisela) .-
Señorita Presidenta, punto de Reglamento. El diputado Cristián Araya acusa que se lleva a gente a protestas en micro. Si es así, que entregue los antecedentes y haga las acusaciones correspondientes; de lo contrario, está formulando injurias y eso es un delito.
He dicho.
-Aplausos.";1
"175";"21633";691;2023;8;"MEZA";NA;"El señor MEZA.-
Señorita Presidenta, la semana antepasada presenté una solicitud ante la Contraloría General de la República, para
7
que sancione al alcalde Daniel Jadue por prestar buses municipales para transportar gente a una manifestación.";1
"176";"21633";695;2023;8;"ARAYA";"don Jaime";"El señor ARAYA (don Jaime).-
Señorita Presidenta, estamos realmente en una situación difícil. Es complejo que la gente que sigue este debate parlamentario por la televisión entienda quiénes son, en opinión de unos y de otros, los buenos y los malos en esta película.
Hay que hacer un poco de historia sobre cómo nace esta situación.
Hubo un buen proyecto, razonable, que establecía que se aumentaba la pena al delito de usurpación y se habilitaba la flagrancia por largo tiempo, de manera tal que los carabineros, los agentes públicos policiales, pudiesen hacer la intervención policial requerida, como ocurre con cualquier delito. Eso no sucedía, porque la usurpación es un delito que tiene una pena muy baja.
Ocurre que un senador de derecha se puso creativo e incluyó en el proyecto la legítima defensa propia o practicada por un tercero, bajo el nombre de legítima defensa privilegiada. Luego, la iniciativa se radicó en la Comisión de Seguridad Ciudadana de la Cámara de Diputados y empezó a subir más y más el volumen.
¿Qué tenemos por un lado? La falsa creencia, desde una derecha muy dura, de que el problema de las usurpaciones se va a resolver habilitando a ciudadanos o ciudadanas para que sustituyan el rol del Estado en la recuperación de terrenos y en hacer justicia. Eso es muy grave, porque -quiero decirlo con mucha responsabilidad- este proyecto nos puede llevar al borde de un conflicto que podría escalar, incluso, a una guerra civil en La Araucanía. Ese es el error tremendo que comete la derecha.
Por otro lado, y con harto cariño y fraternidad, digo que este no es un proyecto anticampamentos, no es una iniciativa que criminaliza la pobreza, sino un proyecto que busca resolver un problema donde el Estado se retira.
Por lo tanto, pido mesura a ambos extremos. Los invito a que transitemos por el ancho camino del medio: el de la racionalidad.
¿Necesitamos una ley que castigue el delito de usurpación para habilitar a los agentes policiales? Sí. ¿Necesitamos además la flagrancia permanente? Sí. No podemos permitir el arribo a nuestro país de la autotutela legal, que es el gran riesgo de este proyecto.
Tampoco voy a permitir que se siga diciendo que quienes apoyamos esta moción estamos criminalizando la pobreza o queremos perseguir a la gente que vive en campamentos, porque ambas cosas son mentiras.
He dicho.";1
"177";"21633";697;2023;8;"ACEVEDO";"doña María Candelaria";"La señora ACEVEDO (doña María Candelaria).-
Señorita Presidenta, el proyecto de ley que hoy discutimos tiene como característica el debilitamiento del Estado
7
de derecho. Efectivamente, cualquier ley o norma jurídica debe cumplir con tres ejes centrales para consolidar el Estado de derecho: tener el carácter impersonal al ser general y abstracta, reforzar las instituciones del Estado y preservar la integridad de quienes son destinatarios de dicha norma jurídica.
En cuanto al carácter de norma jurídica general y abstracta, este proyecto de ley no lo cumple, porque, como se dice, tiene nombre y apellido, aunque en la discusión legislativa estuvo obligado a ampliar su campo de aplicación.
La iniciativa nace con el objetivo de criminalizar un sector de nuestra población, como son los pueblos y las comunidades indígenas, producto de las tomas de terreno en la Región de La Araucanía, o, en su caso, al conjunto de personas que no tienen viviendas.
Durante su tramitación, diversos académicos que expusieron sobre este proyecto coincidieron en que la modificación propuesta no solucionará un problema de carácter político, como el de la Araucanía.
Además, al ser la usurpación un delito de carácter permanente, a la luz de la legislación vigente pueden realizarse detenciones flagrantes como simple delito, independientemente de que la pena sea de multa.
En relación con reforzar las instituciones del Estado, este proyecto de ley las debilita y, con ello, debilita al mismo Estado de derecho, por cuanto extiende a este ámbito a la conocida legítima defensa privilegiada, es decir, a la llamada autotutela. En vez de fortalecer la figura del Estado como ente persecutor de los delitos, al permitir que los particulares puedan por mano propia proceder al desalojo debilita el rol de las policías, así como al propio Poder Judicial en su carácter de tercero imparcial facultado para ejercer la heterocomposición.
Por último, no menor es que este proyecto de ley, lejos de preservar la integridad de quienes son sus destinatarios, pone en peligro a las propias personas que pretendan repeler la usurpación. Si el hecho ocurre en la Araucanía, ni siquiera judicializará un conflicto político, sino que ayudará a agravar un conflicto en que existen problemas de delimitación y legitimación del dominio de inmuebles, consolidando una ley de la selva.
Como señalan quienes defienden el proyecto, este se dirige en contra de la eventual delincuencia detrás de las usurpaciones, pero deja en peligro la integridad de quienes defienden sus inmuebles al exponerlos a las represalias de dicha delincuencia organizada.
Peor es el caso de las tomas de terrenos realizadas por familias y personas sin viviendas, en donde la legítima reclamación de quien sea dueño o dueña del inmueble puede derivar en un hecho criminal de alta connotación.
He dicho.";1
"178";"21633";699;2023;8;"LILAYU";NA;"El señor LILAYU.-
Señorita Presidenta, en Chile, la propiedad privada es un derecho contenido en nuestra Constitución, pero desde hace algunos años sabemos que en diversas regiones de nuestro país se ha incrementado la ocupación ilegal de inmuebles, con el consiguiente perjuicio que esta tiene para los propietarios legales de esos inmuebles.
En la comuna de Frutillar, en la Región de Los Lagos, hay un predio que ha sufrido ocupaciones ilegales en varias ocasiones. En la provincia de Osorno, hay varios predios fiscales y particulares que fueron tomados y que aún no se ha logrado restituir.
A esto debemos sumar las expectativas que irresponsablemente se hicieron en época de campaña por parte del ahora gobierno, prometiendo casas y soluciones habitacionales, lo cual a la fecha no se ha cumplido. Al término de este gobierno no se llegará ni a un 25 por ciento de lo que prometieron. Entonces, aquí claramente se debe poner orden y corregir de acuerdo con lo que existe.
Asimismo, se deben catastrar los terrenos fiscales en donde hay ocupación, ver la posibilidad de erradicar a las personas que viven ahí, desalojar en los casos que corresponda y de ahí en adelante no volver a permitir estas irregularidades.
7
Por tanto, el aumento de las penas para quienes cometen este delito es altamente beneficioso para desincentivar la usurpación ilegal.
Además, es necesario considerar que el delito de usurpación también consiste en “lotear” irregularmente los terrenos e intentar venderlos a personas que están buscando un lugar donde construir un hogar definitivo.
Por último, es posible identificar aquellas usurpaciones realizadas en la macrozona sur que también incluyen un factor político.
He dicho.";1
"179";"21633";701;2023;8;"ÑANCO";"doña Ericka";"La señorita ÑANCO (doña Ericka) .-
Señorita Presidenta, sin lugar a dudas, es necesario avanzar en la persecución de quienes inescrupulosamente abusan de los terrenos eriazos, de quienes venden loteos que no les pertenecen y, por supuesto, hacen un negocio ilegal, entorpeciendo la planificación urbana y engañando a compradores de buena fe.
No estamos a favor de las tomas VIP ni mucho menos de los loteos brujos, pero bien sabemos que este proyecto de ley apunta a otra cosa.
Los abogados, entendidos en derecho, hacen bien al calificar esta iniciativa como una aberración jurídica, porque es contraria a todo nuestro ordenamiento jurídico. ¡No podemos seguir legislando malas leyes, colegas! Reitero: este proyecto es contrario a todo nuestro ordenamiento jurídico. Técnicamente, es un pésimo proyecto de ley, pero aun así vamos al fondo de lo que quisieron hacer algunos diputados.
Mis colegas saben muy bien que en una parte de Chile los dueños legítimos de los terrenos son calificados como usurpadores y los usurpadores son entendidos como legítimos dueños por el derecho chileno. No podemos votar un proyecto de ley contra las usurpaciones cuando no está claro quién es el usurpador.
Les quiero contar que, entre 1884 y 1929, a las comunidades mapuches les entregaron los títulos de merced para poder reubicarlas en este proceso de ocupación de la Araucanía, ocupación que fue a sangre y fuego.
Por tanto, en la Araucanía no podemos abrir el paso a la capacidad de hacer justicia por los propios medios para echar a una persona de un predio. Me pregunto: ¿cuáles son los medios del dueño de un fundo de miles de hectáreas o de una empresa forestal? Contratar empresas de seguridad privada con drones y con guardias privados fuertemente armados.
No podemos dar rienda suelta a este tipo de actuar. Estaríamos abriendo también la puerta al paramilitarismo, que ya existe.
Los señores de la derecha están emborrachados en su propia mayoría y están modificando las leyes en un sentido que tendrá como resultado aún más violencia, importando conflictos desde otras latitudes.
Chile y Wallmapu son pueblos de paz. No vamos a permitir que se les dé chipe libre a organizaciones criminales que incluso andan con armas en lugares de protesta social. En este punto quiero nombrar a Juan de Dios Fuentes, exdirector regional del Servicio de Registro Civil e Identificación, quien años atrás usaba públicamente armamento en marchas en la ciudad de Temuco.
Por supuesto, no me voy a comprometer a votar a favor un proyecto que también criminaliza a las personas que están legítimamente en nuestras tribunas y que esperan una vivienda digna.
He dicho.
-Aplausos.";1
"180";"21633";703;2023;8;"IBÁÑEZ";NA;"El señor IBÁÑEZ.-
Señorita Presidenta, primero que todo, quiero mencionar algunos avances que apoyamos en la tramitación legislativa de este proyecto, como pedir la restitución de los terrenos durante la investigación penal, aumentar las penas por los loteos brujos e impedir la regularización de los terrenos con juicios pendientes. Sabemos que hay que mejorar procesalmente todos esos problemas.
Ahora, aquí hay un gran problema: la autotutela. El problema de fondo es que se quiere resolver a balazos un problema social, que no se puede resolver con violencia.
El problema de fondo es que en Chile la pobreza es un tremendo negocio. Hoy se necesita trabajar dieciséis años con un sueldo promedio para acceder a una vivienda en nuestro país. Hoy menos del 20 por ciento puede acceder a un crédito hipotecario. ¿Qué ha tenido que hacer la gente? Acreditar pobreza para que le den un subsidio, para que se endeude con un banco, y quienes no califican deben esperar veinte años viviendo de allegados o en un campamento.
El problema es que el IVA, el impuesto que ustedes pagan por comprar pan cuando van al supermercado, se convierte en un subsidio. Ese subsidio es un flujo de capital que se inyecta a los bancos por la vía del crédito. Esa plata termina en las inmobiliarias, las inmobiliarias se la pasan a las constructoras y después todos compran suelos, no construyen nada. Pasan diez años, se triplica el precio del suelo, y vuelven a vendérselo al Estado, con sus impuestos.
Ese ciclo de la deuda implica grandes ganadores y grandes perdedores. Grandes perdedores son la clase media y la gente más pobre de Chile, y grandes ganadores son los bancos y las inmobiliarias. Ese es el problema de fondo.
Y el objetivo de construir casas en Chile no es para que una familia vaya a vivir en ellas, no es para que los hijos de esa familia crezcan en ella, ni es para construir en ellas un hogar y ser felices, sino que es producir el hogar como una mercancía, como un elemento que no está destinado a la felicidad de tus hijos, sino a ser un instrumento del mercado financiero.
En Chile, por la deuda hipotecaria, los hijos nacen con el timbre de los bancos; apenas nacen, ¡pum!, los marcan.
Hoy, las casas son cada día más chicas, y por una razón muy simple: no interesa la familia, solo interesa la acumulación de capital.
Y la gente que se toma los terrenos no lo hace por deporte; si no, toda la Región de Valparaíso hubiese sido históricamente construida por delincuentes, y no fue así.
Desde la comodidad de este espacio es fácil decirles que salven sus terrenos agarrándose a palos, agarrándose a balazos. Decir eso es una invitación a un enfrentamiento entre civiles.
Y si el diputado Cristián Araya , por su intermedio, señorita Presidenta, es tan coherente, bueno, que mañana llegue acá, traiga su casco, traiga su espada y batámonos a duelo acá, en medio del hemiciclo -es exactamente lo mismo que está prometiendo-, y veamos quién gana.
Nosotros vamos a rechazar este proyecto del medioevo, porque es un retroceso civil.
He dicho.";1
"181";"21633";705;2023;8;"PIZARRO";"doña Lorena";"La señora PIZARRO (doña Lorena).-
7
Señorita Presidenta, antes que todo, quiero saludar la presencia de las organizaciones. En lo personal, me agrada mucho que estén acá. El Congreso es de todas y todos. Nosotros las representamos; tienen todo el derecho a expresarse.
(Aplausos)
Aplaudir no daña ni mata a nadie; sean siempre bienvenidas.
(Aplausos)
Señorita Presidenta, este proyecto fue presentado originalmente para resolver los conflictos de tomas de inmuebles en el Wallmapu, pero durante su tramitación se amplió su alcance, extendiendo sus normas a las tomas de terrenos vinculadas a necesidades de vivienda de la población más pobre del país. Su objetivo es aumentar las penas de multa a prisión.
Este proyecto es un retroceso en materia de resolución de conflictos entre particulares, toda vez que fomenta la autotutela, es decir, resolver por mano propia, lo que nunca es aceptable en un Estado democrático.
Es deber del Estado proporcionar las herramientas jurídicas y procesales para la restitución de inmuebles cuando son ocupados de forma violenta o ilegítima, pero muy distinto es desconocer los problemas sociales, que son mucho más complejos y que no se resuelven con represión, como la lucha por el derecho a la vivienda digna.
Durante la dictadura se ejercieron medidas violentas contra las tomas de terrenos en sectores céntricos. Los pobladores eran erradicados a la periferia, sin diseño integral de vivienda y urbanismo, sin derecho a la ciudad y sin servicios.
Las cosas como son: este proyecto restituye la idea de que la pobreza y las enormes necesidades que tiene nuestro país sean castigadas social y penalmente.
Qué lástima que en lugar de estar discutiendo cómo resolver con medidas efectivas la enorme demanda de vivienda que tiene nuestro país estemos centrados en criminalizar a grupos pobres por el solo hecho de serlo.
Señorita Presidenta, no podemos permitir que los problemas de derechos sociales se resuelvan con represión y criminalización de las luchas de miles de pobladoras y pobladores que reclaman el justo derecho a una vivienda digna.
He dicho.";1
"182";"21633";707;2023;8;"PLACENCIA";"doña Alejandra";"La señora PLACENCIA (doña Alejandra).-
Señorita Presidenta, la tramitación de este proyecto de ley ha develado, lamentablemente, la cara más peligrosa de la ultraderecha chilena, que pretende, de manera constante, debilitar al Estado, deslegitimar la acción de las policías y, en este caso, escalar la violencia entre civiles, equiparando a pobladores de campamentos con bandas criminales, lo que es francamente inaceptable.
El proyecto plantea que, ante la ocupación de un inmueble o terreno, sean los civiles quienes tengan la atribución de desalojar. ¡Tal como suena! No será el Estado, a través de las policías, el que actúe, sino que se consagra la autotutela, como si no existiera el Estado de derecho. No se me ocurre un ejemplo de barbaridad legislativa similar.
No conforme con lo anterior, el proyecto no distingue entre una ocupación de terrenos efectuada por mafias, que hacen loteos irregulares o los usan para cometer otros delitos, y ocupaciones hechas por familias que reclaman una solución habitacional y que viven en un evidente estado de necesidad; en ambos casos se castiga con cárcel.
Tal como dijo el capellán de Techo-Chile en la comisión, de aprobarse este proyecto de ley tal y cual está, en los hechos se estará criminalizando la pobreza.
7
Nuestro país tiene una larga historia de lucha por la vivienda digna, donde los campamentos son, lamentablemente, la cara más visible del abandono en que hemos dejado a capas enteras de la población de nuestro país.
A quienes piensen, allá enfrente, que la necesidad de vivienda debe sancionarse con cárcel, los invito a que dejen la comodidad de las redes sociales y vayan a decirles a esas familias, en sus distritos, que son delincuentes; luego nos cuentan cómo les va, si se atreven.
Debemos resolver el problema de los loteos brujos y el tráfico de suelo, y por supuesto que debemos responder y atender al legítimo reclamo de quienes sufren la usurpación de sus viviendas o terrenos, pero debemos hacerlo desde la institucionalidad y no planteando soluciones primitivas, como es este caso.
Ante este problema, el Estado debe intervenir con más atribuciones y con políticas públicas claras.
Con la renovación de nuestras indicaciones intentaremos devolver la cordura a este debate. Hacemos un llamado a las fuerzas democráticas a respaldarlas, para evitar que avance la escalada de violencia que propone este proyecto.
De aprobarse tal y como está, agotaremos todas las instancias para detenerlo, incluido el Tribunal Constitucional.
Esperamos que el gobierno haga lo mismo y envíe, de ser necesario, un veto presidencial, porque lo que se juega acá es la defensa del Estado de derecho. Esto es civilización o barbarie.
He dicho.";1
"183";"21633";709;2023;8;"PÉREZ";"doña Joanna";"La señora PÉREZ (doña Joanna).-
Señorita Presidenta, para quienes nos ven y nos pueden aplaudir es fácil hablar, pero quiero decir que aquí hay un trabajo que también debe hacer este gobierno: hacerse cargo de la situación de los campamentos.
Este Congreso le había dado una facultad a los gobiernos regionales para que, junto con el Ejecutivo, se hicieran cargo del déficit en materia de compra de terrenos. Pues bien, eso ha funcionado, pero no basta. Aquí el gobierno también se debe hacer cargo de la usurpación.
Cuando hay terrenos, y me refiero específicamente a la provincia de Arauco -ayer se lo comentaba a la ministra del Interior, a quien saludo-, y se presenta una indicación transitoria, un artículo, para decir que van a quedar fuera de este proyecto de ley de usurpaciones -que el Ejecutivo patrocina, aunque probablemente no esté de acuerdo con algunas indicaciones, pero que respalda y que es parte de las 31 medidas de los proyectos de seguridad, lo que quiero dejar claro-, y dice: “mire, ¿sabe qué?, en el tema del catastro nacional de campamentos, los que quedaron incluidos al 2022 van a quedar fuera”, esto es letra muerta. Primero, porque el catastro está desactualizado, porque está cerrado.
Entonces, lo que está haciendo el proyecto, más allá de todas las indicaciones, podría afectar a muchas más familias. ¿Y quién se está preocupando por ellas?
No veo ninguna indicación del Ejecutivo que diga: “mire, aquí vamos a hacer un trabajo integral, no solo como Estado, sino articulando mesas público-privadas, porque ya hay tomas irregulares, tomas que probablemente son pacíficas”. Porque aquí se dice que todo puede ser violento, pero no necesariamente es así. En la provincia de Arauco, por ejemplo, cuando uno va hacia Arauco , hacia Lebu , todo eso está tomado. Esas personas merecen una solución. Ahí tiene que estar presente el Estado. Se requiere un Ministerio de Vivienda activo, con recursos a disposición de las familias. No debe permitirse -como partió en el norte y se está conociendo que ocurre en el resto del paísque dichos recursos se ocupen para fundaciones; no debe permitirse que los fondos que deberían estar destinados a los asentamientos precarios, a las personas más humildes que no tienen una vivienda, sean utilizados para la política o para aquello que se está investigando y que a todas luces nos da vergüenza. Falta una acción decidida del Estado.
7
Voy a apoyar este proyecto de ley, porque creo en el derecho a la propiedad, porque basta de violencia y porque el octubrismo también nos hizo mal al país -lo hemos dicho y no tenemos problema en decirlo-; pero también me preocupan familias como las que están presentes en las tribunas, que son invisibilizadas, y las familias de nuestra provincia de Arauco, porque el gobierno no tiene una propuesta, porque no ha hecho la pega justamente con esas familias. En Lota tenemos 24 campamentos que existen no solo a partir de este gobierno, sino desde hace mucho tiempo. Ese es un tema de Estado.
Espero que se mejore esta propuesta en el Senado y que todos contribuyamos a ella. He dicho.";1
"184";"21633";711;2023;8;"OJEDA";NA;"El señor OJEDA.-
Señora Presidenta, por su intermedio, es un gusto saludar a la ministra del Interior.
Simplemente quiero tratar de sensibilizar un poco a los colegas parlamentarios en cuanto a que la materia que discutimos dice relación con una situación que efectivamente golpea muy fuerte al sur de Chile, a la macrozona sur. En lo personal creo que una de las principales causas de la violencia es lo que tiene que ver con la toma de terrenos de manera ilegal. Lamentablemente, esto sucede en todo Chile y no podemos acostumbrarnos a aquello.
Cuando digo “sensibilizar” me refiero simplemente a tratar de legislar desde la empatía y no desde nuestras posiciones políticas y vendas ideológicas. Les digo lo siguiente a todos los parlamentarios: si ustedes están en sus casas, en una parcela, en una casa con patio, etcétera, y cualquier persona llega y les toma su terreno, lo que es su propiedad, lo que les costó años conseguir, yo creo que cada quien defendería evidentemente lo propio. Por ello, pido humildemente a todos los colegas parlamentarios que se pongan no solamente en los zapatos de la gente de la zona sur de Chile, de la macrozona sur, de cuatro regiones, sino también en los de todos aquellos que están siendo víctimas de que les quiten aquello que es suyo y que el Estado debe cautelar para proteger. El ser propietario debe ser un bien que el gobierno, que el Estado, garantice sobremanera. Es hacia allá adonde apunta este proyecto, que evidentemente vamos a apoyar, no solamente por la gente de la Araucanía, que es a la que represento, sino también por el futuro y por la seguridad de lo que es ser dueño del propio terreno y de que nadie pueda intervenir en ello.
He dicho.";1
"185";"21633";713;2023;8;"HIRSCH";NA;"El señor HIRSCH.-
Señora Presidenta, en primer lugar, saludo a las dirigentas de los cientos de comités de vivienda de Lo Hermida, San Luis de Macul, Villa La Reina, La Ermita, Cerro 18, que por años han luchado para tener un derecho humano fundamental: la vivienda digna.
Criminalizar las tomas y los campamentos es un retroceso civilizatorio como pocas veces hemos visto. No puedo dejar de recordar cuando el dictador Pinochet erradicó en forma brutal la Villa San Luis, porque a sus aduladores que hoy se sientan enfrente les molestaba tener una población humilde tan cerca. Esa violencia repercute en las generaciones venideras de esas familias, y ahora la derecha quiere volver a lo mismo como forma de conmemorar los cincuenta años de su golpe cívico-militar.
Como a algunos les gusta un populismo penal grosero, ahora quieren sumar a la criminalización de la pobreza que los funderos puedan ir con verdaderas cuadrillas paramilitares a sacar a balazos a las familias que por necesidad tuvieron que llegar a hacer una toma.
Respuestas como la legítima defensa “privilegiada”, que genera autotutela, es fracasar como Estado, es retroceder al “ojo por ojo”, es una aberración jurídica, es debilitar el Estado de derecho. ¿Qué les están proponiendo a los cientos de miles de familias que viven en campamentos o en tomas? ¿Cuál es la propuesta? ¿O se van o los corro a
7
piedrazos o a balazos? ¿Y luego qué? ¿Los dejarán en la calle?
No aceptaremos los desalojos de quienes sufren por décadas la falta de vivienda. Es más que evidente que el problema de las tomas y del repudiable negocio que hacen los narcos al lotear irregularmente las tierras se debe a que por décadas no se ha dado respuesta a la necesidad de vivienda social. Por eso, nuestro gobierno ha puesto como centro de su política la construcción de 260.000 viviendas sociales, para reducir el grave déficit habitacional.
Lamentablemente, la derecha, en vez de colaborar con este importante plan habitacional de emergencia, propone como gran solución que unos ciudadanos persigan a otros ciudadanos que están necesitados.
En vez de perseguir a los pobres, trabajemos todos para entregar viviendas a los cientos de miles de familias que tanto la anhelan y tanto la necesitan.
Voto en contra, porque jamás aceptaré que se encarcele la esperanza de una vivienda digna.
He dicho.
-Aplausos.";1
"186";"21633";715;2023;8;"CASTILLO";"doña Nathalie";"La señorita CASTILLO (doña Nathalie) .-
Señora Presidenta, estamos frente a un proyecto que es complejo, que discrimina y que sesga a quienes viven en la pobreza y tienen la necesidad de una vivienda.
El derecho a la vivienda no está garantizado en nuestro orden constitucional y las políticas de Estado por décadas han sido insuficientes y deficientes, lo que nos lleva, incluso, a lo que hoy el propio gobierno denomina como una emergencia habitacional.
Como ya han señalado las parlamentarias y los parlamentarios que se oponen a esta iniciativa, el proyecto de ley no distingue la ocupación transitoria de la usurpación de la propiedad y tenencia, y, de la misma forma, tampoco distingue si es total o parcial. Por lo tanto, el proyecto es inconsistente y se suma a las ideas legislativas que desde este sector las indicamos como un populismo en materia de seguridad.
Lo que más nos preocupa, pero más les preocupa a las familias que viven en los campamentos o en las tomas - algunas de ellas están presentes en las tribunas y las saludamos-, donde hay niños, niñas, adolescentes y personas mayores, es que este proyecto promueve la autotutela, que permite la legitima defensa de los ciudadanos o dueños durante todo el periodo en que un inmueble se encuentre ocupado. Eso es grave, complejo y puede ser tierra de nadie. Un descontrol puede llevar, incluso, a hechos de alta violencia entre pobladores y particulares.
En esta línea de tiempo también no se hace distinción entre lo que es ocupación con o sin violencia, con fuerza en las cosas o violencia contra las personas. Se está penalizando de igual manera con cárcel a quienes forman parte de ese espacio; por lo tanto, seguimos insistiendo en que el proyecto es inconsistente.
En el caso de la Región de Coquimbo, las cifras no son menores respecto de las familias que viven en esos terrenos. Hablamos de 2.000 personas o familias que están en forma irregular; por lo tanto, tenemos que poner ahí el acento.
Hablemos desde la humanidad y desde la importancia de tener una vivienda digna y no criminalizar la pobreza; hablemos con altura de miras y sin falacias, porque aquí no hay mafias ni narcotráfico. Por eso, por su intermedio, señora Presidenta, pido al diputado Araya que deje de mentir y que se haga cargo de sus acusaciones, porque necesitamos un debate a la altura del momento. En las tribunas, frente a ustedes, hay personas que viven en esos espacios. Por tanto, ustedes, con sus insultos y con sus mentiras, nos faltan el respeto no solo al sector que nosotras representamos, sino que agreden y violentan, una vez más, a aquellas personas que tienen que vivir en condiciones en las que ni ustedes ni nosotros vivimos.
7
Por lo tanto, aunque no quieran escucharlo, sí creemos que este proyecto castiga, criminaliza y justifica la violencia hacia quienes luchan por una vivienda digna.
Las demandas sociales por una vivienda deben encauzarse hacia una discusión que entregue soluciones desde la institucionalidad. Pido a los diputados de enfrente que usen toda la energía y los ímpetus que tienen sus discursos para poner voluntad política, que al parecer no la tienen. Evidentemente creemos que este proyecto no es el camino correcto.
Saludo a la comunidad Newen Kallfu , de Coquimbo, pero también a todas las de mi región. A las demás quiero decirles que vamos a rechazar esta iniciativa y que, si fuera aceptada, iremos al TC.
He dicho.
-Aplausos.";1
"187";"21633";719;2023;8;"OJEDA";NA;"El señor OJEDA.-
Sí, pero son solo 34 los diputados presentes. Quizás a través de los jefes de los Comités se puede solicitar que los diputados vuelvan a la Sala.";1
"188";"21633";727;2023;8;"NAVEILLAN";"de pie";"La señora NAVEILLAN, doña Gloria (de pie).-
Señor Presidente, honorable Cámara, en nombre de la Comisión de Seguridad Ciudadana, vengo en informar, en segundo trámite constitucional y segundo reglamentario, sin urgencia, dado que el gobierno la quitó, sobre el proyecto de ley que regula los delitos de ocupaciones ilegales de inmuebles, fija nuevas penas y formas comisivas, e incorpora mecanismos eficientes de restitución, iniciado en las siguientes mociones refundidas: de los senadores Francisco Chahuán , José García y Kenneth Pugh , y de la senadora Carmen Gloria Aravena , que modifica las sanciones del delito de usurpación y las equipara con las de otros delitos a la propiedad (boletín 13657-07); y del senador Felipe Kast y de las entonces senadoras Marcela Sabat y Ena von Baer, que modifica el Código Penal para castigar con penas privativas de libertad el delito de usurpación, ampliar el período de flagrancia y facilitar la detención de los ocupantes en la forma que se indica (boletín 14015-25).
Durante el trabajo efectuado por la comisión en este segundo trámite reglamentario se contó con la participación y colaboración de la ministradel Interior y Seguridad Pública, señora Carolina Tohá , acompañada de su asesor legislativo, señor Rafael Collao .
De conformidad con lo establecido en el artículo 130 del Reglamento de la Corporación, este informe recae sobre el proyecto aprobado en general por la Cámara de Diputados en sesión 65ª, de 9 de agosto del año en curso, con seis indicaciones formuladas por su excelencia el Presidente de la República y con dos indicaciones de varios diputados y diputadas, renovadas en la Sala y admitidas para su tramitación, las que constan en el documento respectivo elaborado por la secretaría de la comisión, lo que generó este segundo trámite reglamentario.
Asimismo, se presentó una indicación por una señora diputada en este trámite en la comisión, según se consigna en el informe respectivo.
Constancias reglamentarias
7
De acuerdo con lo dispuesto en el artículo 305 del Reglamento de la Corporación, en este segundo informe debe dejarse constancia de lo siguiente:
De las disposiciones que no fueron objeto de indicaciones durante la discusión del primer informe en la Sala ni de modificaciones durante la elaboración del segundo informe en la comisión, cabe mencionar que se encuentran en esa situación las siguientes: los números 1,
4, 5, 6 y 7 del artículo 1; los números 2 y 3 del artículo 2; el artículo 3; los números 1, 2, 3, 4 y 5 del artículo 4, y el artículo 5.
De las disposiciones que deben darse por aprobadas reglamentariamente, con indicación de aquellas que requieren un quorum especial de aprobación, cabe señalar que no hay disposiciones en esta condición.
De las disposiciones que el Senado calificó como normas de carácter orgánico constitucional o de quorum calificado y de aquellas que la comisión otorgó igual carácter, corresponde señalar, como ya se consignó en el primer informe, que el texto tratado y despachado por el Senado no contenía disposiciones que requirieran un quorum especial de aprobación ni tampoco normas con ese carácter tratadas y aprobadas en este trámite.
No hay artículos suprimidos.
Cabe consignar que la totalidad de las nueve indicaciones debatidas en este segundo trámite reglamentario fueron rechazadas por la comisión.
No hubo indicaciones declaradas inadmisibles. Tampoco hay disposiciones modificadas ni artículos nuevos introducidos.
El proyecto no contiene disposiciones que deban ser conocidas por la Comisión de Hacienda.
No hay modificaciones introducidas al texto propuesto por el Senado. No se formula reserva de constitucionalidad.
Por lo expuesto, la Comisión de Seguridad Ciudadana recomienda a esta honorable Sala aprobar, en los mismos términos, el proyecto que despachara en su primer informe.
Es todo cuanto puedo informar.
He dicho.";1
"189";"21633";729;2023;8;"SCHALPER";NA;"El señor SCHALPER.-
Señora Presidenta, respecto de este proyecto que hemos tramitado en la Comisión de Seguridad Ciudadana, primero, destaco la relevancia de establecer como delito la usurpación de predios y disponer cinco años como posible pena en caso de usurpación violenta y tres años en caso de usurpación no violenta.
Qué importante es enviar una señal nítida -ojalá el Congreso hoy lo haga- a aquellos propietarios que ven que ciertas personas, de manera violenta, toman control de sus predios, les impiden el acceso y -lo más grave- hacen del Estado de derecho simplemente un mito en esa materia en nuestro país.
Me permito anticipar lo que se dirá en algunas intervenciones. Cuando tratamos el proyecto de “ley Nain-Retamal”, me acuerdo de que algunos en la Sala, con mucha soltura de piernas, hablaron de “ley de gatillo fácil”. Luego de transcurridos tantos meses, ¿les parece que ha sido una ley de gatillo fácil? ¿O más bien ha empoderado a nuestras policías para hacer su trabajo? ¿Por qué lo digo? Porque siempre se instalan ciertos mitos a propósito de la tramitación de estos proyectos, sin ofrecer nunca una alternativa. Les aseguro a algunos diputados que, si les usurparan los predios de sus partidos o de sus casas, tendrían una mirada quizás un poquito distinta.
Se ha dicho que este proyecto genera autotutela. Lo que busca esta iniciativa, en simple, es que las personas cuenten con una disposición que establezca una situación de flagrancia permanente que les permita recurrir a las
7
fuerzas del Estado para hacer respetar su propiedad y el Estado de derecho. La autotutela se suscita cuando el Estado no es capaz de responder, que es lo que en estos casos ha ocurrido. En estas materias tanta es la complicidad pasiva del Estado, su inactividad y su negligencia, que muchas veces efectivamente da pie a situaciones de autotutela.
La segunda gran cuña respecto de este proyecto es que con él estamos criminalizando la pobreza. Acuérdense de mí en algunos minutos más: se van a escuchar frases de diputados del sector de enfrente en esa dirección. Por lo mismo, para dejarlos sin argumentos, cabe señalar que en el artículo transitorio del proyecto se excluye de esta normativa a aquellas personas que estén incorporadas en el Catastro Nacional de Campamentos, precisamente para no desvirtuar el objetivo de esta iniciativa, que en ningún caso persigue a aquellas personas que por situación de pobreza se ven en la necesidad de estar en esa condición, sino que persigue a aquellos que han hecho de la usurpación de las tierras un verdadero negocio y constituyen una verdadera banda de crimen organizado en perjuicio de los propietarios.
Espero que hoy aprobemos este proyecto para que el Congreso no dilate más su tramitación. Ojalá que algunos no se den el gustito de llevar el proyecto a comisión mixta porque eso significará que muchos propietarios en Chile seguirán sufriendo por la falta de capacidad de este Congreso y del Estado de Chile de darles una respuesta contundente.
He dicho.";1
"190";"21633";731;2023;8;"GAZMURI";"doña Ana María";"La señora GAZMURI (doña Ana María).-
Señora Presidenta, quiero iniciar mi intervención preguntando a mis colegas parlamentarias y parlamentarios cuándo vamos a discutir sobre la crisis y la precariedad que existen en los recintos penitenciaros de nuestro país.
Lo pregunto de manera seria y responsable considerando la proliferación de normas que se plantean todos los días en este Congreso que impulsan un populismo punitivo a más no poder, aumentando penas y conculcando garantías de una forma aberrante, sin considerar, ni por un segundo, los efectos que esto provoca en la situación penitenciaria de Chile.
Este proyecto no solo bordea lo inconstitucional, sino que se presenta como una alternativa que afecta el Estado de derecho, el mismo que sectores conservadores de esta Cámara tanto dicen defender. Legítima defensa privilegiada, riesgo de autotutela, proliferación del uso de armas por particulares, afectación de la paz social y, sí, como dijo el diputado Schalper , y lo señalo fuerte y claro: criminalización de la pobreza y de la legítima protesta son conceptos que están siendo pasados por alto y que quedan soslayados al buscarse la aprobación de este proyecto con sus ribetes y tintes tras su discusión en segundo trámite reglamentario en la Comisión de Seguridad Ciudadana.
Sostengo mi posición contraria a este proyecto al igual que mis compañeras y compañeros de Comité. Como parlamentaria profundamente comprometida con los valores del humanismo, manifiesto mi más firme rechazo a todo tipo de violencia que impida el progreso y el entendimiento entre las personas. Reitero expresamente mi repudio a la violación de los derechos humanos, al empleo de la violencia como método de resolución de conflictos y a la concentración de todo poder, que es precisamente lo que promueve este proyecto.
Por tanto, reitero que votaré en contra y expreso la necesidad de avanzar hacia un entendimiento racional orientado a llegar a una solución respecto de la ocupación violenta de inmuebles y a sancionar a quienes lucran con la precariedad de las personas, pero no de esta forma.
He dicho.";1
"191";"21633";733;2023;8;"DONOSO";NA;"El señor DONOSO.-
7
Señora Presidenta, hemos renovado treinta veces el estado de excepción. Este gobierno es el que ha estado con lugares de Chile con estado de excepción durante más tiempo en toda nuestra historia.
Este proyecto claramente ayuda a recuperar el Estado de derecho en las zonas afectadas. Pero no solo eso -lo digo para quienes sienten la necesidad de defender a quienes son cercanos a sus fines políticos, porque son amigos de terroristas; en Temucuicui son terroristas-; también ayuda en aquellas poblaciones en donde la droga se toma los blocks. En Talca, que pertenece a mi distrito, durante un año y medio el Serviu trató de desalojar los blocks tomados por la droga, inmuebles que ya eran propiedad del Serviu. Necesitábamos construir viviendas para muchas personas. Con este proyecto habría sido posible hacerlo en pocos días.
Aterra en todo Chile cuando se toman una vivienda por parte de delincuentes. Recuperar el Estado de derecho no es criminalizar a nadie; es darle la dignidad a quien tiene el derecho, la posibilidad de disfrutarlo, con o sin dinero, porque son personas iguales en dignidad y derechos.
Por eso creo que es importante no seguir retrasando esta discusión, no seguir quitándole la urgencia a este proyecto, como lo hizo el gobierno la vez anterior que estuvo en esta Sala, haciéndolo volver a comisión para que llegara en las mismas condiciones a esta Sala. Tenemos que darles las herramientas de derecho al Estado y a las personas para que se defiendan, para que recuperemos el Estado de derecho en todos los rincones, sobre todo en las poblaciones, donde quienes las habitan no cuentan con los recursos para hacer un juicio civil de cinco años para recuperar su vivienda social.
Esa es la realidad que viven los más humildes de Chile, a los que muchas veces algunos en esta Sala se han negado a darles protección, debido a enclaves ideológicos de la izquierda, que cree que la ocupación ilegal es una forma de actuar en política, que cree que la usurpación ha sido la forma de hacer política durante 1900. ¡Llegamos al siglo XXI, señores! Las personas necesitan protección y Estado de derecho en todos los lugares de Chile.
He dicho.";1
"192";"21633";735;2023;8;"LEIVA";NA;"El señor LEIVA.-
Señora Presidenta, algunos de quienes me antecedieron en el uso de la palabra siempre han reivindicado el uso o el ejercicio adecuado del Estado de derecho. Nosotros estamos de acuerdo y contestes en que, efectivamente, para el delito de usurpación, que está regulado en el artículo 457 y siguientes del Código Penal, se establecía solo una pena de multa.
¿Qué traía aparejado eso? Que efectivamente la pena de multa no permitía la flagrancia conforme a lo establecido en el artículo 130 del Código Procesal Penal. La modificación que se hizo fue entregar una pena corporal al delito de usurpación para que, por la naturaleza propia de este tipo, existiera flagrancia permanente. En eso estamos contestes.
Lo que no ha contado con nuestro apoyo, porque creemos que ha planteado una exageración absoluta al respecto, es la posibilidad de que el propietario del inmueble usurpado o a quien defiende o repele una usurpación violenta se le otorgue la legítima defensa privilegiada.
Ha habido un debate extenso en este Congreso, particularmente en la Cámara de Diputados, respecto de la entrega de ese amparo y de esa presunción legal a las fuerzas de policía y de orden. Pues bien, en el caso de este proyecto, se le está entregando a un particular, de lo cual estamos absolutamente en contra, porque lo que se invoca es la ausencia de Estado. Con esta autotutela claramente establecida, se entrega la legítima defensa privilegiada, que conforme al artículo 10, número 6°, del Código Penal, es para delitos gravísimos, como parricidio, violación o secuestro. Así, se pone la usurpación de un inmueble a la par con aquellos delitos gravísimos.
Se alega la ausencia de Estado, pero en la Comisión de Seguridad Ciudadana se rechazó una indicación que permitía, a través de una figura, de una medida prejudicial en sede penal, que quien entendiera que su inmueble ha sido usurpado pudiera concurrir ante el tribunal de garantía, a fin de que, a la mayor brevedad, sin el patrocino de abogado y solo acreditando la titularidad del derecho a dominio sobre ese inmueble, se le pudiera restituir
7
dentro del más breve plazo.
Ese es Estado. Cuando hay ausencia de Estado, como se dice, proponemos más Estado, pero se rechaza. Por eso renovamos esa indicación, para que sea un ente jurisdiccional el que actúe dentro del más breve plazo. Además, este proyecto de ley está tan mal formulado en ese aspecto que, incluso, se contradice con el propio artículo 457, inciso segundo, que impide o sanciona al propietario que va a recuperar ese mueble, y más encima se le ampara con la legítima defensa privilegiada.
Por eso, creo que vamos a votar en contra de esa…";1
"193";"21633";737;2023;8;"OJEDA";NA;"El señor OJEDA.-
Señora Presidenta, la verdad es que este es un proyecto de ley que viene a dar solución a una problemática que viene en escalada, creciendo de manera muy preocupante. Qué decir en la zona donde vivo, la zona que represento, que es La Araucanía y la macrozona sur.
Las usurpaciones son el cáncer que ha comenzado a engendrar el terrorismo en la zona sur de Chile. Hoy, lamentablemente, vemos cómo en todo el territorio nacional se están tomando terrenos que son de particulares, donde el derecho de propiedad, finalmente, no está garantizado.
Este proyecto de ley busca básicamente, entre otras cosas, que aquellos que se toman predios, se toman terrenos, o que venden o arriendan predios particulares que no son de su propiedad, puedan llegar a la cárcel. El objetivo de esta iniciativa es que en Chile se establezca que hay una defensa corporativa del derecho de propiedad por parte del Estado, lo que será tremendamente positivo en todo el territorio nacional.
Hago una invitación a los parlamentarios de gobierno, respetuosamente, como siempre lo he hecho, a que no tengan miedo de apoyar este proyecto de ley, porque la experiencia ha dado cuenta de que, en otros casos de leyes, en que también eran muy temerosos de apoyarlas, finalmente las celebran, como en el caso de la “ley Nain- Retamal”, que entregó facultades a los carabineros y a los policías de Investigaciones para hacer uso de su arma de servicio sin tener miedo a ser detenido, a caer presos y a perder sus trabajos. En su momento, el Ejecutivo, a través de la propia ministra Tohá , dijo que esa era una ley de gatillo fácil. No obstante, hoy celebran los procedimientos de carabineros, y con justa razón.
Entonces, el llamado es a no tener miedo a aprobar este proyecto de ley, tal como sucedió con la iniciativa que establecía penalizar el robo de madera, que el propio Presidente Gabriel Boric , mientras fue diputado, votó en contra, junto con todo el Frente Amplio y los sectores de izquierda. La votaron en contra porque eran temerosos respecto de medidas intrusivas para finalmente poder aclarar estos delitos.
Sin embargo, hoy escuchamos a la ministra del Interior y al subsecretario Monsalve celebrar la ley del robo de madera. Entonces, mi invitación es a no tener miedo y a saber que esta es una medida absolutamente necesaria en Chile, para que nadie se tome el terreno o el predio de otro, al cual le ha costado sacrificio o bien ha sido heredado desde sus padres. Sea cual sea el origen o el sacrificio que haya significado, que el derecho de propiedad esté garantizado en mil por ciento en Chile.
Hoy, la usurpación es una falta y, literalmente, no tiene ningún costo, así que vamos a apoyar con mucha fuerza esta iniciativa. Insisto: mi invitación respetuosa es para que no tengan miedo. Les aseguro que van a terminar celebrando este proyecto de ley como la hicieron con los demás.
He dicho.";1
"194";"21633";739;2023;8;"NAVEILLAN";"doña Gloria";"La señora NAVEILLAN (doña Gloria).-
Señora Presidenta, he escuchado las intervenciones que ha habido hasta ahora de parte de mis colegas, y veo que hay una tremenda preocupación, que también se manifestó por lo demás en la comisión, respecto de las personas que no tienen hogar para vivir, que buscan casa, que no tienen sitio y que, según algunos dicen, a través de la usurpación de terrenos pueden tener una esperanza. También he escuchado la intervención que hizo mi colega la honorable diputada Gazmuri en términos del estado de las cárceles.
Les quiero decir, mis queridos colegas -por su intermedio, señora Presidenta-, que tanto el problema carcelario como el problema de vivienda son asuntos de Estado. Obviamente, esta futura ley no va a solucionar ni lo uno ni lo otro y, de hecho, ninguna ley lo va a hacer, porque dice relación con lo que se hace en materia de gestión.
Cuando tenemos un Estado ineficiente, y no me refiero a este gobierno, me refiero a varios gobiernos, el resultado es que tenemos pésimas y pocas cárceles. Cuando tenemos un problema de Estado, un Estado ineficiente en cuanto a vivienda, tenemos una demanda por viviendas absolutamente insatisfecha, sumado a la cantidad de migrantes que, obviamente, han aumentado la demanda.
Entonces, pretender que se siga manteniendo como una simple falta la usurpación de terrenos para así solucionar el tema de la habitabilidad o pretender que no se castigue con cárcel a las personas que usurpan terrenos, porque las cárceles son pocas y son malas, me parece francamente un poquito bajo de nivel para un Congreso como este, porque acá todos sabemos cómo funcionan las cosas.
Entonces, ¿qué fue primero, el huevo o la gallina? Creo que hay que solucionar el tema carcelario. Hoy existe la tecnología para construir de manera rápida recintos penitenciarios, pero el Estado no se mueve y, además, se demora cinco años en levantar uno, cuando a lo mejor podría hacerlo en seis meses.
Respecto a terrenos para personas que no tienen vivienda, bueno, cómprenlos. Pero ¿por qué tiene que pagar el pato el dueño del terreno? No corresponde que una persona particular que tenga un terreno lo vea usurpado y que no se haga nada porque hay gente que no tiene casa. O sea, como se dice en vulgar chileno, no mezclemos peras con manzanas.
Acá una cosa es hacer cumplir la ley a lo largo de todo Chile para respetar la propiedad privada y otra muy distinta, pero también necesaria, es exigir al Estado eficiencia en la gestión.
He dicho.";1
"195";"21633";741;2023;8;"BULNES";"doña Mercedes";"La señora BULNES (doña Mercedes).-
Señora Presidenta, quiero hacer algunas reflexiones muy breves sobre este proyecto.
En primer lugar, adhiero a todo lo expresado por el diputado Raúl Leiva en el sentido de que la usurpación ya está perfectamente definida en el Código Penal y no era necesario hacer un proyecto de ley al respecto. Pero en esta iniciativa hay dos temas que son sumamente graves, uno de los cuales es la flagrancia permanente, como dijo el colega.
¿Qué significa flagrancia permanente, particularmente en el caso de La Araucanía, que tanto preocupa a algunos diputados? Que hay tomas u ocupaciones de terrenos reclamadas por los pueblos originarios cuyos títulos provienen de mercedes de tierras. Esa flagrancia permanente ha durado 150 años.
¿Vamos a autorizar que, en vez de seguir los procedimientos legales a través de la Conadi para reclamar y reconocer sus terrenos, determinadas personas puedan asumir la defensa propia y retomar los terrenos sobre los cuales tenían mercedes de tierra? Entonces, tendremos que discutir el título. ¿Y dónde se discute el título? En los tribunales. No se discute con las armas en la mano, ni por los actuales ni por los anteriores poseedores.
Esa es la primera reflexión.
7
La segunda reflexión es sobre algo que dijo el diputado Ojeda : la sacralización del derecho de propiedad.
Si el derecho de propiedad es más sagrado que el derecho a la vida y el derecho de las personas, estamos en un mundo en el que yo no quiero vivir y en el que la mayoría de nosotros no queremos vivir. La vida de las personas es lo más importante y lo que por sobre todo se debe defender en el Estado de derecho.
Por lo tanto, si se pretende sacralizar a través de cualquier norma jurídica el derecho de propiedad por sobre el derecho a la vida y conceder el derecho a defenderse con las armas contra personas por una miserable propiedad - Dios me perdone lo que estoy diciendo-, prefiero perder mi casa y no sacrificar la vida de otro.
En tercer lugar, quiero hablar de algo que dijo el diputado Donoso referido a la recuperación de propiedades que eran ya del Serviu, que, según él, con este proyecto de ley habrían podido recuperarse en pocos días y no en el tiempo que efectivamente duró.
Como también soy diputada por el distrito N° 17 y conozco muy bien la situación que ocurrió en Las Américas, puedo señalar que eso no fue así, sino que hubo que hacer un desalojo programado para evitar las retomas. Eso lo sabe el diputado Donoso , así como lo sé yo.
He dicho.";1
"196";"21633";743;2023;8;"LONGTON";NA;"El señor LONGTON.-
Señora Presidenta, al escuchar algunos de los discursos, sobre todo del oficialismo, particularmente del Frente Amplio, uno se pregunta: ¿cuál es la solución, entonces? ¿Seguir en esta eterna impunidad e injusticia que conlleva el usurpar un terreno, muchas veces violentamente, y quedarse con lo ajeno?
Hoy, esa sensación de impunidad está instalada en nuestro país. Nadie denuncia, porque no se cree en la justicia, y nadie hace absolutamente nada, porque se normalizó que delitos tan graves como estos no tendrán ningún tipo de reparación. Eso no puede seguir pasando en Chile.
En ese sentido, lo que hace la futura ley es establecer sanciones y una penalidad claras para un delito que en la actualidad tiene una pena de multa de no más de un millón de pesos, que nadie paga, y por el cual nadie es detenido ni condenado precisamente porque tiene esa pena.
Entonces, lo mínimo es resguardar el esfuerzo de toda una vida de familias que lograron tener su terreno, su propiedad, que muchas veces es su jubilación. Incluso se trata del esfuerzo de comités de vivienda. Por ejemplo, en Quilpué, el terreno destinado al Comité de Vivienda San Cristóbal 2, de transportistas, de más de doscientas familias, fue usurpado. O sea, Presidenta, imagine a personas que esperaron toda una vida tener una casa, que hicieron la fila, cumplieron con la ley, pusieron sus recursos con mucho esfuerzo y sacrificio, pero resulta que otros usurparon el terreno destinado para la construcción de sus viviendas, y no pasa nada. Y, además, de enfrente dicen: “No. El diálogo, el sentido social”. ¿Dónde está el sentido social para esas familias? No hay. No existe.
Entonces, cuando se habla y se trata de instalar una caricatura -igual que la de gatillo fácil-, y después eso no se condice con la realidad, es precisamente porque se quiere esconder un trasfondo ideológico: que el valor de la propiedad para algunos no tiene mayor importancia, que el esfuerzo de la familia tampoco la tiene; pero sí tiene importancia el quedarse con lo ajeno, con la propiedad de familias que han esperado toda una vida para obtenerla.
Eso no puede seguir pasando y tiene que haber sanciones claras que restablezcan la vigencia del Estado de derecho en nuestro país, y este proyecto cumple con todos esos elementos para ello.
Así, espero que hoy aprobemos esta propuesta y devolvamos ese sentido de justicia que se ha perdido en nuestra sociedad.
He dicho.
7";1
"197";"21633";745;2023;8;"PÉREZ";"doña Joanna";"La señora PÉREZ (doña Joanna).-
Señora Presidenta, este proyecto lleva tres años en el Congreso Nacional y hoy es parte de la agenda de 31 iniciativas priorizadas por este gobierno, lo que valoro.
También quiero manifestar, porque alguien dijo por ahí: “que ustedes tanto defienden”, “que viven en la zona”, que soy representante de esa zona y sé lo que sufren quienes viven allí, porque con mucho esfuerzo han logrado adquirir sus bienes, y cuando son despojados de ellos, no tienen ningún Estado de derecho al que reclamarle, porque ahí está fracasando.
Por tanto, valoro este proyecto. Lo vamos a acompañar y a apoyar, porque además el propio gobierno empujó y mandató a dos senadores -de lado y lado- para que lo trabajaran. Probablemente la iniciativa ha sufrido modificaciones, y se puede seguir mejorando.
Creo en el derecho a la propiedad privada de la persona que con esfuerzo ha salido adelante. Pero también le he dicho a la ministra Tohá que no podemos criminalizar a quienes, por desidia del propio Estado y de los gobiernos, no están incorporados hoy, por ejemplo, en el catastro de tomas porque no se encuentra actualizado, por lo que no se puede canalizar la demanda por una vivienda digna, como aquí todos han dicho.
En consecuencia, el hecho de que no tengamos ese catastro actualizado habla de una mala de redacción de la ley en su minuto, y por eso pedíamos mejorarla. Pero tampoco estamos disponibles a que la redacción sea tan abierta que, finalmente, la ley no sirva para nada. Eso se tiene que mejorar.
Vamos a acompañar a las personas que no tienen vivienda y que probablemente actúan por necesidad; pero no en el caso de las tomas vips, puesto que algunos se quieren aprovechar del sistema y tienen más de una propiedad: se las toman y especulan con ellas. Eso no lo podemos permitir. Por tanto, hago un llamado a ser responsables en esta materia también desde el Congreso Nacional.
Por eso, apoyaremos la indicación del diputado Leiva , que firmamos, porque, así como a través de la “ley devuélveme mi casa” -había muchos sinvergüenzas- logramos restituir un derecho, creemos que eso también se puede hacer a través de los juzgados de garantía.
Las otras leyes sin duda que sirven. Pero aquí hago un llamado a hacerse cargo también de que, por ejemplo, en Lota hay veintiséis campamentos, y no estoy disponible a que sean criminalizados mañana de aprobarse esta ley en proyecto.
Hago un llamado a mejorar este proyecto en el Senado, a unir el derecho de propiedad con el derecho a vivir en un lugar libre y seguro, como debiese ser la macrozona sur. No estoy disponible, por cierto, para que se aproveche esta futura ley para seguir en la impunidad. Me interesa que quede redactada de buena manera.
Hago el llamado a esta Cámara y también al Senado para mejorar la iniciativa en los trámites legislativos que aún restan.
He dicho.";1
"198";"21633";747;2023;8;"PALMA";NA;"El señor PALMA.-
Señora Presidenta, quiero aclarar algunos puntos sobre este proyecto de ley.
Lo primero y más importante es hacer la diferencia entre los asentamientos irregulares temporales y las usurpaciones de terreno que realizan bandas organizadas con el objetivo de lucrar, vendiendo fraudulentamente el sueño de la casa propia a personas inocentes.
7
El problema de la vivienda en Chile es real. Por ello, los comités de allegados están dispuestos a trabajar con el Ministerio de Vivienda y Urbanismo para encontrar soluciones habitacionales concretas, pero este proyecto de ley, en general, no apunta en esa dirección.
Me parece no solo lamentable, sino increíblemente cruel que la derecha proponga cárcel para toda persona que haga uso de terrenos abandonados para establecer viviendas precarias de material ligero.
En los años 80, acceder a la casa propia era un sueño posible. Hoy, los jóvenes no logran independizarse antes de los treinta años, porque el mercado inmobiliario, que supuestamente se regula solo, pone precios exorbitantes para propiedades minúsculas.
El estallido social y la pandemia dejaron en evidencia que existe un enorme número de personas sin trabajo y en la ruina, al punto de que por primera vez en la historia de Chile el número de campamentos está al alza en vez de ir en disminución. La oposición plantea la criminalización de los pobladores como solución al problema en lugar de proponer ideas positivas.
Pensemos en una persona que vive en una construcción precaria, que no es dueña del terreno, que vive con sus hijos. Si castigamos a esa persona con penas de cárcel, lo más seguro es que sus hijos queden a la deriva, fomentando así el círculo vicioso de la delincuencia. Ese no es el camino.
Invito a todas las parlamentarias y a todos los parlamentarios a pensar en soluciones habitacionales concretas para las familias del país, puesto que los comités de a llegados no quieren que les regalen las cosas: quieren cooperar, quieren acceder a hogares dignos, pero a precios justos.
Saludo a las y los pobladores de Puente Alto y de La Pintana Solidaria, particularmente, y a sus centenares de comités de vivienda, que merecen vivir con dignidad.
El Estado tiene la responsabilidad de garantizar el acceso a la vivienda, para que ningún compatriota se vea obligado a dormir en las calles, especialmente en estos días fríos y lluviosos de invierno.
Finalmente, no es menor recordar las usurpaciones de sedes políticas y de terrenos, como
El Melocotón, en que el dictador instaló su búnker, o en manos de las Fuerzas Armadas, cuya devolución es justa y necesaria. Ni hablar de las apropiaciones indebidas de Lucía Hiriart para su causa CEMA Chile.
He dicho.";1
"199";"21633";749;2023;8;"SANTANA";NA;"El señor SANTANA.-
Señora Presidenta, “vísteme lento que voy apurado”. Es una frase que Napoleón dijo a sus asistentes al momento de prepararse para un importante evento. Hace referencia a algo muy simple: cuando se tiene prisa es cuando se tiene que poner más atención en lo que se está haciendo, porque con apuro uno es propenso a equivocarse.
Si lo queremos aplicar a la técnica legislativa, podemos decir que cuando los asuntos son más urgentes, mayor atención debe existir en el detalle de lo que se regula, porque se corre el riesgo de que el remedio pueda ser peor que la enfermedad.
Lamentablemente, hay una mala práctica que se está volviendo costumbre en esta Corporación. Se utiliza un problema real, que genera angustia, para el cual se propone la solución más rimbombante en desmedro de la solución más adecuada. Así, se prefiere regular de forma vociferante, aun cuando eso signifique descuidar si el detalle de las indicaciones soluciona realmente el problema que estamos discutiendo, o si pueden existir consecuencias adversas con lo que se está despachando.
Ese es el meollo del asunto. En el afán de sacar adelante este proyecto se ignora la complejidad del problema y se incorporan y se mezclan cuestiones que son francamente inaceptables. Por ejemplo, no se puede equiparar a las
7
familias que, por falta de vivienda, viven en campamentos con las bandas dedicadas al tráfico de suelos, con los loteadores inescrupulosos o con las tomas VIP.
En el último catastro de campamentos de la Fundación Techo se indica que en Chile existen 1.290 campamentos en que residen 113.000 familias. No son criminales, son personas que habitan allí por necesidad, que viven de manera precaria. El Estado no ha sabido cumplir su rol con políticas públicas adecuadas.
Por eso, si se quiere abordar las usurpaciones ilegales, no podemos permitir que la solución sea perseguir y meter presas a las familias que están viviendo en los campamentos.
Lo peor es que esto viene de la mano de otro despropósito igual de grave. El proyecto pretende que las personas resuelvan estos asuntos por sí mismas, profundizando la informalidad y la ausencia del Estado, para dar paso a la autotutela, lo que puede generar una verdadera ley del más fuerte.
¿Quién en la Cámara de Diputados responderá por las fatales o lamentables consecuencias que puedan existir por el enfrentamiento entre particulares que se sientan amparados legalmente para recuperar de forma violenta un inmueble?
A los parlamentarios de derecha les digo que hasta aquí hemos llegado. Debe existir una ley que sancione las usurpaciones, y estamos dispuestos a legislar, pero no se confundan: no nos vamos a hacer cómplices de su populismo penal.
He dicho.";1
"200";"21633";751;2023;8;"SÁNCHEZ";NA;"El señor SÁNCHEZ.-
Señora Presidenta, qué duda cabe: tras escuchar las exposiciones que han hecho algunos de mis colegas, puedo indicar que algunos validan la violencia, validan la ocupación ilegal de casas y de terrenos, y validan la impunidad que siempre ha existido a este respecto. Las soluciones que ofrecen o las recetas que entregan -lo sabemos- no conducen a ningún lado.
El diputado Leiva -por su intermedio, señora Presidenta- afirmaba hace un rato que esto se resuelve con una solicitud a los tribunales, para que en un breve plazo puedan ir a desalojar. Al respecto, puedo contar que en relación con Reñaca Alto tenemos una orden judicial de desalojo de una toma desde noviembre del año pasado, y todavía no pasa nada, porque no se da la famosa orden “al más breve plazo”.
¿Esperan -valga la redundancia- que la gente siga esperando? ¿Esperan que los legítimos dueños de esas casas sigan de brazos cruzados? ¡Ya están hartos, están más arriba de la coronilla! ¡Y el Estado no da ninguna solución! De verdad es inaceptable lo que se ha ido construyendo durante décadas producto de políticas de izquierda. A la gente se le dice: “El Estado les dará una solución, pero mientras no se la demos, espérese nomás tranquilito”. Lo hacen con el tema de la Araucanía, lo hacen con la delincuencia, lo hacen con las tomas de terrenos y las tomas de casas, lo hacen con cada una de las urgencias sociales que agobian a la gran mayoría de los chilenos, especialmente a la clase media y a los más pobres.
Si el Estado no puede ofrecer soluciones rápidas a la gente, no le puede exigir quedarse sentada y de brazos cruzados, especialmente si es su seguridad y la de su familia la que está corriendo peligro.
Entonces, en la votación de este proyecto quedará finalmente claro de qué lado está cada uno de los miembros de la Cámara de Diputados: si está del lado de la seguridad, de la tranquilidad, del bienestar de la gente inocente o del lado de los que han liderado estas tomas por años y que, incluso, han hecho negocios con ellas, y que podrán seguir haciéndolo tranquilos mientras no lleguen esas famosas resoluciones al más breve plazo.
Antes de terminar, no puedo sino hacerme cargo de una situación que ocurrió ayer en el Senado. Quiero decirle al senador Insulza que en la Cámara de Diputados no estamos para pedirle permiso ni a él ni a ningún otro senador al momento de tomar nuestras decisiones y acuerdos. Lo digo para que tome nota.
7
He dicho.";1
"201";"21633";753;2023;8;"WINTER";NA;"El señor WINTER.-
Señora Presidenta, la reciente intervención del diputado Sánchez es una buena muestra…
(Manifestaciones en la Sala)
La reciente intervención del diputado Sánchez -está correcto y reglamentariamente bien dicho, pues no me estoy dirigiendo a usted, sino que estoy hablando en tercera persona de una intervención- da cuenta de lo que es el populismo, la demagogia y el daño que un Congreso irresponsable, legislando con demagogia, puede hacer en el derecho penal, que es una disciplina que requiere cierto rigor para llevarse a cabo.
El diputado Luis Sánchez nos plantea que para resolver el grave problema de las usurpaciones en Chile solo hay dos caminos, y que en esta Sala estarían identificados quienes están a favor de la seguridad y el bienestar, y quienes sencillamente están a favor del delito, del crimen y de la violencia. O sea, este problema parece ser extremadamente sencillo. Simplemente hay que elegir por la opción de que todo es bienestar o bien por la que señala que todo es crimen y violencia.
Me resisto a pensar que sea verdad que en esta Sala haya gente que esté a favor del crimen y de la violencia. Creo que no hay nadie en esta Sala que está a favor del crimen y la violencia; sin embargo, sobre todo me resisto a decir a los chilenos y chilenas que el problema es tan sencillo, porque no lo es.
Hemos dicho que hay problemas reales, que hay tomas que son criminales, que hay tomas que son utilizadas por el narcotráfico, que hay loteadores inescrupulosos, que hay gente que vive dentro de las tomas, que vive en una dictadura del loteador, y que hay otras tomas con las cuales se puede empatizar de mejor forma, porque hay personas que llegan a ellas porque no tienen un lugar donde dormir. Y sí, empatizo con la persona que no tiene un lugar donde dormir.
Sin embargo, lo que propone este proyecto de ley, que es grave y con lo que tenemos que tener cuidado, es que pone al civil a subrogar al Estado. Mediante esta iniciativa, se otorga al Estado la posibilidad de subvertir la lógica de que la vida y la integridad física de las personas están por sobre el derecho de propiedad. ¿Por qué? Porque el Código Penal libera de responsabilidad penal a quienes, como todos sabemos, se defienden de una agresión ilegítima, impiden la agresión por un medio racionalmente necesario y no hayan provocado la agresión. Sin embargo, este proyecto de ley plantea que es el civil el que puede organizar el desalojo y que cualquiera sea el daño, se presume que han concurrido las causales que el Código Penal invoca como necesarias. Eso es una irresponsabilidad del porte de un buque, porque lo que hacemos es debilitar el Estado de derecho.
Este proyecto de ley podría haberse hecho bien, podría haber sido despachado por unanimidad, pero decidieron echarlo a perder…";1
"202";"21633";755;2023;8;"RATHGEB";NA;"El señor RATHGEB.-
Señora Presidenta, vemos con desesperación y desencanto la situación que está ocurriendo en la zona centro sur respecto de las inundaciones y lo que va a significar para muchos habitantes de nuestro país el alza de los alimentos. Por eso, toma importante relevancia la buena disposición y seguridad de la tierra, de los cultivos, para entregar seguridad alimentaria a todo nuestro país.
Espero que las lluvias amainen rápidamente, los terrenos que hoy están cubiertos de agua se despejen y los
7
alimentos no suban de precio. También espero que esta normativa pueda avanzar y que comunidades indígenas de la Región de La Araucanía, que recibieron terrenos a través de la asignación de tierras hechas por la Conadi, puedan seguir cultivando adecuadamente luego de su publicación.
Muchas comunidades que recibieron terrenos y los cultivan a través de otras personas o en conjunto con ellas, no pueden hacer absolutamente nada cuando se los ocupan o usurpan. Lamentablemente, esos terrenos, que son cientos de hectáreas, no se transforman en productivos como todos quisiésemos y dan pie a conflictos entre personas y entre comunidades.
Por esa razón, espero que esta normativa solucione esa situación y que aquellos que quieren cultivar la tierra, que la quieren trabajar, que la quieren hacer producir para que los alimentos puedan llegar a la mesa de todos los chilenos, puedan hacerlo de buena manera. La intención es dar seguridad jurídica y paz social. La paz social se da cuando los alimentos son de calidad, son abundantes y llegan a la mesa de todos los chilenos.
Repito: la normativa no tiene otra finalidad que dar paz social a una situación que hoy tensa a muchas regiones del país, particularmente a la Región de La Araucanía.
Con entusiasmo y disposición voy a votar favorablemente esta iniciativa. Espero que el día de mañana otras iniciativas como esta avancen en dar paz y tranquilidad a la Región de La Araucanía, para que aquellos que entregan su sacrificio, su esfuerzo, su cariño a la tierra, puedan seguir produciendo los alimentos que llegan a la mesa de todos los chilenos e impidan que otros vulneren el derecho de que compatriotas dispongan diariamente de alimentos baratos y de buena calidad.
He dicho.";1
"203";"21633";757;2023;8;"LILAYU";NA;"El señor LILAYU.-
Señora Presidenta, en Chile la propiedad privada es un derecho contenido en nuestra Constitución. La gran mayoría de los chilenos lo corroboran día a día. Lo dicen las encuestas: la propiedad privada es algo importante en la vida de los chilenos.
Sin embargo, desde hace algunos años sabemos que en diversas regiones de nuestro país se ha incrementado la ocupación ilegal de inmuebles, con el consiguiente perjuicio que eso tiene para sus propietarios legales.
En mi distrito he conocido los casos de varias familias que han debido dejar sus trabajos para volver a ocupar sus casas o sitios que, por razones laborales, dejan algunos días sin habitar. Cuando regresan a ellas se encuentran con que están habitadas, no pudiendo sacar a sus ocupantes de manera rápida, lo que se transforma en un drama, ya que los dueños de los inmuebles se quedan sin un lugar donde vivir y a la espera de que desalojen su propiedad. Esta situación se repite en comunas como Frutillar, Osorno y Fresia . Incluso, en algunos casos, se han visto en peligro de ocupación viviendas que ya están terminadas, pero que el Serviu aún no entrega. Lo mismo ocurre en predios particulares e, incluso, fiscales -ello ha sucedido, por ejemplo, en la provincia de Osorno-, los que en varias ocasiones han sido objetos de ocupación ilegal y aún no ha sido posible restituirlos.
La defensa de la propiedad privada no significa, como han dicho algunos parlamentarios de enfrente, que no estemos conscientes de lo que ocurre en Chile. Tenemos noción de que hay muchos chilenos que necesitan casas, pero esto es algo que tenemos que remediar como sociedad, no a través de usurpaciones.
Es necesario considerar, además, que el delito de usurpación también consiste en lotear irregularmente terrenos e intentar venderlos a personas que están buscando un lugar donde construir un hogar definitivo. Por lo tanto, el aumento de penas para quienes cometan ese delito es altamente beneficioso para desincentivar la usurpación ilegal.
En lo sucesivo, es necesario actuar con más rigidez en la aplicación de la ley, para no volver a permitir este tipo de irregularidades.
7
He dicho.";1
"204";"21633";759;2023;8;"SOTO";"don Leonardo";"El señor SOTO (don Leonardo).-
Señorita Presidenta, vamos a revisar con lupa este proyecto de ley, porque persigue una finalidad que nosotros compartimos, que es entregar mayores y mejores herramientas para las víctimas del delito de usurpación. ¿De qué delitos estamos hablando? Estamos hablando de personas que son propietarias de una vivienda, de un inmueble, de un terreno y que, de pronto, por medios violentos o clandestinos, son privadas de la ocupación de esa vivienda.
Llega alguien, un loteador irregular -de estos que hacen loteos brujoso grupos organizados vinculados al narcotráfico, cambian las cerraduras, ponen custodios y se quedan con las propiedades que están inscritas a nombre de otra persona. Así se produce la usurpación.
Creemos que el derecho a la propiedad también es un derecho humano. Basta con ponerse en el lugar de la persona que ha sido privada de su propiedad para que la concepción y la sensibilidad que tiene ese derecho en nuestro país surjan de inmediato.
La inmensa mayoría de los integrantes de esta Sala, probablemente, si son privados de algún inmueble, van a recurrir a todos los medios que provee la ley para recuperarlo. Este proyecto de ley entrega más y mejores herramientas para lograr ese objetivo, estableciendo algunos mecanismos que son más eficaces.
Pero ¿cuál es el problema? Este es un delito, pero es tal la maraña burocrática judicial que la gente a veces pasa años intentando recuperar su propiedad. Consciente de esa situación, los autores del proyecto establecen varias medidas que tienden a facilitar que las personas recuperen sus terrenos o que los que se apropian de ellos no los inscriban a su nombre, de modo de evitar que los verdaderos dueños sean despojados de su propiedad. En ese sentido, vamos a apoyar este proyecto.
Alguna parte de la izquierda ha dicho que esto criminaliza las tomas de terrenos, que existiría la posibilidad de que algunos grupos organizados puedan, por la imposibilidad de acceder al derecho a la vivienda, tomarse terrenos o ser parte de un loteo irregular. La verdad es que no existe -al menos no lo conozcoel derecho a la toma o a despojar de una propiedad a otro. A lo largo de los años que hemos gobernado, hemos reconocido el derecho a la vivienda de una manera muy clara, buscando construir viviendas para los que no tienen. En estos treinta años desde la vuelta a la democracia, millones de viviendas se han construido con subsidio social y millones de familias han accedido a la vivienda por esa forma regular. Eso es lo que debe hacer el Estado; eso es lo que nosotros respaldamos.
Pero en este proyecto se han insertado algunas normas muy deficientes y muy mal hechas, que ponen en peligro la integridad física de las personas, porque hacen que las personas puedan recuperar su propiedad por medios directos como la autotutela. Eso no puede ser aceptado en un Estado de derecho.
He dicho.";1
"205";"21633";761;2023;8;"LEAL";NA;"El señor LEAL.-
Señorita Presidenta, vamos a votar favorablemente esta iniciativa, porque tenemos la convicción de que es un gran proyecto. Como representante de la Región de La Araucanía, considero que este es un proyecto de ley vital que han esperado por muchos años los más de mil propietarios que hoy tienen sus predios usurpados y que no pueden hacer uso de ellos.
Este proyecto de ley va a cambiar lo que existe hoy, porque la usurpación hoy es una falta y pasará a ser un delito tipificado con pena privativa de libertad, cosa que hoy no ocurre.
7
Además, este proyecto va a permitir que se pueda pedir la restitución del predio en cualquier momento, sin tener que esperar una orden judicial. ¡De eso hablamos! Hablamos de personas que por años no han podido ocupar sus propiedades. ¡Eso es ilegítimo! ¿Cómo no respaldar a esos miles de propietarios afectados, no solamente de La Araucanía, sino de todo Chile, que tienen ese problema? Tipificar como delito la usurpación me parece de toda justicia.
Además, el proyecto consagra la legítima defensa privilegiada. No se trata de autotutela. Eso se sacó expresamente del proyecto. La legítima defensa solo quedó radicada en el propietario o en el legítimo tenedor. La legítima defensa no quedó establecida para cualquier persona como se ha dicho aquí.
Los campamentos están expresamente excluidos de la aplicación de esta futura ley. Me refiero a aquellos campamentos que están registrados en el último catastro. Por lo tanto, no hay una criminalización respecto de los campamentos.
Por eso, este proyecto de ley es un avance importante que vamos a apoyar con mucha fuerza y convicción, porque creemos que tenemos un imperativo legal, moral y ético quienes representamos particularmente a la Región de La Araucanía.
Por esos miles de afectados que no pueden usar sus tierras, que están marcadas con banderas, a los que no los dejan ingresar, que tienen que pagar contribuciones, que no pueden cultivar la tierra, por todas esas personas, vamos a apoyar este proyecto de ley.
Nunca más podrán ser privados de sus tierras impunemente, sin que pase nada, porque será un delito y los usurpadores irán a la cárcel. Lo más relevante de todo es que en cualquier momento podrán pedir la restitución de sus predios, sin que tengan que esperar una sentencia o un largo juicio, como ocurre hoy, en que la usurpación solo es una falta. Como es una falta, no se puede detener a los usurpadores. Los juzgados de garantía no pueden decretar órdenes de detención porque es una falta.
El proyecto es un avance significativo. Así que invito a esta Cámara de Diputados a dar una señal clara de que no estamos disponibles para seguir con la total impunidad que existe el día de hoy en la Región de La Araucanía.
He dicho.";1
"206";"21633";763;2023;8;"IBÁÑEZ";NA;"El señor IBÁÑEZ.-
Señorita Presidenta, en el proceso legislativo de este proyecto hay avances, y creo que es importante recalcarlos.
En el segundo trámite reglamentario de esta iniciativa tenemos avances, como la solicitud de restitución de los terrenos durante la investigación penal, el aumento de penas a los loteos brujos, la prohibición de regularizar el terreno con un juicio pendiente. Creo que en eso todos estamos de acuerdo.
El problema viene a ser la insistencia de la derecha en la autotutela. El diputado Henry Leal señalaba que no es autotutela, sino que es legítima defensa privilegiada. ¿A qué incentiva al propietario o al tenedor? Todos sabemos que hay problemas de violencia y que esos problemas se van a multiplicar porque las personas tendrán el incentivo a actuar, para luego defenderse en los tribunales y salir impune de alguna acción que hubiese sido considerada un delito con la actual legislación.
Estamos permitiendo establecer un privilegio para cometer un delito contra quien ha cometido un delito. Para eso están los medios que se han empujado en el debate y que, por cierto, respaldamos, pero en particular no respaldaremos esta insistencia de la derecha. ¿Por qué? Porque, desde la comodidad de nuestras sillas, ¿quién de los que vote a favor se va a hacer cargo de lo que suceda el día de mañana: de alguna vida que se cobre o de la sangre que se derrame a propósito de ese incentivo que supuestamente no configura la autotutela?
Esto se discutió hace quinientos años. El Estado de derecho y los principios del Derecho Penal vienen de aquel estado salvaje, donde las personas cortaban cabezas para tener las propiedades de otras, donde los derechos fundamentales se ponían en riesgo cada vez que las personas tocaban los derechos fundamentales de otras. El
7
Estado de derecho es una lucha social de quinientos años de campesinos y pequeños burgueses que le cortaban la cabeza al rey y que ya no toleraban la inquisición.
Ustedes nos están haciendo volver a ese momento. En el fondo, nos están haciendo retroceder en la historia.
En el Estado de derecho la civilización no es una condición genética , sino que es un principio que se defiende todos los días en política. ¡Todos los días! Al parecer, hoy es muy revolucionario defender el Estado de derecho.
Nosotros vamos a rechazar esta parte del proyecto. Esperamos que ustedes escuchen, sean verdaderamente republicanos y defiendan la…";1
"207";"21633";765;2023;8;"ARAYA";"don Cristián";"El señor ARAYA (don Cristián).-
Señorita Presidenta, el 31 de agosto de 2017, el abogado Manuel Luna , en representación del Partido Comunista, presentó una demanda contra quienes ocupaban un terreno de propiedad del soviético partido en la comuna de Lo Barnechea, que es parte de mi distrito. Se trata de un terreno de 5.000 metros cuadrados que fue comprado el año 2011 a la comunista Marta Godoy Henríquez , histórica militante y amiga personal de Gladys Marín . En la demanda señalaron que una mujer, junto con un grupo de personas, ocupaba desde 2015 el inmueble sin tener título alguno para aquello y por mera tolerancia del dueño.
¿Qué hizo el Partido Comunista? Solicitó la restitución del terreno -cito textual“bajo apercibimiento de lanzarle con la fuerza pública, y lanzar así a todos los demás ocupantes que hubiere”. Afortunadamente, no era apremiante para la inmobiliaria de la colectividad y, finalmente, llegaron a un acuerdo.
La realidad es que los chilenos comunes y corrientes no tienen los recursos para contratar abogados y acompañar largos procesos judiciales. La gran mayoría de los chilenos no son tan ricos como el Partido Comunista.
Pero no solo quiero representar la hipocresía de la colectividad de extrema izquierda, sino del gobierno supuestamente feminista. Les quiero hablar de una mujer llamada Roxana Carrut . A ella le tomaron su propiedad, le destruyeron su fuente de ingresos, la golpearon, le quemaron todo. ¿Qué hizo el Estado en su conjunto? Exigirle que pagara contribuciones. En su desesperación, frente a la pasividad de las autoridades, hizo una huelga de hambre, pero no de esas huelgas de hambre que ocupan algunos delincuentes y terroristas para exigir beneficios carcelarios, en las cuales no bajan de peso -al contrario-, sino de esas huelgas de hambre que afectan la salud. Esa es la desesperación que sufre Roxana Carrut . Gracias a Dios, tenemos un gobierno feminista, porque no quiero pensar qué habría pasado si no lo fuera.
Quiero hablarles de otra mujer, llamada Valentina Correa , de la Región de Valparaíso. Su padre fue asesinado por sicarios, porque se opuso a la toma de un terreno. Quiero hablarles de las mujeres que viven de allegadas esperando una solución habitacional. Quiero hablarles de las dirigentas de los comités de vivienda que durante años han estado tramitando largos procesos para obtener una casa.
Por los hombres y mujeres que respetan la ley, el orden y el derecho de propiedad, nosotros respaldaremos este proyecto.
He dicho.";1
"208";"21633";767;2023;8;"JOUANNET";NA;"El señor JOUANNET.-
Señorita Presidenta, el primer acuerdo del contrato social es que el Estado garantiza la seguridad. Si el Estado no garantiza la seguridad, ¿qué hacemos? En la Región de La Araucanía tenemos estado de naturaleza; en este
7
minuto, en los sectores rurales tenemos estado de naturaleza. Tal como se acaba de señalar en esta Sala, hay más de mil predios tomados. No estamos hablando de fundos, sino de predios pequeños, de una hectárea o de media hectárea, cuyos dueños llevan años sin poder visitar sus casas; les han robado todo. Se trata de gente modesta.
El año pasado, con la Comisión de Seguridad Ciudadana, que en ese tiempo presidida el diputado Leiva , confirmamos en terreno el problema de la usurpación, que ha redundado en que gente modesta se haya empobrecido porque le tomaron su predio. Pero, además, el Estado invirtió con los usurpadores, entregándoles fardos, galpones, etcétera; una contradicción tremenda.
El problema es que en La Araucanía tenemos una serie de delitos e incivilidades permanentes, que hemos terminado normalizando, como el robo de madera, que solo ahora sacamos, pero que era una cuestión permanente. Lo mismo está pasando con la usurpación, cuestión que no podemos seguir aceptando, porque La Araucanía se empobrece. El tema es que hay delitos permanentes y el Estado no avanza más allá. En la región tenemos un promedio de dos a tres hechos de violencia diarios. Anoche, en Lonquimay, le quemaron la casa a una persona que no es una potentada; ayer, en Curacautín, quemaron una escuela, una escuela de comunidad mapuche. Entonces, están quemando las escuelas en comunidades mapuches, están quemando las iglesias en comunidades mapuches, están quemando los centros de salud familiar en las comunidades mapuches. Eso están haciendo; están pegándole al alma del pueblo mapuche. Es más, muchos de los predios usurpados son del pueblo mapuche, a quienes se los usurpa otro. Eso no lo podemos seguir permitiendo.
El Estado ha sido pasivo, pero no solo ahora, porque la toma de predios comenzó en el gobierno del Presidente Piñera. El Estado lo fue de manera exponencial, sobre todo en los últimos tres años, y el gobierno no reaccionó.
Entonces, con esta ley en proyecto vamos a empezar a poner un poco de orden. Este país necesita orden y seguridad. La gente, sobre todo la gente que vive en la precariedad, necesita más orden y más seguridad para tener certezas. Los Estados tienen que dar seguridad y certeza, dos cuestiones fundamentales de las constituciones, de los Estados, y eso es lo que no estamos dando. Y para qué decir en La Araucanía, porque en La Araucanía es donde vivimos los problemas. Es allá donde hay sectores en los que usted, después de las cuatro de la tarde, no puede andar; después de las seis de la tarde, la mitad de La Araucanía no circula por ninguna carretera, por ningún camino interior, porque ahí es donde se vive el estado de naturaleza, ya que a esos lugares el Estado no llega.
He dicho.";1
"209";"21633";769;2023;8;"BECKER";NA;"El señor BECKER.-
Señorita Presidenta, no pensaba intervenir, pero son tantas las barbaridades que he escuchado, especialmente de la extrema izquierda, del Partido Comunista y de otros, que me veo en la obligación de hacerlo.
¿Por qué, si pretenden robarme la tierra, si pretenden usurpar un terreno o una casa, no vamos a tener derecho a defendernos, sobre todo si el Estado, en muchas ocasiones, ni siquiera lo puede hacer? No entiendo por qué no habría de hacerlo.
Me gustaría que a algunos de los miembros del Partido Comunista les pasara una situación como esa, máxime si el propio Partido Comunista -ya lo decía el diputado Araya -, uno de los partidos más ricos del país, ya pidió desalojar una de sus propiedades, y no estamos hablando de campamentos.
A propósito, quiero contarles, muy brevemente, que en diciembre de 2013, con trabajo de parte del gobierno del Presidente Piñera, particularmente del Ministerio de Vivienda y Urbanismo, logramos sacar a todas las personas que vivían en campamentos en la Región de La Araucanía, especialmente en Temuco. Sacamos a toda la gente de los campamentos, y lo hicimos, porque sí se puede. ¿Y saben cómo se puede, estimados amigos del Frente Amplio? Se puede sin robarse la plata que nos pertenece a todos. Esa es la forma como se pueden hacer las cosas, porque recursos hay, pero deben ser bien empleados. Hoy tenemos estos problemas porque los recursos se están yendo para otras partes, por ejemplo, para conmemorar los cincuenta años del pronunciamiento militar, en circunstancias de que medio Chile está inundando y el Estado no llega; todavía no llegan, para recuperar los recursos, las
7
habitaciones para las personas a las que les quemaron sus casas en la Región de La Araucanía. ¡Qué están esperando! ¡Por qué tanta ineficiencia, señores del gobierno!
El llamado es a trabajar por la gente, a lograr que las cosas se hagan en orden. Eso es lo que queremos: seguridad para invertir, seguridad para trabajar y para generar empleo. Pero, ¡claro!, eso es algo que ustedes nunca han hecho: generar empleo, generar trabajo y generar riqueza para todos los que vivimos en nuestro país.
Aquí no se trata de los propietarios de los inmuebles usurpados, sino de aquellos que vienen a usurpar y que no tienen ningún respeto por la propiedad privada y tampoco, al parecer, por sus propias vidas, porque se exponen a que quienes vivamos la usurpación estemos disponibles para defendernos.
Señorita Presidenta, esperamos que se apruebe el proyecto, porque será una buena ley para nuestro país.
Dios bendiga a Chile.
He dicho.";1
"210";"21633";771;2023;8;"HIRSCH";NA;"El señor HIRSCH.-
Señorita Presidenta, una vez más vemos en esta Sala un proyecto que ya muchos rechazamos en su primer trámite. No podemos apoyar la criminalización de la pobreza, aunque a algunos pareciera gustarles mucho ese camino; no podemos apoyar la venganza, la justicia por mano propia, aunque a algunos pareciera gustarles la venganza; no podemos aprobar la autotutela, porque eso significaría aceptar que volvemos a la ley de la selva, a la ley del más fuerte, a la ley del más poderoso.
Cómo pueden pretender resolver las cosas por medio del enfrentamiento entre particulares. Se llenan la boca hablando del Estado de derecho, del respeto a la justicia, pero apenas tienen alguna situación, prefieren atacar al otro. Francamente, estamos ante un retroceso civilizatorio. Pero en realidad no debiera extrañarnos esa actitud.
Cuando vemos -ayer justamente lo vimos- que algunos no tienen ningún problema en justificar y en aplaudir el golpe cívico-militar, que significó tortura, desaparición y muerte de miles de chilenas y chilenos, ¡qué más podemos pedirles, entonces!
Sin duda que hay un problema real, como son las tomas irregulares, los loteos fantasmas y los narcos lucrando. Sí, es cierto, hay un problema real, pero no se soluciona, de ninguna manera, permitiendo que las personas hagan justicia con sus propias manos, desalojando por cuenta propia. ¿Y dónde queda el Estado de derecho? Como algunos validan la violencia, ahora quieren que los funderos, con verdaderas cuadrillas de paramilitares, saquen a balazos a las familias que por necesidad tuvieron que llegar a hacer una toma.
Respuestas como la legítima defensa “privilegiada” son una aberración jurídica y debilitan el Estado de derecho. La respuesta debe ser exactamente la contraria: fortalezcamos el Estado de derecho. Nos dicen que quedan fuera de esta iniciativa de ley los campamentos, pero eso no es verdad, porque, ¡ojo!, cientos de campamentos no están catastrados.
Es evidente que el problema de las tomas es repudiable, tal como lo es el negocio que hacen los narcos al lotear irregularmente las tierras. Eso hay que enfrentarlo, y para ello está el Estado. Lamentablemente, la derecha, en lugar de colaborar con una solución, como el Plan de Emergencia Habitacional, propone como gran solución que unos ciudadanos persigan a otros ciudadanos necesitados.
Señorita Presidenta, tal como dijimos en la primera discusión de este proyecto, en lugar de perseguir a los pobres trabajemos por entregar viviendas a los cientos de miles de familias que tanto las anhelan y que tanto las necesitan.
Por supuesto, voto en contra.
He dicho.
7";1
"211";"21633";773;2023;8;"NUYADO";"doña Emilia";"La señora NUYADO (doña Emilia).-
Señorita Presidenta, para mí es bastante complejo legislar este proyecto, el que, por supuesto, votaré en contra. Y voy a plantear los fundamentos.
Lamentablemente, por este hemiciclo han pasado muchos parlamentarios y parlamentarias, desde la propia formación del Estado Chileno, que han votado diversas iniciativas que han dejado al pueblo mapuche despojado de su espacio territorial.
Muchos de quienes han salido a reclamar su legítimo derecho, su propiedad ancestral, con diversas leyes, como esta que se va a someter a votación hoy, lamentablemente fueron sacados a fuerza de aquellos territorios; sus casas y cultivos fueron quemados.
Hoy va a ocurrir exactamente lo mismo; pero como mujer mapuche y diputada no qui ero ser cómplice de aquella situación difícil que una vez más le va a tocar vivir al pueblo mapuche, pues se le va a seguir persiguiendo y criminalizando, y muchos líderes loncos y huerquenes seguirán en las diversas cárceles de Chile.
Así es como se ha mirado la política en este país; así es como no se ha reconocido ni se ha mirado la historia del pueblo mapuche; así es como una Comisión para la Paz y el Entendimiento intenta recoger todos los antecedentes históricos del despojo de las tierras del pueblo mapuche; así es como avanza aquí un grupo de senadores, autores de esta iniciativa, que quieren despojar al pueblo mapuche de sus legítimos derechos.
Lamentablemente, el Estado ha sido lento. La ley partió en 1993 y han sido pocas las tierras que se han entregado.
Muchos de aquí están bastante molestos con esa cantidad insuficiente. Muchos salieron a movilizarse precisamente en el gobierno del Presidente Sebastián Piñera, porque la Conadi no tuvo la capacidad de ejecutar los míseros 32.000 millones de pesos que tuvo para comprar tierras. Eso era insuficiente.
Esa incapacidad ha tenido el Estado permanentemente y ese actuar ha tenido también el Poder Legislativo con aquellos que hoy siguen demandando sus derechos territoriales. Este proyecto de ley lo único que hará será sacarlos y negarles el legítimo derecho que tienen al reclamo de sus tierras ancestrales.
Por eso, invito a quienes tienen conciencia social, cultural y que conocen la historia del pueblo mapuche a que voten en contra este proyecto.
He dicho.
-Aplausos.";1
"212";"21633";775;2023;8;"BÓRQUEZ";NA;"El señor BÓRQUEZ.-
Señora Presidenta, estimada ministra, estimados colegas, este proyecto logra hacerse cargo de un problema que desde hace mucho tiempo nos afecta como país, pero que se ha intensificado enormemente durante los últimos años, tanto en su magnitud como en la violencia ejercida.
Estamos hablando de la usurpación, estimados colegas, una de las mayores vulneraciones del derecho a la propiedad, derecho que nuestra Constitución garantiza a todas las personas.
Por eso, me llama la atención que haya personas que estén en contra de esta iniciativa y que justifiquen a quienes ocupan inmuebles ajenos y se resisten a dejar esos lugares.
Para qué hablar de los estafadores que venden “terrenos”, en circunstancias de que nunca traspasan la propiedad del bien a los compradores. Este caso se repite de manera reiterada en las provincias de Chiloé y de Palena. La
7
única manera de reducir estas conductas es endurecer las sanciones y entregar mayores facultades investigativas.
Por eso no entiendo a quienes están en contra de este proyecto, como si existiera otra forma de erradicar este problema.
¡Qué ingenuidad más grande, estimados colegas! La gente va a seguir ocupando inmuebles ajenos y estafando a los compradores de terrenos si no existen consecuencias negativas respecto de su comportamiento y si no otorgamos mayores facultades al Ministerio Público para investigar estos hechos.
Voy a votar a favor, porque no podemos quedarnos de brazos cruzados esperando que la gente deje de cometer el delito de usurpación. Somos nosotros quienes debemos actuar, y debemos actuar hoy.
He dicho.";1
"213";"21633";777;2023;8;"KAISER";NA;"El señor KAISER.-
Señora Presidenta, cuando el Estado no es capaz de entregar seguridad, cuando no es capaz de entregar justicia en un tiempo determinado, incumple el pacto social que tiene con los ciudadanos. El ciudadano entrega la autotutela al Estado para que este efectivamente haga justicia.
Pero ¿qué sucede, como en el caso actual, cuando el Estado no puede o no quiere entregar justicia? ¿Qué pasa cuando intereses políticos e intereses económicos se confabulan para hacerse de la propiedad de las personas? ¿Obligamos a las personas a someterse a la ilegalidad, a someterse al abuso y a rendir sus derechos? ¿A quiénes? ¿A los delincuentes?, ¿a los abusadores?, ¿a los narcos?, ¿a los que efectivamente transforman su propiedad en loteos de lujo?
¿Por qué un ciudadano libre de nuestro país debería rendir sus derechos a la delincuencia? Y si se defiende, lo persigue el mismo Estado que no defiende sus derechos. Eso es lo que están planteando algunos. Están diciendo: “No, no se defienda. Permita que hagan lo que quieran con usted, porque el Estado va a venir a ayudarlo en algún momento”. Eso es mentira y todos ustedes saben que es mentira.
Entonces, para qué levantar este mito de que efectivamente el Estado, la fuerza policial, va a ayudar a una persona a recuperar su casa en un tiempo decente, o su campito o su negocio o lo que fuere que él llama su propiedad.
Así como la propiedad es base de la libertad, y los ciudadanos de este país tienen derecho a defender esa libertad por todos los medios que correspondan, también nosotros debemos hacernos cargo, cuando el Estado no es capaz de entregar suficiente seguridad, de que la gente tenga derechos y de que no sea perseguida penalmente por hacer valer sus derechos.
Estoy dispuesto en algún momento, señora ministra, a modificar esta legislación, pero solo cuando el gobierno efectivamente haya duplicado el número de carabineros, cuando los tribunales hagan su pega a tiempo y cuando a la gente se le respete su derecho en un Estado de derecho que valga la pena ser llamado así. Antes de eso no voy a estar dispuesto ni disponible para perseguir a quienes defienden aquello que es suyo.
He dicho.";1
"214";"21633";779;2023;8;"ORSINI";"doña Maite";"La señorita ORSINI (doña Maite) .-
Señora Presidenta, las tomas vip, la extorsión, los deudores inescrupulosos y los loteadores corruptos son un problema real que tiene que ser solucionado y en el que por supuesto tiene que intervenir el Estado. Pero nada de eso se puede comparar con la situación en que se encuentra un grupo de personas que, por necesidad y
7
organizadas en colectivos para exigir su legítimo derecho a la vivienda, se toman un terreno históricamente abandonado y forman ahí un campamento.
Sí, señora Presidenta, es necesario legislar en contra de las usurpaciones, pero no a costa de criminalizar la pobreza.
Este proyecto, tal como está presentado, permite que se desaloje y se detenga a personas que viven en los campamentos históricos que no se encuentran contemplados en el Catastro Nacional de Campamentos elaborado por el Ministerio de Vivienda y Urbanismo en 2022, registro que, según Techo Chile, otros diputados y los mismos ciudadanos, no contiene todos los campamentos del país. De hecho, al menos doscientos campamentos no se encuentran contemplados.
La oposición, a pesar de tener esa información, rechazó la indicación que proponía el Ejecutivo para dar un plazo hasta marzo de 2024 para actualizar este registro. Tampoco permitió que se modificara la legítima defensa privilegiada, por lo que, una vez que sea promulgada esta futura ley, campamentos como Nueva Andrés Bello, en Quinta Normal, y Todos Unidos y Gran Esfuerzo, en Huechuraba, podrán ser desalojados y los miembros de las 196 familias que los habitan podrán ser detenidos. Con la redacción actual, los dueños de esos terrenos o, incluso, vecinos podrán contratar, por ejemplo, servicios de seguridad privada para desalojar el terreno y detener a los moradores, pero toda la violencia que ejerzan se entenderá como legítima y no responderán penalmente por las lesiones o los daños que pudiesen ocasionar en ese desalojo.
Este proyecto como está no solamente es peligroso, no solamente es malo, sino que es una locura, es una vergüenza. Por eso es tan importante que las indicaciones que se renovaron hoy en Sala, tanto por el Ejecutivo como por los diputados oficialistas, puedan ser aprobadas.
Vamos a ser insistentes. Estamos disponibles para entregar herramientas que sancionen y prevengan las usurpaciones violentas y los crímenes asociados a ellas, pero no lo estamos para transar nuestro compromiso con la institucionalidad y con la seguridad, y mucho menos estamos disponibles a perseguir y criminalizar la pobreza.
He dicho.";1
"215";"21633";781;2023;8;"PIZARRO";"doña Lorena";"La señora PIZARRO (doña Lorena).-
Señorita Presidenta, primero, quiero reconocer y saludar a la diputada Emilia Nuyado , a quien le quiero decir que jamás vamos a estar por cerrar los ojos ante el despojo del pueblo mapuche y la criminalización de la cual es, desde hace décadas, responsable el Estado, frente a una justa lucha que ha dado el pueblo mapuche.
Sin duda, en Chile tenemos un problema con el crimen organizado y con el narcotráfico que se ha instalado en algunos sectores de las mal llamadas tomas VIP. No obstante, la legislación ya aporta suficiente para abordar este problema. Distinta es la lógica que ha instalado el sector de enfrente con el pretexto de la seguridad, en virtud de la cual todo se traduce en represión y criminalización de la pobreza. ¡Jamás vamos a estar de acuerdo con ello!
Además, me parece irrisorio cuando se dice: “¿Qué harían ustedes si les arrebataran…? No sé ni siquiera qué nos podrían arrebatar, porque vaya que la realidad de este sector es diferente a la de ustedes. Ustedes cuidan sus extensas hectáreas de fundos, donde solo se ve una opulencia que resulta muy obscena ante la escasez de viviendas y la situación que vive la inmensa mayoría de la población de la clase trabajadora y sus familias de nuestro país.
Quiero agregar algo que me parece muy importante de aclarar. Lamentablemente, el Cristián Araya no está cuando hay que responderle. Como he dicho, solo quiero aclarar algo importante con esto de la legítima defensa.
Fíjense que el recinto del cual él habló es uno que la dictadura le quitó al Partido Comunista, que no actuó por sus propios medios para recuperarlo. Es un terreno que era del Partido Comunista, como muchos partidos lo tuvieron, que nos arrebató la dictadura y que al intentar recuperarlo había gente viviendo ahí. Y no fuimos a sacarlos a palos ni a patadas, sino que recurrimos a la legislación, como corresponde.
7
¡Estamos en contra de la criminalización de la protesta!
He dicho.";1
"216";"21633";783;2023;8;"ALESSANDRI";NA;"El señor ALESSANDRI.-
Señorita Presidenta, primero, les quiero decir a los colegas que se tranquilicen en cuanto a los campamentos, porque los que tienen la solución para el tema de las viviendas en Chile son los que están en el gobierno.
Por eso, yo le pediría al ministro Carlos Montes que apurara subsidios de arriendo y que apurara las soluciones de las viviendas. ¿O quieren acaso que se mantengan por años los campamentos para hacer funcionar las fundaciones que venden baldes con arena por 200 millones? Si eso es lo que quieren, transparéntenlo.
El diputado Hirsch dijo que necesitamos dar soluciones de vivienda definitiva. Bueno, les quiero comentar y avisar que ustedes están a cargo del Ministerio de Vivienda y Urbanismo y de esas soluciones.
En los últimos años hemos identificado un tremendo aumento en los flujos de la comisión de este delito de usurpación. Existían o existen todavía sanciones muy bajas frente a su comisión y, por eso, se ha señalado que las penas de multa que actualmente regulan la materia no sirven para disuadir la comisión del delito.
Este proyecto aumenta sistemáticamente las penas correspondientes a los delitos de usurpación y ocupación de bienes inmuebles y las transforma en cárcel. Existen también herramientas débiles para la investigación del delito que se comete. Esto impide que el Ministerio Público pueda determinar, por ejemplo, las identidades, los patrones en la comisión del delito, los objetivos específicos en los procedimientos, y para remediar esto proponemos autorizar a los fiscales disponer técnicas especiales de investigación, las cuales se pueden ver detalladas en el acápite segundo.
Existe un período de flagrancia de doce horas, lo que no permite que después de esas doce horas actúe la fuerza pública. Esta situación también se corrige con aquellas normas que fijan reglas especiales sobre la flagrancia.
Después de una larga discusión, el gobierno ha dicho que con esta parte sí está de acuerdo.
Debemos considerar que el delito de usurpación, además, se comete en contextos distintos. Por un lado, aquellos que quieren lotear irregularmente los terrenos. Todos en esta Sala sancionamos aquello. Y, por otro lado, se debe identificar aquellas usurpaciones que se realizan en la macrozona sur, lo que también incluye un factor político que ha afectado principalmente a la Región de La Araucanía: con la violencia, con las quemas, con la destrucción y con la pobreza.
Este proyecto de ley llega en una situación extrema, porque el Estado se ha demorado veinte años en solucionarlo.
Este proyecto de ley llama al Estado a solucionarlo y la autotutela solo se da si el Estado no es capaz de responder a lo que le manda este proyecto de ley.
Nadie va a agarrar las armas; antes van a llamar a las policías; antes van a recurrir a esta ley y el Estado tiene…";1
"217";"21633";786;2023;8;"GIORDANO";NA;"El señor GIORDANO.-
Señorita Presidenta, hoy nos enfrentamos a un escenario muy complejo, en el que efectivamente la ciudadanía demanda mayores medidas en materia de seguridad, pero en el cual, de manera errónea, desde esta Cámara nos h emos gastado el tiempo en buscar salidas fáciles y no transformaciones sustantivas que se hagan cargo de los problemas.
El proyecto de ley que estamos discutiendo, aunque se presenta bajo la bandera de la seguridad y la justicia, esconde detrás de sus líneas una amenaza real para el principio de equidad y los derechos fundamentales. Parte de la premisa de sancionar con penas de cárcel diversas formas de usurpación, una cuestión que podría parecer razonable en casos como las tomas VIP, los predios irregulares. ¿Pero a qué costo? Porque las modificaciones que hoy se proponen abren la puerta a un escenario de confrontación donde la autotutela y la violencia podrían convertirse en la norma.
¿Es ese el país que deseamos? ¿Un país donde los civiles se enfrenten entre sí?
El diputado Ojeda hace un rato nos dijo que la “ley Nain-Retamal” se había legislado con miedo y que hoy todo el mundo la celebraba. Bueno, yo le quiero decir que la ley gatillo fácil ha significado impunidad y un retroceso en
7
materia de justicia, lo que da cuenta de la importancia de legislar con responsabilidad. Además, le señalo que no celebro esa ley y no creo que deba ampliarse. Eso es un peligro.
La vivienda es un derecho humano fundamental, y quienes se ven obligados a ocupar terrenos o viviendas lo hacen como un último recurso ante la insuficiencia de po líticas habitacionales adecuadas. Es nuestro deber no solo castigar, sino también comprender y abordar las causas estructurales de este problema.
De igual modo, la presunción de legítima defensa en la recuperación de inmuebles ocupados es un concepto peligrosísimo, más cercano al lejano oeste que al Estado de derecho. Esta disposición podría -ya lo dije- desencadenar un ciclo de violencia en que las y los ciudadanos se enfrenten permanentemente, sin sentido.
Hay diversos tipos penales. Se abren las puertas a interpretaciones ambiguas que podrían llevar a sanciones excesivas e injustas en el caso de las usurpaciones. La inclusión de términos como “permanente” o “transitoria”, la equiparación de violencia contra las personas con fuerza en las cosas es preocupante y podría afectar -lo dijimosa quienes buscan vivienda, pero también a aquellos que, en su legítimo derecho, por ejemplo, se movilizan a través de las tomas de los establecimientos educacionales.
La detención ciudadana y la flagrancia permanente plantean un riesgo innegable. ¿Cómo no sería un despropósito empoderar a los ciudadanos para ejercer detenciones? ¿Para qué discutimos una y otra vez en este Congreso sobre el fortalecimiento de las policías si pensamos en delegar sus funciones en la población civil? Creer en esto es no creer en el Estado de derecho, que desde 1855 fue desalentando la autotutela tolerada en el período colonial.
Finalmente, criminalizar la usurpación simple sin considerar las circunstancias socioeconómicas que la rodean es un acto de insensibilidad hacia quienes luchan por un techo. No debemos convertir la falta de vivienda en un delito, sino buscar formas de proveer soluciones reales y dignas.
La salida fácil hoy sería apoyar esta propuesta. Pero desde esta bancada no vamos a ser cómplices pasivos de un proyecto que atenta contra los derechos fundamentales.
He dicho.";1
"218";"21633";790;2023;8;"BOBADILLA";NA;"El señor BOBADILLA.-
Gracias.
Señorita Presidenta, la verdad es que esta es una iniciativa que apunta a resolver un problema no menor, y yo invitaría a los colegas, particularmente a los del Frente Amplio y del Partido Comunista, a ponerse en el lugar de quienes han sido víctimas de los usurpadores.
¡Que se pongan en ese lugar! Si lo hacen, estoy cierto de que podrían votar a favor el proyecto. Pero como son cómplices pasivos que no aplican la ley para restituir aquellas propiedades a sus verdaderos dueños, lo van a votar en contra. O sea, en la teoría tienen un discurso, pero en la práctica terminan avalando la impunidad de los usurpadores.
Qué mejor ejemplo de ello que lo que dijo el hoy Presidente de la República cuando en 2016 visitó la comuna de Ercilla y señaló lo siguiente: “Hoy estuvimos en el territorio liberado de Temucuicui”. ¿Cómo le vamos a creer a un
7
gobierno que no aplica la ley y que avala estas malas prácticas que les han cambiado la vida a miles de chilenos, particularmente en La Araucanía?
Ahora nos vienen a decir que están de acuerdo con el proyecto, pero no con la figura de la flagrancia permanente.
Esa es solo una excusa para no aprobar esta herramienta, que permitirá desalojar a los usurpadores y restituir las propiedades a sus verdaderos dueños.
¿Por qué lo hacen? Por una razón muy sencilla, que ya dije: porque quienes voten en contra están dejando en evidencia que son cómplices pasivos de la muerte del matrimonio Luchsinger-Mackay, que fue asesinado en su propia casa. ¡Los quemaron vivos! ¿Y qué tenemos hoy en el Parlamento? Cómplices pasivos, pues, porque no están de acuerdo con que se saque a los usurpadores de las propiedades, que las han ocupado también en forma violenta.
Por eso, con mucho entusiasmo votaré a favor este proyecto.
He dicho.";1
"219";"21633";792;2023;8;"ARAYA";"don Jaime";"El señor ARAYA (don Jaime).-
Señorita Presidenta, no tenemos ninguna duda en apoyar este proyecto, pero queremos que sea una herramienta útil y no una vergüenza para este Parlamento.
Tal como viene redactada y aprobada la propuesta, es la negación misma del Estado de derecho, porque, afortunadamente, a la derecha le da vergüenza reconocer que esto promueve la autotutela. Y hay que decirlo con claridad: este proyecto tal como está y como lo impulsan Chile Vamos y los republicanos promueve la autotutela y generará que haya verdaderas milicias privadas esparciendo la violencia en distintos sectores de nuestro país. Así, me alegro que les dé vergüenza reconocer el sentido de este proyecto.
Asimismo, esta iniciativa es la negación del Estado de derecho porque les quita el trabajo a los jueces, crea un marco penal-jurídico rígido para la aplicación de penas. El juez no podrá decidir qué pena aplicar, sino que este Parlamento le va a decir la pena aplicable, y eso vulnera gravemente el principio de separación de poderes del Estado, que es esencial.
Por lo tanto, lo que aquí se buscaba era arreglar un problema, pero la derecha, por darse un gusto ideológico, por hacer un guiño a los sectores más extremos, reaccionarios y violentos de esa fuerza política, inventó normas que hacen imposible que exista un Estado de derecho en que la racionalidad sea el eje de la respuesta estatal.
Desde el oficialismo vamos a apoyar este proyecto siempre y cuando eliminemos la autotutela y, por tanto, dejemos fuera lo que se ha dicho en cuanto a que esto es la legítima defensa de los cercanos. ¡No! Que digan la verdad. Esto es legítima defensa propia y de terceros; es decir, cualquiera, en cualquier tiempo, porque esto además tiene flagrancia permanente, podrá hacer uso de armas de fuego para revindicar predios.
Lo que nosotros pedimos es que sea el Estado de Chile, a través de Carabineros y la PDI, quien pueda hacer uso de la fuerza legítima para devolver a las víctimas los predios que les han sido usurpados ilegítimamente.
Además, quiero decir con mucha claridad que este no es un proyecto anticampamentos, como se ha dicho, sino que lo que busca es echar de terrenos a quienes los han usurpado de manera violenta a legítimos tenedores, a gente de trabajo, a gente de sacrificio que vive de lo que tiene en su tierra. No estamos de parte de los que con una bandera ideológica están promoviendo las usurpaciones en distintas partes del país.
Quiero decirlo con claridad: esto no es contra los campamentos. Por lo tanto, llamo a aprobar la indicación de la diputada Lorena Fries para extender la vigencia del Catastro Nacional de Campamentos y que se actualice anualmente para dejar fuera a todos los campamentos de Chile de la aplicación de esta norma .
Esta norma tiene nombre y apellido: los delincuentes que le quitan sus tierras a la gente de trabajo. Nosotros
7
queremos perseguirlos con la fuerza del Estado, no con las armas de los particulares, que es lo que promueve hoy la derecha en el Parlamento. Queremos contar con una herramienta que sirva para defender la democracia y no para destruir el Estado de derecho, como lo es reconocer la autotutela. Mucho más grave es imponerles a los jueces esa tarea.
Lo que está haciendo la derecha me parece peligroso, porque busca terminar con la atribución que tienen los jueces de aplicar las penas conforme a lo que ellos estimen en un debido proceso.
Hago un llamado a acoger la posición del gobierno para tener una herramienta que realmente sirva, y no este ejercicio de populismo penal que nació en el Senado y que ha sido empeorado en la Comisión de Seguridad Ciudadana de la Cámara.
Aquí debe primar la responsabilidad y la racionalidad. Por eso, llamamos a aprobar el proyecto, pero debemos hacer las correcciones que correspondan.
He dicho.";1
"220";"21633";794;2023;8;"COLOMA";NA;"El señor COLOMA.-
Señorita Presidenta, hay que preguntarse por qué estamos hoy hablando de este proyecto de ley, sobre usurpaciones. La razón, simplemente, es la desesperación de muchas personas que han visto tomados sus terrenos durante semanas, meses, años e, incluso, décadas; personas que siguen pagando sus contribuciones y ven con angustia cómo su terreno -heredado de sus padres o de sus abuelos, o comprado con mucho esfuerzono puede ser utilizado por ellas.
Hay que desmitificar este proyecto. La iniciativa no busca criminalizar la pobreza -no utilicen ese argumento nuevamente-, sino que busca atacar a los loteadores irregul ares; busca terminar con las tomas de los narcos y con la asocia ción ilícita para hacer negocios con las tomas de terrenos. Eso está pasando hoy en nuestro país.
Cuando uno escucha a la gente del Partido Comunista y del Frente Amplio decir que aquí se está criminalizando la pobreza porque el Estado, y repiten diez veces “porque el Estado”, debo recordarles algo: ¡ustedes están a cargo del Estado! ¡Cumplan las promesas que hicieron! Díganle a la gente que no van a ser capaces de construir las 260.000 viviendas que prometieron, pero no estén echándole constantemente la culpa a otros de aquello. Reitero: digan que no van a ser capaces de cumplir su promesa.
Enfrentar el tema de la vivienda es mucho más complejo y no se logra simplemente diciendo que este proyecto criminaliza la pobreza, porque eso es una mentira.
En mi opinión, hay dos hechos fundamentales en esta materia. El primero sucedió en enero pasado, cuando la tercera sala de la Corte Suprema dictaminó que el propietario que había presentado un recurso de protección por una toma ilegal era quien debía otorgar una solución global a quienes se tomaron su terreno.
El segundo hecho ocurrió en la Delegación Presidencial de Valparaíso, cuando, en relación con la toma del terreno del padre de Valentina Correa, indicó que este se trataba de un problema entre privados.
El Estado, del que ustedes hacen gárgaras, no está llegando con soluciones habitacionales;
ni siquiera han sido capaces de construir las viviendas de emergencia.
Lo que estamos pidiendo aquí es simplemente tener la posibilidad real de enfrentar a los usurpadores de terrenos, esto es, a quienes roban los terrenos a las personas.
El Partido Comunista no dudó en presentar acciones judiciales e intentar expulsar a personas que hace años les estaban tomando terrenos. ¡Sean un poquito menos cara de palo!
He dicho.
7";1
"221";"21633";796;2023;8;"RAMÍREZ";"don Matías";"El señor RAMÍREZ (don Matías).-
Señorita Presidenta, el norte del país sabe de déficit habitacional, sabe de tomas y sabe de luchas por la vivienda digna.
En Tarapacá, con el ocaso de la industria salitrera, sus trabajadores y trabajadoras se trasladaron a los núcleos urbanos, particularmente al puerto de Iquique, para instalarse junto con sus familias en los terrenos disponibles.
Aquello, primero, dio pie a la organización de los pobladores en torno a la demanda por una vivienda digna, y, segundo, a una serie de políticas públicas que se levantaron desde los territorios. Al respecto, particularmente recuerdo las iniciativas promovidas por el entonces parlamentario del Partido Comunista Luis Valente Rossi para impulsar la regularización de los asentamientos creados por los pampinos.
Precisamente ese fue el temor que tuvo la dictadura cívico-militar y que la impulsó a tener un estricto control de la ocupación de los terrenos y de la actividad política en los campamentos. La autoconstrucción se trasladó al interior de las poblaciones ya consolidadas, aumentando el allegamiento y la cohabitación en los mismos espacios.
La figura del poblador como agente político y de transformación transita a la de un postulante a subsidios de vivienda, a un sujeto de políticas públicas. Emergen las políticas contra la pobreza que representan al habitante de campamentos como una persona pobre y como un sujeto carenciado a quien el Estado debe auxiliar.
Aquello, precisamente, ha dado lugar al negocio de algunas tomas que están en manos de inescrupulosos.
Estamos dispuestos a legislar para evitar aquello, pero no a base de aberraciones jurídicas como la justicia por propia mano, como pretenden defender algunos.
Actualmente, la Región de Tarapacá tiene uno de los asentamientos más grandes no solo de la zona norte, sino del país. Alto Hospicio es una ciudad que ha crecido de manera rapidísima. En 1982, tenía cerca de cuatrocientos habitantes; en 2002, ya había cincuenta y cinco mil habitantes, y actualmente se estima su población en una cifra cercana a los ciento cincuenta mil habitantes.
Si bien la ciudad se inserta en una región con una alta inversión minera, aquello no se refleja precisamente en una mejora sustancial en las condiciones de habitabilidad de dicha población.
¿Cuál es la dificultad que tenemos en Tarapacá? Es importante recordar la historia. Gran parte de los terrenos disponibles para construir viviendas sociales, en el ocaso de la dictadura cívico-militar fueron traspasados a las Fuerzas Armadas o a privados que hoy especulan con la venta de dichos terrenos para obtener mayores utilidades o ganancias.
Eso impide consagrar una política habitacional digna en la Región de Tarapacá, particularmente en la comuna de Alto Hospicio. De hecho, el municipio de dicha comuna tiene catastradas más de ciento seis tomas.
No estamos dispuestos a criminalizar la lucha que actualmente tienen los habitantes de las tomas de Alto Hospicio.
He dicho.";1
"222";"21633";798;2023;8;"MELLADO";"don Miguel";"El señor MELLADO (don Miguel).-
Señorita Presidenta, ¿de qué estamos hablando hoy? Estamos hablando del Estado de derecho y del derecho de propiedad, los cuales están consagrados en la Constitución.
Aquí tenemos un doble estándar. Recordemos que el Partido Comunista mandó a desalojar con la fuerza pública a un grupo de personas pobres que se habían tomado un terreno de 5.000 metros cuadrados en Lo Barnechea. El
7
objetivo -me parece bien, pues tenían razón- era recuperar su propiedad.
En la Región de La Araucanía usurpan a diario sus tierras a distintos agricultores, pero eso no lo consideran un delito. Ellos siguen pagando sus contribuciones sin poder ingresar a sus tierras. Ahora el Servicio de Impuestos Internos determinó que no paguen contribuciones los campos usurpados durante la vigencia del estado de excepción. El problema es que de los ciento seis casos que se han presentado ante el Ministerio del Interior, solo en nueve se ha dado este beneficio. Espero que sea administrativamente entregado de manera directa para que al menos no paguen contribuciones quienes han visto que sus terrenos no han sido devueltos.
¿Qué sucede cuando se toman un predio? Si a las doce horas no se desaloja en flagrancia por Carabineros, el dueño debe iniciar una verdadera procesión para intentar recuperar ese predio que es de su propiedad, que lo compró y que está inscrito en el Conservador de Bienes Raíces. ¡El predio es de él!
En Corral, la justicia determinó que las personas que habían usurpado un terreno y a quienes habían desalojado podían entrar cuando quisieran. ¡Es la cueca desnuda!
Aquí hay un tema clave. Si tengo un terreno y lo trabajo, es para mi familia, y yo determino lo que quiero hacer con él. No es un tema comunitario. Ya no estamos en la época de la reforma agraria.
Es importante que se establezca la flagrancia permanente para este tipo de delito; si Carabineros no puede ir en doce horas, que vaya en 15 horas. Reitero: lo importante es que la flagrancia sea permanente.
Otro aspecto importante es cómo voy a defender el terreno. Aquí no hay bandas de uno y otro lado; hay de un solo lado, y tienen armamento. Compran armas al precio que sea y las utilizan.
En Temucuicui estuvieron ocho horas disparándoles a carabineros y el Ejército no disparó ni un solo tiro. Tampoco hizo una redada y en ocho horas no encontró a nadie. Me parece muy raro. Dicho sea de paso, Temucuicui ha sido el principal usurpador. Las tres mil hectáreas que tiene son fruto de usurpaciones; después se tuvieron que comprar mil hectáreas.
Vamos a aprobar este proyecto tal cual está. Espero que pronto sea ley de la república…";1
"223";"21633";800;2023;8;"MULET";NA;"El señor MULET.-
Señorita Presidenta, quiero colocar algunos temas en el debate que se ha desarrollado profusamente en esta Corporación.
Quiero recordar algún aspecto de la Constitución de 1980, respecto de la regulación del derecho de propiedad. Allí se establece con claridad que la propiedad no es un derecho absoluto. Además, la Constitución señala que el derecho de propiedad tiene una función de carácter social. No es el derecho a la vida lo que algunos están defendiendo, sino el derecho de propiedad, que, repito, también tiene una función social.
La Constitución señala que la ley establecerá el modo de adquirir la propiedad; garantiza a todas las personas el derecho de propiedad en sus diversas especies sobre toda clase de bienes corporales o incorporales.
En el inciso segundo del número 24° del artículo 19 señala: “Sólo la ley puede establecer el modo de adquirir la propiedad, de usar, gozar y disponer de ella y las limitaciones y obligaciones que deriven de su función social.”.
Eso está en manos de la ley. El punto que quiero exponer es que aquí algunos, particularmente integrantes de la derecha, tratan el derecho de propiedad como el derecho a la vida, y pretenden ejercer la autotutela en situaciones que, sin lugar a duda, no corresponde.
La propiedad no puede estar por sobre la vida. La regulación establecida por el Código Penal, que puede, por razones de orden procesal o del tipo penal, no ser eficaz, está avanzando, se está perfeccionado, pero,
7
obviamente, no puede pasar ciertos límites y entregar al dueño de un determinado predio o de una determinada propiedad el derecho de hacer justicia por propia mano.
No obstante reconocer el problema que hay en la demora en el tratamiento por los tribunales de muchas causas de la naturaleza que nos convoca, algunas normas de este proyecto de ley son excesivas y no pueden transgredir determinados límites. La postura que defiende la derecha transgrede esos límites y transforma la propiedad en un derecho absoluto, que no lo es, ni siquiera en la Constitución de Pinochet, y lo equiparan al derecho a la vida.
Por lo anterior, voy a votar varios aspectos del proyecto en contra.
He dicho.";1
"224";"21633";802;2023;8;"TOHÁ";"ministra del Interior y Seguridad Pública";"La señora TOHÁ, doña Carolina (ministra del Interior y Seguridad Pública).-
Señorita Presidenta, quien observe desde afuera este debate podría imaginar o llegar a la conclusión de que aquí hay una tremenda disputa, un desacuerdo profundo respecto de qué hacer con este proyecto. Siempre en sistemas en que existe oficialismo y oposición, las fuerzas que actúan en un debate tratan de diferenciarse. El problema es que a veces eso se exaspera al punto de que se pierde el sentido de la razón.
Todos saben en esta Sala que se requiere de una nueva legislación, que la actual no es suficiente para enfrentar los problemas que tenemos. Además, todos saben en esta Sala que este proyecto, así como está, está mal; no un poco mal, sino que está pésimo.
Todos reconocen que aquí hay cosas que no son presentables, pero hay temor de enfrentar un clima que se genera desde este mismo debate. El clima de opinión pública no es como una cosa de la naturaleza con la que tenemos que lidiar. La opinión pública se genera también a partir de las vocerías públicas, de lo que las autoridades decimos respecto de los problemas, y cuando pintamos los problemas como que fueran más simples de lo que son, y las soluciones como algo que se hace de un plumazo, es natural que después cueste explicarle a la opinión pública que las cosas realmente son más complicadas, y que si queremos hacerlas bien, hay que tocar no solo una tecla, sino varias teclas.
Este proyecto tiene que tocar varias teclas; tiene que endurecerse respecto de una serie de situaciones, pero no puede tratar de la misma manera otras que tienen otra naturaleza. Tiene que endurecerse, pero no al límite de permitir que cada uno, con sus propios medios, dispute sus derechos, lo cual, además -no sobra decirlo-, sería un nuevo factor de desigualdad.
¿Quién va a tener recursos para contratar huestes que vayan a recuperar bienes, y quiénes, en cambio, no los tendrán?
Si esto no se arregla en esta fase, en la que viene en el Senado y en las que pueden venir, como Ejecutivo vamos a hacer todo lo posible para que se despache una ley, porque se necesita, pero que salga una buena ley. ¿Por qué se necesita? En primer lugar, porque cuando hay usurpaciones, las personas que son propietarias de un predio, de un inmueble, que en Chile ciertamente son las que tienen muchos recursos, pero no solo ellas, porque muchas personas humildes tienen un pequeño predio, una casita, una herencia de una familia del campo, cuentan con herramientas muy débiles para defenderse. La usurpación es una falta; por lo tanto, quien la comete puede ser desalojado, pero no corre el riesgo de ser detenido, y puede volver una y otra vez a usurpar la misma propiedad.
A las personas que viven distantes de sus propiedades les es muy difícil resguardarlas, porque no están ocupadas permanentemente. En cambio, cuando esos propietarios tienen recursos, es mucho más fácil que vayan a tribunales o que tengan herramientas para hacer buenos cierros y, por lo tanto, puedan protegerse de ese abuso.
En segundo lugar, tenemos una situación nueva que antes en Chile o no existía o era rara, pero que hoy es muy común: estamos llenos de especuladores, de abusadores, de mafiosos que están ocupando esto para hacer negocios para vender segundas viviendas en terrenos que no son suyos. Hacen negocios para aprovecharse de personas que tienen necesidad de vivienda, organizan tomas y les cobran a esas personas por estar en la toma. Y
7
no solo les cobran, sino que después se vuelven como una especie de autoridad de facto de la toma. Cuando en esas tomas, además, se infiltran mafias delictuales de distinto tipo, estas mantienen sistemas de amenazas y extorsión que vuelven a quienes viven ahí doblemente vulnerables: son vulnerables porque no tienen viviendas y están en una situación irregular, y son vulnerables porque dependen de un sujeto que especula con sus necesidades para empoderarse y ganar plata.
Necesitamos de una ley que controle esas situaciones. El Ejecutivo está de acuerdo en hacer eso. No solo el Ejecutivo, como entelequia, sino el Presidente de la República. El Presidente se comprometió con parlamentarios para avanzar en esta legislación y resolver este problema. ¿Y cómo se resuelve esto? En primer lugar, pasando de la falta al delito, de modo que usurpar un bien sea algo grave y quien lo haga pueda ser detenido.
En segundo lugar, transformando la falta en un delito que, para efectos de la acción policial, sea permanente y que, por lo tanto, en cualquier momento el propietario pueda pedir el auxilio de la fuerza pública, a fin de que el bien sea recuperado.
En tercer lugar, acordando que a los campamentos en los que viven personas que llegaron ahí por una necesidad de vivienda no se les aplique esto, porque, si no, al día siguiente que se apruebe esta iniciativa, esas personas podrían ser detenidas. Todos o casi todos quienes están en esta Sala -no todos, porque Chile es muy desigual- tienen en sus distritos algún campamento y saben que las personas que viven ahí no merecen ser detenidas, sino apoyadas. Podemos hacer un proyecto que resuelva esas tres cosas; podemos hacerlo, pero tenemos que salir de la caricatura.
(Aplausos)
El Ejecutivo comparte y está de acuerdo con un proyecto que eleve la pena y que eso signifique detención; está de acuerdo en que la usurpación sea un delito permanente y está de acuerdo en excluir los campamentos, pero en lo que no está de acuerdo es en que la pena sea la misma para quien salta una reja y quien amenaza con una pistola a un propietario. No está de acuerdo, porque no es lo mismo saltar una reja que amenazar con una pistola a un propietario. Eso hay que cambiarlo, porque es impresentable. ¿Cómo va a ser lo mismo saltar una reja que amenazar a alguien con una pistola? El Ejecutivo no está de acuerdo con que la posibilidad permanente de que la policía pueda ir y actuar se asimile a que los dueños puedan armar un lote e ir con palos, piedras y armas a recuperar los bienes por sus propios medios. Por ejemplo, la persona a la que roban su billetera no puede hacer eso. Ella puede disputarla cuando se la están quitando; puede por doce horas actuar, pero después de eso no puede armar un lote para ir a recuperar su billetera con sus propias manos.
Es un avance civilizatorio tener el monopolio del uso de la fuerza y que no la utilice cada uno por sus propios medios, porque eso es volver al estado de naturaleza. ¡Eso es volver al estado de naturaleza! Que el Estado tenga falencias y no logre resolver bien todos los problemas no es estado de naturaleza, sino que es una sociedad desafiada a fortalecer su Estado. No confundamos las cosas. El estado de naturaleza es cuando uno renuncia a tener el monopolio del uso de la fuerza y dice: “Cada uno se las arregla solo, cada uno lo hace como pueda, cada uno queda a la buena de Dios”.
Aquí se han dicho varias cosas que no ayudan, que nublan y que confunden a la gente que nos escucha. No es verdad que este proyecto no sanciona a los especuladores y a los que hacen negocio, porque crea una figura nueva, que no existe, con penas agravadas para quienes hacen eso. No es verdad que el Estado no haga nada en materia de vivienda.
(Manifestaciones en la Sala)
Yo escuché atentamente, no interrumpí, y pido que siempre respetemos esa norma en esta Sala.
El Estado hace, ha hecho y tiene que hacer más. ¿Qué está haciendo el Estado en este momento? En lo que va de este año, en cuatro o cinco meses, el gobierno tiene entregadas 64.000 viviendas, tiene en construcción 129.000 viviendas, tiene a punto de comenzar la construcción de 75.000 viviendas en los próximos dos meses y va a dejar construyéndose 100.000 viviendas. Eso no es poco, pero sí es insuficiente. Si este gobierno cumple su meta de 260.000 viviendas, y la va a cumplir, no va a estar resuelto el problema de vivienda.
Desde el retorno a la democracia, el Estado ha construido no decenas de miles, no cientos de miles, sino millones de viviendas. ¡Millones! Pero esta sociedad ha cambiado.
7
En primer lugar, las familias se han vuelto más chicas. Entonces, el problema que uno antes resolvía con mil viviendas hoy lo resuelve con tres mil.
En segundo lugar, se han encarecido los arriendos a un punto que sectores de la población que antes podían arrendar ya no lo pueden hacer.
En tercer lugar, las ciudades han crecido mucho. Entonces, esto de construir en la periferia, donde es barato, ya no funciona. ¿Se pueden construir esas viviendas en la periferia? Sí, pero ya nadie puede vivir ahí, porque nadie puede vivir a una hora y media de su lugar de trabajo o de un colegio que funcione. Entonces, se ha vuelto mucho más desafiante el problema de vivienda. Por eso, tenemos que fortalecer el Estado, no denostarlo.
No es verdad -no solo no es verdad, sino que es una falsedad completa- que las usurpaciones están aumentando.
El 2021, hubo 227 usurpaciones a esta altura del año; el 2022, primer año del gobierno del Presidente Gabriel Boric, hubo 103 usurpaciones, y este año ha habido 36 usurpaciones. Esa es la realidad de las usurpaciones. No están aumentando. ¿Pero saben lo que sí está aumentando? Estas especulaciones, estos negocios de segundas casas, estos abusos con la gente que no tiene vivienda.
El problema mayor de esta futura ley está en el norte, no está en el sur, pero en el sur hay que responder, porque en el sur hay mucha gente que ha vivido esto y lo ha pasado mal. Es verdad lo que se ha contado aquí respecto de que muchas familias -hemos estado con ellas- no pueden ocupar sus predios, porque los desalojan y se los vuelven a ocupar. Muchas de esas personas obtuvieron sus predios en la reforma agraria; no son empresas multimillonarias. Si lo fueran, se las arreglarían, porque contratarían unos abogados y tendrían cómo salir del paso.
Entonces, hoy tenemos la posibilidad de hacer una ley bien hecha, que excluya a los campamentos, pero a todos los campamentos, porque los parlamentarios plantearon -lo vimos aquí con datos que ustedes me mostraron; la diputada Pérez vino a mostrarme los datos- que existen campamentos que no están en el catastro. ¿Por qué? No sé por qué. Pero hay que hacer que todos los campamentos que existen y que son de verdad no entren en esta situación, porque eso además va a dar legitimidad a esta futura ley.
Entonces, en nombre del Ejecutivo pido que apoyemos un mejoramiento de la legislación, que demos más condiciones al Estado para combatir estos abusos, que protejamos a las personas que tienen una condición de vulnerabilidad y que viven en campamentos, y que no caigamos en la ley de la selva, porque nos costó mucho dejar eso atrás y no vamos a resolver nada si volvemos a ese camino que solo trae más violencia y más desprotección para la mayoría de las personas.
He dicho.";1
"225";"21633";804;2023;8;"CICARDINI";"doña Daniella";"La señorita CICARDINI (doña Daniella) .-
Señora Presidenta, el negocio que hacen en los campamentos los narcos y los loteadores corruptos, las tomas VIP y las extorsiones son evidentemente una realidad repudiable que requiere una intervención decidida del Estado, que además debe ir acompañada de los apoyos que en este caso está haciendo el Ministerio de Vivienda y Urbanismo. Hay un Plan de Emergencia Habitacional; 260.000 viviendas son parte de la meta. Estoy segura de que el Presidente Gabriel Boric hará todos los esfuerzos para superar esa cifra.
Este proyecto se hacía cargo de la situación compleja que estamos viviendo en los territorios, pero la derecha ingresó indicaciones que son aberrantes. ¿Cómo es posible que el dueño de un terreno podrá contratar a un grupo de matones para que saquen de su predio, incluso a balazos, a quienes están usurpando el terreno, sin importar el tiempo que llevan en la usurpación y sin que se requiera llamar a las fuerzas de orden? ¿Cómo es posible que un grupo de personas podrá detener, incluso amarrar, por ejemplo, a quienes estén usurpando un terreno?
¿Cómo es posible? Imagínese lo desproporcionado que es hacer algo así.
Ahora, veamos esta situación a través de los ejemplos. Un campista que pasa la noche en un terreno ajeno o unos estudiantes que se toman por algunas horas un colegio podrán ser repelidos violentamente por considerarse que
7
están usurpando transitoriamente un inmueble.
Perdóneme, pero lo que ha hecho la derecha, la oposición, es enlodar el objetivo central que tenía este proyecto de ley. ¡Se ensañaron con las indicaciones! ¿Cómo va a ser posible que la usurpación con fuerza en las cosas -ese es otro concepto-, saltarse una cerca o romper un candado para ingresar a un predio tenga la misma sanción que tomarse un predio violentamente con armas?
En la Región de Atacama hay muchos campamentos que respetamos por su historia. Sabemos que la población crece y que muchas familias han tenido que recurrir a los campamentos por no tener un techo. Luego, esos campamentos se han transformado en grandes poblaciones, incluso muchas de ellas son históricas, con connotación nacional. Pero este proyecto es una indecencia y aberrante.
Por lo tanto, llamamos rechazar esta iniciativa. No se puede avanzar en una legislación a costa de criminalizar la pobreza en nuestro país.
He dicho.";1
"226";"21633";806;2023;8;"COLOMA";NA;"El señor COLOMA.-
Señora Presidenta, dado que queda un diputado inscrito para intervenir y un minuto para que termine el debate, pido recabar el acuerdo para dar la palabra al diputado que falta que intervenga y después votar la iniciativa, porque si se inscribe un diputado más en esta discusión, no vamos a alcanzar a votar el proyecto.";1
"227";"21633";810;2023;8;"SANTIBÁÑEZ";"doña Marisela";"La señorita SANTIBÁÑEZ (doña Marisela) .-
Señora Presidenta, el artículo 280 de nuestro Reglamento, en su numeral 3, señala que interrumpir a un diputado o a un ministro de Estado que habla o hacer ruido perturbador en su discurso es una falta al orden.
El diputado Henry Leal no solo habla en un tono muy fuerte, sino que interrumpe a nuestra ministra, cosa que no se dio en todo el período anterior. Es distinto a interpelar. Hacer eso me parece que no solo es un desconocimiento de nuestro Reglamento, sino que una pésima falta de un diputado hacia una ministra.
He dicho.";1
"228";"21633";812;2023;8;"DONOSO";NA;"El señor DONOSO.-
Señora Presidenta, artículo 82 del Reglamento. En primer lugar, le pido que le advierta a la ministra del Interior, quien se retiró de la Sala, que para dirigirse a los diputados debe hacerlo a través de la Mesa.
7
En segundo lugar, la ministra, al inicio de su intervención, trató de irracionales a los diputados que aprueban este proyecto de ley, lo que debe ser retirado de la versión de esta sesión, porque no corresponde que la representante del Presidente de la República, integrante de otro Poder del Estado, trate a los miembros de este Poder del Estado de irracionales.
He dicho.";1
"229";"21633";820;2023;8;"MIROSEVIC";NA;"El señor MIROSEVIC.-
Señora Presidenta, la discusión que hemos tenido en estos días en el Congreso respecto de este proyecto me parece muy buena, a propósito de realidades que se viven en distintas partes de Chile. En particular, hablo del norte, de Arica, donde vemos con preocupación desde hace bastante tiempo el surgimiento de bandas organizadas que se dedican a la venta de terrenos tomados. Se trata de bandas que se hacen millonarias -esa es la verdad- usurpando un terreno que no les pertenece, el cual terminan vendiendo a familias indefensas que no tienen mayor información. Por lo mismo, esas familias terminan, incluso, siendo engañadas por esas bandas organizadas. Esto lo hemos visto mucho. Sé que es una realidad nacional, pero me veo en la obligación de hablar de lo que sucede en el norte.
¿Por qué menciono este punto en particular? Porque durante el debate de este proyecto se ha discutido muy poco sobre los loteos irregulares. Esta iniciativa ayuda a combatir el loteo irregular y particularmente a las bandas. No obstante, si bien significa un avance, me parece que el proyecto que hemos presentado desde la bancada del Partido Liberal, que fue aprobado por la Cámara y que hoy está en el Senado, contiene una mejor regulación respecto de los loteos irregulares. De todas maneras, apoyaremos esta dimensión del proyecto en discusión, porque avanza contra los loteos irregulares, pero nos gustaría una regulación todavía mejor respecto de este asunto, por lo que esperamos que el Senado también apruebe la iniciativa que despachamos desde esta Cámara.
Sin embargo, me veo en la obligación de decir que no estoy de acuerdo con otros aspectos del proyecto. Me refiero en particular a esta idea de la legítima defensa privilegiada, propuesta a través de indicaciones que presentó la derecha. La legítima defensa privilegiada la verdad es que nos vuelve al estado de naturaleza y a que se imponga simplemente la fuerza del más fuerte. Lo único que ello va a producir es un enfrentamiento inevitable, sangriento, entre particulares. Eso es lo que el Estado tiene que evitar. Con este proyecto de ley lo que pretendemos hacer es restaurar, restituir el Estado de derecho, no lo contrario.
Votaremos a favor el proyecto de ley, pero no podemos votar a favor de algo que es completamente irracional. Por lo tanto, rechazaremos el articulado en particular referido a la legítima defensa privilegiada, porque supone la renuncia del Estado al uso monopólico de la fuerza, lo cual no puede ser.
Reitero: apoyaremos el resto del proyecto, pero no ese punto, porque no corresponde.
7
He dicho.";1
"230";"21633";822;2023;8;"MEZA";NA;"El señor MEZA.-
Señora Presidenta, se han dicho muchas cosas durante esta discusión. Algunas las ha dicho la ministra, otras las han dicho algunos parlamentarios. Acabamos de escuchar una de esas frases grandilocuentes. Creo que, si vamos a tener un debate serio y responsable, hay que hablar con seriedad y con responsabilidad. Así que me permito citar algunas de esas frases, como la que señaló, durante la tramitación del proyecto aquí en esta misma Sala, la ministra Tohá . Esta es una cita textual de lo dicho en esta Sala: “Las personas pueden organizarse, armar un grupo, contratar unos tipos que vayan a pelear cuerpo a cuerpo por el terreno usurpado.”. Esa fue la frase de la ministra Tohá . Me permito refrescar la memoria a esta Sala respecto de lo que señala el Código Procesal Penal en su artículo 129: “Detención en caso de flagrancia. Cualquier persona podrá detener a quien sorprendiere en delito flagrante, debiendo entregar inmediatamente al aprehendido a la policía, al ministerio público o a la autoridad judicial más próxima.”.
Este proyecto no permite contratar matones. De hecho, hemos avanzado en legislar para sancionar el delito de sicariato, así que mal podríamos borrar con el codo lo que escribimos con la mano. Actuar en legítima defensa supone que uno está autorizado a defenderse de una agresión ilegítima, siempre para detener y poner al agresor a disposición de ciertas autoridades. Creo que si vamos a discutir este asunto, hay que leer el Código Penal completo.
Otros ministros del gobierno han señalado cosas similares. Por ejemplo, la ministra Vallejo señaló de manera textual: “El autotutelaje es algo que se incorporó al trámite legislativo y que es una aberración jurídica. Vamos a crear básicamente la ley de la selva.”. Creo que la única aberración jurídica es desconocer la ley cuando uno se pone a hablar de legislación. Hay que leer el Código Penal completo y sobre todo poner atención a los expertos en Derecho Penal.
Usted misma, señora Presidenta, señaló que este proyecto se hacía cargo de una situación compleja, pero que la derecha ingresó indicaciones aberrantes. “¿Cómo es posible que el dueño de un terreno va a poder contratar a un grupo de matones para que saquen de su predio, incluso a balazos, a quienes están usurpando ese terreno?”.
Sigue la cita; no la voy a leer completa. En ningún momento este proyecto de ley está autorizando a contratar a personas para utilizar armas, o sea, para crear una especie de ejército personal. Pongámonos serios, por favor, señora Presidenta.
La última y la más increíble de todas las afirmaciones fue la dicha por el expresidente de esta Cámara, el diputado Mirosevic : “Esto llevará a un enfrentamiento sangriento entre particulares”. ¡Pongámonos serios!
Si no quieren la autotutela, está bien, nosotros tampoco la queremos; pero si lo que no quieren es que las personas puedan defender su propiedad, en el marco de la ley, está bien y díganlo. Pero no nos vengan con estas alocuciones tan extravagantes.
Nosotros vamos a votar a favor.
He dicho.";1
"231";"21633";824;2023;8;"MORENO";NA;"El señor MORENO.-
Señora Presidenta, citando un poco lo que señaló mi colega el diputado Meza , quiero referirme a algo bastante lógico, pero que, por lógico, de repente no se dice, y como no se dice, se olvida. La razón de ser básica de un Estado es la seguridad, para que nos alejemos de la barbarie. La ciudadanía le cede el monopolio de la fuerza o el monopolio de la violencia al Estado a cambio de la protección, a cambio de la seguridad. No sé sinceramente si a
7
alguno de los diputados oficialistas o a la ministra les han avisado que en el norte de nuestro país, en las grandes urbes, acá en la Región de Valparaíso y en la macrozona sur, el Estado hace rato no existe.
El ciudadano de bien no le cede el uso de la violencia, el monopolio de la fuerza al Estado para que este lo deje en el abandono; se lo entrega para que le otorgue a cambio seguridad. Por lo mismo, nace también el deber de una Constitución de consagrar los derechos fundamentales inalienables de una persona. ¿Frente a quién? Frente al Estado, precisamente porque él tiene el monopolio de la fuerza.
Dicho esto, cuando falla el Estado, el ciudadano tiene el derecho a su defensa. Es francamente irrisorio y es una falta de respeto que digan que esto va a ser algo así como el far west, en el que van a estar a balazos en la macrozona sur. No sé si les han avisado, pero en la macrozona sur han asesinado a ciudadanos de bien, han quemado iglesias, han quemado postas rurales, han quemado casas y colegios. La macrozona sur desde hace años que es el far west, no desde ahora ni producto de este proyecto de ley.
Se requiere que se les entregue a los ciudadanos de bien la posibilidad de ejercer su defensa para que no sean vulnerados en sus derechos más básicos, como lo es el derecho a vivir en paz. El derecho a vivir en paz no se canta en una plazoleta de Ñuñoa después del plebiscito de entrada. El derecho a vivir en paz es algo que se debe vivir y es algo que se debe proteger y cautelar por parte del Estado.
No se entiende que les preocupe esto, pero que no se les vea con la misma energía cada vez que aparecen órganos autónomos de resistencia, que están asesinando a chilenos y que le están doblegando la mano al Estado en cada terreno y en cada territorio -como les gusta decir- que le han disputado.
He dicho.";1
"232";"21633";826;2023;8;"TOHÁ";"ministra del Interior y Seguridad Pública";"La señora TOHÁ, doña Carolina (ministra del Interior y Seguridad Pública).-
Señorita Presidenta, antes de hacer uso de la palabra sobre este proyecto, me quiero sumar a las condolencias al Partido Comunista por el fallecimiento de su presidente, Guillermo Teillier .
Respecto de la iniciativa en debate, es necesario aclarar algunos conceptos que se han planteado, porque lo que este proyecto instaura no tiene nada que ver con la legítima defensa normal que existe en todos los delitos.
En primer lugar, la legítima defensa es algo que se puede aplicar en el contexto de la flagrancia de un delito, o sea, en las doce horas posteriores a que este se comete. La figura que estamos creando en este proyecto, la cual el Ejecutivo comparte, en cuanto a que este sea un delito permanente, habilita, de acuerdo con el texto que propusieron los parlamentarios que presentaron indicaciones, a que esa acción se pueda hacer en cualquier momento. Es decir, no es una reacción al momento en que la persona es despojada de su bien, sino que es una acción que se puede preparar con días, semanas e, incluso, meses, si estamos pensando en una usurpación prolongada. Eso en primer lugar.
En segundo término, por el hecho de ser una legítima defensa privilegiada -no sé por qué hay personas que argumentan, pero, cuando se les responde, se irritan; tratemos de escucharnos, porque no estoy dando ninguna opinión, sino que estoy explicando exactamente lo que dice y quiere decir este proyecto de ley-, no solo permite defenderse, sino que permite defender a terceros; o sea, permite contratar a un grupo de personas, con cualquier medio y haciendo uso de cualquier tipo de violencia. Esa es la legítima defensa privilegiada.
Lo que señala exactamente es que no solo se presume la concurrencia de los requisitos, sino que se habilita causar cualquier daño al autor del delito. Esa es la legítima defensa privilegiada. Es decir, aquí se puede actuar en cualquier plazo, se puede recurrir a terceros y se puede causar cualquier daño. Si eso no es autotutela, si eso no es ley de la selva, no sé lo qué es.
Estamos haciendo un esfuerzo para tener una ley que proteja a las personas a las que les usurpen sus bienes, ¡pero hagámoslo con las herramientas del derecho, no del salvajismo!
7
Muchas gracias.
-Aplausos.";1
"233";"21633";865;2023;8;"CUELLO";NA;"El señor CUELLO.-
Señor Presidente, en relación con el número aprobado, en concordancia con el artículo 1°, número 1, hago expresa reserva de constitucionalidad, porque vulnera el principio de igualdad ante la ley.
He dicho.";1
"234";"21633";883;2023;8;"GARCÍA";NA;"El señor GARCÍA.-
Muchas gracias, Presidente.
Quiero recordarle a la Sala que en el mes de enero del presente año nosotros suscribimos un acuerdo con el Gobierno. Nos llamó el propio Presidente de la República , en la víspera de su viaje a La Araucanía, para convocarnos a una reunión aquí, en el cerro Castillo , en que nos pidió al Senador Quintana y a quien habla concordar un texto.
Pues bien, nos pusimos de acuerdo en un texto que en lo que respecta a la flagrancia permanente decía lo siguiente: ""También podrá detenerse al imputado que estuviere cometiendo alguno de los delitos descritos en los artículos 457 y 458 del Código Penal, mientras se hallare en alguna de las hipótesis del artículo 130, para cuyos efectos se entenderá que existe situación de flagrancia en tanto permanezca en el inmueble usurpado u ocupado"".
Fueron testigos de este acuerdo por parte del Ejecutivo la entonces asesora del Ministerio del Interior, señora Leslie Sánchez, ratificado por la Ministra subrogante de la Segprés en ese minuto, Macarena Lobos, y por el Subsecretario del Interior, don Manuel Monsalve.
Con relación a la usurpación no violenta, con pena de presidio, también tuvimos acuerdo. El texto decía exactamente como sigue: ""Artículo 458. Cuando, en los casos del inciso primero del artículo anterior, el hecho se llevare a efecto sin violencia o intimidación en las personas, la pena será de prisión en cualquiera de sus grados"".
En tercer lugar, en cuanto a la pena actual de multa, bueno, como no produce ningún efecto desde el punto de vista penal, no sirve. Esa es la realidad.
En lo tocante a la legítima defensa privilegiada, que fue uno de los aspectos aprobados por el Senado primero, ratificado por la Cámara de Diputados, y que ha recibido fuertes descalificaciones por parte de personeros del Gobierno, debo recordar que esta es una institución que ya existe, por ejemplo, respecto del robo con violencia.
¿Cuál es la diferencia? Que en un caso se trata de un bien mueble, y en el otro, de un bien inmueble, como ocurre con la usurpación.
7
Por lo tanto, la legítima defensa ya existe, y lo que exige es que la agresión ilegítima sea actual o inminente. No podría, como se ha sostenido, bajo ningún aspecto operar la hipótesis de legítima defensa privilegiada a los tres días o al mes. En tal sentido, no podría en caso alguno promover la llamada ""autotutela"".
Señor Presidente , mi intervención es muy simple, muy sencilla: yo les pido a los Ministros aquí presentes que representan al Gobierno, a la Ministra del Interior y Seguridad Pública , Carolina Tohá ; al Ministro Secretario General de la Presidencia (ex Presidente del Senado ), don Álvaro Elizalde , que cumplan con la palabra, que cumplan con el compromiso adoptado en el mes de enero del presente año.
De otro lado, quiero mencionar que con la Senadora Carmen Gloria Aravena estuvimos en el Palacio de La Moneda a fines de enero o primeros días de febrero, y señalamos que nos parecía raro que las indicaciones que se habían comprometido no fueran ingresadas. Y, en presencia del Subsecretario Manuel Monsalve , se volvió a asegurar que el Gobierno iba a cumplir con la palabra, iba a cumplir con los acuerdos.
Por eso, y habiendo nosotros seguido todo el proceso, reiteramos nuestra posición. Este es un proyecto extraordinariamente necesario, no solo para La Araucanía, sino también para todo el país.
En consecuencia, solicitamos que el Ejecutivo cumpla con su compromiso, cumpla con la palabra empeñada.
Gracias, Presidente .";1
"235";"21633";885;2023;8;"MOREIRA";NA;"El señor MOREIRA.-
Gracias, Presidente.
Saludo al señor Ministro .
El Gobierno del Presidente Boric tiene un severo problema de contradicción entre lo que dice y lo que finalmente les propone al país y a este Congreso, en especial en materias de seguridad.
Mientras mantiene un discurso a veces firme y hasta duro contra la delincuencia que asola nuestro país, exhibe como logros pequeños avances parciales en ciertos delitos en determinadas zonas, al tiempo que omite el aumento de las cifras generales de otros delitos, la sensación de inseguridad de nuestras poblaciones y las cifras de victimización ratificadas por todas las encuestas que preguntan por el tema.
Pasó esto con la Ley Nain-Retamal y también con este proyecto de ley.
Las indicaciones del Gobierno presentadas en la Cámara de Diputados no buscaban mejorar la persecución del delito o su sanción: ellas iban en el sentido de aumentar la impunidad, lo que es una señal inquietante, en especial en los tiempos que corren.
Es esta nuestra opinión, y nos asiste el legítimo derecho a tenerla y a votar en conciencia y coherentemente con lo que hemos manifestado.
Cuando se presenta una indicación para dejar fuera de esta modificación a todos los campamentos catastrados hasta el 2022, es comprensible; cuando se plantea ampliar la exención hasta el 2024, aunque sea con enmiendas, me preocupa como señal y como ventana para los abusos.
Respecto del texto aprobado por la Cámara de Diputados, hay que destacar que el Gobierno perdió todas las votaciones separadas, menos una, y que incluso su sector, su facción más dura, votó en contra de sus indicaciones.
Lamentamos que el Ejecutivo nos haya informado públicamente que busca ignorar las amplias mayorías, en plena democracia, de la Cámara y de este Senado.
7
No logramos entender que el Presidente de la República , en estos últimos días, haya tenido actuaciones amenazantes, de una, diría, falta de respeto hacia su propia coalición, cuando, por ejemplo, ha expresado que ""los cobardes que no quieren enfrentar la Justicia se suicidan"".
¡Eso les toca a todos: a la izquierda, a la derecha, a familias!
Asimismo, nos notifica que este proyecto de ley no lo va a promulgar.
Me parece que, no estando ni siquiera aprobada esta iniciativa, esa es una amenaza más del Presidente Boric, que se suma a la seguidilla de actuaciones que parecieran buscar -y disculpen la expresión- incendiar la pradera, dividirnos con sus declaraciones.
Y ello, ¿por qué? Seguramente para desviar la atención, a través de la odiosidad y la división, respecto de la conmemoración del 11 de septiembre. Pero yo digo que lo que busca quizás es parte de la estrategia tendiente a que haya más división en el país para desviar la atención y ocultar lo relativo al caso de corrupción más grande de los últimos años y que ha ocurrido por medio de las fundaciones y de algunos sectores de la propia coalición de gobierno.
Señor Presidente , aquí se ha intentado demonizar este proyecto de ley, profetizando que sería el lejano Oeste americano, que habría una incitación a la autotutela.
Solo quiero recordarles a los profetas del apocalipsis que si estamos en esta situación es porque el Estado no ha estado a la altura, no ha respondido al sufrimiento de las familias que se ven obligadas a abandonar sus terrenos, amenazadas e incluso violentadas, con un Poder Judicial , en especial la Tercera Sala de la Corte Suprema, que ha puesto límites y trabas donde la ley no lo hizo; donde el Ministerio Público suele lavarse las manos y derivar los casos a tribunales civiles; donde nuestras Policías, y le pido un minuto más, señor Presidente ,...
(El señor Presidente asiente con la cabeza).
... esperan y esperan órdenes de desalojo que no llegan.
Es la impotencia de las víctimas y la inoperancia y negligencia del Estado lo que nos tiene en esta coyuntura.
Yo voy a votar a favor de lo hecho en la Cámara de Diputados como forma de solidarizar con las víctimas y de darles herramientas al Serviu, al Ministerio Público y a las Policías para que puedan cumplir con sus labores, no para que se instale la autotutela. Del Gobierno en este tema esperamos muy poco.
Insisto: en momentos en que debemos legislar, lamentablemente vemos a un Presidente levantando odiosidades, divisiones que en nada ayudan a producir los acuerdos que el propio Gobierno desea.
Por lo tanto le decimos: ¡No golpee nuestras puertas si nos sigue insultando como lo ha hecho en estos últimos días!
He dicho, señor Presidente.";1
"236";"21633";887;2023;8;"TOHÁ";"Ministra del Interior y Seguridad Pública";"La señora TOHÁ (Ministra del Interior y Seguridad Pública).-
Gracias, Presidente.
A ver, efectivamente a cada una de las personas que están en esta Sala les asiste el derecho a tener una opinión; sin embargo, a lo que no tenemos derecho es a interpretar a nuestro gusto lo que señala la ley. La ley dice lo que dice. Podemos estar a favor, podemos estar en contra, pero no podemos negar lo que dice.
El Senador García tiene razón, y el Gobierno va a cumplir y ha cumplido su palabra en cuanto a la idea de
7
transformar la usurpación, en primer lugar, en un delito agravado para permitir la detención que hoy día no se puede efectuar, porque es una falta. Entonces, hoy las personas que están ocupando un lugar pueden ser desalojadas, pero son dejadas inmediatamente en libertad, y por tanto es factible que vuelvan a ocupar el mismo lugar pocas horas después, infinitas veces.
Eso va a cambiar con este proyecto de ley, porque al establecerse una penalidad más alta las personas van a ser detenidas por el hecho de hacer una usurpación.
En segundo lugar, el Ejecutivo dio la palabra, y la sostiene, para transformar este delito en uno permanente para los efectos de facilitar que en cualquier momento la policía pueda intervenir.
En eso estamos de acuerdo, no tenemos objeción.
El problema...
No sé si el Senador García se encuentra en la Sala.";1
"237";"21633";889;2023;8;"TOHÁ";"Ministra del Interior y Seguridad Pública";"La señora TOHÁ ( Ministra del Interior y Seguridad Pública ).-
Presidente , es que esto es fundamental, porque en la Cámara de Diputados escuchamos este mismo debate, y lamentablemente se está votando sin entender lo que estamos votando.
El problema es que al transformar...";1
"238";"21633";904;2023;8;"TOHÁ";"Ministra del Interior y Seguridad Pública";"La señora TOHÁ ( Ministra del Interior y Seguridad Pública ).-
¡Sí! ¡Me he dirigido a la Mesa todo el tiempo!
El problema es que se está votando sin entender que automáticamente -¡automáticamente!-, al ser el delito permanente, su ejecución inminente es permanente; de consecuencia, la legítima defensa privilegiada que se establece acá es permanente. Esto significa que no es solo por doce horas, como ocurre en un delito normal, sino que en cualquier momento se puede ejercer la legítima defensa, que no es cualquiera: ¡es privilegiada!
¿Qué significa que sea privilegiada? En primer lugar, que se puede actuar en defensa propia o de terceros; y, en segundo lugar, que se puede actuar con cualquier medio, independiente del daño que genere.
Esto quiere decir que, de acuerdo a la normativa que estamos aprobando, después de una usurpación se puede ir treinta días después con cincuenta personas premunidas de armas a dispararle a quien está ahí.
Eso es lo que estamos aprobando, porque, por supuesto, atacar aquí es usurpar: ¡atacar aquí es usurpar! ¡Ese es el delito que es permanente! ¡Y a ese delito le estamos dando legítima defensa privilegiada! ¡Eso es lo que está haciendo esta ley!
Ahora, si no hubiera claridad en esto, Presidente , y alguien lo interpretara de otra manera, sería bueno que lo aclaráramos antes, porque el tenor de la ley ¡es clarísimo! De hecho, el Ejecutivo hizo una distinción, ¡y se rechazó!, a efectos de decir que el delito sería permanente para habilitar la acción de las Policías, no así respecto de la legítima defensa. Y eso que el Ejecutivo puso para aclarar este punto se rechazó en la Cámara y en el Senado.
Por eso esta ley es tan compleja.
Segunda razón por la que es tan compleja.
Con el afán de subir la pena al delito que se ejerce con violencia en las cosas, quedaron igualadas las penas para la usurpación con violencia e intimidación y para aquella con violencia en las cosas. ¿Eso qué significa? Que si usted va a usurpar un terreno y se salta la reja, la pena será la misma que si se salta la reja, rompe adentro todo lo que hay y amenaza con una pistola al dueño. La pena es la misma. Además, con un marco penal rígido, o sea, sin espacio para que el juez evalúe. La pena es la misma si se salta la reja o si amenaza con una pistola.
Eso es lo que estamos aprobando hoy si se deja así este proyecto.
7
Además, estos elementos ya los aprobaron ambas Cámaras.
Por eso el Ministro Elizalde ha dicho... .
(se desactiva el micrófono por haberse agotado el tiempo)";1
"239";"21633";906;2023;8;"TOHÁ";"Ministra del Interior y Seguridad Pública";"La señora TOHÁ ( Ministra del Interior y Seguridad Pública ).-
Por eso el Ministro Elizalde ha dicho que, así como está, esto no lo vamos a promulgar. Vamos a vetarlo. ¡Vamos a vetarlo! Porque nuestro Gobierno es responsable. Nuestra firma, no el anonimato, va a estar detrás de esta ley.
Y no queremos andar por la vida diciendo: ""Nosotros validamos que la gente en grupo, con armas, con planificación de meses, actuara por mano propia"". Sobre todo cuando esta ley está habilitando para pedir la acción de las Policías en cualquier momento.
Entonces, ¿para qué queremos esta legítima defensa privilegiada permanente? ¿Para qué? ¿Para qué la queremos si no es para permitir que se haga lo que acabo de señalar?
Esto es muy serio, Presidente . Por eso el Ejecutivo ha sido tan categórico, porque no es broma lo que se está legislando acá. No es cosa de dar una señal, de ver el electorado, ¡no!, estamos marcando un precedente.
Si esta ley sale como está, el precedente que estamos marcando es de un retroceso: desde ser una sociedad donde el derecho, y no las personas, resuelve los conflictos.";1
"240";"21633";910;2023;8;"ARAVENA";NA;"La señora ARAVENA.-
Gracias, Presidente.
Un saludo a ambos Ministros.
Lamento profundamente que un proyecto que lleva casi mil doscientos días de tramitación, que tiene varios autores conocidos que hemos tratado de negociar esto, de trabajar, de llegar a acuerdos, hoy día esté en una situación tan compleja, para un problema tan difícil para los chilenos.
No voy a hablar sobre el proyecto, porque ya lo conocemos todos, pero me voy a permitir hacer algunos análisis.
7
Primero, al igual que el Senador García, quiero clarificar que la legislación vigente también contempla legítima defensa en muchos delitos, entre ellos, el robo con violencia calificado, el robo con violencia.
En tal sentido, ¿cuál sería la diferencia de la naturaleza jurídica del bien resguardado? Uno es mueble y el otro es inmueble, como decía el Senador García . Pero donde existe la misma razón debe existir la misma disposición.
Por otra parte, la norma no habilita para que el dueño haga lo que quiera, sino que simplemente pueda o trate de impedir la consumación del delito frente a usurpadores de una propiedad que actúan con violencia. Eso es muy importante.
Y, lo más relevante, la legítima defensa exige que la agresión ilegítima sea actual o inminente, no que se venga después de cinco años a recuperar a través de la fuerza. Eso no está en ninguna parte. No podría, bajo ningún aspecto, operar la hipótesis de legítima defensa privilegiada a los tres días o al mes. En este sentido, no podría, bajo ningún aspecto, promover la autotutela. Eso es lo que no entendemos, porque, sin ser abogados, hemos estado trabajando años este proyecto.
La flagrancia permanente es muy importante, porque hoy día la Corte Suprema ha planteado que no va más allá de doce horas.
Eso también ha sido cuestionado por el Gobierno, vinculándolo a legítima defensa privilegiada, toda vez que, a juicio de este, podrán organizarse los dueños, o terceros, para nuevamente expulsar a los usurpadores.
Al respecto, y en primer lugar, la naturaleza jurídica del delito de la usurpación es de consumación permanente. Es decir, existe mientras se mantenga la conducta, con independencia de la duración; en este caso, mientras se mantenga la propiedad usurpada. En este sentido, lo único que hace el proyecto, correctamente, es explicitar lo que corresponde, que la usurpación es un delito de consumación permanente y, por lo tanto, la flagrancia dura todo el tiempo que dura el delito, no solo doce horas.
Por último, para nosotros es muy importante el presidio para la usurpación no violenta. Entendiendo que la mayoría, y quizás ninguno va a ir preso, nos permite desarrollar algunas acciones en el Ministerio Público que hoy día, al no haber detención, claramente no es posible realizar.
Todos entendemos que esta pena privativa de libertad, en el caso de usurpación no violenta, permite ciertos instrumentos que hoy día la Justicia no tendría.
Ese es el sentido de haber incorporado la pena de detención.
Quisiera plantear un punto que mencioné hace poco.
Yo he vivido en La Araucanía toda mi vida. Se han desarrollado usurpaciones muy violentas durante veinticinco años en mi región, y nunca he visto a agricultores defendiéndose, con armas, organizados con sus familias, disparando. Todo lo contrario, en las familias hay muertos, han perdido piernas, ojos, han sido quemadas sus propiedades, y nunca han respondido. Siempre han esperado que el Estado y la Justicia hagan lo que tengan que hacer, y durante veinticinco años no se ha hecho nada por ellos.
Hay que ser realistas. Se están devolviendo 25 millones, 50 millones por Sercotec y tenemos miles de víctimas que no han recibido justicia, porque este tipo de delito hoy día es un chiste. Hay que pensar que la ley vigente tiene ciento cincuenta años de existencia, que todos los países desarrollados consideran en sus penas privación de libertad, y que Chile es el único país donde pueden venir todos a usurpar terrenos, propiedades, a ejercer violencia gratis, ¡porque esto en Chile no cuesta nada!
Esa es la señal que no entiendo.
Hubo tiempo -con todo respeto, a los Ministros- para hacer mejoras, si es que ustedes lo estimaban. Pero pretender cambiar el proyecto completo es una locura. Porque, en estricto rigor, es necesario que se modifique la ley para que esto no cueste cero. Hoy día es realmente una burla del Estado chileno que esta conducta no reciba ningún tipo de pena. O sea, hoy robar una gallina es más difícil que usurpar una propiedad y reírse de la gente.
Entonces, de verdad creo que es lamentable que hayamos llegado a este punto, de descalificaciones que no son
7
necesarias, que no elevan la calidad de la política, ni menos es lo que espera la ciudadanía de nosotros.
Voy a votar a favor, porque soy coautora del proyecto. Lamento que no hayamos llegado a acuerdos antes y que hoy día haya una amenaza de veto y de enviar el proyecto al Tribunal Constitucional.
Además, si... .
(se desactiva el micrófono por haberse agotado el tiempo)
Un minuto, Presidente .";1
"241";"21633";912;2023;8;"ARAVENA";NA;"La señora ARAVENA.-
Además, el mensaje más grave para mí es que en todo el tiempo que llevo en el Congreso nunca había escuchado que un gobierno nos dijera que no va a promulgar una ley, una ley tan importante para el país. Porque ahí se acaban los diálogos y simplemente se impone la fuerza.
Muchas gracias.";1
"242";"21633";914;2023;8;"WALKER";NA;"El señor WALKER.-
Muchas gracias, Presidente.
Voy a responder a su inquietud, Presidente, en el sentido de que podamos intervenir respecto de lo propio del tercer trámite constitucional: los cambios introducidos por la Cámara de Diputados. De nada sirve que repitamos las mismas discusiones que dimos en el primer trámite acerca de normas que ya se van a ley.
Lo propio de este tercer trámite -insisto- es pronunciarnos sobre las enmiendas de la Cámara. Y algunos de esos cambios, Presidente, son remalos.
Inexplicablemente, la Cámara de Diputados suprimió, de manera absolutamente injustificada e irracional, el artículo 157 bis que había aprobado el Senado, el cual contenía una norma especial de restitución anticipada de inmuebles ocupados, durante el proceso penal y aun antes de la formalización de la investigación.
¡La Cámara de Diputados lo rechazó, Presidente ! ¿Se da cuenta?
¿Qué decía este artículo 157 bis -los invito a leerlo- respecto de la restitución anticipada en procedimientos por ocupación de inmuebles? Lo explicó muy bien en la Cámara el Diputado Raúl Leiva . La norma dispone: ""Durante la etapa de investigación, en procedimiento seguido por los delitos descritos en los artículos 457 y 458 y 458 bis del Código Penal, la víctima podrá solicitar por escrito al juez de garantía que decrete la restitución anticipada del bien raíz que hubiere sido ocupado con empleo de fuerza en las cosas o violencia o intimidación en las personas. Del mismo modo, la víctima podrá solicitar que se decrete esta medida al deducir la demanda civil"".
Presidente, esto es exactamente lo mismo que hicimos con nuestro proyecto de ley ""Devuélveme mi casa"", consistente en que usted, en cualquier estado, pueda pedir la medida cautelar, incluso en carácter de prejudicial, de restitución anticipada del inmueble.
La investigación puede durar meses o años, y esta norma permitía que en cualquier estado de la investigación el propietario obtuviera la restitución anticipada del inmueble con auxilio de la fuerza pública, con una orden judicial.
Así funcionan las cosas en un Estado de derecho.
7
El que crea que Carabineros va a actuar a requerimiento de cualquier particular que le vaya a decir ""señor carabinero, ¿sabe qué?, vaya a mi predio y desaloje a estas personas"", no entiende cómo funcionan las cosas en un Estado de derecho. ¿Qué le va a decir Carabineros, obviamente? ""Necesito la orden judicial"". Este artículo, que inexplicablemente rechazó la Cámara de Diputados, permitía que con una orden judicial y con auxilio de la fuerza pública, ¡sí, señor!, se desalojara a los ocupantes ilegales.
¡Así funcionan las cosas!
Entonces, sería un tremendo error y una irresponsabilidad por parte de esta Sala ratificar lo que ha hecho la Cámara de Diputados al suprimir este artículo. Por lo menos, tenemos que ir a Comisión Mixta respecto de esto.
Y segundo, Presidente , yo tengo una tremenda duda acerca del artículo transitorio, que establece la excepción de los campamentos hasta el año 2024. Yo creo que eso quedó mal redactado. El catastro tiene que cerrarse a la fecha de publicación de la ley, que es la regla general en derecho.
¿Por qué? Porque son los propios comités de vivienda los que más se oponen a las tomas de terrenos. Estos comités dicen: ""Pónganse a la cola; nosotros llevamos diez años postulando a una vivienda y hemos hecho las gestiones"". Van a hablar con el Seremi, piden el terreno y logran el ahorro, y después otras personas se saltan la fila y ocupan terrenos que, a veces, son de los propios comités de vivienda.
Entonces, si nosotros establecemos que esto se va a cerrar el 2024, ¿qué señal vamos a estar dando? ¡Que la gente se vaya a tomar los terrenos, Presidente ! Y eso...";1
"243";"21633";931;2023;8;"WALKER";NA;"El señor WALKER.-
Muchas gracias, Presidente.
Trataba de explicar que si establecemos en la norma transitoria que el cierre del listado de campamentos será el año 2024, se generará un incentivo para las tomas de terrenos, que es lo que no quieren los comités de vivienda.
Los comités de vivienda que hacen las cosas bien, que se relacionan con las autoridades, que realizan las gestiones para obtener los traspasos de terrenos de Bienes Nacionales para la obtención del subsidio, que logran el ahorro para postular a una vivienda, tienen el temor de que otras personas se tomen sus terrenos.
Entonces, yo creo -puedo estar equivocado- que el cierre tiene que ser a la fecha de publicación de la ley, de acuerdo con la regla general en materia de derecho.
Este proyecto, Presidente, requiere ser perfeccionado, por lo que debe ir a Comisión Mixta.
Gracias.";1
"244";"21633";933;2023;8;"ESPINOZA";NA;"El señor ESPINOZA.-
Señor Presidente , parto tomando las palabras del Senador Walker: este proyecto tiene que perfeccionarse en la Comisión Mixta por las dos razones, y muchas más, que él ha esgrimido y ha sintetizado de muy buena manera.
Esta es una iniciativa necesaria hoy día para nuestro país.
Respecto a esto, también quiero dar cuenta de que el Poder Judicial debe ponerse al tanto de lo que está haciendo, porque se han dictado fallos judiciales que obligan al Estado a entregarles viviendas a quienes se toman los
7
terrenos, por sobre comités de vivienda que llevan años esperando. Sobre eso se debe hacer un análisis bastante profundo, porque no puede ser.
Señor Presidente, lo que hace este proyecto, como aquí se ha dicho muy bien, es regular los delitos de ocupaciones ilegales.
Efectivamente, nuestro país tuvo muchas tomas en su momento, en particular en las décadas de los sesenta y los setenta, porque existían problemáticas de inmigración del campo a la ciudad, de las islas, en que las personas llegaban a la ciudad a vivir y lo hacían en malas condiciones. Ciertamente eso ocurrió, pero en una época en que no había una política habitacional como la que tenemos hoy.
Por lo tanto, hoy día nadie que esté en su sano juicio puede incentivar las tomas de terrenos. Claramente es así.
Desde ese punto de vista, la materia general de este proyecto, lo esencial, consiste en sancionar más gravosamente este tipo de delitos. Y nosotros estamos absolutamente de acuerdo en que ello sea así.
Evidentemente, estamos de acuerdo. No obstante, Presidente , este proyecto ha sido aprobado -ahí discrepo del colega de mi región, el Senador Moreira- de una forma que implica, en mi opinión, un retroceso civilizatorio. Y disiento absolutamente cuando la Ministra Tohá nos dice que aquí se está votando sin entender. Yo creo que cada cual está votando entendiendo.
O sea, el sector de la derecha comprende perfectamente que lo que se está haciendo aquí es consagrar la autotutela, que va a generar y propiciar enfrentamientos entre civiles que no tienen el entrenamiento necesario para este tipo de situaciones. Por otro lado, esto va a aumentar, sin lugar a dudas, el riesgo para las Policías, que deberán no solo recuperar el terreno, sino detener enfrentamientos riesgosos entre civiles.
Claramente, esto es -repito- demencial. No hay otro concepto que lo caracterice: ¡es absolutamente demencial!
Aquí nos olvidamos de nuestra historia. El 9 de marzo de 1969, civiles en Puerto Montt empujaron a las Policías a una matanza despiadada de pobladores: Pampa Irigoin .
¡Hagamos historia, pues!
En Pampa Irigoin no solamente se ejecutó en sus hogares, a las seis de la mañana, a once personas inocentes, humildes y pobres, sino que setenta civiles quedaron gravemente heridos. Esto marcó la historia de Puerto Montt y del país durante muchos años, y eso que en aquella ocasión fueron las Policías las que desalojaron a la gente.
Con este proyecto, civiles van a tener la posibilidad de armarse, de profesionalizarse para ir a recuperar terrenos.
Eso va a significar muertes de personas. No podemos ser cómplices de aquello.
Por eso, yo valoro lo que ha dicho el Ministro Elizalde en el sentido de que se va a vetar este proyecto. ¡Pero no se tiene que vetar la iniciativa en su totalidad! Porque, en su esencia, es positiva para el país, ya que busca impedir que sigan las tomas de terrenos y que personas se salten la fila pasando a llevar a comités de vivienda que han esperado por años y que han luchado por la casa propia. Lo que se tiene que vetar son aquellos artículos controversiales como el que estoy mencionando.
En definitiva, lo que tenemos que hacer como Poder Legislativo es generar proyectos de ley que vayan en beneficio de nuestros compatriotas. Porque yo no me quiero imaginar, y en eso cuidado a los amigos de enfrente, que en alguna ciudad de nuestro país, en los próximos años, ¡ocurra un Pampa Irigoin entre civiles, pues! Porque, ¿quién va a ser responsable de eso? Lo serán aquellos que están aprobando esa norma, esa parte vejatoria, demencial, de la iniciativa.
Señor Presidente , vamos a votar a favor de todos aquellos aspectos que penalizan de mayor forma, de manera más categórica y con mayor profundidad las ocupaciones ilegales de inmuebles, fijando nuevas normas y formas.
Pero no podemos votar a favor de estos aspectos que, de todas maneras, son totalmente atentatorios contra el Estado de derecho que hoy día tenemos.
Para autores como el jurista italiano Piero Calamandrei , la autotutela debiese estar prohibida, por los siguientes motivos (los digo en treinta segundos):
7
-Quien goza de un derecho subjetivo amparado por la ley no puede poner en obra la fuerza privada a fin de hacerlo valer; para eso existe el Estado.
-En una sociedad avanzada y compleja, una autoridad superior debe ser la encargada de resolver los conflictos entre las personas, pues los individuos, en este escenario, no son el ente más apto para hacerlo.
-Y la autotutela mediante la fuerza privada significa una negación del derecho y de la convivencia pacífica entre los ciudadanos. Recordemos que nadie puede ser juez de su propia causa.
He dicho.
El señor COLOMA (Presidente).- Gracias, Senador.
Senador Araya, tiene la palabra.";1
"245";"21633";934;2023;8;"ARAYA";NA;"El señor ARAYA.-
Señor Presidente, yo creo que este proyecto es bastante controversial. Y no me voy a referir al aumento de pena porque eso es una materia siempre discutible.
Sí espero que la Cámara de Diputados pueda avanzar en la dictación del nuevo Código Penal para de esta forma tener una legislación más armónica respecto de las penas aplicables a ciertos delitos.
Dicho eso, quiero entrar en el fondo de lo controversial del proyecto.
La iniciativa parte haciéndose cargo de una discusión que se dio a nivel doctrinario y jurídico en cuanto a si la usurpación era o no un delito de carácter permanente. ¿Por qué razón? Porque la gran mayoría de la doctrina ha entendido que la usurpación es un delito de carácter permanente y, como tal, tiene las consecuencias que eso significa en lo referente a las actuaciones de las Policías, en cuanto a la aplicación, entre otras cosas, de la legítima defensa.
Pero, como muy bien apunta el profesor Juan Domingo Acosta en un fallo de la Corte Suprema bastante controversial, de 4 de abril de 2018, se estableció de forma muy inexplicable que en el caso de la usurpación solamente se aplique la norma del Código Procesal Penal y, en consecuencia, únicamente exista flagrancia en la medida en que no hayan transcurrido doce horas desde el inicio de la ocupación.
Ello derivó en que la policía se abstuviera de intervenir en determinadas tomas de terrenos, usurpaciones, si es que constaba que hubiera pasado dicho lapso de tiempo.
En ese sentido, el proyecto, a mi juicio, va en la línea correcta, porque zanja esa discusión a nivel legal.
Dicho eso, creo que aquí empiezan los problemas de la iniciativa. Y en esto yo comparto lo que manifiesta la Ministra Carolina Tohá -no es por desmerecer a ningún colega presente aquí, en la Sala, como tampoco a los Diputados y las Diputadas que votaron a favor del proyecto-, en el sentido de que hay una confusión doctrinal no menor que tiene consecuencias respecto de la legítima defensa privilegiada.
En primer lugar, se confunde el concepto de delito permanente, que es la usurpación. Estos son una categoría de delitos que se caracterizan por una acción típica que se prolonga en el tiempo sin interrupción. Se lo suele confundir con el denominado ""delito continuado"", que es una pluralidad de acción en el tiempo en el sentido de que, aun constituyendo delitos perfectos, en forma independiente tienden a un único resultado.
Asimismo, conviene recordar cuál es el bien jurídico tutelado en el delito de usurpación. No es la defensa de la propiedad, ni la integridad, ni la seguridad de las personas lo que se tutela, sino el ejercicio del derecho de propiedad sobre ciertos bienes inmuebles y sobre cierta categoría de aguas.
Como consecuencia de lo anterior, el delito de usurpación no es un delito pluriofensivo. Y yo creo que aquí viene uno de los primeros errores conceptuales que hay, porque, como señalaba, este delito no tutela la seguridad o la integridad personal; el hecho de que el legislador aluda a la violencia tiene que ver más bien, para un efecto práctico, con la graduación de la pena.
7
¿Por qué digo esto? Porque, cuando uno mira la construcción que se hizo en la Cámara de Diputados en cuanto a la legítima defensa privilegiada, hay que tener presente lo siguiente. El legislador ha otorgado la presunción legal de legítima defensa o legítima defensa privilegiada a los delitos más graves de nuestro estatuto jurídico penal, como son los delitos contra las personas, la sustracción de menores, la violación de un menor, la violación mediante introducción de objetos, parricidio, homicidio, robo con violencia o intimidación en las personas, con ocasión de un homicidio, una violación, lesiones o secuestro de la víctima. Como puede observarse del catálogo de las legítimas defensas privilegiadas, se trata de injustos extremadamente graves y todos ellos cometidos contra las personas.
Por consiguiente, incorporar en este catálogo un delito contra la propiedad equivale a señalar que la ocupación por la fuerza de un bien inmueble tiene el mismo valor que la indemnidad sexual de un menor de edad, o que la libertad, o que la vida de una persona.
El derecho penal es un mínimo ético exigible en una sociedad y, por lo tanto, cuando el Estado ejerce la facultad de determinar cuáles son los bienes jurídicos tutelados y sociales que deben tener una mayor ponderación, no puede equivocarse y no puede enviar señales ambiguas, menos aún señales manifiestamente erróneas.
La propiedad privada de un inmueble arrebatado por un grupo de personas es un hecho grave, pero perfectamente reversible a través de las herramientas que entrega el Estado de derecho.
El riesgo o derechamente segar la vida, la indemnidad sexual o atentar contra la libertad de una persona son hechos o situaciones en que muchos de sus efectos son irreversibles, y el derecho penal no puede tratarlos de la misma forma.
De ahí que resulte absolutamente incomprensible, desde una perspectiva de la comprensión del orden social, del rol que cumple el derecho penal en la sociedad y en materia de política criminal, introducir como legítima defensa privilegiada esta situación.
Desde este punto de vista, me parece que algunos colegas han actuado inspirados en un propósito que estiman justo, pero...
(se desactiva el micrófono por haberse agotado el tiempo).";1
"246";"21633";936;2023;8;"ARAYA";NA;"El señor ARAYA.-
Decía que creo que no están tomando conciencia del profundo error conceptual y técnico que se comete en esta materia.
Y tienen razón cuando aquí se ha señalado que la legítima defensa, en este caso, al ser un delito permanente, va a favorecer una autotutela entre civiles que no podemos permitir.
En esa línea, a mi juicio lo más prudente es que este proyecto vaya a Comisión Mixta. Y si el Ejecutivo ejerce su facultad de veto, no estaría usando la fuerza, sino más bien una de las herramientas que le entrega la Constitución cuando un proyecto no se condice con lo que debieran ser los planteamientos del Gobierno en determinado tema.
Por esas razones, voy a votar a favor y en contra de algunas de estas propuestas.";1
"247";"21633";938;2023;8;"SAAVEDRA";NA;"El señor SAAVEDRA.-
Gracias, Presidente.
7
No cabe duda de que este proyecto es controversial, como lo hemos catalogado la mayoría de los que estamos presentes en la Sala.
En definitiva, es una iniciativa que transforma, como se ha mencionado, una falta en delito. Y por tanto establece un escenario distinto para el tratamiento de todo lo que tiene que ver con usurpaciones y tomas de terrenos y de casas.
Es un proyecto que enfrentamos, que debemos resolver y sacar adelante con la madurez cívica que se requiere en el Senado, no con las asperezas que algunos han demostrado en cuanto al incumplimiento de la palabra o a enrostrar que les vamos a cerrar las puertas a otros temas, que no conversaremos de otros proyectos. Creo que eso es un error.
La democracia requiere diálogo democrático y entender que la altura de miras debe estar consagrada en nuestro proceder. Echo de menos eso, cuando hoy en día se requiere más que nunca la capacidad de entendernos entre nosotros, a fin de resolver las contradicciones que se dan en la sociedad.
Estamos consagrando la legítima defensa privilegiada. Es decir, algunos tendrán la opción de erradicar o sacar a personas de aquellos lugares en que estén instaladas en forma ilegítima. Pero, ¿cómo lo vamos a hacer? Con violencia, con el enfrentamiento entre chilenos. Vamos a consagrar, por lo tanto, la autotutela en lugar de acogernos a las vías institucionales como la entrega anticipada de los terrenos o la detención de los usurpadores por parte de los policías.
Es peligroso, claro que sí, porque propicia -ya lo dije- el enfrentamiento entre civiles que no tienen capacidades para proceder en situaciones extremas, en donde unos y otros podrían terminar incluso con pérdidas de vida.
Nadie va a lamentar después, en ese minuto, cuando ocurra, o pocos se van a acordar de cómo se legisló para propiciar esa situación al interior de nuestra sociedad.
Claro, se pone en riesgo a los policías, por supuesto que sí. En su proceder los complica, porque están obligados a actuar en medio de un conflicto en que no hay capacidad de entendimiento y, seguramente, más allá de las capacidades que deben existir para entendernos entre civiles en términos civilizatorios, en que se abre el enfrentamiento como método de resolución de controversia al interior de la sociedad.
Las sociedades nunca han estado libres de conflictos. Y por lograr una mejor convivencia es que el derecho surge como una respuesta para establecer, ante las divergencias entre las personas, la solución. Así, como sociedad humanista debemos avanzar hacia la resolución pacífica de los conflictos mediante el entendimiento, la mediación, la resolución que realiza un poder del Estado como lo es el Poder Judicial .
El Estado de derecho consta de tres poderes que funcionan en términos autónomos. Y eso también tiene que reflejarse en nuestras alocuciones, en nuestro proceder como legisladores.
Así, el Estado ha sido dotado de poderes para ejercer el uso legítimo y racional de la fuerza, no los privados. Pero acá les estamos traspasando esta facultad a los privados, como ocurre en esta sociedad, en términos larvados, en que existen grupos de presión que quiebran los vidrios de los lugares donde están algunas personas, para que los abandonen, o permanentemente las presionan en términos ilegítimos e ilegales. Hoy día existen verdaderas organizaciones en la sociedad. Si eso lo queremos legitimar, corramos el velo y digámoslo por su nombre.
Ahora bien, hay ideologías extremas, libertarias (entre comillas), que en la actualidad han insistido en la necesidad de suplir al Estado en el monopolio de la fuerza y han instalado el concepto de que la población porte armas letales o no letales promoviendo así la autotutela. Pero no se trata de eso, sino de que en Chile -reitero- estos conflictos se resuelvan en el marco del Estado de derecho a través de los mecanismos que la Constitución establece para este tipo de cosas.
Y valoro que el Gobierno sea capaz de plantearse en estos términos usando las herramientas que la Constitución le entrega. El veto no nos debe causar extrañeza; es parte de los derechos que existen y están establecidos en la Carta para cuando un proyecto no cumple con lo que requiere la sociedad para garantizar la paz social, los derechos y los bienes de propiedad que están en cuestión.
Por lo tanto, votaremos en conciencia, aprobando lo que sea correcto y rechazando lo que no condiga con el Estado de derecho y las garantías de todos los chilenos para tener paz social en nuestro país.
7
He dicho, Presidente .
Muchas gracias.";1
"248";"21633";940;2023;8;"PASCUAL";NA;"La señora PASCUAL.-
Gracias, Presidente.
Yo quiero partir argumentando lo mismo que dijimos la primera vez que vimos en particular esta iniciativa hace unas semanas.
En general este proyecto es sumamente conflictivo y complejo por su intencionalidad de establecer un nuevo tipo penal de usurpación violenta, homologado a la usurpación no violenta o la toma pacífica, con una redacción que, además, es amplia y ambigua, y que extenderá el castigo penal a innumerables situaciones, como las disputas vecinales por deslindes; el tránsito no autorizado; las eventuales confusiones sobre acceso a predios; para qué hablar de la protesta social; la ocupación transitoria o temporal como medida de presión muchas veces utilizada por las organizaciones sociales para que una autoridad los escuche; la disputa por el arriendo, entre otras tantas cosas, quedando todas en la misma generalidad y ambigüedad.
Hay una falta de proporcionalidad al establecer absolutamente como igual la usurpación violenta con la no violenta.
Además, tenemos identificados como problemas el riesgo de la autotutela y el peligro para la paz social; la ampliación injustificada del tipo penal de usurpación; la pena privativa de libertad en la usurpación no violenta, que implica, ya lo dije, una falta de proporcionalidad. Nos parece que estos asuntos hay que revisarlos constitucionalmente.
El proyecto de ley, además de los inconvenientes que he señalado, tiene efectivamente problemas de constitucionalidad, en especial cuando habla de la existencia simultánea de las normas relativas a la legítima defensa privilegiada y la flagrancia permanente. El uso y abuso de ambas situaciones en esta iniciativa nos hace dudar de su constitucionalidad.
Para nosotros, se identifican un par de asuntos que constituyen problemas de constitucionalidad, como la autotutela y, por tanto, la sustracción del conocimiento de los conflictos entre las personas de los tribunales de justicia.
En consecuencia, desde esa perspectiva se retrocede en uno de los consensos más relevantes del Estado de derecho, que es la existencia de un sistema de justicia como parte de las valoraciones de las sociedades modernas y los consensos históricos en torno a las formas y mecanismos institucionales para dar respuesta a los conflictos y las diferencias que tienen las personas en todos los problemas, en particular cuando habitan un mismo territorio.
Este proyecto de ley, y en concreto las normas referidas a la legítima defensa privilegiada y la flagrancia permanente, debilitan fuerte y profundamente al Ministerio Público, a los tribunales de justicia y a las Policías en cuanto al rol que les asiste conforme a la Constitución y las leyes.
Uno de los elementos centrales del Estado de derecho es el monopolio del uso de la fuerza. No es baladí, no es solo colocarnos de acuerdo, no es pensar y pasar por alto que cualquiera de los ciudadanos y las ciudadanas o persona civil puede utilizar la fuerza a su antojo. Este es un tema muy complejo, porque el monopolio del uso de la fuerza es parte del Estado de derecho y debe estar absolutamente limitado a personas específicas, como las Policías y las Fuerzas Armadas, y ser muy bien regulado y fiscalizado para que sea bien utilizado.
Por otro lado, en materia de reservas de constitucionalidad, nos parece que efectivamente estos dos ámbitos, la legítima defensa privilegiada y la flagrancia permanente, pueden vulnerar la Constitución en el artículo 19, N° 1, correspondiente al derecho a la vida y a la integridad física y psíquica de las personas. La vulneración o peligro para esta garantía fundamental se configura al establecer una fórmula de autotutela amplísima que propenderá a
7
permitir que privados, mediante el uso de la fuerza, actúen ante la circunstancia de derechos invocados de manera contradictoria, al margen de una resolución judicial, lo que podría constituir una afectación del derecho a la vida y la integridad física por la utilización de la fuerza de ese eventual derecho invocado.
Finalmente, quiero decir que nos parece un proyecto no solo sumamente polémico, sino además configurado desde un punto de vista punible, dejando y restando el poder de la democracia, de la negociación, de la aplicación de la política en conflictos sociales a una mera administración de justicia, incluso siendo absolutamente rígida la aplicación de la ley...
(se desactiva el micrófono por haberse agotado el tiempo y se vuelve a activar por indicación de la Mesa).
Por eso, votaremos en su mérito cada uno de los artículos, siendo coherentes con nuestras primeras votaciones en las semanas anteriores.
Muchas gracias.
El señor HUENCHUMILLA ( Vicepresidente ).- A usted, Senadora.
Senador Chahuán.
Senador Quintana.
Senador Felipe Kast, le ofrezco la palabra.";1
"249";"21633";941;2023;8;"KAST";NA;"El señor KAST.-
Gracias, Presidente.
La verdad es que, en mi opinión, probablemente este es el proyecto más relevante para la Región de La Araucanía en décadas.
Desgraciadamente, en nuestra región ha habido verdaderas mafias, con total impunidad, donde muchas víctimas han sufrido la impotencia de ver que el Estado de derecho no existe, que terceros efectivamente pueden ingresar a sus parcelas o residencias y no se hace absolutamente nada. Y la razón es que hoy día la usurpación ni siquiera es un delito, es una falta; por lo tanto, Carabineros no puede tomar detenidos a quienes usurpan una parcela. Una de las cosas que ocurrían es que la flagrancia en virtud de la cual se pedía ingresar tenía una jurisprudencia de solo doce horas.
Este proyecto de ley, además de transformar una falta en un delito que permitirá que Carabineros efectivamente tome detenidos, hace que el delito sea permanente, que es lo que todos los juristas han dicho. ¡Si nadie entiende por qué este sea un tema debatible!
Y con esto quiero clarificar algunas cosas que se han dicho que me parecen realmente graves.
Considero alarmante que el Gobierno desinforme sobre este proyecto de ley porque pareciera que no lo han leído bien. Así como la Ministra Tohá dijo que nosotros no lo habíamos leído bien, le quiero decir -me encantaría que estuviera presente, pero no está- que es ella quien no leyó bien el proyecto.";1
"250";"21633";951;2023;8;"KAST";NA;"El señor KAST.-
Entonces, lo que está diciendo la Ministra Tohá es completamente falso. Aquí no se autoriza la autotutela; lo que hace este proyecto de ley en materia de legítima defensa es simplemente permitir defenderse en caso de ser agredido, porque solo se aplica la eximente de responsabilidad penal en aquellos casos donde hay violencia.
Por lo tanto, no es cierto que uno podría llegar después de cinco años a su parcela que estaba tomada y empezar a disparar. Eso es falso. La ley es explícita en señalar que solamente permite la legítima defensa en caso de que alguien sea atacado, que es exactamente lo mismo que hoy día se permite con una casa o una oficina. ¿Por qué va a ser distinto? ¿Acaso no me puedo defender cuando alguien me agrede físicamente?
Por eso la legítima defensa no quedó incluida en las usurpaciones no violentas. Repito: la legítima defensa no quedó incluida en aquellos casos de usurpaciones no violentas, sino solo en las usurpaciones violentas.
Por lo tanto, por favor, Ministra y Gobierno, no desinformen, no digan que esto va a ser el far west. Es lo mismo que escuchamos con el robo de madera cuando votaron en contra aquí, en el Congreso, varios años atrás, y nos decían que era la peor iniciativa de todas, cuando resulta que hoy día es una gran legislación. Lo mismo nos señalaban de la Ley Nain-Retamal: que era una pésima ley. ¡Y resulta que terminó siendo una gran legislación porque permite que las Policías se puedan defender y utilizar sus armas de fuego como corresponde!
Estamos hoy día hablando de una ley de usurpaciones y felicito que la Cámara de Diputados haya retirado -aquí discrepo con el Senador Walker; se lo comentaba previamente- el tema de la restitución anticipada, porque lo que ocurre en la práctica -y lo hablaba recientemente con los fiscales de la región- es que cuando hay flagrancia no necesitas pasar por el tribunal: simplemente la víctima llama a Carabineros para que le restituyan la parcela. Por lo tanto, lo que hizo la Cámara de Diputados en esta materia de hecho es correcto: sacó un elemento que podría haber significado que las Policías dijeran: ""No, ¿sabe qué?, no puedo actuar en flagrancia hasta que el juez no me diga que tengo que hacer una restitución anticipada"". Y, obviamente, eso está bien.
La Cámara de Diputados alargó el plazo de los campamentos. Cuando nosotros lo sacamos de acá, nos tratamos de preocupar de que no se mezclara la situación de los campamentos históricos. ¡Y lo alargó! Alguien podrá estar de acuerdo o no, pero nadie nos puede decir que esto casi va a significar ir en contra de todos los campamentos de Chile, cosa que, efectivamente, uno podría eventualmente debatir, pero este proyecto no lo hace; este proyecto, lo que hace es, simplemente, establecer que las usurpaciones son un delito, como ocurre en la gran mayoría del planeta, excepto en Chile. Así de simple.
Por lo mismo, yo lamento, primero, que la Ministra Tohá -por su intermedio, Presidente- nos diga que no hemos
7
entendido el proyecto. Aquí todos lo hemos entendido. De hecho, yo soy uno de sus autores y lo he leído con mucho cuidado.
Segundo, me parece lamentable que digan que lo van a vetar. Bueno, están en su derecho, pero no lo veten faltando a la verdad y diciendo que esto va a significar la autotutela, que casi va a haber guerrillas entre unos y otros. ¡Mentira! Porque, de hecho, la Ley de Armas, que también ha sido aprobada, y la asociación ilícita impiden que alguien pueda hacer uso de guerrillas.
Le solicito un minuto adicional, Presidente , como se le ha dado al resto de los colegas...
(se desactiva el micrófono por haberse agotado el tiempo y se vuelve a activar por indicación de la Mesa).
Por lo tanto, Presidente , con total respeto a quienes puedan pensar distinto -eso es muy legítimo-, lo único que les pido es que no nos falten el respeto a quienes creemos que esta ley es fundamental, que está muy bien diseñada.
Podemos pensar distinto, pero lo que no podemos hacer acá es decir: ""No, ustedes no saben lo que están votando"". Yo creo que eso no corresponde. Aquí ha habido un trabajo serio, de muchos años. Además, el año pasado, cuando yo no era Presidente de la Comisión , acuérdense de que había el compromiso de despachar esta ley en el mes de abril. No se cumplió tal compromiso. Por lo tanto, como bien decía una colega que me antecedió, aquí llevamos mucho tiempo esperando, y yo confío en que hoy día se apruebe este proyecto por unanimidad, que podamos sacarlo adelante, y que hoy mismo pase a ser una ley despachada por el Congreso de la nación.
Creo que los cambios que hizo la Cámara de Diputados suman, no restan, y por eso, Presidente, anuncio mi voto a favor en todas y cada una de las modificaciones que introdujo esa Corporación.
Gracias.";1
"251";"21633";953;2023;8;"QUINTANA";NA;"El señor QUINTANA.-
Muchas gracias, señor Presidente.
Hay una frase que se pronuncia aquí cuando a nosotros nos toman juramento (""que la patria o Dios o la ciudadanía nos lo represente""), y yo creo que este proyecto es de esos casos. En algún momento alguien va a escarbar todo lo que se dijo en este debate -cosas que no tenían mucho que ver con el proyecto- y va a llegar a la conclusión de que todas las alertas que presentamos, incluso antes de que el actual Gobierno tomara posesión de su cargo, eran acertadas. Y no lo digo solo yo -lo que afirme uno es lo menos relevante-; lo han señalado varios colegas -el Senador Pedro Araya , entre otros- y, sobre todo, una buena cantidad de penalistas que aquí, en la Cámara, en Constitución, en Seguridad, advirtieron que esto, en términos simples, es un bodrio jurídico. ¡Este proyecto es un bodrio jurídico! Se lo dije a muchos colegas, también de oposición, Diputados a quienes aprecio mucho, de la Región de La Araucanía, porque saben que esto va a tener problemas: lejos de posibilitar la acción de Carabineros, la va a impedir.
Entonces, qué bueno que el Senador Kast señale dos ejemplos: el del robo de madera y otro más...";1
"252";"21633";955;2023;8;"QUINTANA";NA;"El señor QUINTANA.-
Justamente, la Ley Nain-Retamal. Porque esos proyectos, claro, partieron con deficiencias, como todos los que uno presenta -yo estoy presentando uno ahora y quizás cuántas pifias puede tener-, pero la esencia del trabajo deliberativo del Congreso, especialmente de este Senado, es mejorar los proyectos. Y este no lo mejoramos, ¡lo empeoramos!
7
En consecuencia, no es efectivo que el Gobierno se haya restado de esta iniciativa de ley, que nunca haya estado, que el Presidente , que el 11 de septiembre, cuestiones que no tienen nada que ver. ¡Por favor! Eso se dice cuando alguien no quiere entrar a la discusión en serio y lo que hace es reafirmar más la frase de la Ministra del Interior - que no es nueva, ciertamente; la han dicho muchos Ministros, en este y en otros gobiernos, aunque más en la Cámara que en el Senado- en el sentido de que en este momento no estamos teniendo claridad de lo que estamos aprobando. Porque, efectivamente, de las normas de la Cámara, yo por lo menos objeto tres; están allí y el Presidente ha dado cuenta de aquello. Y esas tres lo que hacen es, justamente, retroceder en los derechos que tienen las víctimas de las tomas de predios, como lo voy a demostrar. ¡Las víctimas! O sea, tienen menos derechos.
Entonces, ¡por favor!, si alguien cree que va a ganar con un nicho o con un electorado, bueno, va a ganar, hasta que ese agricultor se dé cuenta del bodrio jurídico que está saliendo despachado del Senado.
Repito: el Gobierno siempre apoyó el permitir la detención policial en cualquier estado del procedimiento; el Gobierno y el oficialismo aprobaron entregar mecanismos de restitución anticipada de inmuebles usurpados, algo que no va a ocurrir ahora. La restitución de inmuebles anticipados, algo importante para cualquier persona a la que le estén tomando un terreno, bueno, no va a ocurrir con la última modificación al artículo 2 que se aprobó en la Cámara, que es el artículo 157 bis. ¡Se acaba eso, no va a tener restitución anticipada! Entonces, ¿a quién estamos defendiendo, pregunto yo? ¿A quién estamos defendiendo?
Seguidamente, aumentar la pena en los loteos irregulares siempre ha estado previsto en la iniciativa de este Gobierno, y también en la de los partidos del oficialismo. Aumentar la sanción de la usurpación violenta, ¡qué duda cabe! Eso lo dijimos desde un comienzo: de multa a pena de presidio.
Entonces, hay una razón por la cual los penalistas, abogados estudiosos, profesores seguramente de muchos colegas que están en la Sala, advierten que esto va a terminar mal. Se mencionó el caso de Pampa Irigoin ; puede haber muchos otros, y está en juego la responsabilidad del Estado.
Por eso que el Gobierno no tiene otra posibilidad que vetar esto, si sale finalmente, porque efectivamente se agregó que la autotutela sea permanente. Ya es un delito permanente, como el de secuestro, el de ocupación.
Pero, como queda hoy día y como es permanente, en cualquier momento en que esté un predio tomado, o el de terceros, va a ser posible que alguien, para defenderlo, actúe. ¡Y eso claramente va a facilitar bandas organizadas, bandas de crimen organizado! ¡Este Senado va a legitimar la instalación, la creación de bandas de crimen organizado! Para defender ¿qué? Al que le tomaron.
¿Ustedes creen que Carabineros de Chile o la fuerza pública va a llegar a un terreno donde se están matando en una guerrilla rural? ¡Eso es lo que estamos permitiendo! ¡Para qué decir el impacto que esto va a tener en las tomas urbanas! Esto va a tener un impacto, porque aquí lo que se busca es criminalizar la pobreza, la toma, el campamento, y en definitiva, con el Código Penal, en lugar de enfrentarla con políticas públicas.
Yo creo que se han confundido muchos conceptos en este debate. Efectivamente, va a ocurrir lo que decía la Ministra : alguien, un turista que entre en la noche a pernoctar a un terreno que no sabe de quién es, va a hacer una carpita, va a dormir ahí, y se va a ir preso. ¡Con sesenta y un días a tres años! Esto, de acuerdo a lo que aprobó la Cámara. Lo mismo con una persona en situación de calle...
Le pido, Presidente , un minuto más...
(se desactiva el micrófono por haberse agotado el tiempo y se vuelve a activar por indicación de la Mesa).
Una persona en situación de calle que ocupe un terreno ajeno una noche para protegerse del frío, en cualquier región del sur del país, se va a ir presa. ¡Con sesenta y un día a tres años! ¡De eso estamos hablando! Aquí la propiedad, el predio, el saltarse la cerca tiene el mismo efecto punitivo que el usar una pistola en una amenaza.
Entonces, yo pienso que, de verdad, el proyecto tiene muchos problemas. De esto nos vamos a arrepentir, no solo sus autores, sino también el Senado, el sistema político. Todos hemos tenido la posibilidad de darnos cuenta de ello. El profesor Antonio Bascuñán , el profesor Juan Pablo Mañalich , ¡Hernán Corral, por favor! Si alguien tiene dudas, si alguien puede situar en el espectro político a Hernán Corral, el destacadísimo penalista de la Universidad de los Andes... Y él dijo, en todos los tonos, lo mismo que el editorial de La Tercera: que esto va a tener consecuencias negativas para lo que el legislador legítimamente quiere corregir y revertir.
7
Por esa razón, hemos solicitado tres votaciones separadas, ya que, claramente, lo de la Cámara va en un sentido contrario...
(se desactiva el micrófono por haberse agotado el tiempo).";1
"253";"21633";960;2023;8;"TOHÁ";"Ministra del Interior y Seguridad Pública";"La señora TOHÁ ( Ministra del Interior y Seguridad Pública ).-
Gracias.
Presidente, mientras más avanza el debate, más queda en evidencia que hay muchas cosas que aclarar.
Efectivamente, el Senador Kast hizo mención a que la legítima defensa no se permite para la usurpación no violenta, señalada en el artículo 458, sino para la referida en el artículo 457, que es la que se hace con violencia, con intimidación o con fuerza en las cosas.
Por lo tanto, aquí hay legítima defensa si se salta la reja o si se rompe el candado.
Esa es la primera aclaración.
Segunda aclaración, ¡segunda aclaración!
El Senador Kast planteó que solo será válida la legítima defensa si la persona es agredida; pero hay tres hipótesis en el proyecto.
""El que obra en defensa de su persona o derechos"", contenida en el artículo 10, N° 4°, en la cual ""persona"" refiere a integridad física, y ""derechos"", a propiedad. O sea, la persona puede no estar siendo agredida y solo porque hay una usurpación tiene legítima defensa.";1
"254";"21633";969;2023;8;"TOHÁ";"Ministra del Interior y Seguridad Pública";"La señora TOHÁ ( Ministra del Interior y Seguridad Pública ).-
Segunda hipótesis: ""El que obra en defensa de la persona o derechos de su cónyuge"".
Y tercera: ""El que obra en defensa de la persona o derechos de un extraño"". Esta última es la que habilita a que alguien arme un grupo de individuos -nada impide que los contrate- para ir a defender, por ejemplo, los derechos de propiedad de un tercero, aunque nadie esté siendo agredido, sino que solamente haya habido violencia en las cosas, es decir, saltar una reja.
En segundo lugar, a propósito del Catastro Nacional de Campamentos, el proyecto decía que se cerró el año pasado.
En la Cámara de Diputados se nos acercaron y, mirando el catastro, nos señalaron que en su distrito había campamentos que no figuraban en el documento.
Consultamos el asunto con el Ministerio de Vivienda y se nos dijo que incorporar un campamento al catastro no es cosa de ponerlo en la lista, sino que hay que hacer un trabajo dentro del lugar, ver cuántas familias existen, aplicar las fichas, ver si tienen propiedad. No sabemos cuántas situaciones más de este tipo existen. Esta ocurrió en la provincia de Arauco y fue la Diputada Joanna Pérez quien nos la señaló y nos mostró los campamentos.
Entonces, hay que efectuar una revisión en todo el país. Por eso se amplió la vigencia del catastro al 2024. Este es un tema de capacidad operativa del Ministerio de Vivienda para alcanzar a hacerlo. Nadie busca ampliar el número de campamentos; lo que no queremos es que, aprobada esta ley en los términos actuales, las personas que están en esta condición inmediatamente se encuentren con la posibilidad de ser sometidas a todo lo que se ha hablado acá.
Lamento si alguien se sintió ofendido, pero quiero señalar que todo lo que hemos planteado como Ejecutivo se ciñe estrictamente a la letra de este texto, que menciona lo que aquí hemos dicho sobre la habilitación de este tipo de legítima defensa.
E insisto: no es cualquiera. Quiero leer lo que dice la ley -y con esto termino, Presidente-, para que todos tengamos claro a qué se refiere la legítima defensa privilegiada.
La ley menciona que se puede actuar en defensa propia o de terceros y que es válida ""cualquiera que sea el daño
7
que se ocasione al agresor"". Literalmente, esa es la legítima defensa privilegiada: ""cualquiera que sea el daño que se ocasione al agresor"".
De eso estamos hablando.
Gracias, Presidente .
El señor COLOMA (Presidente).- A usted, Ministra.
Tiene la palabra el Senador Chahuán.";1
"255";"21633";970;2023;8;"CHAHUÁN";NA;"El señor CHAHUÁN.-
Presidente , Honorable Sala, seré muy breve porque creo que se han vertido todos y cada uno de los argumentos.
Simplemente quiero señalar que este es un proyecto que se inició por dos mociones. Una, de los Senadores señora Aravena y señores García , Pugh y quien habla, y la otra, del Senador Kast y las entonces Senadoras señoras Sabat y Von Baer .
Sin lugar a dudas, esta iniciativa representa una oportunidad.
Aquellos que vivimos en una de las regiones con más campamentos en Chile, como es la de Valparaíso, y quienes vemos cómo todos los días ocurren ocupaciones, particularmente en la Región de La Araucanía, señalamos que había que hacer cambios legislativos en materia de usurpación.
En ese contexto, establecer sanciones penales era necesario, porque las multas no resultaban lo suficientemente disuasivas para los efectos de cambiar las conductas.
Además, hemos visto que después de octubre del 2019 se produjo una explosión de nuevos campamentos en Valparaíso, la región con más asentamientos de este tipo en Chile, particularmente en la provincia de San Antonio.
Por eso era tan importante establecer una norma para este efecto.
Nadie quiere perjudicar a aquellos campamentos que han estado dentro del registro durante largo tiempo y han iniciado los procesos de regularización. Es cierto, nadie lo quiere hacer; por eso hay una norma transitoria que permite justamente cautelar ese efecto.
Se ha generado una discusión sobre si es o no posible establecer la legítima defensa respecto de aquellas personas cuyos predios han sido ocupados. Yo quiero decirles que acá tenemos una situación de completa indefensión -sí, de completa indefensión-, y lo que se requiere es establecer que la ocupación tiene efectos permanentes. Al final, eso es lo que hace este proyecto, porque justamente permite iniciar las acciones legales correspondientes.
Solo quiero mencionar que esta iniciativa es un avance en la materia.
Me parece complejo, sí, y lo digo con mucha franqueza, que el Gobierno señale que no va a promulgar esta ley. Es muy complejo, porque finalmente somos dos poderes independientes. Podrá gustarle o no el proyecto, y será parte de la discusión y de la disuasión de argumentos que tengamos en el Senado, pero lo que no puede pasar es que el Ejecutivo anuncie que no va a promulgar esta ley, que proviene de la soberanía legislativa que el pueblo le ha dado a este Parlamento, que es plenamente legítimo. Porque, en definitiva, se requiere sacar adelante esta legislación.
Lo que ocurre en la macrozona sur es dramático, ¡dramático!: están bajo amenaza, los predios no se pueden trabajar, y hay situaciones todos los días. Lo malo es que hemos perdido la capacidad de asombro. En esto, que pareciera de cada día, hay una normalización de la violencia. Porque la ocupación también es violencia y eso es lo que debemos resolver en virtud de esta iniciativa legal.
He dicho, Presidente .";1
"256";"21633";978;2023;8;"PASCUAL";NA;"La señora PASCUAL.-
Disculpe, Presidente.
Nosotros creíamos que se iban a votar todos los artículos por separado; por eso advertimos nuestra votación en su mérito.
Entonces, si ha juntado todo, nosotros no vamos a aprobar lo que usted señaló recién.";1
"257";"21633";980;2023;8;"PASCUAL";NA;"La señora PASCUAL.-
Nos vamos a abstener.
El señor COLOMA ( Presidente ).
Entonces, hagamos algo más fácil.
Vamos a hacer una primera votación, porque nadie pidió votación separada de todo. Hay tres votaciones separadas que solicitó el Senador Quintana. Para el resto de los artículos, no. Ya se cerró la discusión y no hay más votaciones aparte de las separadas.
Vamos a votar...";1
"258";"21633";1005;2023;8;"QUINTANA";NA;"El señor QUINTANA.-
7
Presidente , solo me voy a referir al N° 6, nuevo, del artículo 1°, que introduce el siguiente artículo 462 ter: ""El que sin estar legalmente autorizado destruya o altere los términos o límites de un inmueble con el objetivo de posibilitar una posesión, será sancionado con multa de seis a diez unidades tributarias mensuales.
""Con la misma pena será sancionado quien, sin tener la posesión material de un bien inmueble, instale banderas, estacas u otras demarcaciones destinadas a manifestar intención de posesión de sitios no destinados a la habitación, sin el consentimiento de quien lo posee en virtud de título legítimo"".
¿Por qué creemos que hay que rechazarlo? Porque regula con pena más baja -reitero: lo nuevo que viene de la Cámara- hechos que ya son constitutivos de usurpación en la legislación vigente, en los artículos 457 y 458 del Código Penal, y de manera especial en el artículo 462 del mismo Código.
Aquí claramente hay un contrasentido.
Lo señalaba la Ministra hace un rato: hay un desorden y una confusión que lamentablemente se originó en la Cámara que creo que debemos corregir incluso en beneficio de las personas víctimas de la ocupación.";1
"259";"21633";1015;2023;8;"QUINTANA";NA;"El señor QUINTANA.-
Presidente , igualmente hemos pedido votación separada del N° 8, que ha pasado a ser 7, del artículo 1°, el cual señala lo siguiente:
""Artículo 470 bis. Se impondrán respectivamente las penas señaladas en el artículo 467, aumentadas en un grado, al que mediante engaño dispusiera a otro a celebrar cualquiera clase de actos o contratos que tengan por finalidad última o inmediata la transferencia del dominio o la concesión del uso y goce de un sitio, lote o terreno sin tener título legítimo de dominio o posesión, ni autorización del que lo detenta legítimamente para celebrar actos o contratos, siempre que le ocasione un perjuicio patrimonial a la víctima"".
Hasta ahí estamos todos bien.
(Rumores).
Esto es bien importante, Presidente .
Nosotros creemos que hay que rechazar este numeral, porque la Cámara eliminó el segundo inciso, que contenía la agravante aprobada por el Senado. Reitero: la Cámara eliminó la agravante aprobada por el Senado consistente en abusar de la situación de precariedad socioeconómica de la víctima.
El delito de loteo irregular debe castigarse con fuerza, especialmente cuando se abusa de personas en situación vulnerable. Esto afecta claramente a las personas más pobres.
Si alguien está celebrando esta eliminación son los estafadores; estafadores en distintos ámbitos, inmobiliarios especialmente.";1
"260";"21633";1022;2023;8;"KAST";NA;"El señor KAST.-
Presidente , yo les diría, a los que aquí están opinando, que ojalá hubieran asistido a las sesiones que celebró la Cámara de Diputados.
Yo, obviamente, me di el trabajo de asistir a ellas, y la razón que dieron los juristas en ese minuto para modificar la redacción de este artículo era que permitía penalizar este tipo de engaño en forma más efectiva y simple y no con un elemento subjetivo, porque no se habla del Registro Social de Hogares ; en el texto que nosotros despachamos no se especifica el criterio objetivo.
Esa fue la razón jurídica que dieron en la Cámara de Diputados para hacerlo más simple. Es por eso que invito a respaldar el trabajo que seriamente se hizo en esta materia.";1
"261";"21633";1031;2023;8;"QUINTANA";NA;"El señor QUINTANA.-
Presidente , efectivamente, esta es una norma que estaba presente en las mociones originales sobre usurpación, particularmente en la moción de la Senadora Carmen Gloria Aravena, cual es la restitución -escúcheme bien, por favor- anticipada de inmuebles ocupados. ¡Qué más importante que eso!
Eso estaba, eso salió del Senado, y por supuesto es de aquellas materias en las cuales el Gobierno contribuyó y que también empujó.
¿Qué pasa acá, con lo que viene de la Cámara? De manera injustificada -por eso esto es bien inconcebible- se ha suprimido el artículo 157 bis, aprobado por el Senado, que contiene una norma especial de restitución anticipada de inmuebles ocupados durante el proceso penal, aun antes de la formalización de la investigación, ¡aun antes de la formalización de la investigación!
Esta es de las cosas que creo que salieron bien del Senado.
Claramente, aquí los que se dicen defensores de las víctimas tendrán que ver cómo se autodenominan ahora.
Por eso llamamos a rechazar.";1
"262";"21633";1033;2023;8;"KAST";NA;"El señor KAST.-
Gracias, Presidente.
La razón de que la Cámara de Diputados haya optado por sacar el artículo -y yo creo que fue correcto- es que, dado que hay flagrancia permanente, no se requiere un proceso judicial. Esa es la gracia. Es como si, en caso de que hubiese un robo, para poder tomar detenida a la persona que robó se tuviera que pedir permiso a un juez. Eso no es necesario.
La restitución del inmueble será automática, porque con esta ley los carabineros van a poder tomar detenidas a las personas que estén usurpando.
Presidente , esa es la razón por la cual la Cámara de Diputados optó por sacar el artículo: para dejar un texto coherente y que efectivamente opere la restitución en forma automática.
Actualmente, con la flagrancia de doce horas eso no ocurre. Si hay que hacer un operativo policial y pasan las doce horas, ahí sí se requiere la autorización judicial.
Sin embargo, como el proyecto establece explícitamente que la flagrancia será permanente, dicho artículo no resulta necesario.";1
"263";"21633";1049;2023;8;"FRIES";"doña Lorena";"La señora FRIES (doña Lorena).-
Señor Presidente, después de una larga tramitación llegó el día para este proyecto de ley sobre el llamado delito de usurpaciones. La verdad es que fue una larga tramitación, entre otras cosas, por la persistencia de la derecha en querer instituir un régimen de violencia paralelo a lo que significa vivir en un Estado de derecho.
Lo dijimos durante toda la tramitación: debemos proteger el derecho de propiedad, pero sin poner en peligro el derecho a la vida y sin criminalizar la pobreza.
Nuestra tarea es avanzar en soluciones efectivas en el marco del Estado de derecho, para que el Estado y sus instituciones intervengan de manera adecuada y eficaz, con el propósito de resguardar la paz social y evitar el enfrentamiento entre las personas.
Legislar para permitir que se utilicen mecanismos violentos solo nos lleva a más violencia e inseguridad.
El veto presentado por el Ejecutivo viene a resolver los graves problemas que presentaba el proyecto de ley de ocupaciones ilegales que salió de este Parlamento, que no era más que una carta blanca para la violencia por la legítima defensa privilegiada. Eso solo aumenta la inseguridad en el país.
Con este veto recobramos la cordura, mantenemos el monopolio del uso de la fuerza en manos de la policía, restituimos los bienes usurpados y permitimos que los jueces evalúen caso a caso las ocupaciones ilegales no violentas. Porque no son lo mismo las ocupaciones ilegales provenientes del crimen organizado que las ocupaciones por falta de vivienda. Debemos reconocer que en nuestro país existe un déficit de vivienda que azota a los más pobres. Esas personas no merecen ir a la cárcel por el simple hecho de buscar un techo para sus familias.
Tenemos la oportunidad de aprobar este veto y de actualizar el llamado delito de usurpaciones, pero no a la medida de quienes solo buscan aumentar la inseguridad en nuestro país. Los colegas de enfrente utilizan cualquier proyecto de seguridad solo para avanzar en una agenda punitivista y represiva, y aumentar la circulación de armas en manos de civiles. Eso no es ser patriota. Eso atenta contra nuestra democracia y los derechos humanos, que son los valores que finalmente permiten vivir en un país más seguro y libre de violencia.
He dicho.";1
"264";"21633";1051;2023;8;"SCHALPER";NA;"El señor SCHALPER.-
Señor Presidente, una de las gracias que tiene nuestra profesión y nuestra tarea es que representamos a personas concretas en los distintos distritos del país. Por lo tanto, de vez en cuando tenemos que ponernos en sus zapatos.
Yo aliento a mis colegas a hacerse la siguiente pregunta: ¿qué sería para ellos llegar un día a su casa, encontrar que su vivienda está tomada y no tener la capacidad de ingresar a ella, porque un grupo de personas sintió que tenía la prerrogativa de tomar control de su casa? En mi caso me toca pagar mes a mes un dividendo de un crédito hipotecario. Las personas de clase media tienen que seguir pagando ese crédito y las contribuciones por una casa que no pueden usar o por un predio que no pueden emplear.
Por lo tanto, esta no es una discusión conceptual, sino que es una discusión respecto de víctimas concretas que en nuestro país, por la complicidad pasiva del Estado, no tienen capacidad de hacer uso de aquello que probablemente mucho tiempo les ha costado obtener.
¿Cuál es la reacción del Estado frente a esa situación? El Congreso Nacional, ejerciendo las mayorías democráticas y representando a los chilenos, sacó adelante un proyecto que permitía a esas personas tener una flagrancia permanente y recurrir a la fuerza pública para que esta hiciera imperar el Estado de derecho, a fin de recuperar ese predio.
Pero un pequeño sector del oficialismo votó sistemáticamente en contra de eso, porque no le parecía bueno. Por lo
7
tanto, el gobierno, pudiendo haber hecho un veto acotado, exclusivamente vinculado al tema de la legítima defensa privilegiada, en donde pudimos haber llegado a un acuerdo, fue más allá y planteó un veto que es absolutamente innovativo, con tres tipos penales distintos que en la práctica redundan en que va a tener que responder por la llamada usurpación no violenta -una categoría nueva: irrumpir en una propiedad sin causar violencia-, que, en la práctica, tendrá una pena alternativa, que se traduce en que el juez tiene la opción de aplicarle una multa de 600 lucas. Es más, en la medida en que esa persona reclame necesidad habitacional, el juez deberá morigerar la pena.
Entonces, en Renovación Nacional -hablo por mi partido, porque es una decisión de partido, de todos sus diputados- no estamos dispuestos a ser cómplices de algo que parece resolverle el problema a las personas, pero que cuando llegue el momento de los quiubos y la persona quiera recuperar su propiedad, el carabinero le va a decir: “Sabe qué, antes tiene pasar antes por un proceso de restitución anticipada y recién ahí podemos operar.”.
Es decir, lo que queríamos impedir, que era que la vía judicial demorara la restitución, en la práctica sí se va a producir.
Invito a mis colegas de oposición a no caer en el chantaje “o me acoges el veto o no hay ley”, un chantaje inaceptable al Congreso Nacional. Por eso, como oposición, les pido que nos pongamos en los zapatos de las víctimas y rechacemos el veto en su totalidad.
He dicho.";1
"265";"21633";1053;2023;8;"BENAVENTE";NA;"El señor BENAVENTE.-
Señor Presidente, hace poco más de dos meses, este Parlamento, cumpliendo con el mandato ciudadano y constitucional, aprobó una muy buena ley de usurpaciones, que se hacía cargo de un grave problema de seguridad que aqueja a nuestro país: el despojo de inmuebles urbanos y rurales.
Sin embargo, el gobierno, pasando por alto lo resuelto por este Poder del Estado, decidió vetar dicha ley, cediendo ante la presión del Partido Comunista.
No es primera vez que el gobierno pasa por alto lo resuelto por otro Poder del Estado. Hace poco más de dos años, el Poder Judicial dictó condenas contra peligrosos delincuentes; sin embargo, al Presidente tampoco le gustaron esas sentencias y decidió indultarlos.
Como tanta veces, el gobierno usa sus facultades no para proteger a los ciudadanos, sino para dejarlos en la indefensión, ante el actuar impune de delincuentes y bandas organizadas.
Ante lo descrito, poco podemos hacer, porque no tenemos los dos tercios para insistir en lo aprobado por este Congreso.
Es cierto, puede que gane el gobierno, como van a ganar aquellos que se apropian de terrenos alegando que se trata de tomas pacíficas, los mismos que cuando son requeridos judicialmente por el propietario no dudan en contratar un sicario para asesinarlo. Pero también van a ganar aquellos que, bajo el pretexto de no tener vivienda, se tomaron, en la comuna de Santiago, un inmueble de la Fundación Teletón, que iba a servir de casa de acogida para pacientes de regiones y sus familiares. Y van a ganar aquellas bandas de migrantes ilegales que se toman departamentos nuevos, que están listos para ser entregados a personas que llevan años esperando cumplir el sueño de la casa propia.
¡Sí, ministra! Seguramente, ustedes van a ganar y saldrán de esta Sala con una sonrisa, la misma que esbozaba Nerón mientras tocaba la lira y observaba a su pueblo aterrorizado, al tiempo que Roma se incendiaba por los cuatro costados.
He dicho.";1
"266";"21633";1055;2023;8;"JOUANNET";NA;"El señor JOUANNET.-
Señor Presidente, esta es una ley que afecta directamente a la Región de La Araucanía.
Pero la Región de La Araucanía, una de las más pobres de Chile por falta de inversión, tiene problemas porque el Estado viene desde hace muchos años cometiendo una serie de errores por falta de diagnóstico. De hecho, este gobierno partió muy mal. Recordemos que una ministra del Interior y Seguridad Pública fue recibida a balazos, y no pasó nada.
Pero más allá de los discursos, hagámonos cargo de la historia, pero de la reciente.
¿Cuándo empezó a empeorar todo en la Araucanía? Teníamos un camino. Siempre dicen: “Todo ha sido malo; todos los gobiernos han sido malos.”, pero les puedo decir que no ha sido así. Ahí están las cifras. Pongamos cifras de verdad, empíricas. Por ejemplo, en materia de terrorismo, durante el gobierno de la Presidenta Bachelet estábamos en el puesto 68 de países con más altos niveles de terrorismo -mientras más arriba, mejor-; en el gobierno del Presidente Piñera caímos al lugar 18, ¡18! -fuimos cayendo- y hoy estamos en el 17, es decir, tampoco se ha mejorado.
Este gobierno no ha tenido la capacidad de abordar a fondo el tema de la seguridad, porque -lo hemos dicho desde un principio- tiene dos almas: una que quiere avanzar y otra que tiene el freno de mano puesto permanentemente.
Después de la muerte del joven Catrillanca, ¿cuántas personas más murieron en la Araucanía durante el gobierno del Presidente Piñera? Hagámonos cargo: murieron 22 personas. ¿Dónde estaba el Estado?
¿Cuánto aumentaron las usurpaciones? Según la Multigremial Araucanía, la violencia aumentó en 300 por ciento; o sea, tres veces más.
Y por eso llegamos al estado de excepción constitucional. Durante el gobierno de la Presidenta Bachelet no tuvimos estado de excepción; con Jorge Burgos, ministro del Interior de la época, no lo tuvimos, no lo necesitábamos. ¿Y por qué? Porque mejoramos las condiciones de seguridad de la gente. La región empezó a progresar. Se invirtieron 500 millones de dólares en un parque eólico en la comuna de Collipulli, donde hoy está el centro de la violencia.
Entonces, hoy tenemos la posibilidad de contar con una ley. ¿Es perfecta? Por ningún motivo. Queríamos otra cosa, es cierto; pero si no tenemos esta ley, no vamos a tener nada. Y después, ¿quién se hace cargo? Ese es el tema.
Por eso digo que nos hagamos cargo de la historia, que nos hagamos cargo de cuando fuimos gobierno. ¿Qué hicimos cuando fuimos gobierno? Yo me hago cargo de cuando fuimos gobierno.
Pero es refácil hablar hoy de seguridad, después de dos años de haber dejado a la Araucanía en una crisis total y con terrorismo instalado: lugar 18 en terrorismo, y hoy en el puesto 17, dos puestos sobre Colombia. Reitero, antes de hablar de seguridad, hagámonos cargo de la historia. Y lo reitero, porque creo que en esta Sala hay un sector que no se quiera hacer cargo de esa historia.
Votaré a favor, fundamentalmente, porque quiero que avancemos en materia de usurpaciones.
He dicho.";1
"267";"21633";1058;2023;8;"NAVEILLAN";"doña Gloria";"La señora NAVEILLAN (doña Gloria).-
Señor Presidente, el gobierno nos puso en una posición prácticamente imposible, nos puso en un verdadero jaque mate, porque la verdad es que amarró los distintos vetos de modo tal que, sobre todo en el veto N° 4 respecto del N° 5, y en el veto N° 8 respecto del N° 9, nos puso en la posición de tener que rechazar uno y aprobar el otro.
Porque al rechazarlo todo, como algunos de mis colegas han plantado, las víctimas de usurpación actuales y futuras quedan en el peor de los mundos, quedan sin ley.
Y la verdad es que me parece que responsablemente no podemos, sobre todos los parlamentarios que somos de regiones donde hay un problema tremendo con la usurpación, como la Región de La Araucanía, decir: “¿Saben qué más? El gobierno es el malo, el gobierno se equivocó, el gobierno no permitió que hubiera ley –lo cual es cierto-; pero ustedes van a estar igual que hoy, en la impunidad total, porque nosotros decidimos hacerle frente al gobierno y votar en contra todos los vetos”.
Debo decirles a mis colegas, por su intermedio, señor Presidente, que en esta ocasión hay que usar la cabeza, y la cabeza nos dice que el peor de los mundos es la realidad actual, de una ley antiquísima, de una ley retrógrada, de una ley que permite la impunidad total, que sanciona la usurpación solo como una falta y con una multa; que permite que haya flagrancia solo por 12 horas, y permite que las víctimas estén abandonadas.
No puedo decirle a la gente de La Araucanía que también los voy a abandonar, tal como el gobierno lo ha hecho al presentar estos vetos.
Por lo tanto, voy a votar tal como votaron en el Senado; por responsabilidad con mi gente de La Araucanía, prefiero mil veces recibir las migajas que me deja este gobierno y tener la posibilidad de presentar un proyecto que endurezca las penas, tal como queríamos en la comisión, antes de dejarla sin nada. Porque eso es el rechazo total, dejarlos con nada, y a eso no estoy dispuesta.
De verdad quiero decir que el gobierno se preocupó de armar un veto, o distintos vetos, de modo tal de ponernos en esta encrucijada. Es una encrucijada difícil para mí, que soy de oposición al gobierno y soy de La Araucanía, pero debo votar por mi gente; y para eso uso la cabeza, no el intestino.
He dicho.
LA VERSIÓN OFICIAL DE ESTA DISCUSIÓN EN SALA NO SE ENCUENTRA DISPONIBLE AL MOMENTO DE LA    PUBLICACIÓN DE ESTA HISTORIA DE LEY POR LO QUE SE HA INSERTADO UNA VERSIÓN PRELIMINAR DE    MANERA PROVISORIA LA QUE SERÁ REEMPLAZADA POR LA VERSIÓN OFICIAL TAN PRONTO EL DOCUMENTO    SE ENCUENTRE DISPONIBLE.
7
Oficio de Cámara Revisora a Cámara de Origen";1
