"";"ley";"id";"año";"mes";"apellido";"rol";"texto";"discurso"
"1";"21246";1;2020;3;"ÁLVAREZ";"de pie";"El señor ÁLVAREZ, don Sebastián (de pie).-
Señora Presidenta, en representación de la Comisión de Emergencia, Desastres y Bomberos, paso a informar, en primer trámite constitucional y reglamentario, con urgencia calificada de simple, sobre los siguientes proyectos de ley refundidos: primero, el que modifica el Código Penal para tipificar el delito de maltrato de obra a personal de bomberos en actos de servicio (boletín N° 10167-07), iniciado en moción de la diputada María José Hoffmann , de los diputados Ramón Barros, Juan Antonio Coloma , Sergio Gahona , Celso Morales e Iván Norambuena , de la entonces diputada Claudia Nogueira y de los entonces diputados Gustavo Hasbún , Jorge Ulloa y Felipe Ward , y segundo, el que modifica el Código Penal para sancionar los atentados cometidos contra bomberos en servicio activo (boletín N° 10897-07), iniciado en moción de la diputada Alejandra Sepúlveda , de los diputados Bernardo Berger , Vlado Mirosevic , José Pérez , Jorge Rathgeb y Víctor Torres , de la entonces diputada Karla Rubilar y de los entonces diputados Joaquín Godoy , Alberto Robles y Jorge Ulloa .
Debo hacer presente que los Comités Parlamentarios, en sesión de 2 de julio de 2015, acordaron remitir el proyecto contenido en el boletín N° 10167-07 a la Comisión de Bomberos, y que, en sesión de 2 de julio de 2019, acordaron refundirlo con el proyecto contenido en el boletín N° 10897-07 y que, una vez despachados por la Comisión de Emergencia, Desastres y Bomberos, se remitieran a la Comisión de Constitución, Legislación, Justicia y Reglamento.
0
Los autores de las mociones señalan que hoy la legislación contempla medidas de protección al actuar de Bomberos, pero solo en materias de falsa alarma de incendio y de obstaculización de su trabajo, manteniendo silencio respecto de la protección de su integridad personal.
En la labor de Bomberos se encuentra implícito el riesgo, la exposición al riesgo, pero no al de cualquier clase o naturaleza, sino solo a aquellos propios de la actividad de enfrentar emergencias que requieran de su presencia y auxilio. Sin embargo, en la especie, Bomberos debe enfrentar día a día el riesgo que importa la presencia de antisociales que los agreden físicamente durante la labores de combate de incendios y catástrofes.
El ingreso de personal de Bomberos a sectores urbanos, en actividades propias de su labor frente a emergencias, incorpora, lamentablemente, la eventualidad de recibir ataques por parte de la población. Este fenómeno ha ido creciendo en número e intensidad, lo que pone de manifiesto la necesidad de legislar en la materia.
Durante el estudio de esta iniciativa, se contó con la asistencia y colaboración del vicepresidente de la Junta Nacional de Bomberos, señor Raúl Morales ; del superintendente del Cuerpo de Bomberos de Santiago, señor Marco Antonio Cumsille ; del abogado asesor de la bancada del Partido Socialista, señor Enrique Aldunate , y de los abogados de la Junta Nacional de Cuerpos de Bomberos de Chile, señores Juan Enrique Krauss y Fernando Recio .
Puesta en votación general, la moción se aprobó por unanimidad de los diputados presentes: diputadas señoras Loreto Carvajal y Camila Flores , y diputados señores Sergio Bobadilla , Ramón Galleguillos , Raúl Leiva , Cosme Mellado , Manuel Monsalve , Iván Norambuena , Jorge Rathgeb y Pablo Vidal.
Las mociones refundidas fueron objeto de una indicación sustitutiva, de autoría de la diputada señora Camila Flores y de los diputados señores Sebastián Álvarez , Sergio Bobadilla ; Ramón Galleguillos , Cosme Mellado , Raúl Leiva , Iván Norambuena y Pablo Vidal , del siguiente tenor: “Para incorporar un inciso tercero nuevo al artículo 400 del Código Penal del siguiente tenor:
“De la misma forma, si los hechos a que se refieren los artículos anteriores de este párrafo se ejecutan en contra de voluntarios de Bomberos en ejercicio de sus funciones, la pena señalada para el delito se aumentará en un grado.”.”.
Puesta en votación, la indicación sustitutiva fue aprobada por la unanimidad de los diputados presentes: diputada señora Camila Flores y diputados señores Sebastián Álvarez , Sergio Bobadilla , Ramón Galleguillos , Cosme Mellado , Raúl Leiva , Iván Norambuena y Pablo Vida .
Como consecuencia de lo anteriormente expuesto, la Comisión de Emergencia, Desastres y Bomberos recomienda aprobar el siguiente proyecto de ley:
“Artículo único: Incorpórase un inciso tercero nuevo al artículo 400 del Código Penal del siguiente tenor:
“De la misma forma, si los hechos a que se refieren los artículos anteriores de este párrafo se ejecutan en contra de voluntarios de Bomberos en ejercicio de sus funciones, la pena señalada para el delito se aumentará en un grado.”.”.
Es todo cuanto puedo informar.
He dicho.
La señora CARVAJAL, doña M.a Loreto (Vicepresidenta).-
Tiene la palabra el diputado informante de la Comisión de Constitución, Legislación, Justicia y Reglamento.";1
"2";"21246";2;2020;3;"SAFFIRIO";"de pie";"El señor SAFFIRIO (de pie).-
Señora Presidenta, antes de rendir el informe, solicito que se suspenda la sesión, porque no corresponde leer un informe de un proyecto que vamos a votar en la sesión de hoy con 44 diputados en la Sala, de los 155 en ejercicio.
-Aplausos.
La señora CARVAJAL, doña M.a Loreto (Vicepresidenta).-
0
Muy bien, diputado Saffirio . Se suspende la sesión.
-Transcurrido el tiempo de suspensión:";1
"3";"21246";4;2020;3;"SAFFIRIO";"de pie";"El señor SAFFIRIO (de pie).-
Señor Presidente, en nombre de la Comisión de Constitución, Legislación, Justicia y Reglamento, paso a informar sobre el proyecto de ley, en primer trámite constitucional y primero reglamentario, con urgencia calificada de simple, que modifica el Código Penal para tipificar el delito de maltrato de obra a personal de bomberos en actos de servicio.
El proyecto se inició en mociones de los siguientes señores diputados y señora diputada: Ramón Barros, Juan Antonio Coloma , Sergio Gahona , Bernardo Berger , Vlado Mirosevic , José Pérez , Jorge Rathgeb , Alejandra Sepúlveda , Víctor Torres , María José Hoffmann , Celso Morales e Iván Norambuena , y de los entonces diputados y diputadas Joaquín Godoy , Alberto Robles , Karla Rubilar , Gustavo Hasbún , Claudia Nogueira , Jorge Ulloa y Felipe Ward .
La idea matriz o fundamental de esta iniciativa consiste en incorporar a la legislación penal un tipo agravado del delito de lesiones, cuando estas se provoquen a miembros de los cuerpos de Bomberos en el ejercicio de sus funciones, tengan estas su origen en civiles o en uniformados.
Descripción del proyecto Ideas generales
El Cuerpo de Bomberos de Chile constituye una institución presente desde la fundación de nuestra nación. La necesidad de sus servicios es absoluta y manifiesta, y se requiere de sus funciones todos los días del año y las 24 horas del día. De esta forma, el servicio que prestan al país es de la más alta consideración, por lo que, a partir de ello, su tratamiento normativo debe ser especial y directo, capaz de regular sus inquietudes o necesidades fundamentales.
El artículo 1º de la ley Nº 20.564, ley marco de Bomberos, distingue a esta institución como un servicio de utilidad pública, el cual atiende gratuitamente y de forma voluntaria las emergencias ocasionadas por la naturaleza o por el ser humano. De esta manera, le corresponde al Cuerpo de Bomberos la difícil y compleja tarea de hacer frente a los incendios de diversa especie y en distintos lugares, hecho que requiere de un alto profesionalismo y de equipamiento, pero fundamentalmente de vocación y espíritu de ayuda hacia la comunidad en general.
A partir de la trascendental función que cumple esta institución, se requiere de medidas de protección a sus integrantes tendientes a resguardar sus derechos y su labor en ámbitos de tanta complejidad como lo es el enfrentar un incendio o una catástrofe. Cabe hacer presente que la función bomberil no solo se vincula con apagar incendios, sino que, además, es la instancia institucional destinada a estar frente a un accidente, ya sea de tránsito, en el hogar o lugar de trabajo, sin perjuicio de la función que además cumple Carabineros de Chile.
No es menos cierto que en repetidas oportunidades el trabajo de bomberos se hace difícil, sorprendentemente por la acción de los propios afectados o de personas anexas, quienes han atentado no solo contra el actuar de bomberos, sino además contra su integridad física, lo que constituye un hecho perjudicial desde todo punto de vista.
Actualmente, la ley Nº 19.830 establece mecanismos de protección al actuar de bomberos en actos de servicios, principalmente en dos ámbitos: en materia de falsa alarma de incendio, emergencia o calamidad pública, y en materia de obstaculización del trabajo de bomberos.
Ambos aspectos constituyen un estatuto penalmente establecido. Sin embargo, la normativa no regula de un modo
0
expreso los atentados que directamente sufren los bomberos a su integridad con ocasión del ejercicio de su función.
El maltrato de obra es una institución de larga data en nuestro derecho, particularmente cuando afecta a Carabineros de Chile, razón por la cual nos parece de toda justicia incorporar en nuestra legislación penal una normativa que se vincule con los bomberos como elemento de protección legal.
Por ello, este proyecto de ley incorpora dentro del párrafo III del Título Octavo del Código Penal, que se refiere a lesiones corporales, que cuando se cometen delitos de lesiones en contra de un miembro del Cuerpo de Bomberos en actos de servicio, la pena señalada para el delito se aumenta en un grado.
Cabe hacer presente que no solo se trata de delitos cometidos en perjuicio de bomberos en actos de servicio, sino también de todo el personal de Bomberos, en el que se incluye también personal de servicio remunerado.
La comisión introdujo dos modificaciones al proyecto. En primer lugar, precisó que el sujeto pasivo del delito es un miembro de los Cuerpos de Bomberos y no un voluntario de Bomberos, por ser la primera una expresión más amplia que, incluso, puede abarcar a integrantes no voluntarios que son agredidos en actos de servicio, como los choferes de los carros bomba, por ejemplo.
En segundo lugar, también se introdujeron modificaciones en el sentido de que no todas las lesiones corporales se aumenten en un grado cuando el afectado es un bombero, por cuanto las lesiones comprenden desde las más graves, como mutilación y castración, que de por sí tienen penas altas, hasta las lesiones menos graves. Es precisamente en las lesiones menos graves donde existe un problema a solucionar, porque son las que usualmente afectan a los bomberos en actos de servicio, y las que, por su carácter de menos graves, finalmente no son perseguidas penalmente por el Ministerio Público, por lo que quedan sin sanción efectiva.
De esta manera, se optó por aumentar en un grado la pena de las lesiones menos graves, haciendo factible su persecución penal y evitando la distorsión en la escala de penas que significa aumentar en un grado las lesiones graves.
Finalmente, la Comisión de Constitución, Legislación, Justicia y Reglamento aprobó el proyecto en general y en particular por la amplia mayoría de sus integrantes presentes, y propone a la Sala su aprobación.
Es todo cuanto puedo informar.
He dicho.";1
"4";"21246";6;2020;3;"LEIVA";NA;"El señor LEIVA.-
Señor Presidente, como lo señaló el diputado informante, el propósito de este proyecto es hacerse cargo de un problema que afecta a los voluntarios y miembros del Cuerpo de Bomberos al momento de concurrir a colaborar en una emergencia o a combatir un incendio, para lo cual propone sancionar penalmente las agresiones y los atentados de que son objeto en el ejercicio de sus funciones.
El proyecto original establecía que ese tipo de situaciones constituían un delito en contra de la seguridad y el orden público. Sin embargo, la Comisión de Bomberos, por la unanimidad de sus miembros, incorporó un inciso tercero, nuevo, al artículo 400 del Código Penal, a fin de cambiar la figura residual de las lesiones menos graves establecidas en su artículo 399, sancionándolas de manera agravada.
Esa disposición preceptúa que quienes agredan a los miembros de los cuerpos de bomberos en el ejercicio de sus funciones serán sancionados con la pena de presidio menor en su grado medio; es decir, se propone elevar la pena de presidio menor en su grado mínimo a presidio menor en su grado medio.
Asimismo, es importante señalar que la Comisión de Constitución, Legislación, Justicia y Reglamento modificó este
0
proyecto a través de una indicación, haciendo aplicable esa pena cuando las víctimas son no solo voluntarios del Cuerpo de Bomberos, como originalmente planteó la Comisión de Bomberos, sino todos los miembros de los cuerpos de Bomberos. De esta manera, el personal rentado y los conductores y maquinistas también serán protegidos y amparados por esa norma, que no hace otra cosa que reconocer la gran labor que realizan los bomberos voluntarios de nuestro país al concurrir a atender emergencias sin ningún tipo de pago, mediante el establecimiento de la debida y adecuada protección por el ejercicio de sus funciones.
A través de esta iniciativa se reconoce el gravitante aporte que hacen los cuerpos de Bomberos y las voluntarias y los voluntarios a lo largo de Chile. Se les genera un estatuto de protección, que se suma a las penas por obstaculización de los servicios de emergencia y las falsas alarmas. De esta manera se protege debidamente de las agresiones que han sufrido los voluntarios, las voluntarias y el personal rentado en el ejercicio de sus funciones.
Por las razones señaladas, anuncio mi voto a favor del proyecto.
He dicho.";1
"5";"21246";8;2020;3;"OSSANDÓN";"doña Ximena";"La señora OSSANDÓN (doña Ximena).-
Señor Presidente, nuestro país ha estado capturado, desde la vuelta de la democracia y hasta nuestros días, por dos ideologías que permanentemente se contraponen: el estatismo y el mercantilismo.
En la discusión pública, especialmente en los debates sobre cómo enfrentar los problemas sociales o respecto de la forma de satisfacer las necesidades colectivas, estas dos ideologías se muestran a sí mismas como las únicas capaces de ofrecer medidas satisfactorias. Por un lado, se plantea que la solución es estatizar; por otro, que la solución de todo es hacer crecer el mercado.
Sin embargo, hay otra forma de acercarse a la realidad, que es ajena a esas dos ideologías: revalorizar las comunidades humanas que se crean en una sociedad, que no se guían ni por criterios de mercado ni de Estado, es decir, ni por el lucro ni por la frialdad de la ley y el estatuto estatal.
A lo anterior usualmente se suele llamar “cuerpos intermedios” o “sociedad civil”. En palabras sencillas, se trata de la existencia de un conglomerado humano organizado con el fin de mejorar la vida de las personas. Un manifiesto ejemplo de aquello es la Teletón. Otro claro ejemplo de la idea de comunidades es Bomberos de Chile.
Bomberos de Chile es una institución formada de manera íntegra por voluntarios; no es del Estado ni del mercado.
Bomberos está compuesto por miles de personas, que de manera absolutamente generosa y con un tremendo espíritu de desprendimiento, se entregan a la sociedad, a todos los ciudadanos, de manera desinteresada, incluso arriesgando su vida por los demás. Si se quiere poner en términos políticos y humanos, es un acto de absoluta solidaridad.
La noción del bien también se debe realizar desde la propia sociedad organizada. Todos y cada uno de nosotros debemos colaborar para que el bien común se cumpla, con el objeto de que todos los habitantes del país puedan desarrollarse material y espiritualmente.
Bomberos es una clara manifestación de lo anterior, así como un ejemplo que nosotros, como derecha social, que se preocupa de la comunidad y de la participación y promoción de los más pobres, desde una lógica totalmente opuesta al individualismo, no podemos sino promover y agradecer.
Este proyecto busca agravar la pena para el caso de un delito en que la víctima sea un bombero en ejercicio. Eso es de absoluta justicia por dos motivos: primero, es una consideración especial, una muestra institucional de agradecimiento y, sobre todo, de preocupación para aquellos que se entregan por nuestro bien sin buscar nada a cambio. No es casualidad que en el contexto de crisis y de tanto desprestigio institucional que estamos viviendo, Bomberos siga teniendo mucho aprecio ciudadano.
0
Segundo, es también un acto de justicia, dado que el agresor comete un acto especialmente grave cuando la víctima es un bombero en ejercicio. Aquel que golpea y daña a un bombero en un momento en que este se preocupa de los demás, como lamentablemente ha ocurrido durante los episodios de violencia no solo de ahora, sino también desde hace un tiempo a la fecha, realiza un acto objetivamente más grave, que merece mayor reproche penal.
Finalmente, cabe considerar que la institución de Bomberos de Chile valora esta iniciativa, pues, como indicaron los señores Fernando Recio , abogado asesor de la Junta Nacional de Cuerpos de Bomberos, y Jorge Echeverría , secretario general del Cuerpo de Bomberos de Santiago, “se requiere una mayor protección del personal de los Cuerpos de Bomberos al momento de concurrir a una emergencia en acto de servicio”.
He dicho.";1
"6";"21246";12;2020;3;"NORAMBUENA";NA;"El señor NORAMBUENA.-
Señor Presidente, estamos frente a un proyecto que propone modificar el Código Penal para tipificar el delito de maltrato de obra a personal de Bomberos en actos de servicio.
El objetivo de esta iniciativa es incorporar un tipo agravado de delito de lesiones cuando estas se provoquen a voluntarios de Bomberos en el ejercicio de sus funciones. Se circunscribe a los delitos de lesiones corporales establecidos en el párrafo 3 del Título III del Código Penal, para modificar su artículo 400 con el propósito de aumentar en un grado los delitos cometidos contra las personas mencionadas en el artículo 5° de la Ley de Violencia Intrafamiliar.
El proyecto incorpora un inciso tercero a dicho artículo, aumentando en un grado la pena cuando el delito de lesiones se cometa contra voluntarios de Bomberos en el ejercicio de sus funciones.
Como queda de manifiesto, se establece el carácter de servicio de utilidad pública de Bomberos, lo cual permite tener una noción de las labores que debe cumplir la institución, a pesar de que no existe una definición legal de lo que podría ser considerado como “utilidad pública”, cuestión que abarca una serie de servicios muchas veces distintos entre sí, pero indispensables para la comunidad.
En razón del evidente carácter de utilidad pública que tiene la institución de Bomberos, un ataque contra su personal en el desarrollo de sus funciones principales resulta reprochable para el derecho y constituye una conducta que, sin duda, agrava el simple ataque que genera lesiones.
Por otro lado, entre las agravantes consideradas en el artículo 12 del Código Penal no se incluye alguna que sea aplicable a Bomberos, al no encontrarse sus miembros en la hipótesis de autoridad, que parece ser la más apropiada para el caso.
El proyecto equipara los delitos de lesiones contra bomberos a aquellos cometidos contra el personal de las policías y de Gendarmería de Chile cuando se encuentren cumpliendo funciones para el servicio de la comunidad.
0
Debemos agradecer a voluntarios y voluntarias por su esfuerzo y sacrificio, en especial a los bomberos insignes que han cumplido más de 50 años prestando un servicio a la comunidad.
Por eso, en esta oportunidad recomendamos aprobar este proyecto, ojalá en forma unánime, en apoyo de Bomberos de Chile.
He dicho.";1
"7";"21246";14;2020;3;"ROMERO";NA;"El señor ROMERO.-
Señor Presidente, me alegra ser parte de esta organización llamada Congreso Nacional, en particular de la Cámara de Diputados, y poder debatir acerca de la posibilidad de mejorar la situación de nuestros bomberos, hombres y mujeres que arriesgan sus vidas en forma voluntaria para salvar las nuestras, así como nuestros enseres.
Cuando nos enteramos de que algunos personajes, algunos delincuentes, han agredido a nuestros bomberos, la verdad es que nos da una pena enorme.
Obviamente, votaré a favor, y espero que ojalá lo aprobemos en forma unánime. Pero me hago algunas preguntas.
Por ejemplo, cuando estén agrediendo a nuestros bomberos, ¿quién se hará cargo de esa situación?, ¿quién va a cursar el parte?, ¿quién los va a defender? Los Carabineros, supongo yo. Pero resulta que ya nadie está respetando a nuestros carabineros y estamos llenos de leyes que nadie respeta y que nadie las hace respetar.
Por otra parte, ¿tendremos jueces a la altura de la situación, cuando se denuncie a un ciudadano por agredir a los bomberos, de modo que el juez competente condene a los agresores? Me surgen esas dudas razonables.
No obstante, espero que todos, en forma unánime -repito-, apoyemos este proyecto y a nuestros bomberos, hombres y mujeres.
También me gustaría -no es la oportunidad, pero lo voy a plantear- hacer un reconocimiento a aquellos bomberos honorarios que llevan 40, 50 o más años sirviendo en la institución, a quienes la edad y la enfermedad les están pasando la cuenta. Muchos de ellos están postrados y se movilizan en sillas de ruedas, no obstante lo cual no reciben un reconocimiento económico. Repito: son voluntarios, no cobran un peso, por lo cual los chilenos deberíamos reconocerles el esfuerzo y el trabajo que realizan en forma permanente.
Ninguno de nosotros, creo yo, se levanta a las tres o a las cuatro de la mañana, en pleno invierno, y sale a apagar un incendio para defender la vida, los enseres o la vivienda de un tercero, que muchas veces no conoce.
Junto con expresar mi apoyo a esta iniciativa, planteo mi deseo de que ojalá todos los chilenos tomemos conciencia y busquemos los medios para mejorar las condiciones en que operan esta institución y sus voluntarios.
He dicho.";1
"8";"21246";16;2020;3;"URRUTIA";"don Osvaldo";"El señor URRUTIA (don Osvaldo).-
Señor Presidente, Bomberos de Chile constituye una institución presente desde el año 1851 en nuestra patria. El primer Cuerpo de Bomberos, basado en voluntarios, se creó como producto del gran incendio que afectó ese año a la ciudad puerto de Valparaíso. El modelo de Valparaíso, su diseño organizacional, su espíritu republicano, con miembros voluntarios, posteriormente fue replicado en la mayoría de las ciudades del país.
0
Es evidente que sus servicios son de absoluta y manifiesta necesidad, y se requiere que estén disponibles todos los días del año y las 24 horas del día, incluso los fines de semana, los días de fiestas, etcétera.
De esta forma, el servicio que prestan a todos los chilenos y al país en general es de la más alta importancia. A partir de ello, su tratamiento normativo debe ser especial y directo, capaz de regular y normar todo aquello que afecte el cumplimiento de su deber.
La ley N° 20.564, Ley Marco de los Bomberos de Chile, distingue a esta institución como un servicio de utilidad pública, que atiende gratuita y voluntariamente las emergencias ocasionadas por accidentes o premeditadamente por algunas personas.
De esta manera, corresponde a los cuerpos de bomberos la difícil tarea de hacer frente a los incendios de diversa especie, sean estos estructurales, en las ciudades o en los bosques, como lamentablemente hemos podido presenciar en este último tiempo en forma muy intensa, para lo cual se requiere un alto profesionalismo, especialización, equipamiento y recursos, pero, fundamentalmente, vocación y espíritu de ayuda hacia la comunidad, espíritu que ha quedado claramente demostrado a través de la larga historia de Bomberos de Chile.
Prueba de ello es la circunstancia de que, como pocas instituciones de bomberos existentes en el mundo, la de nuestro país se mantiene voluntaria y sin recibir remuneraciones de ningún tipo, hecho que, sin lugar a dudas, implica dos cosas fundamentales: el esfuerzo encomiable que este grupo de chilenos voluntarios efectúa día a día para el ejercicio exitoso de su labor, y la necesidad de dotar a esta institución de medidas de carácter normativo tendientes a establecer estatutos de protección, tanto de su posición jurídica como de sus herramientas de trabajo.
Al respecto, solo hace algunos años, muy poco tiempo, dicha preocupación no se plasmaba en los hechos y, en tal sentido, la labor de Bomberos en Chile se encontraba sumamente desprotegida. Con la entrada en vigencia de la ley N° 20.564, se consagró una legislación que no solo vino a llenar un vacío sensible en nuestro país, sino además a constituir el pago de una deuda que el Estado de Chile mantenía con su institución de bomberos.
No obstante, en repetidas oportunidades el trabajo de los voluntarios se hace dificultoso, sorprendentemente, a veces por la acción de los propios afectados por un incendio o por personas violentas que han atentado no solo contra su actuar, sino además contra su integridad física e, incluso, destruyendo los equipos necesarios para combatir el fuego.
Eso constituye un hecho perjudicial no solo para la institución, sino un delito desde todo punto de vista, que afecta a los bomberos, pero principalmente a las víctimas de los incendios.
La ley N° 19.830 establece mecanismos de protección al actuar de los bomberos en actos de servicio, principalmente en los ámbitos de falsa alarma de incendios, emergencias o calamidad pública y en materia de obstaculización del trabajo de los voluntarios. Ambos aspectos constituyen un estatuto penal establecido que, por cierto, es un conjunto de normas que va en directo beneficio de sus funcionarios.
No obstante, dicha normativa no regula de modo expreso los atentados a la integridad física que sufren directamente los bomberos en el ejercicio de sus funciones. El maltrato de obra es una institución de larga data en nuestro ordenamiento jurídico, particularmente en materia que afecta a las policías, Carabineros y la PDI, razón por la cual una normativa que se vincule a bomberos como elemento de protección legal nos parece de toda necesidad y justicia, y debe ser incluida en esta norma penal.
En consecuencia, anuncio mi voto a favor de este importante proyecto que beneficia a Bomberos de Chile.
He dicho.";1
"9";"21246";18;2020;3;"SANTIBÁÑEZ";"doña Marisela";"La señora SANTIBÁÑEZ (doña Marisela).-
0
Señor Presidente, por su intermedio saludo a todos los presentes.
Como es sabido, Bomberos de Chile nace junto con nuestra nación y sus servicios son requeridos todos los días del año y las 24 horas del día. Soy hija de un bombero.
El servicio que Bomberos de Chile presta al país es de la más alta consideración, por lo que en la actualidad, luego del gran estallido social del 18 de octubre del año pasado, es de las pocas instituciones que goza de aprobación.
Prestan un servicio de utilidad pública de manera gratuita, y sus integrantes no perciben remuneración alguna por el desempeño de esa labor. Muchas veces se ha insistido en que los bomberos debiesen ganar una remuneración o que debiesen recibir aportes, a lo cual ellos se han negado, así que no podemos ir en contra de su naturaleza.
Hay emergencias ocasionadas por la naturaleza y también por el ser humano, y en tales casos corresponde que Bomberos realice una difícil labor. Hacen frente a los incendios en distintos lugares de nuestro país.
Aprovecho esta intervención para referirme también al incendio que afecta a la Región del Maule, del que poco se ha visto en los canales de televisión, en particular, y en los medios de comunicación, en general. En la Cámara de Diputados tampoco se ha tratado el tema y estamos a punto de perder, por efecto de las llamas, el parque Inglés, ubicado en la comuna de Molina. Ojalá los diputados de esa región y todos en general podamos ayudar en algo.
Ahora bien, resulta necesario dotar a bomberos de un estatuto que les brinde protección jurídica y en cuanto a sus herramientas de trabajo, pues se encuentran sumamente desprotegidos. En algunos casos, los voluntarios que intentan controlar los incendios son insultados y obstaculizados en su trabajo.
Recuerdo el caso de un enfrentamiento entre carabineros y bomberos durante el estallido social, en el que los bomberos se sintieron agredidos y lo expresaron públicamente. Sin duda, situaciones como esa generan un problema. Por eso es importante que se apruebe este proyecto de ley que busca regular situaciones que, si bien son poco comunes, son lamentables.
Establecer sanciones para quienes agredan a Bomberos de Chile -sea quien fuere- cuando están realizando su función solo tiene por finalidad proteger su labor y su integridad. Por ello voy a votar a favor.
Quiero aprovechar esta instancia para hacer un reconocimiento a todos los bomberos de mi país y solicitar que se regularice el tema del manejo de los dineros, y lo digo directamente por quienes manejan las platas de Bomberos en mi distrito.
He dicho.";1
"10";"21246";20;2020;3;"RATHGEB";NA;"El señor RATHGEB.-
Señor Presidente, en una de sus estrofas el himno de Bomberos de Chile dice:
“Voluntarios bomberos de Chile, hombres de hacha, de escala y pitón, la sirena angustiada nos busca, tremolando su cálida voz”.
Los bomberos voluntarios de Chile son, justamente, de todo Chile. Cada vez que hay un siniestro o una emergencia, los bomberos, aunque no pertenezcan a la comuna en la que se produzca un incendio pueden participar en su extinción. Hoy los bomberos voluntarios de Chile van más allá de eso, pues no solamente son los encargados de apagar los incendios, sino que son los profesionales que atienden cualquier tipo de emergencia. Así, los vemos actuando en rescates subacuáticos, en altura, en accidentes vehiculares o en emergencias producidas por materiales peligrosos y, por lo tanto, se han tenido capacitar para enfrentar las distintas emergencias. Hoy no cualquier persona puede participar en tales emergencias, ya que debe tener una preparación básica. Para esa capacitación existen los cursos básicos y, además, de especialidades. De hecho, para conducir vehículos de emergencia se requiere una licencia especial, pero lo más particular de todo es que la labor de bomberos sigue
0
siendo realizada por voluntarios.
Cada vez que los bomberos concurren a una emergencia, no preguntan de quién es la propiedad ni quién es el afectado, porque nunca estará en su espíritu negar ayuda a una persona porque les cae mal. De hecho, en muchos casos, después de concurrir a la emergencia, los bomberos ni siquiera saben a quién ayudaron y solo entregan su informe. Su labor es muy loable.
Este proyecto de ley, iniciado en dos mociones -soy autor de una de ellas-, busca resguardar la labor voluntaria de Bomberos de Chile, sancionando a aquellas personas que entorpezcan su labor y atenten contra su integridad.
No puede ser que se atente contra personas que, sin recibir ningún tipo de retribución económica, resguardan a la población. Por eso, el proyecto de ley viene a saldar una deuda que existe con Bomberos de Chile. Sus voluntarios dejan su trabajo, su hogar y sus actividades habituales de distracción para ir en resguardo de propiedades y de vidas ajenas y nosotros, como sociedad y como Poder Legislativo, debemos darles las garantías mínimas para que regresen a sus hogares, lugares de trabajo o actividades habituales sin lesiones, agresiones o sintiéndose frustrados por no haber podido realizar su labor en beneficio de la sociedad.
La iniciativa legal sanciona a quienes atentan contra bomberos, por lo cual vamos a votar a favor y pedimos al resto de los diputados hacer lo mismo. Es una legítima retribución y reconocimiento a la función que desarrollan.
Espero que este proyecto se convierta pronto en ley de la república y no quede durmiendo en el Senado, como ha ocurrido antes con muchos otros proyectos, que lamentablemente dependen de la buena voluntad de la Cámara Alta.
Vaya mi reconocimiento a los voluntarios de Bomberos de Chile, hombres de hacha, escala y pitón.
He dicho.";1
"11";"21246";22;2020;3;"ESPINOZA";NA;"El señor ESPINOZA.-
Señor Presidente, en lo personal, y creo que también en gran parte de quienes conforman mi bancada, nos vamos a sumar a la aprobación de este proyecto de ley.
Lo que busca este proyecto de ley es modificar el Código Penal para tipificar el delito de maltrato de obra del personal de Bomberos de Chile en actos de servicio. Esta idea nace debido a que desalmados provocaron maltrato a bomberos que se encontraban cumpliendo las labores que todo el país valora. Aquí se ha planteado en reiteradas ocasiones el desprestigio que afecta a muchas instituciones del país, pero no ocurre lo mismo con Bomberos de Chile, que es reconocida transversalmente en forma positiva por la ciudadanía.
Según las cifras que conocemos, en nuestro país existen, aproximadamente 42.000 voluntarios, distribuidos en 312 cuerpos a lo largo y ancho de Chile. Esas personas no solo merecen nuestro más absoluto respeto, valoración y reconocimiento a la labor que desarrollan, sino que constantemente debemos presentar iniciativas legislativas que vayan profundizando, mejorando y fortaleciendo su accionar. El proyecto es un avance importante en este sentido, porque permite que se incorpore en la legislación penal un tipo agravado del delito de lesiones cuando estas se provoquen en atentados a bomberos en ejercicio. Por cierto que es un avance y esperamos que en el futuro tengamos avances en otras materias que aquejan a Bomberos de Chile, como, por ejemplo -aprovechando la presencia del ministro Felipe Ward en la Sala–, cuando Bomberos concurre a una emergencia en la madrugada -lo he vivido en muchas comunas de mi distrito, como Osorno, Puerto Varas, Llanquihue , Fresia , Purranque , Río Negro, Puerto Octay , Puyehue -, en que algunos de sus integrantes han sido objeto de despidos de sus empleadores, a pesar de que están cumpliendo una labor fundamental, pues son miembros de un cuerpo de voluntarios que garantizan la seguridad, la vida y los bienes de la ciudadanía ante incendios, desastres naturales, accidentes de vehículos o emergencias por manejo de sustancias peligrosas.
0
Este proyecto, sin duda, es un avance, legislativamente hablando, para que los bomberos tengan mayor seguridad y mayor protección desde el punto de vista legislativo. Existen otras materias, a lo mejor menores, como la que he mencionado, pero no menos importantes. Son elementos en los cuales como Parlamento debemos seguir avanzando.
Por eso, valoro a todas las parlamentarias y a todos los parlamentarios que impulsaron esta iniciativa, refundida, la que esperamos que sea aprobada por amplia mayoría en la Cámara de Diputados, en honor y en representación de todos los bomberos de nuestro país.
A todos los bomberos que están vivos y que cumplen una labor tremendamente importante en cada una de las comunas de Chile; a todos quienes dieron toda una vida a ese servicio público de tanta importancia y que hoy día ya no están con nosotros; a todos ellos y a sus familias les hacemos un homenaje con esta iniciativa.
He dicho.";1
"12";"21246";24;2020;3;"AMAR";"doña Sandra";"La señora AMAR (doña Sandra).-
Señor Presidente, quiero partir rememorando un aviso publicado en El Mercurio de Valparaíso: “Bomba de incendio: la comisión nombrada para organizar los Cuerpos Independientes de Bomberos, suplican a todos los que se han suscrito en algunas de las listas, como a los que sin estar suscritos, desean formar parte en la formación de los Cuerpos, se reúnan el miércoles próximo 30 de abril a las ocho de la noche en el teatro de La Victoria.”.
Así destacaba el aviso publicado en el diario El Mercurio de Valparaíso la convocatoria a la comunidad para la formación del que sería el primer cuerpo de Bomberos de Chile, que comenzó a operar oficialmente el 30 de junio de 1851 con cuatro compañías.
El 14 de junio de 1889, a consecuencia de un incendio que afectó a la Gobernación Provincial de Magallanes, hecho que asoló a la naciente colonia de Punta Arenas, se da formación a la Primera Compañía de Bomberos de Magallanes, la Bomba Magallanes.
Así las cosas, desde ese momento el trabajo voluntario cobra otro sentido: son miles los hombres y mujeres que día a día hacen de su vida un fiel reflejo de la abnegación bomberil, entregando no solo su tiempo a disposición de quienes se encuentran en riesgo, sino de todos aquellos que necesitan de auxilio, razón por la cual se han convertido en inspiración para algunos y héroes para otros. Son mujeres, hombres, jóvenes, adultos, personas mayores, todos dispuestos a perder la vida si es necesario, todos ellos unidos por un mismo cauce: el bienestar de la sociedad.
Ser bombero es una muestra inmensa de nobleza y de desinterés; una entrega absoluta; un respeto por la casaca y la institución; es temer por la vida y aun así estar dispuesto a arriesgarla por otro; lanzarse al mar, escalar con una cuerda por la pared de un edificio, ingresar a una casa envuelta en llamas, acudir a los rincones más inhóspitos de nuestro territorio. Ser bombero es darlo todo.
Por todo esto, es nuestro deber velar por todos aquellos voluntarios que responden las 24 horas del día a nuestros llamados, por su seguridad personal, para demostrar que su sacrificio no es en vano y que no están solos.
Hoy voto que sí por la seguridad de los miembros del Cuerpo de Bomberos. Espero que sigamos trabajando por ellos y contribuyendo a que puedan seguir cumpliendo con su juramento, de manera que lleven adelante su servicio de forma más segura y llevadera. He dicho.";1
"13";"21246";26;2020;3;"VENEGAS";NA;"El señor VENEGAS.-
Señor Presidente, alguien me reclamó el tema de la “primera línea” que señaló usted; pero quiero señalar que mi intención para intervenir tiene que ver con haberme dado cuenta de que no había nadie de mi bancada que hubiera hecho un acto que me parece de completa justicia.
En primer lugar, ustedes recordarán que hace algún tiempo promoví -soy autor del proyecto de ley- dar protección especial a los funcionarios de la educación y de la salud cuando fueran objeto de agresiones, cuestión que, por desgracia, se está dando con mucha frecuencia. Gracias al apoyo transversal de la Cámara y del Senado esa iniciativa ya es ley de la república.
Ese proyecto tiene básicamente el mismo principio que este: agravar las penas, y encuentra la justificación en la importancia que tiene la función que desarrollan los afectados. Coherencia obliga. La idea es reconocer, en un acto que es de total nobleza y justicia, el rol que cumplen nuestros bomberos y nuestras bomberas a lo largo y ancho de Chile. Se trata de un trabajo desinteresado, dedicado y comprometido. Probablemente, no hay una función que pueda resumir de mejor manera el altruismo, la bondad y la generosidad que la labor de un bombero voluntario o de una bombera voluntaria, de las que hay cada vez más.
Entonces, no podemos sino hacer un acto de justicia mediante la aprobación de este proyecto de ley. Para que la gente lo entienda claramente, conforme al espíritu del proyecto,, aquí hablamos de cuando un bombero o una bombera es objeto de agresiones, conducta irracional que por desgracia ocurre cada vez con mayor frecuencia, no obstante que estos servidores públicos concurren precisamente a prestar ayuda y controlar incendios.
Como dijo muy bien mi colega Rathgeb , quien recitó -entiendo- los versos del himno de los bomberos, ellos son especialistas en emergencias. Ellos no solo combaten incendios, sino que están presentes de forma abnegada y dedicada en muchas situaciones de emergencia.
No podía dejar de intervenir para señalar que este es un acto de justicia. Ojalá todos lo entendamos así y, como alguien insinuó, aprobemos este proyecto de forma unánime como una señal potente de reconocimiento y agradecimiento de toda la Cámara de Diputados a estas nobles personas que cumplen tan importante labor en nuestro país.
He dicho.";1
"14";"21246";28;2020;3;"MOREIRA";NA;"El señor MOREIRA.-
Señor Presidente, día a día somos testigos del invaluable trabajo que realiza el Cuerpo de Bomberos en nuestro país, conociendo situaciones que ponen en riesgo su integridad e, incluso, su propia vida para cumplir con su deber.
Por ello, el proyecto que debatimos hoy, que sanciona a quienes realicen conductas atentatorias contra el personal bomberil, apunta en la línea correcta, toda vez que incorpora en nuestra legislación una agravante en los delitos de lesiones que se cometan a miembros de Bomberos en el ejercicio de sus funciones.
Reafirmo lo anterior con el absoluto convencimiento de que nuestros bomberos requieren una mayor protección al momento de concurrir a una emergencia, ya que todos nos hemos enterado a través de los medios de comunicación de cómo en muchas ocasiones han tenido que vivir momentos dificultosos, tales como agresiones e insultos por quienes no comprenden el importante rol que desempeñan.
Es así que debemos tener absoluta claridad de que nuestros bomberos realizan una labor desinteresada y que se motivan única y exclusivamente por la vocación de servicio que los caracteriza, brindando un loable servicio a la comunidad. Por lo tanto, cualquier contravención a su actuar, a través de algún tipo de delito, debe ser sancionada en forma eficaz.
0
Por último, doy mi total apoyo a este proyecto. Sin embargo, más allá de aumentar las sanciones a quienes cometan algún tipo de conducta, cabe preguntarse -y revisar de manera profunda- cuál es la situación estructural que atañe hoy a nuestros bomberos y cómo hoy, desde nuestro rol como diputados, podemos impulsar los cambios necesarios que les permita un mejor desempeño en el ejercicio de sus funciones.
Por último, agradezco a quienes arriesgan su vida por nosotros, a los voluntarios y voluntarias, así como también a los jóvenes, a las brigadas juveniles de todas las compañías de bomberos de nuestro país.
Pido a Dios que proteja a todos los bomberos de Chile.
He dicho.";1
"15";"21246";30;2020;3;"PÉREZ";"don José";"El señor PÉREZ (don José).-
Señor Presidente, envío un saludo a los distintos cuerpos de bomberos a lo largo del país y a sus integrantes, a los hombres y mujeres que participan en ellos.
Bomberos es una de las instituciones que goza de gran prestigio en nuestro país, y por cierto que muy merecidamente. Bomberos está siempre atento a los golpes de la naturaleza, a los accidentes de tránsito, a los incendios que ocurren en la parte urbana y también a los incendios forestales.
Como bien se ha dicho, son personas profesionales que trabajan por amor a la casaquilla de su Cuerpo de Bomberos, sin recibir nada en beneficio. Recuerdo que hace alrededor de cinco años el Parlamento promulgó la ley marco que permite que año a año el Estado de Chile entregue recursos importantes para que puedan mejorar y renovar sus equipos de trabajo y maquinarias.
Hoy hablamos de sancionar los atentados contra los cuerpos de bomberos cuando acuden a sofocar algún incendio, a cumplir con la función que hacen con tanto interés y entusiasmo durante cualquier hora del día o de la noche.
Evidentemente, muchas veces hemos hablado de las sanciones que hay que aplicar en estos casos, las cuales deberían ser ejemplares, porque nada justifica un atentado a los carros de Bomberos cuando van a cumplir con su función. Esa es una actitud criminal, y como Parlamento tenemos que condenarla en la forma más enérgica posible.
Debemos tener en consideración –quiero dirigirme nuevamente a las autoridades de gobierno- el proyecto de resolución Nº 323, de 12 de septiembre de 2018, firmado por varios colegas y cuyo autor es quien habla, en el cual pedimos que aquellos bomberos que llevan cincuenta años en el ejercicio del cargo, a lo menos, tengan un reconocimiento de parte del Estado. Son muy pocos los que cumplen esa condición a nivel nacional. Por consiguiente, sería un gran logro de parte del gobierno, de Chile y de todos nosotros otorgar un modesto reconocimiento a esas personas, a quienes les quedan pocos años de vida –muchos ya partieron-.
Vaya que sería importante entregarles un estímulo de doscientos mil pesos mensuales cuando tienen su salud quebrantada, delicada, y los recursos muchas veces no les alcanzan para satisfacer sus necesidades mínimas.
Es bueno recordar ese proyecto de resolución, así como también recordar el proyecto de ley que establece un seguro adicional complementario para los bomberos que sufren accidentes. La verdad de las cosas es que no siempre se les atiende en la forma que corresponde. Ese seguro adicional, que establece el proyecto de ley que fue presentado en julio de 2019, hasta la fecha no tiene respuesta.
Con estas instituciones que están sirviendo al país y que no tienen ningún gasto para el Estado, tenemos que ser un poco más generosos, atender sus necesidades y devolverles los recursos que invierten en los incendios forestales, pues muchas veces pasa un año o más para que les devuelvan lo que corresponde a la reposición de
0
materiales.
El Estado, la Cámara de Diputados y el Senado deben responder adecuadamente a esta institución ejemplar que tenemos en Chile, para atender sus requerimientos y, en este caso concreto, para sancionar en la forma más enérgica posible a quienes atenten contra el trabajo que realizan los bomberos en ayuda de quienes están sufriendo alguna emergencia.
Espero que aprobemos por unanimidad este proyecto, porque es de justicia hacerlo así, y ojalá que el Senado lo apruebe a la brevedad posible.
He dicho.";1
"16";"21246";32;2020;3;"BARROS";NA;"El señor BARROS.-
Señor Presidente, qué bueno que este proyecto, que busca modificar el Código Penal para tipificar el delito de maltrato de obra a personal de Bomberos en acto de servicio, pueda ser votado hoy.
Quiero agradecer al ministro Felipe Ward , por cuanto el ministerio que él encabeza calificó con urgencia este proyecto, lo que obviamente trajo como resultado que hoy pueda ser visto y despachado por esta Sala.
Recordemos que el 30 de junio de 2015 presentamos -soy uno de los autores, junto con otros colegas de la bancada de la UDI- uno de los proyectos refundidos.
Muchas veces se nos critica porque legislamos ex post. En este caso, hace cinco años estamos luchando por que este proyecto vea la luz, y esperamos que eso suceda hoy en esta Sala. Por eso, agradezco que el ministro Felipe Ward lo haya calificado con urgencia.
El proyecto de ley introduce un tipo agravado de lesiones cuando estas se provoquen a voluntarios de Bomberos en el ejercicio de sus funciones.
El proyecto se circunscribe a los delitos de lesiones corporales establecido en el párrafo III del Título Octavo del Código Penal, modificando el artículo 400, el cual aumenta en un grado los delitos cometidos contra las personas mencionadas en el artículo 5° de la Ley sobre Violencia Intrafamiliar. El proyecto incorpora un inciso tercero a dicho artículo, aumentando en un grado la pena cuando el delito de lesiones se cometa contra voluntarios de Bomberos en el ejercicio de sus funciones.
Nos parece determinante que este proyecto avance y sea aprobado en razón de lo que ha hecho Bomberos de Chile, lo cual nos ha tocado percibir desde tiempos inmemoriales. En ese sentido, la acción de Bomberos en los incendios devastadores de 2017 llevó a que una nación entera les rindiera homenaje y estuviese agradecida de lo que ellos hicieron, muchos de los cuales incluso perdieron la vida.
Por eso nos parece básico que quienes intenten agredir a nuestros queridos bomberos reciban las sanciones que corresponden.
Por lo tanto, hoy vamos a votar, con felicidad, a favor este proyecto de ley tan importante. Junto con ello, quiero enviar un especial saludo al directorio de Bomberos de Chile, pero en especial a nuestro presidente regional, señor Juan Carlos Field , de la Región del Libertador General Bernardo O'Higgins, y al expresidente señor Manuel Arenas , quien hoy se desempeña como tesorero nacional de Bomberos de Chile. Envío un abrazo a ellos y a cada uno de los voluntarios y voluntarias que cumplen un rol tan determinante en defender nuestras vidas no solamente en accidentes y en incendios, pues ellos llegan donde se les requiera con rapidez y con ese voluntariado que realmente los eleva a ser una de las instituciones más queridas -si no la más querida- por todos los chilenos y chilenas.
He dicho.
0";1
"17";"21246";34;2020;3;"WALKER";NA;"El señor WALKER.-
Señor Presidente, nos tocó tratar este proyecto en la Comisión de Constitución, pero previamente se había tramitado en la Comisión Especial de Bomberos.
Haré una breve síntesis del cambio que introdujo la Comisión de Constitución a la iniciativa y explicaré por qué ello ocurrió, porque finalmente el texto despachado por esta instancia es el que se somete a la consideración de la Sala.
El proyecto busca incorporar en el Código Penal un nuevo tipo agravado de lesiones cuando se provoquen en contra de voluntarios de bomberos en el ejercicio de sus funciones. Eso es algo muy importante de precisar. No se trata de cualquier tipo de lesiones, sino de aquellas provocadas contra voluntarios de Bomberos en el ejercicio de sus funciones, como lamentablemente ocurre, aunque uno no lo pueda creer. Ello acontece porque la normativa existente no se hace cargo en forma especial del ataque contra bomberos, sino solamente del delito común de lesiones, con penas que van desde la multa o el presidio o relegación menor en su grado mínimo -61 días-, hasta el presidio mayor en su grado mínimo -10 años-, dependiendo de la gravedad de las lesiones. Esta normativa es una forma de disuadir los ataques por parte de terceros contra voluntarios de Bomberos, que ocasionalmente ocurren mientras estos desempeñan sus labores, entendiendo que existe un bien jurídico especial de protección, que es su integridad en el trabajo que realizan.
Por ello, el proyecto modifica el artículo 400 del Código Penal, que contempla agravantes especiales en ciertos casos, como la violencia intrafamiliar o las lesiones contra menores de dieciocho años, adultos mayores o personas en situación de discapacidad que dependan del autor, normativa que incorporamos en la legislación hace algunos años.
El texto aprobado por la Comisión de Bomberos consideró el aumento en un grado a todas las penas contempladas en el delito de lesiones, considerando desde las lesiones menos graves a las más graves, como la mutilación. De esta forma, el delito más leve partiría con una pena de presidio menor en su grado mínimo -541 días-, y el delito más grave, de castración, por ejemplo, contemplaría el presidio mayor en su grado máximo -20 años-.
¿Qué hizo la Comisión de Constitución? Después de recibir a Bomberos y después de analizar este proyecto en concordancia con las normas generales de nuestro Código Penal, redactó el texto considerando la agravante solo para el delito de lesiones menos graves, con el siguiente argumento: los antecedentes de los proyectos refundidos se enfocan en este tipo de delitos que ocurren en el desempeño de las labores de los bomberos, pero respecto de los demás delitos ocurriría un problema de proporcionalidad de las penas respecto de otros tipos penales, como el homicidio, no siendo deseable que se igualen las penas a delitos que socialmente poseen distinto disvalor. Por ejemplo, no sería apropiado que una lesión se castigue con la misma pena de un homicidio. Obviamente, el disvalor de la pérdida de la vida humana es distinto al disvalor de un atentado a la integridad física de una persona.
Por ello, la Comisión de Constitución, que me tocó presidir el último año -después me va a reemplazar como presidente el diputado Gabriel Boric , quien lo va a hacer muy bien-, somete a la consideración de la Sala el proyecto de agravante especial solo para el delito de lesiones menos graves del artículo 399 del Código Penal, mientras que la Comisión de Bomberos contempló la agravante para todo el catálogo de lesiones del Código Penal.
Por las razones de proporcionalidad y armonía de las sanciones de nuestro Código Penal que acabo de señalar, sugiero que se ratifique por la Sala lo obrado por la Comisión de Constitución.
He dicho.";1
"18";"21246";36;2020;3;"CARIOLA";"doña Karol";"La señorita CARIOLA (doña Karol) .-
Señor Presidente, estamos frente a iniciativas legales refundidas que buscan que el Cuerpo de Bomberos, que presta un servicio de utilidad pública y en favor de la comunidad en general, como han dicho mis colegas, pueda tener protecciones adicionales a las que hoy tienen.
Todos sabemos que, lamentablemente, a pesar de lo valorada que es por la ciudadanía la labor que cumplen los distintos cuerpos de bomberos a nivel nacional, muchas veces, cuando se producen situaciones de tensión en terreno durante las emergencias que Bomberos de Chile tiene que enfrentar, ocurren casos de maltrato de la comunidad hacia los voluntarios de Bomberos. Esas conductas tremendamente reprochables son agresiones que claramente no pueden ser aceptadas y que deben ser sancionadas de la manera que corresponde.
No soy partidaria en general de buscar mecanismos para disuadir ese tipo de conductas por la vía del aumento de penas. Creo que la forma de hacerlo es por la vía del cambio de conductas, por la vía de cambios culturales, por la vía de la educación, por la vía de la valoración.
Sin embargo, en esta oportunidad, estos proyectos refundidos buscan aumentar el reproche a las conductas que acabo de señalar, que son altamente reprobables -las agresiones a Bomberos en el ejercicio de su función-, de modo de ayudar a que los voluntarios puedan cumplir de mejor manera una labor que, por lo demás, es tan necesaria en nuestro país.
Hoy, los bomberos de Chile no solo no tienen todo el apoyo del Estado, sino que disponen de elementos precarios para desarrollar su labor. No tienen todos los recursos que necesitan. Están desprotegidos en muchos aspectos, como lo dijeron algunos colegas.
He tenido la oportunidad de relacionarme particularmente con la Bomba Renca, de la que soy parte desde hace algún tiempo, y me ha tocado conocer de cerca las condiciones en las que la institución debe desarrollar sus funciones y cómo muchas veces, cumpliendo su labor en terreno, la propia comunidad reacciona ante los voluntarios con ciertos grados de violencia. Se entiende que cuando una persona está viviendo las consecuencias de un incendio en su propiedad, en su casa, reacciona en forma violenta porque, ante la desesperación por aquello, quiere tener soluciones rápidas. Pero no puede ser que producto de eso las consecuencias las vivan quienes están actuando de manera voluntaria, muchas veces dejando de lado sus propias labores individuales, sus trabajos y sus familias. Porque eso es lo que hacen los voluntarios de Bomberos de Chile: dejan muchas cosas de lado; dejan de lado sus trabajos, dejan de lado a sus familias y dejan de lado otras labores para poder estar en el lugar de la emergencia. Así es su abnegación y su entrega sin ningún otro interés. Porque parte de lo que caracteriza a Bomberos de Chile es precisamente lo que ellos han manifestado: no querer que su labor sea remunerada, porque la institución tiene una característica particular, que es esa entrega que ha querido desarrollar. Hablo de una institución que a lo largo de la historia y desde que se formó ha dado probablemente una de las principales lecciones de solidaridad y de validación pública: el Cuerpo de Bomberos de Chile.
Por lo tanto, como bancada, vamos a aprobar este proyecto de ley, dejando absolutamente claro que esta normativa no tiene ninguna relación con la agenda penalizadora que lleva adelante el gobierno en el marco de la protesta social, sino que tiene que ver con la protección de un legítimo interés respecto de una institución que vela por el bienestar de toda la población.
He dicho.";1
"19";"21246";38;2020;3;"ALARCÓN";NA;"El señor ALARCÓN.-
Señor Presidente, en esta Sala se ha hablado mucho, muchísimo, sobre la importancia de aprobar este proyecto.
Se ha hablado demasiado, como ocurre en el caso de todos los proyectos respecto de los que existe unanimidad.
Por lo tanto, podríamos ser más operativos y no extender kilométricamente este tipo de debates, con sucesivas repeticiones de las mismas ideas. Incluso, a algún bombero que nos esté escuchando le podría parecer
0
aburridísima esta discusión.
¿Acaso no hay un procedimiento que solucione estos casos latosísimos, poco operativos, de pésima poesía y de aburridísimas intervenciones? Ojalá podamos evitar la pérdida de tiempo que se produce cuando el proyecto que se está tramitando es sencillo y respecto del cual existe unanimidad. ¡Basta!
He dicho.";1
"20";"21246";41;2020;3;"BOBADILLA";NA;"El señor BOBADILLA.-
Señor Presidente, tengo el encargo del diputado Celso Morales de saludar a todos los bomberos de la Región del Maule. De forma personal y especial, saludo a cada uno de los bomberos de la Región del Biobío, en particular a los de la provincia de Concepción.
Como integrante de la Comisión de Bomberos, puedo dar fe de algo que resulta evidente, tal como se ha manifestado de forma reiterada en esta Sala: que prácticamente la totalidad de los proyectos que tramitamos en dicha instancia referidos a Bomberos de Chile son aprobados por unanimidad.
En el caso de la iniciativa en debate, cabe señalar que fue objeto de discusión la penalidad que se debe aplicar a quienes agredan a nuestros bomberos. Finalmente, acordamos que se debían aplicar penas ejemplarizadoras para inhibir a todos los desalmados que no entienden la labor tan importante que desarrolla Bomberos de Chile en beneficio de cada familia de nuestro país.
Comparto con mis colegas que la labor de los bomberos es tremendamente valorada por todos y cada uno de los
0
ciudadanos, de modo que a los que agredan a nuestros bomberos se les debe aplicar la máxima sanción que la ley establezca. Ese es el objetivo de este proyecto: sancionar drásticamente a todos quienes impidan, a través de la agresión, el trabajo de nuestros voluntarios.
En consecuencia, me atrevo a decir, en nombre de mi partido y de mi bancada, que votaremos con mucho entusiasmo a favor esta iniciativa.
He dicho.";1
"21";"21246";45;2020;3;"CELIS";"don Ricardo";"El señor CELIS (don Ricardo).-
Señor Presidente, como bancada del PPD, anunciamos nuestro voto a favor de este proyecto de ley.
Nos parece de toda justicia que se aumenten las sanciones a aquellas personas que lesionen, agredan o actúen en contra de Bomberos.
En Chile, hemos visto muchas imágenes y tenemos mucha información de situaciones en que bomberos son agredidos cuando están cumpliendo sus funciones, las cuales son agradecidas por toda la población.
A todos nos parece inaceptable que los bomberos, que hacen la pega de forma voluntaria y que llevan a cabo un enorme esfuerzo de formación, sean agredidos cuando acuden a cumplir una tarea tan importante como es apagar un incendio o rescatar a personas atrapadas en un accidente automovilístico.
Por lo tanto, deben aumentarse las sanciones para quienes perpetran agresiones tanto en contra de bomberos como de otros funcionarios de servicios de utilidad pública, como el personal que traslada y asiste a pacientes en ambulancias.
He dicho.";1
"22";"21246";47;2020;3;"MONSALVE";NA;"El señor MONSALVE.-
Señor Presidente, 50.000 personas, entre hombres y mujeres, componen Bomberos de Chile, quienes se despliegan en 313 cuerpos de Bomberos.
¿Qué hacen? Protegen a los chilenos en los casos de catástrofes, incendios, accidentes de tránsito o de emergencias químicas.
¿Por qué debemos aprobar este proyecto? Porque cuando alguien agrede o busca lesionar a algún voluntario de Bomberos de Chile lo que hace es impedir que llegue de manera oportuna a proteger a las familias chilenas afectadas por algunos de esos siniestros. Se coloca en riesgo a muchas personas cuando hay chilenos que agreden a los bomberos.
Por tanto, vamos a respaldar la modificación que se propone al artículo 400 del Código Penal, con el objeto de establecer un nuevo tipo penal, agravado para el delito de lesiones.
Asimismo, como se encuentra presente en la Sala el ministro secretario general de la Presidencia, quiero aprovechar de reiterar una petición al gobierno.
Bomberos de Chile ha sido explícito en señalar la necesidad de complementar los recursos de la glosa de operaciones contenida en la ley de Presupuestos. Bomberos de Chile tiene un presupuesto de 47.000 millones de pesos, de los cuales 23.000 millones de pesos están en la glosa de operaciones, recursos que se destinan para pagar el combustible, la mantención de los carros y el salario de los cuarteleros.
El director de Bomberos de Chile expresó al gobierno, a través del ministro de Hacienda, que están quebrados en lo que dice relación con su glosa de operaciones y que con los recursos que tienen no pueden proteger a los chilenos, dado que han debido enfrentar muchas más situaciones críticas que en otras épocas, incluso incendios forestales, lo que ha provocado que sus gastos aumenten. Sin embargo, la repuesta del gobierno ante esta situación ha sido negativa.
La preocupación del gobierno por Bomberos debería expresarse en las decisiones políticas que adopta.
Por su intermedio, señor Presidente, reitero mi petición al gobierno para que complemente la glosa de operaciones de esta institución, cuyos servicios protegen a los 17 millones de chilenos.
He dicho.";1
"23";"21246";49;2020;3;"SANHUEZA";NA;"El señor SANHUEZA.-
Señor Presidente, en primer lugar, debo hacer un alcance: cuando miles de chilenos han visto vulnerados sus derechos humanos, cuando miles de chilenos han sido violentados por la denominada “primera línea”, creo improcedente que usted, con el cargo que ostenta, se refiera tan coloquialmente a dicho concepto en esta Sala.
En segundo lugar, me sumo a los elogios que los colegas han dirigido hacia los bomberos, quienes, a lo largo y ancho de nuestro país, hacen un trabajo extraordinario en beneficio de la comunidad.
Parece ilógico que debamos debatir un proyecto como este, dado que todos conocemos el esfuerzo, el sacrificio que hace cada uno de los bomberos de nuestro país. Parece irracional que sean atacados en forma violenta cuando acuden a ayudar a una comunidad, pero es algo que ocurre, y lo hemos visto en distintas imágenes.
Por eso, desde la bancada de la UDI, como muestra de que reconocemos y valoramos su trabajo, apoyaremos con mucha fuerza este proyecto, para que aquellas personas que incurran en actos contra bomberos con tal nivel de irracionalidad, reciban una sanción mayor.
0
Aprovecho la oportunidad para saludar a todos los voluntarios del Cuerpo de Bomberos de la Región de Ñuble, quienes crearon su voluntariado el 25 de junio de 1880, y les manifiesto mi gratitud por el trabajo que realizan en pro de los ciudadanos de la región.
He dicho.";1
"24";"21246";51;2020;3;"SABAG";NA;"El señor SABAG.-
Señor Presidente, valoro este proyecto, que establece una agravante en el Código Penal para aumentar en un grado la sanción aplicable a quienes agredan a voluntarias o voluntarios del Cuerpo de Bomberos en el ejercicio de sus funciones de rescate y de servicio a la comunidad.
Es una situación incomprensible, pero es algo que ha ocurrido. En muchas ocasiones, en situaciones confusas, ha habido agresiones a voluntarios de los cuerpos de bomberos en servicio activo. Por lo tanto, es de toda lógica que se establezca una agravante para sancionar con mayor rigor a quienes agreden a esos voluntarios, quienes, ad honorem, se dedican a prestar servicios a la comunidad
Aprovecho la presencia del ministro secretario general de la Presidencia, Felipe Ward , para reiterar lo expresado por el diputado José Pérez , esto es, la necesidad de que se apruebe el proyecto de ley conocido como bombero insigne, que promueve que quienes hayan servido voluntariamente por más de cincuenta años tengan derecho a una pensión de gracia o reciban un incentivo a modo de reconocimiento y de gratitud por todo lo que han hecho por la ciudadanía.
Sabemos que trabajan ad honorem, que no reciben remuneración, y que hay muchos proyectos pendientes para ellos, como el que crea un seguro adicional y la reposición de materiales después de los incendios forestales.
Represento a la Región de Ñuble, donde ha habido muchos incendios de ese tipo y donde siempre los primeros en la línea para ayudar son los voluntarios de Bomberos.
Hago un reconocimiento, que siempre es poco, a los voluntarios y voluntarias de dicha institución, quienes trabajan arriesgando sus vidas, a lo largo y ancho de nuestro país, dando un ejemplo de servicio público, por lo que merecen ser protegidos con esta modificación al Código Penal.
Como bancada de la Democracia Cristiana, vamos a respaldar este proyecto, ya que es una iniciativa transversal que nos une.
He dicho.";1
"25";"21246";62;2020;6;"DE URRESTI";NA;"El señor DE URRESTI.-
Gracias, Presidenta.
0
Corresponde que esta Corporación se pronuncie acerca del proyecto de ley, en segundo trámite constitucional, que modifica el Código Penal para tipificar el delito de maltrato de obra a personal de Bomberos en actos de servicio (boletines Nos 10.167-07 y 10.897-07, refundidos).
Esta iniciativa ingresó al Senado el 11 de marzo del presente año y tiene su origen en dos mociones que fueron refundidas en el primer trámite constitucional, cuyos autores son varias señoras Diputadas y señores Diputados.
El texto aprobado por la Cámara de Diputados agrega un inciso final al artículo 400 del Código Penal, con el objeto de elevar hasta tres años la pena que podría aplicarse a quien cause a un integrante de Bomberos lesiones menos graves durante el ejercicio de su función.
Durante el estudio de este proyecto, se tuvo en consideración la relevante función social que efectúan de manera abnegada y gratuita los voluntarios de los Cuerpos de Bomberos de nuestra sociedad.
Asimismo, se hizo presente que en algunas ocasiones, lamentablemente, sufren lesiones causadas por personas que tratan de entorpecer su labor cuando ellos acuden a combatir un incendio. Cuando esas lesiones son menos graves, dada la baja penalidad que actualmente tiene este ilícito, la sanción que se puede imponer a los agresores solo alcanza a la relegación o al presidio menor en su grado mínimo, esto es, de sesenta y un días a quinientos cuarenta días.
En virtud de lo anterior, la Cámara de Diputados propuso elevar a presidio menor en su grado medio la pena que eventualmente se podría aplicar a quienes causaren lesiones menos graves a un bombero en el ejercicio de sus funciones.
Durante el estudio en general y en particular de esta iniciativa en la Comisión, se escuchó la opinión del Fiscal Nacional del Ministerio Público, señor Jorge Abbott ; del abogado de la Unidad de Asesoría Jurídica de este organismo, señor Hernán Libedinsky , y el Jefe del Departamento Jurídico de la Junta Nacional del Cuerpo de Bomberos de Chile, don Fernando Recio .
Luego del análisis de sus fundamentos, la Comisión, por la unanimidad de sus integrantes, acordó aprobar en general este proyecto de ley. Asimismo, durante su estudio en particular, acordó que el incremento en un grado de la pena que se le puede imponer a quien cause lesiones menos graves a un integrante de Bomberos de Chile también se hará extensivo a la hipótesis en que estas lesiones sean calificadas de simplemente graves, específicamente las del número 2º del artículo 397 del Código Penal.
Por otra parte, la Comisión rechazó la idea de que esta elevación de penas se produzca en otro tipo de lesiones, como las castraciones, mutilaciones, lesiones graves gravísimas, dado que se produciría una desproporción muy severa en las penas que en definitiva se podría imponer a los autores de tales ilícitos.
Por todas las razones señaladas, la Comisión que presido propone aprobar el texto del proyecto acordado por la Cámara de Diputados, con la enmienda ya indicada, que se puede observar en el texto comparado que ha preparado la Secretaría de la Comisión.
Señora Presidenta , precisamente hoy es un día emblemático para los bomberos de Chile: el 30 de junio de cada año es el Día del Bombero, fecha en que se conmemora la fundación del primer cuerpo de bomberos voluntarios, organizado justamente en la ciudad de Valparaíso.
Por eso, pido que nos sumemos al reconocimiento de la abnegada labor que cumplen los Cuerpos de Bomberos de Chile y aprobemos esta iniciativa, que ha sido aprobada por la unanimidad de los integrantes de la Comisión de Constitución. Creo que es un valioso gesto que el Senado puede hacer a esta noble institución en el día de su aniversario.
He dicho, señora Presidenta.";1
"26";"21246";69;2020;6;"GOIC";NA;"La señora GOIC.-
A favor.
Y me sumo en este día al reconocimiento a todos los voluntarios y las voluntarias de Bomberos a lo largo de Chile, valorando su labor y agradeciendo su dedicación.";1
"27";"21246";73;2020;6;"HARBOE";NA;"El señor HARBOE.-
0
Ahí sí.
Voto a favor, señor Secretario .
También me sumo al reconocimiento para todos los voluntarios y las voluntarias de Bomberos a lo largo de todo nuestro país, particularmente de las Regiones de Ñuble y Biobío.";1
"28";"21246";75;2020;6;"HUENCHUMILLA";NA;"El señor HUENCHUMILLA.-
Señora Presidenta , tal como se dijo en la relación, en la Comisión de Constitución del Senado aprobamos por unanimidad un tipo agravado del delito de lesiones cuando se comenten contra bomberos en actos de servicio, que incide en los artículos 397, número 2º, y 399 del Código Penal.
Saludo en el Día de los Bomberos a los voluntarios de todo Chile y, muy especialmente, a los bomberos de la Región de La Araucanía.
Por todo eso, señora Presidenta, voto a favor.";1
"29";"21246";77;2020;6;"INSULZA";NA;"El señor INSULZA.-
Gracias, señor Secretario .
Primero, quiero lamentar que sea necesario tener un proyecto de ley para proteger a los bomberos, porque ciertamente Bomberos de Chile es la institución más prestigiada del país. Todas las encuestas la ponen en primer lugar. Sus voluntarios cuentan con el cariño, el afecto y el agradecimiento de todos los chilenos y las chilenas.
Yo los saludo en su día y les agradezco por todos los esfuerzos que realizan cotidianamente, sobre todo en este tiempo, para cumplir con la misión que han asumido voluntariamente, lo que es una gran cosa digna de reconocer.
Voto a favor, Presidenta .";1
"30";"21246";79;2020;6;"KAST";NA;"El señor KAST.-
Voto a favor, Presidenta , y claramente me sumo a las felicitaciones y agradecimientos.
Un saludo especial a los bomberos de La Araucanía, quienes han realizado siempre una labor muy importante.";1
"31";"21246";83;2020;6;"LAGOS";NA;"El señor LAGOS.-
Muy bien.
Voy a fundamentar mi voto en los tres minutos que tengo.
Quiero comenzar por enviar un saludo a Bomberos por los 169 años de su existencia en nuestro país, institución que nació a partir de una iniciativa de la comunidad porteña, con la fundación del primer cuerpo de bomberos de Valparaíso, el 30 de junio de 1851.
El reglamento inicial de la Asociación Contra Incendios en ese minuto, que dio origen al Cuerpo de Bomberos de Valparaíso, tenía una máxima esencial, que rezaba: ""Seguir el impulso de nuestros corazones y hacer el bien sin más recompensa que su más íntima satisfacción"". Desde entonces está el voluntariado del Cuerpo de Bomberos de Chile.
Por eso hago llegar un saludo muy especial al Cuerpo de Bomberos de Valparaíso, que ciertamente hago extensivo al Cuerpo de Bomberos de Viña del Mar y a todos los mártires de la institución bomberil de Chile.
Este es un proyecto muy esperado y valorado por todos los Cuerpos de Bomberos en el país, pues apunta en la dirección correcta: proteger a hombres y mujeres que de manera voluntaria arriesgan su vida para ayudar a los demás, a pesar de que, de manera inconsciente o a veces de forma planificada, en algunos casos son impedidos de cumplir su labor bomberil y son sometidos a claros riesgos para su integridad física.
Cuando una persona o un grupo de personas impide, con una agresión, que los bomberos lleguen a una emergencia o lleven a cabo las tareas para el control de la misma, no solo se afecta la integridad física de los voluntarios en cuestión y se pone en peligro el material de trabajo, incluidos los carros bomba, sino que de paso, y muy importante, se expone la vida de muchas personas o residentes afectados por la imposibilidad de que los bomberos realicen su trabajo, producto de las amenazas y las agresiones.
Encontramos que este proyecto va en la dirección correcta al aumentar las penas en el Código Penal por agredir a bomberos, con lo que se da una señal clara en orden a que ningún bombero o bombera podrá ser agredido y quien lo haga en las circunstancias que sea va a recibir una sanción por ello, la cual no será de carácter simbólica, sino contundente, con un agravamiento de los tipos penales.
Este tipo penal no existía y ahora se va a crear. Ello es de enorme importancia -reitero- no solo para los bomberos, sino también para la comunidad.
Quiero detenerme en lo siguiente.
No pocas veces llegan unidades de Bomberos a siniestros y deben mirar desde una distancia cercana mientras se queman casas porque hay grupos de personas que no dejan que los bomberos ingresen -de esos casos están llenas la noticias-, y la gente con pena y dolor ve cómo un incendio termina no solo con una casa siniestrada, sino también con los sueños de toda una familia y afectando a otras viviendas al impedirse el actuar de los bomberos.
Esto es de común ocurrencia y ha sido creciente en el tiempo.
Además, estar en un siniestro es una situación de alta tensión, no solo para las familias afectadas, sino también para los bomberos y las bomberas. Muchas veces se llega a enfrentar un escenario peligroso e incierto, sin saber a qué se enfrentan.
Quiero que se traten de colocar por un momento en el papel de un bombero o una bombera que llega a un
0
siniestro de noche, en que está todo oscuro, y en el lugar les empiezan a tirar piedras, a agredirlos o se escuchen balazos. Es una situación de mucha tensión, sin contar que a muchos les intentan robar sus autos cuando llegan en vehículos particulares o el material de los carros bomba.
La misión de Bomberos es, primero, salvar...";1
"32";"21246";89;2020;6;"LAGOS";NA;"El señor LAGOS.-
Gracias.
Decía que la misión de Bomberos es, primero, salvar vidas, así como salvar los bienes de las personas. Por eso, impedir producto de una agresión que una unidad de Bomberos llegue a atender una emergencia es algo grave.
Hoy los bomberos y las bomberas tienen en Chile una alta preparación profesional para servir a la comunidad y nuestra institución cuenta con una alta valoración ciudadana. Por eso instamos a las autoridades de Gobierno a seguir con los apoyos económicos constantes y sin rebajas para modernizar la infraestructura bomberil y entregar los mejores implementos de seguridad que existan para el personal.
Yo creo que debemos seguir protegiendo a Bomberos. Ya logramos que todos los bomberos y las bomberas cuenten con un seguro de vida, que las barreras de los peajes se levanten cuando van a una emergencia, o que se proteja su fuente laboral cuando concurren a una emergencia de bomberos mientras estén trabajando.
En tanto este servicio siga siendo voluntario debemos continuar avanzando en darles más protección social a los voluntarios, para que las personas se sigan uniendo al Cuerpo de Bomberos. Incluso, como Estado deberíamos comenzar a hacer un esfuerzo serio para insistir en la petición al Gobierno, a este o al que venga...";1
"33";"21246";94;2020;6;"LAGOS";NA;"El señor LAGOS .-
... ¡aquí termino, señora Presidenta ! ¡Me quedan tres párrafos; no se preocupe! ¡Es que esto lo hice con muchas ganas!
Incluso, como Estado debiéramos hacer un esfuerzo para insistir en la petición que se ha hecho a diversos gobiernos para que se cree una pensión de gracia para los voluntarios de la institución que tengan más problemas económicos y que hayan cumplido un sinfín de requisitos, como una larga pertenencia al Cuerpo.
Quiero finalizar valorando este proyecto de ley.
Pero antes deseo enviar un saludo en este Día de los Bomberos a la Junta Nacional de Bomberos de Chile; a las Superintendencias, en especial a la de Valparaíso y en particular a la de Viña del Mar; a las más de mil seis compañías en el país y a los cincuenta mil voluntarios en todo Chile, y de manera muy especial a la Primera Compañía de Bomberos de Viña del Mar , José Francisco Vergara .
Voto afirmativamente, señora Presidenta.";1
"34";"21246";96;2020;6;"LATORRE";NA;"El señor LATORRE.-
Señora Presidenta , también quiero fundamentar el voto brevemente.
Obviamente, me sumo a las felicitaciones por su aniversario al Cuerpo de Bomberos del país, y particularmente a las distintas compañías de la Región de Valparaíso.
Acá, en la región, sabemos de los múltiples incendios y emergencias a las cuales Bomberos ha estado permanentemente asistiendo. Y en ese sentido creo que el mayor reconocimiento debería estar en cómo apoyamos económicamente a Bomberos, sabiendo que, además, sus filas están compuestas por voluntarios y voluntarias, a quienes hay que agradecerles infinitamente.
Pero a la institución y a las compañías de bomberos hay que apoyarlas económicamente y no recortarles los recursos, como ha ocurrido en esta última etapa a partir de la crisis, con las reasignaciones y los recortes que ha efectuado el Gobierno. Creo que el mejor reconocimiento es fortalecer la institución económicamente, brindando apoyos, realizando campañas ciudadanas, y también con Carabineros coordinando y apoyando la labor de Bomberos, no dejándolos solos atendiendo emergencias muy complejas.
Creo que esta medida va en la dirección correcta; es una medida disuasiva. Muchas veces -lo han dicho innumerables veces desde distintas compañías de bomberos-, frente a agresiones, frente a lesiones, no se querellan, no persiguen penalmente a los autores porque en ocasiones -y en esto es importante aplicar el criterio- se entiende que hay personas que agreden a los bomberos en situaciones de desesperación para evitar, por ejemplo, que se rompan casas, inmuebles, etcétera. Distinto es el caso de quienes los agreden intencionalmente para impedir su acción. Yo creo que ahí hay que aplicar criterio. Esta es una medida disuasiva que en algo ayuda.
Pero -insisto- la mayor medida, la más significativa es el aporte económico, el apoyo económico que el Estado de Chile debe brindar a las compañías de bomberos. Más aún, en el contexto de una emergencia climática, ecológica como la que está atravesando nuestro país, en que se están produciendo y habrá múltiples incendios, se hace
0
necesario un apoyo mucho más sostenido y fuerte hacia las compañías de bomberos.
Felicito a Bomberos y apoyo esta moción.
Voto a favor.";1
"35";"21246";98;2020;6;"LETELIER";NA;"El señor LETELIER.-
Señora Presidenta , voy a votar a favor de esta iniciativa.
Creo que lo que todos tenemos hoy en común es nuestro tremendo reconocimiento a una institución de un voluntariado extraordinario; una institución profesional; una institución que con su voluntariado genera valores en todas las comunas, en todo el territorio del país. A lo largo de Chile, son centenares las compañías, de hombres y mujeres -cada vez más mujeres-, que contribuyen a proteger nuestros bienes y nuestras vidas frente a accidentes, a situaciones indeseadas e inesperadas.
Por tanto, aprobar este proyecto, sin duda, es hacer algo de justicia con una institución integrada por hombres y mujeres que entregan lo mejor de sí por cuidarnos a todos.
Voto que sí.";1
"36";"21246";100;2020;6;"MONTES";NA;"El señor MONTES.-
Señora Presidenta , yo soy bombero honorario de la Novena Compañía de Ñuñoa ""La Florida"".
Valoro esta institución histórica, que ha sido una creación y orgullo nacional. Y quiero darles un saludo a todos los bomberos de Chile en su aniversario.
Se trata de una institución que cumple voluntariamente funciones esenciales en la vida de las ciudades y de las familias; que sabe combinar muy creativamente los valores de servicio a la sociedad, la formación de generaciones y la capacidad de desarrollarse y, además, de pasarlo bien.
La agresión a los bomberos debe ser fuertemente sancionada. Por eso voto a favor de este proyecto con total convicción.";1
"37";"21246";102;2020;6;"MOREIRA";NA;"El señor MOREIRA.-
Señora Presidenta , si hay una institución por la cual los chilenos en su inmensa mayoría sentimos admiración, respeto, es por Bomberos de Chile, desde el año 1851, en Valparaíso.
0
Son aproximadamente cuarenta y dos mil servidores del prójimo los bomberos de Chile. Y hay que recordar que Bomberos de Chile es uno de los pocos cuerpos de voluntarios del mundo, lo que no ha significado en modo alguno dejar de tener el grado de profesionalismo y de estándares mundiales como los posee Bomberos de Chile.
Recuerdo con particular afecto cuando en el primer Gobierno del Presidente Piñera logramos aprobar la Ley Marco de Bomberos, que fue el inicio importante y la consolidación de una política de Estado respecto a Bomberos. Fue un proyecto de ley que promoví activamente en mi calidad de director honorario de la Primera Compañía de Bomberos de La Cisterna .
Por eso, también como bombero, como bombero honorario desde los años ochenta, quiero expresar desde esta tribuna virtual del Congreso Nacional mi admiración y cariño hoy, 30 de junio, el Día Nacional del Bombero, saludando a la Junta Nacional; a cada uno de los cuerpos y compañías de la Región de Los Lagos, de Puerto Montt, de Chiloé, de Palena, de Osorno; y especialmente a mi Primera Compañía de Bomberos en La Cisterna , donde fui alcalde.
Por lo mismo, señora Presidenta, creo de total justicia aumentar las sanciones para quienes agreden a los bomberos.
Hemos visto casos dramáticos de bomberos agredidos cuando intentan llegar al lugar de un siniestro o un accidente, ya sea por vecinos ofuscados ante la impotencia de ver afectadas sus pertenencias más queridas o por delincuentes que no encuentran nada más entretenido que evitar que los voluntarios lleguen a cumplir con su deber y salvar vidas.
El aumento de las penas a las lesiones menos graves y graves constituye una actualización necesaria para la protección de personas que, sin esperar recompensa alguna, se dedican a defender la vida y bienes de toda la comunidad desde Arica a Puerto Williams.
El incremento realizado por la Comisión de Constitución es del todo pertinente...";1
"38";"21246";105;2020;6;"MOREIRA";NA;"El señor MOREIRA.-
Como decía, el incremento realizado por la Comisión de Constitución es del todo pertinente. Y sí queda algo por agregar: el aumento a las lesiones leves, las cuales no fueron consideradas en el proyecto ni en la modificación efectuada en el Senado.
Finalmente, solo queda agradecer a esos miles de chilenos y chilenas que todos los días entregan su tiempo y arriesgan su vida por cuidar a quienes más queremos y los bienes que nos ha tomado una vida adquirir.
Señora Presidenta , creo que queda un camino largo por recorrer: pensiones, mayores recursos, seguros. Tenemos que buscar fórmulas que permitan allanar esos recursos para entregarle más medios a una institución como Bomberos de Chile.
Creo, finalmente, que hoy día estamos haciendo un reconocimiento...";1
"39";"21246";112;2020;6;"NAVARRO";NA;"El señor NAVARRO.-
Voy a fundamentar mi voto, señor Secretario .
""Bomberos: chicos buenos"". Así dice la gente.
A pesar de eso, unos malandras, a veces gente con desesperación y con poca conciencia de esta realidad, ha cometido el acto ilegal, reprochable de la agresión.
Este proyecto de ley busca sancionar dicha conducta.
Sin embargo, creo que lo importante no es la tipificación penal, sino la necesidad urgente de crear conciencia institucional a lo largo de todo el país y de todas las instituciones.
Por cierto, rechazamos el recorte presupuestario que se le hizo a Bomberos. Todos decimos que Bomberos son la mejor institución. Yo creo que el mejor homenaje es respetar y aumentar su presupuesto, porque al hacerlo estamos no solo dignificando la tarea que cumple Bomberos, sino también la acción de defensa de las vidas de las personas.
Además, necesitamos hacer trabajo de conciencia nacional. Aumentar un grado no va a resolver el problema de fondo. En la enseñanza básica, en la enseñanza media, en todas las instancias, hay que trabajar para que Bomberos tenga el respeto que se merece. Y hay que hacer una política pública dirigida al voluntariado de Bomberos.
En esta ocasión, quiero saludar a Raúl Bustos , Presidente de la Junta Nacional de Bomberos ; a Dino Olivieri , nuestro Superintendente Regional de Bomberos , y a todas las compañías de la Región del Biobío.
Bomberos no solo defiende las casas, sino también a las personas de los incendios forestales.
Yo esperaría que no hubiera más incendios forestales. Pero cuando los haya, sepamos reponerles las mangueras, los carros, todo lo que se daña en proteger los bosques, en circunstancias de que la tarea principal de Bomberos es proteger la vida de las personas.
Yo voy a votar a favor de este proyecto de ley, no sin antes señalar que el Senado de la República el año pasado aprobó por unanimidad el reconocimiento a los cincuenta años de bombero con la medalla Senado de la República.
Y espero que este año 2020, señora Presidenta , podamos hacer entrega de ella. Los bomberos que cumplen cincuenta años de servicio son premiados por su institución. Esta medalla del Senado de la República será el primer reconocimiento externo. Ojalá que con dignidad el año 2020 podamos implementar lo que hemos aprobado: la entrega de esta medalla por cincuenta años de servicio público y voluntariado. Es el reconocimiento del Congreso Nacional y del Senado de la República.
0
Voto a favor.";1
"40";"21246";114;2020;6;"ÓRDENES";NA;"La señora ÓRDENES.-
Señora Presidenta , yo me sumo al reconocimiento que han hecho en esta sesión varios de mis colegas a la institución en su aniversario 169. Es una larga historia, una larga trayectoria, un trabajo comprometido. Y, claro, ello va más allá del combate a los incendios. Hay un trabajo comunitario que hace que reconozcamos en Bomberos una institución cercana, confiable.
Y lo quiero expresar a través del reconocimiento especial a los bomberos que desempeñan labores en la Región de Aysén. Están en las comunas más alejadas, a veces con pocos dispositivos de acción, con poco apoyo, pero aun así organizando a sus comunidades para enfrentar situaciones que pueden llegar a ser trágicas en algunos territorios.
En consecuencia, me sumo al reconocimiento. Y con mucho entusiasmo apoyo esta moción parlamentaria.
Voto a favor.";1
"41";"21246";118;2020;6;"PÉREZ VARELA";NA;"El señor PÉREZ VARELA.-
Señora Presidenta , este es un proyecto relevante para proteger a hombres y mujeres que trabajan en una institución que ayuda a las personas no solo cuando hay incendios, sino también cuando hay accidentes. En los momentos más difíciles, más duros de una familia, de una persona, de un hombre o una mujer, los bomberos están ahí ayudando, colaborando y haciendo que las situaciones difíciles puedan transcurrir de una manera mucho más fluida.
Por lo tanto, el respaldo que Bomberos de Chile tiene a lo largo y ancho del país, en todas y cada una de nuestras comunidades, es el fruto de esta labor más que centenaria, voluntaria, para ayudar a las personas. Bomberos ayuda a las personas. Por lo tanto, es fundamental, es esencial protegerlos.
Se discutió en la Comisión de Constitución una serie de otras alternativas. Pero la participación del abogado representante de Bomberos nos llevó a la conclusión de que lo que había que mejorar era, desde un punto de vista práctico, lo relacionado con las lesiones menos graves y graves, porque son las situaciones que a ellos verdaderamente más les preocupan.
Por lo tanto, estamos planteando una medida efectiva en orden a que quien agreda al personal de Bomberos será sancionado adecuadamente.
0
Creo que la legislación que aprueba el Senado en este día es un homenaje a todos los bomberos en el Día Nacional del Bombero. El Presidente Jorge Alessandri estableció el 30 de junio como el Día Nacional del Bombero en homenaje a la labor en ese momento ya casi centenaria que estaban realizando los diversos cuerpos de bomberos.
Esta es una institución que verdaderamente enorgullece, dignifica a los chilenos. Ojalá los chilenos tuviéramos el espíritu de servicio de los bomberos; ojalá nuestra ciudadanía manifestara la capacidad de entrega que tienen los bomberos por los demás. Pienso que esa entrega por los demás es una de las cosas que hace fundamental la grandeza de Chile. Bomberos es una de las instituciones que hace grande al país.
Por lo tanto, esta legislación es un símbolo de que queremos protegerlos; de que quien agreda a los bomberos será drásticamente sancionado; de que quien agreda a los bomberos recibirá una penalidad mayor, porque el que agrede a los bomberos está tratando de destruir la acción de quien está ayudando a la comunidad. Y, en ese sentido, debemos ser extraordinariamente rigurosos.
Por eso voto a favor de este proyecto, que verdaderamente en este día nos permite hacer un saludo a mujeres y a hombres que integran los cuerpos de bomberos en todas y cada una de nuestras comunas, urbanas y rurales, y que realizan una tarea insustituible para todos los chilenos.
La señora MUÑOZ ( Presidenta ).- Gracias, Senador.
El señor GUZMÁN ( Secretario General ).- Senador señor Pizarro, ¿cómo vota?";1
"42";"21246";119;2020;6;"PIZARRO";NA;"El señor PIZARRO.-
Voy a votar a favor, señora Presidenta , no solo porque creo que el proyecto es necesario. El solo hecho de dar mayor resguardo o de aumentar las penas para quienes agreden a los bomberos cuando cumplen sus funciones constituye una señal potente a la ciudadanía, que, obviamente, tienen que ir -así lo espero- de la mano de campañas de educación a la población, para que se resalte mucho más el rol fundamental que cumple Bomberos de Chile.
Es de las instituciones más generosas que existen, con mayor sentido de voluntariedad; tal vez el equivalente en el mar es lo que hacen los botes salvavidas, con ese espíritu de acudir en ayuda de quienes lo necesitan sin esperar nada a cambio.
Son un ejemplo de cómo se puede trabajar solidariamente en una sociedad.
Así que con mi voto a favor espero testimoniar el cariño que le debemos tener todos los chilenos a los bomberos en todas las comunas de nuestro país.";1
"43";"21246";123;2020;6;"PROVOSTE";NA;"La señora PROVOSTE.-
Señora Presidenta , a mi juicio, la votación de este proyecto de ley en una ocasión tan importante para el Cuerpo de Bomberos, como es su día nacional, nos permite una oportunidad propicia para agradecerles a las voluntarias y a los voluntarios de todo Chile, en particular a los de todas las compañías de la Región de Atacama, por sus muestras de valor, su capacidad -lo hemos visto permanentemente en nuestra zona- tras hechos muy complejos
0
como los aluviones y distintas situaciones de dificultad para la familia.
Su trabajo es fundamental para la seguridad de todos nuestros compatriotas. Y, ciertamente, las voluntarias y los voluntarios ponen en riesgo su integridad física cada vez que concurren a un llamado de la comandancia.
El Senador Ricardo Lagos , quien me antecedió en la palabra, hablaba de iniciativas de ley que hemos aprobado, normativas que van en el camino de reconocer la importancia del Cuerpo de Bomberos en nuestro país: entre ellas, por ejemplo, la que nos tocó sacar adelante y que posibilita a quienes se desempeñan como voluntarios de Bomberos asistir a los llamados de emergencia sin poner en riesgo su fuente laboral.
Mi aprecio y mi agradecimiento no bastan solo en estos proyectos de ley, que por cierto voto con gran entusiasmo a favor: también debe levantarse la voz todas las veces que sea necesario para oponernos a las rebajas presupuestarias que, entre otras cosas, este Gobierno ha intentado hacer a los cuerpos de bomberos de Chile.
Voto a favor, señora Presidenta , y entrego un cariñoso saludo solidario y nuestro reconocimiento al valor de los voluntarios y voluntarias del Cuerpo de Bomberos de Chile.";1
"44";"21246";126;2020;6;"PUGH";NA;"El señor PUGH.-
Señora Presidenta , sin lugar a duda, debemos sentirnos orgullosos todos los chilenos de contar con voluntarias y voluntarios que sirven a sus semejantes como bomberos y bomberas.
Esta es una actividad noble y que tiene su origen en tragedias. Ya se ha citado el caso de Valparaíso, puerto Patrimonio de la Humanidad. Sin embargo, quiero recordar ese gran incendio de fines de diciembre de 1850, que partió en lo que era Cruz de Reyes, el inicio de la calle del Cabo, hoy el Reloj Turri, hasta pasado el hoy edificio de .
El Mercurio de Valparaíso
Toda la calle Esmeralda de hoy se quemó. Fue un incendio gigantesco. Incluso el Intendente de la época junto a los vecinos tuvieron que ayudar a apagar el incendio: me refiero al Almirante Manuel Blanco Encalada, quien fue el primer Presidente que tuvo Chile.
Los vecinos se organizaron. Por eso, en una fecha como hoy, hace 169 años, decidieron crear cuatro compañías que se tenían que preocupar de las distintas áreas, no solo de apagar incendios desde las escalas, sino también del resguardo de los bienes que habían sido afectados.
Hoy en día el Superintendente del histórico Cuerpo de Bomberos de Valparaíso es don Erasmo Olivares Ojeda , a quien le mando un afectuoso saludo, y su Comandante, don Rodrigo Romo Silva .
Actualmente, están funcionando dieciséis compañías para poder darle tranquilidad a una ciudad que es afectada siempre por todos estos fenómenos. Pero debemos cuidar a Bomberos no solo con este proyecto, que de alguna manera pretende crear conciencia en las personas de que cuando se ataca a un bombero se ataca a sus semejantes, porque lo que están haciendo ellos es ayudar a la gente desprotegida. Son el medio que permite poder contener los incendios y dar auxilio.
Asimismo, también deseo hacer presente a la Honorable Sala que debemos tratar de evitar todo tipo de discriminación por trabajo o profesión.
0
He ingresado una moción que está en la Comisión de Constitución para hacernos cargo de esto, para impedir que sean discriminados por su trabajo: no es posible que por ser bomberos y además por cumplir una función noble ocurra aquello.
Hago un llamado a la conciencia, como se ha dicho, porque es la única manera de cuidar lo que tenemos.
Y más importante aún se halla lo vinculado con el presupuesto.
Espero que dentro de las medidas de reactivación, y mediante un acuerdo amplio, seamos capaces de lograr, con fondos de desarrollo regional, más infraestructura, mejores edificios, más vehículos. Los carros de bomberos están llegando al término de su vida útil. Incluso es factible pensar en traer vehículos eléctricos usados baratos, como los de escala, que son medidas concretas para ayudarlos. Porque no solo hay que preocuparnos de ellos, sino también debemos asignarles presupuesto.
Por último, hay que establecer un sistema de comunicaciones digital. Bomberos no puede seguir usando frecuencias abiertas sin permitirles coordinar.
Algunas veces se requiere la concurrencia de más de 3 mil personas, y eso es imposible de organizar con las herramientas de que disponen actualmente.
Por eso, señora Presidenta , hoy, en el día de nuestros bomberos, voto a favor, con la convicción de que desde Valparaíso , donde partió esta iniciativa, se va a impregnar esta idea a todo el país.";1
"45";"21246";129;2020;6;"QUINTANA";NA;"El señor QUINTANA.-
Señora Presidenta , siempre he sostenido que los aumentos de penas por sí solos no resuelven los problemas, más aún cuando en nuestro ordenamiento jurídico tenemos un Código Penal que consigna sanciones bastante estrictas.
No obstante, como decía un colega, aquí se trata de dar una señal. Y probablemente en este caso, más que en otros, va a ser mucho más fácil el establecimiento del término probatorio y demostrar lo concerniente a quien agrede a un bombero.
Entonces, esta iniciativa más bien tiene que ver con ello.
Varios colegas se han referido en este homenaje a los 169 años de Bomberos, fundado en la Región de Valparaíso.
En el Teatro de la Victoria, se propuso la conformación definitiva del servicio de Bomberos, que ya disponía de 330 voluntarios; hoy día existen 313 cuerpos de bomberos en todo el país que cubren y dan seguridad a los habitantes de la población.
Es buena esta señal, pero creo que hay que dar otras que son también muy importantes: en materia de pensiones, de seguridad, de infraestructura, de la cual son muy carentes en muchos lugares. Hoy no contamos con una provisión específica, por ejemplo, dentro del Fondo Nacional de Desarrollo Regional para la restauración de cuarteles.
Esas fueron las cuestiones que justamente le expresamos el año pasado a don Raúl Bustos cuando, junto al Senador De Urresti, les rendimos un homenaje en el Salón de Honor, como merecen los Bomberos.
Entendemos que hay muchos temas pendientes, como la regularización de terrenos, cuyo proyecto el Senado ya despachó, pero aún falta el trámite final en la Cámara de Diputados. Son pasos necesarios para avanzar, así como también lo relativo al presupuesto, que no puede ser recortado, a fin de homenajear como corresponde a
0
Bomberos.
Por supuesto, voto a favor.";1
"46";"21246";131;2020;6;"QUINTEROS";NA;"El señor QUINTEROS.-
Señora Presidenta , todo lo que podamos decir de Bomberos de Chile es insuficiente para poner de relieve su vocación de servicio público y su incuestionable solidaridad.
Para Chile Bomberos es un orgullo; es por lejos la institución más confiable para la ciudadanía.
Desde su fundación Bomberos ha cumplido una función social determinante e irremplazable, y lo ha hecho con fidelidad y apego a sus principios y valores. Esa es la actitud que identifica a Bomberos de Chile como una institución única en el mundo, profesional en su quehacer y voluntaria en su servicio.
En este contexto, agredir a Bomberos, violentar sus derechos...";1
"47";"21246";137;2020;6;"RINCÓN";NA;"La señora RINCÓN.-
Señora Presidenta , hoy, 30 de junio -ya lo han dicho otros Senadores-, se celebra el Día Nacional de Bomberos, y no puedo sino partir por agradecer y felicitar el tremendo compromiso, trabajo y entrega de Bomberos de Chile. Y lo hago en la figura de su Presidente Nacional , don Raúl Bustos , un linarense, un maulino, quien desde hace ya algún tiempo dirige esta institución. Varios integrantes de su directiva son de nuestro Maule , hombres de regiones, algunos de Concepción, entre otros lugares.
Recuerdo con mucha felicidad y orgullo cuando durante el Gobierno de la Presidenta Bachelet me tocó desde el Ministerio del Trabajo aprobar y apoyar otra moción que entregaba fuero laboral bomberil, para trabajadores de este rubro, personas comprometidas, voluntarios ad honorem en Bomberos y que se desempeñan en instituciones públicas o privadas y que hasta ese momento no tenían ese tipo de resguardo. Y sacamos adelante el proyecto respectivo.
0
Hoy día, esta otra iniciativa, también de origen parlamentario, endurece las penas para quienes agredan a los bomberos. Creo que la labor de Bomberos es tremendamente relevante, y, por tanto, debemos cuidarlos. Ellos están siempre presentes no solo en los incendios, sino también ayudando en las sequías, en los terremotos, en los maremotos; ayer lo estuvieron en las inundaciones ocurridas aquí, en nuestro Maule.
Siempre están con la ciudadanía.
Por eso considero que merecen el mayor respeto y cuidado de todas y de todos nosotros.
Vaya, entonces, mi reconocimiento al Cuerpo de Bomberos, y, en este día, el respaldo a esta iniciativa.
Voto a favor.";1
"48";"21246";141;2020;6;"QUINTEROS";NA;"El señor QUINTEROS.-
Decía, señora Presidenta , que todo lo que podamos señalar de Bomberos sería insuficiente para poner de relieve su vocación de servicio público y su incuestionable solidaridad.
Para Chile Bomberos constituye un orgullo, y es por lejos la institución más confiable para la ciudadanía.
Desde su fundación Bomberos ha cumplido una función social determinante e irreemplazable, y lo ha hecho con fidelidad y apego a sus principios y a sus valores. Esa es la actitud que identifica a Bomberos de Chile como una institución única en el mundo, profesional en su quehacer y voluntaria en su servicio.
En ese contexto, agredir a bomberos, violentar sus derechos, poner en riesgo su integridad física, dificultar su trabajo son actitudes que escapan al sentido común. Y aunque tales conductas resultan incomprensibles, lamentablemente se trata de una realidad que durante los últimos años se ha ido incrementando.
Por ello se requieren mayores sanciones para quienes incurran en este tipo de delitos. Porque en un mundo que parece guiado únicamente por el principio del poder o por el horizonte del éxito económico, los voluntarios de cada compañía a lo largo del país testimonian a diario un compromiso social que merece todo nuestro respeto y aprecio.
Quiero hacer un especial reconocimiento a los Cuerpos de Bomberos de mi Región, algunos de ellos muy antiguos, como los de Osorno, de Puerto Varas, de Castro, de Ancud y de Puerto Montt, que ha celebrado su aniversario 155 hace pocos días.
Bomberos, señora Presidenta , es parte de la historia de muchas comunas de nuestro país. Por generaciones los voluntarios han demostrado un insuperable espíritu de servicio y un alto grado de profesionalismo en el desempeño de sus labores a favor de la comunidad. Quienes atentan contra ellos atentan también contra la inmensa mayoría de los chilenos que admiramos la labor de Bomberos, y merecen las sanciones que en este proyecto se establecen.
En el Día Nacional de Bomberos, con mucho agrado voto a favor de este proyecto.";1
"49";"21246";143;2020;6;"SANDOVAL";NA;"El señor SANDOVAL.-
Señora Presidenta , sin duda, me sumo a las elogiosas palabras que se han emitido hacia una institución que, como bien se ha señalado, está en el corazón de todos los chilenos y chilenas que viven en los más apartados rincones de nuestro país.
Soy de una región extremadamente extensa y grande. Y siempre lo he dicho: si Aysén estuviera en la zona central, abarcaría desde Santiago hasta Valdivia . Y en ese mismo territorio de nuestra Región no hay rincón en que, ya sea a través de una compañía o de brigadas si hablamos de pequeñas localidades, no se levante ese espíritu de servicio de hombres y mujeres imbuidos de un valor humano y de un sentimiento de solidaridad tan grande que están dispuestos precisamente a eso, a servir a la gente.
He estado en conversaciones con sus autoridades durante estos últimos días. Y quiero hacerles llegar los saludos a todos los bomberos a través de Miguel Jara Mardones , actual Presidente Regional de Bomberos de Aysén ; Cristián Opitz , Superintendente de Bomberos de Coyhaique . Asimismo, deseo saludar a los voluntarios de esos lugares perdidos de nuestra Región mencionando a Jorge Godoy, Director de la Quinta Compañía de Bomberos de Puerto Ibáñez ; a Sigifredo Sánchez en Puerto Chacabuco, y a Boris Romero , Comandante del Cuerpo de Bomberos de nuestra ciudad de Coyhaique.
Sin duda resulta muy curioso y extraño que hoy día tengamos que legislar sobre un proyecto que establece sanciones, que eleva penas para quien agreda a bomberos. ¡A quién se le puede ocurrir realizar un acto como ese!
Se observa el deterioro de nuestra sociedad como nación cuando surge la necesidad de establecer regulaciones para elevar las penas a aquellos que agreden ¿a quién? A una persona que ni más ni menos está sirviendo a toda la ciudadanía, a toda la comunidad.
Hoy se celebra el aniversario número 169 de la noble institución del Cuerpo de Bomberos de Chile, nacida hace tantos años en la ciudad de Valparaíso y que se ha extendido a todos los rincones de nuestro país.
A través de Miguel Jara , Presidente del Consejo Regional de Aysén , les hacemos llegar a todos los voluntarios, en el Día del Bombero, nuestros más calurosos y afectuosos saludos de reconocimiento por la noble labor que realizan.
Nos manifestamos absolutamente al lado de las demandas que están planteando precisamente para mejorar sus materiales tanto de uso menor como de uso mayor. Por cierto, Bomberos merece todo lo que sea necesario para facilitar su labor.
Voto absolutamente a favor.";1
"50";"21246";145;2020;6;"SORIA";NA;"El señor SORIA.-
Voto a favor, por mis compañeros bomberos de Iquique, con quienes he convivido gran parte de mi vida.
Mis saludos desde el Senado de la República a cada uno de los bomberos de Iquique y de todo Chile.";1
"51";"21246";147;2020;6;"VAN RYSSELBERGHE";NA;"La señora VAN RYSSELBERGHE.-
Secretario, me sumo a todos los elogios, reconocimientos y felicitaciones en su día para el Cuerpo de Bomberos de Chile, en particular a los bomberos de la Región del Biobío.
Y con mucho gusto voto a favor de esta iniciativa.";1
"52";"21246";149;2020;6;"VON BAER";NA;"La señora VON BAER.-
¿Ahí sí?
Pido la palabra, Secretario .
Me alegra mucho que estemos votando este proyecto en el día de hoy, porque nos permite felicitar a Carabineros de Chile, y, en mi caso, especialmente... ¡Perdón, a Bomberos!
¡Lo siento...!
Quiero agradecer, señora Presidenta , que estemos votando hoy este proyecto, porque nos permite felicitar especialmente, ahora sí, a Bomberos de Chile, y en mi caso, especialmente a los bomberos de la Región de Los Ríos, por la labor que realizan.
Nos muestran, en tiempos de pandemia, en tiempos difíciles, lo importante que es tener a personas que están dispuestas a trabajar por otros, a entregar incluso su vida por el prójimo. Creo que, en momentos como los que estamos viviendo, ese sentido de comunidad, ese ponerse en el lugar del otro que nos necesita, nos hace mucha falta. Tenemos que recuperar ese sentido de vivir todos juntos, de trabajar unidos para poder superar los problemas.
Por lo tanto, el poder votar este proyecto hoy me parece muy relevante.
Y quiero agradecerle a Bomberos por la labor que realizan. No puede ser que en un momento en que están, incluso, entregando la vida por el prójimo, sean agredidos. Tal como se ha descrito acá, hay veces en que los bomberos están realizando su labor y se ven agredidos por los propios pobladores, por las propias personas que están ahí.
Así que el que hoy se tipifique este delito, pero, además, que se aumenten las penas para los que agreden a bomberos, me parece que es el camino correcto -probablemente no es el único- y una señal clara de que no se puede agredir a un bombero cuando está realizando su labor en ayuda de la sociedad.
Por tales razones, con mucho agradecimiento hacia Bomberos, voto a favor.";1
"53";"21246";151;2020;6;"ALLENDE";NA;"La señora ALLENDE.-
Presidenta, quiero también hacer un reconocimiento al Cuerpo Nacional de Bomberos, por la tremenda labor y el compromiso que muestran hacia todos nosotros. Es una labor voluntaria, pero de tremendas obligaciones, demanda y profesionalismo.
Por supuesto, me parece que el mejor reconocimiento que podemos hacerles en este momento es aprobar este proyecto, que implica subir en un grado la pena a aquellos que agreden a bomberos que están cumpliendo sus funciones.
Yo lamento incluso que tengamos que hacer un proyecto de esta naturaleza, porque realmente cuesta entender - es una contradicción mayor- que mientras cumplen una labor solidaria, de ayuda a aquellos que han tenido un accidente, o se han incendiado, o han sufrido un derrumbe, como nos ocurre tan frecuentemente en Valparaíso, haya gente que, encima, los pueda agredir.
Por eso, duele que tengamos que aprobar un proyecto así, pero en hora buena si con esto facilitamos su trabajo, su compromiso y el aporte insustituible que nos entregan.
No olvidemos que la primera institución nace en Chile en 1851, como se ha recordado, a raíz de ese gran incendio que afectó inicialmente una cigarrería y luego a treinta y siete viviendas de la calle Cruz de Reyes.
Yo no puedo dejar de señalar, Presidenta , que a mí me dolió mucho cuando inicialmente, desde Hacienda, se propuso la reducción de 3.757 millones de pesos en el presupuesto de Bomberos. Fue algo que tuvo una crítica muy amplia, muy diversa, muy transversal, y finalmente se accedió a una reducción de 1.400 millones de pesos, aceptada por la propia Dirección Nacional de Bomberos en la circunstancia de lo que estamos viviendo. Pero yo espero que esto solo sea algo debido, por supuesto, a la pandemia que estamos sufriendo, para el 2020, y que no vuelva a ocurrir, porque realmente no hay peor señal que rebajarle el presupuesto al Cuerpo de Bomberos, que trabaja voluntariamente, con las exigencias que hemos dicho, cada vez mayores.
No podemos olvidar que en la Región de Valparaíso a cada momento tenemos incendios, derrumbes, accidentes tremendos que afectan a la población, sobre todo a los sectores más vulnerables. Por eso, como nunca tenemos que hacer un reconocimiento a todas las compañías, a todos quienes realizan este trabajo. Y me quiero sumar, entonces, en esta tarde, desde el Senado, a este merecido homenaje que se les hace.
Voto a favor.";1
"54";"21246";153;2020;6;"ARAVENA";NA;"La señora ARAVENA.-
Gracias, señor Secretario .
Me voy a permitir fundamentar mi voto en un minuto.
Primero, coincidiendo con la Senadora Allende, quien me antecedió en el uso de la palabra -por su intermedio, Presidenta -, también quiero reflexionar respecto de por qué tenemos que estar haciéndonos cargo de algo tan lamentable, que también revela la profunda crisis social que hoy día estamos viviendo.
Sin duda -creo que todos lo han dicho-, Bomberos es probablemente una de las instituciones más queridas en Chile, una de las más antiguas y, de verdad, muestra un nivel de generosidad pocas veces visto, que refleja la verdadera sociedad chilena, que siempre ha sido, históricamente, muy generosa. Por eso, que tengamos que estar legislando para que no ataquen a los bomberos es bastante complejo.
0
Quiero decirles que los Senadores de mi Región sabemos que han desarrollado una labor tremendamente importante por el nivel de ataques incendiarios que han ocurrido en los últimos años, principalmente en la provincia de Malleco, pero también en la de Cautín, lo que ha implicado que muchos bomberos hayan sufrido en carne propia, incluso, el riesgo de la vida.
En ese contexto, de estos 313 cuerpos de bomberos que hay en Chile, que cuentan con cuarenta y dos mil voluntarios, quiero recordar a uno de ellos que el año pasado, en febrero de 2019, falleció. Se llamaba Nicolás Soto , tenía 20 años, era de Villarrica y por ir a cubrir incendios a Nueva Imperial, en un accidente como puede haber muchos en este tipo de maniobras, falleció.
A los muchos jóvenes que, como él, arriesgan sus vidas cada día -y también a los no tan jóvenes- por cuidarnos a nosotros; y, en especial, a Luis Carmach , un servidor público que conozco, quien es Presidente del Consejo Regional de Bomberos , quiero agradecerles profundamente la labor que realizan.
Pero, principalmente, es necesario reflexionar sobre qué está pasando en Chile para que tengamos que generar sanciones para que nuestra ciudadanía, nosotros mismos protejamos a quienes nos cuidan.
Así que yo, evidentemente, apoyo este proyecto y felicito que se haya presentado.
Gracias, señor Secretario y señora Presidenta .";1
"55";"21246";155;2020;6;"ARAYA";NA;"El señor ARAYA.-
Señor Secretario , voy a votar a favor y aprovecho la ocasión para enviar un cordial y afectuoso saludo a las compañías de bomberos del país, y especialmente de la Región de Antofagasta, dado que siempre están dispuestos a ayudar al prójimo, están presentes cuando hay necesidades urgentes en distintos tipos de catástrofes, en incendios, en accidentes. Es importante reconocer la labor abnegada que realizan día a día por ayudar a los ciudadanos.
Este proyecto de ley es necesario porque, justamente, busca darles una protección a los bomberos cuando concurren a algún siniestro, a algún accidente. Hemos visto cómo, en situaciones inexplicables, muchas veces son atacados por la misma población a la cual van a ayudar. Por esa razón, lo que ha hecho la Comisión de Constitución hoy día es aumentar las penas en el caso de las agresiones a bomberos, de forma tal que puedan contar con un marco jurídico que los respalde cuando están realizando sus actividades.
Cabe decir que hoy, 30 de junio, en el Día del Bombero, enviamos un afectuoso saludo a todos los bomberos, pero especialmente a quien ha sido uno de los impulsores de esta iniciativa, el ex Diputado y ex Ministro del Interior Enrique Krauss , pues ha estado abogando porque ella salga adelante, dado que él es un destacado bombero y, justamente, quería que hubiera un reconocimiento para la institución este día.
Por esa razón, Presidenta , voy a votar a favor de esta iniciativa.";1
"56";"21246";157;2020;6;"BIANCHI";NA;"El señor BIANCHI.-
Gracias, señor Secretario , Presidenta .
0
Bueno, yo me voy a sumar a los saludos que han expresado mis colegas hoy, 30 de junio, cuando se conmemora el día de la bombera y el bombero.
Yo voy a respaldar esta propuesta, que fue mejorada. Finalmente, se optó por la fórmula de aumentar las penas en un grado a quienes atacan a bomberos. El proyecto que venía desde la Cámara de Diputados planteaba elevar las penas tratándose de delitos menos graves, pero se ha considerado más amplio establecer una agravante para todos los casos.
Junto con el aumento de penas para quienes agreden a bomberos, creo, Presidenta , que es tremendamente importante dejar en la historia de la ley otras materias pendientes para seguir apoyando a esta importante institución, como, por ejemplo, definir un mejor marco presupuestario. Como recordaban varias Senadoras y Senadores, vimos cómo Hacienda intentó quitarle del presupuesto una cantidad tremendamente significativa, situación que se logró, en parte, revertir.
Asimismo, vemos cada año cómo presupuestos locales, municipales, o la ya desgraciadamente normalizada ""Campaña del Sobre"", son herramientas a las que deben recurrir para solventar los gastos operativos de esta institución de la cual todos decimos sentirnos tremendamente orgullosos.
Hay otra propuesta que yo he conversado muchas veces, porque el que Bomberos acuda prontamente a un siniestro les ahorra una enorme cantidad de plata a las aseguradoras. Si alguien se beneficia directamente de la eficiencia de esta institución son las compañías de seguros. Y uno ve que ellas, desgraciadamente, con suerte dan un seguro de salud para las bomberas y los bomberos, cuando debieran ser absolutamente parte del presupuesto anual que requiere esta noble institución.
Yo quiero saludar afectuosamente a las bomberas y los bomberos de la Región de Magallanes. En toda nuestra región, en cada una de las comunas están allí presentes, con un trabajo tremendamente eficiente, como el que realizan a lo largo de todo nuestro país.
Reitero mi homenaje a las bomberas y los bomberos de Chile, especialmente de la Región de Magallanes, y voy a votar, estimado Secretario y estimada Presidenta, favorablemente este proyecto.";1
"57";"21246";159;2020;6;"CASTRO";NA;"El señor CASTRO.-
Presidenta, tenemos que preguntarnos por qué estamos legislando y si la educación en nuestro país entrega valores.
Yo creo que no.
Bomberos es una institución noble, formada por personas con muy altos valores de servicio público y de ayuda al prójimo, y merecen todo nuestro respeto y reconocimiento.
Por eso, el día de hoy les envío un gran saludo a todos los bomberos de Chile y un abrazo grande a cada uno de los bomberos de la Región del Maule.
Voto a favor, Presidenta .";1
"58";"21246";161;2020;6;"CHAHUÁN";NA;"El señor CHAHUÁN.-
Señora Presidenta , Honorable Sala, como miembro honorario de la institución, y también pensando en el aporte que significa Bomberos para todo el país, por supuesto voto a favor.
Fue justamente un 19 de diciembre del año 1850 cuando la Intendencia Regional , con presencia del Intendente subrogante José Santiago Melo Mendoza -el titular era Manuel Blanco Encalada -, junto a un grupo de vecinos de Valparaíso comienza la tarea de formar el Cuerpo de Bomberos de la ciudad. Y esto, básicamente, por un incendio que hubo en la calle Esmeralda .
Cabe recordar que Valparaíso era una metrópoli en aquel entonces, y por supuesto, aspiramos a que lo vuelva a ser en el futuro.
Y el 30 de junio del año 1851 la comisión que se formó aquel 19 de diciembre de 1850 logra formar la primera asociación contra incendios.
Hoy día tenemos 313 agrupaciones de bomberos en todo el país y 42 mil efectivos, que sin lugar a dudas cumplen una tremenda labor.
Fue en la calidad de Diputado cuando formamos la Comisión Especial de Bomberos, junto a Iván Moreira y otros parlamentarios que hoy día nos acompañan, y sacamos adelante la ley marco de Bomberos, además de cuestiones que son esenciales, como, por ejemplo, declarar la inembargabilidad de los carros bomba; o poder contar con seguros para los bomberos; o evitar que pagaran peajes frente a una emergencia.
Pero todavía hay muchos temas pendientes.
Ciertamente, entre ellos están los que dicen relación con asegurar los medios, los recursos necesarios para contar con una labor extraordinariamente importante.
Por tanto, quiero saludar no solamente al Cuerpo de Bomberos de Valparaíso, sino también al Cuerpo de Bomberos de Viña del Mar, en particular a la Segunda Compañía, que se fundó el 14 de diciembre de 1884. Su fundador, Julio Chaigneau Salas , efectivamente inició un camino. Mauricio Navarrete es su actual Director.
Por supuesto, voto favorablemente, porque hoy día tenemos un problema de violencia desatada, que lo sufre también el Cuerpo de Bomberos.
Quiero recordar a los mártires del Cuerpo de Bomberos de Valparaíso aquel 1 de enero de 1953, cuando un incendio en la barraca Schulze, a pocas cuadras de este Congreso Nacional, terminó con la vida de 36 voluntarios.
Por supuesto, adhiero a este proyecto de ley. Y creo que es una extraordinaria señal en los 169 años de existencia del Cuerpo de Bomberos de Valparaíso y de Chile.";1
"59";"21246";163;2020;6;"COLOMA";NA;"El señor COLOMA.-
Presidenta, pido la palabra.
Yo quiero muy simplemente, pero bien profundamente, valorar que este proyecto de ley se dé en un escenario con dos objetivos centrales.
Primero, la conmemoración de un aniversario más de la formación de Bomberos, institución que, de alguna manera, está profundamente adentrada en el alma del país.
Como se ha dicho sabiamente, es de las pocas instituciones que tienen el carácter de voluntarias, a diferencia de la mayoría de los países, en donde es una profesión. Aquí, de alguna manera, se ha querido valorar el gesto
0
republicano de colaborar con el resto en momentos difíciles. Y eso yo creo que es muy valioso y es una feliz coincidencia que el Senado esté culminando un proceso legislativo precisamente en una fecha en que el país reconoce a los bomberos de Chile.
Pero, además, yo quiero hacer una breve reflexión respecto del sentido profundo de este proyecto.
Me gustaría de alguna manera describir lo que me tocó vivir en una ocasión en que se quemó...(falla de audio en transmisón telemática)... en el Maule. Estaba cerca, llegué y me tocó ver un grado de violencia de personas que se encontraban en otro lugar, en una fiesta aparte, y que de hecho impidieron por largo rato la llegada de los bomberos a cumplir con su deber.
Entonces, una cosa es luchar contra el fuego, pero otra es luchar contra la incomprensión.
Lo que hace este proyecto es darles una estatus de autoridad. Porque obviamente la agresión a cualquier ciudadano es penada, pero cuando ese ciudadano está investido del poder de la autoridad, ese delito tiene una pena adicional, porque representa una agresión al Estado.
Y eso es lo que de alguna manera este proyecto construye. Se trata de dar una categoría especial a los bomberos que, en cumplimiento de su labor, se ven agredidos, de manera que aquel que lo hace sienta que agrede al país.
Por eso recibe una sanción adicional. No es una razón diferente. Es porque ahí está actuando el bien y se está tratando de combatir con el mal, a fin de que ese bien no tenga éxito en la lucha por la vida o por los bienes de personas que sufren.
Por tanto, creo que esta es una buena iniciativa. Tuvo una tramitación sanamente discutida, porque estas cosas hay que debatirlas siempre. Pero yo me alegro de que haya terminado el día de hoy y que, a partir de la publicación de esta ley, uno sepa que Bomberos tiene una autoridad adicional, que representa al Estado siempre que alguien pretenda agredirlos.
Voto entusiastamente a favor, Presidenta .";1
"60";"21246";165;2020;6;"DE URRESTI";NA;"El señor DE URRESTI.-
Gracias, Secretario .
Voy a fundamentar mi voto no solo como Presidente de la Comisión de Constitución, donde pudimos discutir este proyecto -y aprovecho de felicitar al equipo de Bomberos, la Junta Nacional que pudo estar atenta, sugiriendo distintos aspectos, y de sumarme al reconocimiento que se hacía a Enrique Krauss , exparlamentario, ex Ministro , quien también ha estado empujando esta iniciativa-, sino, además, en mi condición de voluntario de la Segunda Compañía de Bomberos de Valdivia, de Las Ánimas, de nuestra ciudad.
Señora Presidenta , me alegra cuando existe unanimidad o una amplia aceptación respecto de una iniciativa como esta, que viene a corregir un vacío legal que había para la protección de los voluntarios, quienes, como bien lo señalaban algunos Senadores, van a lugares desconocidos, van a lugares en la noche, van a lugares en que hay tensión, en que hay agresiones. Porque no puede admitirse que quien voluntariamente concurre a un incendio o un accidente para tratar de salvar vidas sea agredido y esa situación quede impune o con una sanción muy leve.
En esto tiene que haber un reconocimiento, tiene que haber una protección a Bomberos.
Creo que este tipo de proyectos, que son pequeños, que son puntuales, deben hacernos reflexionar. Y es importante que las autoridades tomemos conciencia de lo que significa dicha institución: 313 cuerpos, 120 compañías. Tenemos bomberos de Arica a Punta Arenas. Pero muchas veces hay un dispar desarrollo de sus funciones: hay lugares, ciudades, gobiernos regionales o instancias donde las compañías son muy bien beneficiadas, en tanto que en otras partes ni siquiera tienen cuartel, ni siquiera tienen renovación de sus equipos;
0
tienen carros con larga data, tienen la imposibilidad de un funcionamiento cotidiano.
Al menos, al Cuerpo de Bomberos de Valdivia le hemos podido colaborar; hemos podido apoyar su gestión para que sus diez compañías tengan un buen funcionamiento. Pero esto, obviamente, corresponde a una región, corresponde a todo Chile, donde tiene que haber un nivel de capacitación, de equipamiento, de especialización, cuando hoy día existen tantos tipos de siniestros: en materias químicas, acuáticos, de rescate en altura, en fin.
Aquí, Presidenta, creo que es importante resaltar algunos elementos.
Hace un par de años nosotros impulsamos -y me siento contento de ser su autor- la ley marco de Bomberos, que permitió entregarle un paraguas, un instrumento a esta entidad, la que, sin lugar a dudas, ha colaborado. Pero tenemos que avanzar.
El Senado está en deuda, Presidenta. Y esta es una responsabilidad nuestra, como institución...";1
"61";"21246";168;2020;6;"DE URRESTI";NA;"El señor DE URRESTI.-
Presidenta, en la legislatura anterior, por acuerdo unánime de Régimen, se resolvió establecer un reconocimiento, una condecoración del Senado para los voluntarios con cincuenta o más años de servicios. Eso está aprobado. Lo conversamos en su momento con don Raúl Bustos , Presidente de la Junta Nacional -a quien aprovecho de saludar-, junto a su equipo, para poder hacerlo. Obviamente, tenemos un problema operativo, pero debemos llevarlo adelante, para hacer este reconocimiento. Y además tenemos que seguir avanzando en el fortalecimiento de la posibilidad de otorgar una pensión para aquellos voluntarios que cumplan cierta cantidad de años de servicios, así como en otras iniciativas.
Creo que esta es una buena instancia, una buena oportunidad, para hacerlo presente. Pero, en lo puntual, voy a votar a favor, recalcando, como digo, ese acuerdo que tenemos que implementar -de manera virtual u otra- para llevarlo adelante.
Voto que sí, expresando mis felicitaciones a todos los bomberos de Chile en su día.";1
"62";"21246";170;2020;6;"DURANA";NA;"El señor DURANA.-
Pido la palabra, señor Secretario .
La mayor protección a los miembros del Cuerpo de Bomberos es un imperativo absolutamente necesario para quienes, de forma desinteresada y generosa, ponen en riesgo su propia integridad en favor de la comunidad.
La labor de Bomberos es irreemplazable, no solo en el combate contra el fuego, sino en incidentes con materiales peligrosos, en el manejo y control de derrames y desastres químicos, en el salvamento de personas, en el rescate en montaña, en trabajos en altura y en el rescate en accidentes de tránsito urbano y de carreteras, entre otros.
La labor que realizan estos héroes anónimos de nuestra comunidad merece nuestro respeto, gratitud y compromiso. Ahora les entregamos una mayor protección al establecer el delito de maltrato a personal de Bomberos frente a actos que deben ser adecuadamente reprimidos.
0
Hoy, 30 de junio, Día Nacional del Bombero, manifiesto mi aprobación al presente proyecto de ley, aprovechando de rendir un homenaje al Cuerpo de Bomberos de Arica, a todas sus compañías, y a la última compañía creada en el país, en la comuna de Putre, provincia de Parinacota.
Voto a favor.";1
"63";"21246";172;2020;6;"EBENSPERGER";NA;"La señora EBENSPERGER.-
También voy a fundamentar mi voto.
Voy a votar a favor del proyecto, el cual considero muy importante, aunque lamentando, y resulta triste, que tengamos que legislar en esta materia para sancionar a gente desquiciada que agrede a bomberos cuando, en forma desinteresada y día a día, concurren a emergencias para resguardar la vida, la integridad y los bienes de todas las personas.
Por lo tanto, es lamentable, aunque muy necesario, legislar en este ámbito estableciendo un tipo penal que sancione conductas inentendibles que son de extrema gravedad.
Aprovecho este momento para rendir, al igual como ya lo han hecho todos los Senadores, un gran homenaje a todos los voluntarios y voluntarias de nuestro país, en especial de la Región de Tarapacá, en el Día Nacional de Bomberos, por su valentía y compromiso en el cumplimiento de la labor que desarrollan.
Y permítanme personalizar este saludo en tres de ellos, de mi Región de Tarapacá, por el enorme trabajo que realizan, como son los Comandantes Fernando Ruiz , Marcelo Zúñiga y Luis Valenzuela .
Vaya para ellos y para todos los bomberos y bomberas de nuestro país un gran reconocimiento y homenaje.
Voto a favor del proyecto, Presidenta .";1
"64";"21246";174;2020;6;"ELIZALDE";NA;"El señor ELIZALDE.-
Presidenta, la particularidad de los bomberos de Chile (que la totalidad de sus integrantes sean voluntarios) es propia de nuestro país y no se da en otros lugares.
En la mayoría de los países del mundo los bomberos son remunerados. Y, si bien existen voluntarios, incluso en un porcentaje importante, hay más bien una mixtura, una mezcla, donde una parte son funcionarios públicos o municipales que reciben la remuneración correspondiente, y otra, son voluntarios. En Chile la totalidad de los bomberos son voluntarios y, pese a no recibir una remuneración por su trabajo, por su esfuerzo, son de un enorme profesionalismo, lo que, sin duda, constituye motivo de orgullo para todas las chilenas y los chilenos.
Me parece muy relevante esta iniciativa porque, en primer lugar, sanciona con una figura agravante a quienes agredan a los bomberos, y a las bomberas -también hay mujeres voluntarias en muchas compañías de nuestro país-, y porque, adicionalmente, representa una señal de valoración de la actividad que realizan, la cual considero muy importante.
Por eso, voto a favor, con especial mención a todas las bomberas y bomberos de nuestro país y, particularmente, a las compañías de la Región del Maule.
0";1
"65";"21246";176;2020;6;"GALILEA";NA;"El señor GALILEA.-
Presidenta, quiero aprovechar de expresar algunas palabras respecto a este proyecto de ley, que estamos contentos de tramitar y de votar favorablemente, pero que tiene un origen que es más bien triste y bastante inexplicable.
Que a los bomberos de Chile se les apedree, se les robe sus vehículos, se les robe el instrumental que llevan a los siniestros, es algo que, en principio, suena bastante inexplicable, aun cuando la evidencia del día a día nos dice que tenemos que enfrentar.
Así que, en esta mixtura de sentimientos, naturalmente que voy a apoyar el proyecto, aprovechando de rendir homenaje a los bomberos de Chile.
Esta historia empezó hace 169 años y se expandió por todo el país a una velocidad bastante notable: ya en 1870 estaba el Cuerpo de Bomberos de Talca; en 1888, el de Curicó; en 1896, creo que el de Linares, y así, sucesivamente, en todas las comunas del Maule y del país.
Quiero aprovechar de saludar especialmente a la Junta Nacional de Bomberos, que este 2020 cumple 50 años, y a su Presidente , Raúl Bustos , linarense además, que cumplen una importantísima labor.
Ellos, de alguna manera, han logrado convertirse en los interlocutores frente al Gobierno respecto de las demandas más relevantes de la institución, de forma de tener una voz única para todos los cuarteles y compañías del país.
La labor que efectúan en capacitación, la coordinación que realizan con diversos gobiernos regionales para el financiamiento de carros bomba y de otros equipos hacen que su cometido resulte fundamental.
Termino mis palabras reiterando mi agradecimiento a los miles de voluntarios que cumplen de manera muy generosa su labor en Chile. Espero que esta ley realmente les sirva, sobre todo como testimonio, para que los que antes podían agredirlos lo piensen dos veces y nunca más lo vuelvan a hacer.
Muchas gracias.";1
"66";"21246";188;2020;7;"ASCENCIO";"vía telemática";"El señor ASCENCIO (vía telemática).-
Señor Presidente, esperamos aprobar por unanimidad la modificación introducida por el Senado a un proyecto que busca poner fin a las agresiones de que son víctimas nuestras bomberas y bomberos durante su servicio a la comunidad. De este modo, honraremos la reciente conmemoración del 169° aniversario del Cuerpo de Bomberos de Chile, que se celebró el pasado 30 de junio.
Desde la bancada del Partido Demócrata Cristiano, saludo especialmente al señor José Miguel Ortiz , quien ha trabajado en este tema, y también al señor Enrique Krauss , gran camarada y amigo nuestro, quien ha pedido que aprobemos este proyecto en forma urgente.
En la actualidad, las bomberas y los bomberos de Chile no cuentan con una especial protección penal frente a las agresiones, a pesar de que por la labor propia que cumplen existe un bien jurídico a proteger más importante que el de cualquier otra víctima. Por ello, este proyecto viene a llenar un vacío, penalizando con el aumento de un grado cuando se agreda a miembros del cuerpo de bomberas y bomberos en ejercicio de sus funciones.
Apoyamos el cambio que proviene del Senado, que considera el aumento de la pena no solo para las lesiones menos graves, sino también para las graves.
Cada compañía de bomberos y bomberas a lo largo de todo Chile, en el norte, en el centro, en el sur, en la región de Los Lagos y, acá, en Chiloé, considera esto como una parte esencial y vital para su trabajo en el control de las emergencias de nuestro país. Los bomberos hacen un trabajo profesional con total y desinteresada entrega a la comunidad.
Por lo mismo, y aunque se trate de hechos puntuales, debemos legislar y evitar la ocurrencia de estos hechos que cometen unos cuantos que se atreven a apedrear y a golpear a este gran voluntariado mientras prestan sus labores en una emergencia. No debe existir espacio en nuestra sociedad para tolerar la ocurrencia de hechos que ponen en riesgo la vida o la integridad física de nuestras bomberas y bomberos.
Aprovecho de saludar a las 50.000 bomberas y bomberos de todo Chile y agradecer la noble labor que día a día realizan al servicio de la comunidad.
Manifiesto que la bancada del Partido Demócrata Cristiano votará favorablemente la modificación introducida por el Senado para que este proyecto se convierta en ley de la república lo antes posible.
He dicho.";1
"67";"21246";190;2020;7;"ILABACA";NA;"El señor ILABACA.-
Señor Presidente, ¡qué labor más noble entregan los bomberos voluntarios de nuestro país!
A través de esta instancia, quiero saludar a los 50.000 bomberos de todo el país, en particular a los de la Región de Los Ríos, específicamente a los de la Segunda Compañía de Bomberos de la comuna de Valdivia, de la cual soy voluntario.
Esta norma entrega un poco de justicia a la noble y loable labor que ha desarrollado Bomberos durante toda su existencia. Muchas veces, cuando tratan de desarrollar sus labores, son atacados y lesionados injustamente. En ese sentido, era necesario que el Congreso diera una señal fuerte en orden a proteger la labor de todos los voluntarios, voluntarias y trabajadores de los diferentes cuerpos de bomberos. Qué mejor manera de hacerlo que decir a la ciudadanía que cuando se ataque o se lesione a un bombero en ejercicio de sus funciones se va a aplicar una pena diferente.
El bombero, a diferencia de todas las demás profesiones, no recibe ningún peso a cambio de desarrollar sus funciones. Bomberos es la única entidad en nuestro país que desarrolla una labor voluntaria, donde sus integrantes ponen en riesgo su integridad física y, muchas veces, su vida.
La bancada del Partido Socialista está junto a los 50.000 bomberos del país, que día a día se sacrifican y son la verdadera primera línea de trabajo ante el surgimiento de emergencias, razón por la cual apoyará con mucha fuerza el proyecto.
He dicho.";1
"68";"21246";192;2020;7;"SANTIBÁÑEZ";"doña Marisela";"La señorita SANTIBÁÑEZ (doña Marisela) .-
Señor Presidente, en el primer trámite constitucional votamos a favor esta buena iniciativa legal. Ahora haremos lo propio con la modificación introducida por el Senado.
El Cuerpo de Bomberos de Chile, como es sabido por todos, presta sus servicios todos los días del año, las 24 horas del día.
Por su intermedio, señor Presidente, le quiero decir a la diputada que me antecedió en el uso de la palabra que cualquier ataque cobarde es condenable, sea a un hombre, a una mujer, a un niño, a un bombero o a un carabinero, a cualquier ser humano, siempre es condenable y no hay distinción en ese aspecto. Queremos el Chile de los libres, el Chile en que seamos todos iguales.
Como todos sabemos, Bomberos de Chile realiza su labor de manera gratuita; sus integrantes no reciben remuneración alguna por el desempeño de su labor social, pues la hacen en forma voluntaria. Así, los esfuerzos que se han hecho por querer pagar una remuneración a los bomberos se han visto tirados al tacho de la basura, porque no cobrar ninguna remuneración es una condición voluntaria de ellos.
De esta manera, corresponde a los cuerpos de bomberos la difícil tarea de hacer frente a los incendios de diversa especie y en los distintos lugares, en un país que constantemente se ve azotado por las catástrofes.
De hecho, realizan una labor que requiere un alto nivel de profesionalismo y de equipamiento, y fundamentalmente vocación y espíritu de ayuda hacia la comunidad.
Pero el gran esfuerzo que hace este grupo de chilenos y chilenas que actúa día a día…
(Hablan varios señores diputados a la vez)
Señor Presidente, pido que pare mi tiempo y solicite a los diputados guardar silencio. Son pocos pero hacen mucho ruido.
0";1
"69";"21246";195;2020;7;"SEPÚLVEDA";"doña Alejandra";"La señora SEPÚLVEDA (doña Alejandra).-
Señor Presidente, soy autora de una de las mociones que, como muy bien planteó la diputada Marisela Santibáñez , van en la línea de apoyar hoy a los bomberos en una situación compleja y difícil, pues ellos han estado apoyando constantemente en esta pandemia, en coordinación con los hospitales. Esa es una labor que han hecho durante muchísimos años.
Esta institución recién estuvo de aniversario, y es injusto y contradictorio que, no obstante ser una institución con una labor tan loable y que integran voluntarios con espíritu de servicio, que lo único que quieren es servir a la comunidad, tengamos que modificar el Código Penal para tipificar el delito de maltrato de obra al personal de Bomberos y aumentar las penas. Insisto en que eso contradictorio; uno no puede entender que esto ocurra en el país.
Me ha tocado estar, ver y conversar con bomberos de varias compañías que han sufrido estos golpes con piedras cuando les corresponde salir a terreno.
Entonces, ¿cómo cuidamos a esta institución no solo desde el punto de vista de su prestigio, sino también desde el punto de vista del maltrato de obra a su personal y a sus bienes materiales, considerando que muchos de ellos son financiados por el propio Estado a través de los distintos fondos para Bomberos de Chile?
Por eso, como Federación Regionalista Verde Social, vamos a concurrir con nuestro voto favorable a estas modificaciones que ha realizado el Senado.
Ojalá no tuviésemos que hacer estos proyectos de ley punitivos que incorporan más sanciones y existiera conciencia en toda la ciudadanía respecto de la importancia de esta institución. Esperamos que estos actos de vandalismo y de violencia no se vuelvan a repetir con una institución a la que lo único que tenemos que hacer es agradecer y valorar la función que realizan permanentemente en la sociedad chilena.
He dicho.";1
"70";"21246";198;2020;7;"CARVAJAL";"doña M.ª Loreto";"La señora CARVAJAL (doña M.ª Loreto).-
Señor Presidente, como integrante de la Comisión de Emergencia, Desastres y Bomberos, puedo señalar que este es un tema que se venía discutiendo desde hace tiempo, porque hay una situación pendiente.
En este minuto, quiero recordar al entonces diputado Marcos Espinosa, de la bancada del Partido Radical, quien ya en 2013 presentó un proyecto que venía justamente a modificar el artículo 269 del Código Penal, para establecer una sanción a quienes interrumpieren, impidieran y dificultaren de alguna manera la acción del personal de Bomberos.
Lo que se hace hoy en el artículo único de este proyecto justamente es aumentar en un grado la pena asociada al delito de lesiones.
Sin duda que hoy Bomberos no solo cumple un rol de ayuda innegable para todo nuestro país, porque sus funcionarios, en este caso, sus voluntarias y voluntarios, que, tal como aquí se dijo, suman más de cincuenta mil en el país, son profesionales. Obviamente, el reconocimiento que un país les puede hacer, más allá del reconocimiento que diariamente les hace la ciudadanía y la comunidad, es protegerlos. Es decir, el Estado debe proteger a los bomberos de quienes hoy se sienten muchas veces con la falta de cultura y la prepotencia para culparlos y dejarlos en la más absoluta desprotección cuando acuden a un siniestro o a prestar ayuda en las catástrofes que nuestro país está acostumbrado a vivir, sobre todo por su geografía.
Bomberos de Chile, a nivel nacional, ostenta una de las mayores adhesiones por su quehacer y su calidad en el servicio. Recordemos que los voluntarios y voluntarias son profesionales en lo que hacen, por lo que creo que ello amerita no solo esta legislación, sino la protección permanente de una comunidad y de un país que debe entregar todas las garantías. En ese sentido, hago un llamado a todos los colegas que son parte de esta Cámara.
0
Por último, envío un saludo a todos los voluntarios y voluntarias de la Región de Ñuble, en especial a los de Cabrero y Yumbel, que son parte de la Región del Biobío, porque su voluntariado es un modelo de servicio de calidad humana y de gran profesionalismo que siguen nuestros niños y niñas.
Por lo expresado, llamo a mis colegas a aprobar esta iniciativa, a avanzar prontamente en ella y así generar garantías a todos nuestros bomberos.
He dicho.";1
"71";"21246";200;2020;7;"BOBADILLA";NA;"El señor BOBADILLA.-
Señor Presidente, durante todos mis años como diputado he sido integrante la Comisión de Bomberos -creo que todos quisiéramos estar en ella-, porque es una manera de demostrar nuestro reconocimiento por el tremendo aporte que hace al país este cuerpo de voluntarios al que, sin duda, todos admiramos.
En esta ocasión, voy a hacer uso de la palabra en nombre de mi colega Iván Norambuena , también integrante de dicha comisión, y, por cierto, en representación de mi bancada, la de la Unión Demócrata Independiente, para anunciar con entusiasmo nuestro voto favorable a esta iniciativa, que tiene la particularidad -quizás como otras, en otras comisionesde recoger el sentimiento y la aspiración de todos y cada uno de los bomberos a lo largo del país.
En la comisión trabajamos con los máximos directivos del Cuerpo de Bomberos, quienes propusieron diversas modificaciones y aportes para conseguir el texto que hoy sometemos a la aprobación de la honorable Cámara.
La particularidad de la comisión -estoy cierto de que todos los diputados presentes podrán dar fe de elloes que se ha caracterizado siempre por tomar acuerdos por unanimidad. Todos los acuerdos sometidos a votación a lo largo de la existencia de esta comisión han sido adoptados por unanimidad, lo que se repite en esta oportunidad. En efecto, estamos frente a un proyecto que, sin duda, recoge el parecer unánime de todos sus integrantes, porque, en definitiva, viene en brindar protección a todos y cada uno de los bomberos, en el sentido de que cuando sean agredidos en el ejercicio de sus funciones, la justicia deberá ampararlos y darles la protección que corresponde.
Por lo tanto, con mucho entusiasmo anuncio mi voto favorable y el de mi bancada, porque se trata de una iniciativa largamente esperada por todos y cada uno de los bomberos a lo largo del país.
He dicho.";1
"72";"21246";202;2020;7;"BORIC";"vía telemática";"El señor BORIC (vía telemática).-
Señor Presidente, que el diputado de la UDI que recién habló anuncie que toda su bancada está entusiastamente a favor de un proyecto que aumenta las penas y que puede derivar en mandar a la cárcel a alguien a quien se le está quemando la casa, debiera ser un motivo de sospecha y de alerta para quienes no creemos que el sistema penal actualmente vigente en Chile sirve en algo para reeducar conductas ni proteger a la población.
Tenemos el mayor respeto por Bomberos, toda nuestra admiración por el Cuerpo de Bomberos. Ya dimos esta discusión en la comisión. Cuando le pregunté a uno de los representantes de Bomberos dónde suceden las agresiones a las que hace referencia este proyecto, me señaló que exclusivamente en los sectores más vulnerables; que estas agresiones no suceden, por ejemplo, en un incendio en Las Condes o en Vitacura, sino en los barrios donde hay más necesidades.
0
¿Por qué? No es porque quienes tienen más plata sean más educados que los otros, no. Es porque muchas veces los protocolos que Bomberos utiliza para apagar un incendio no son comprendidos por la población, que ve con desesperación que se está quemando su casa, porque están pegadas unas al lado de las otras. Entonces, al momento de establecer un cortafuego, en vez de salir a apagar la vivienda que se está quemando, la gente entra en desesperación.
¿Qué es lo que, como Cámara de Diputados, se está proponiendo decir a esa gente cuando se le está quemando su casa? Que si producto de esa desesperación hay una agresión, la que, dicho sea de paso, tiene que ser condenada, y ya es condenada en nuestro ordenamiento, una persona a la que se le acaba de quemar su casa va a terminar en la cárcel.
¿Es eso razonable? Preguntémonos sinceramente, porque esto no es solo de apoyo a Bomberos. Sin lugar a dudas, tenemos que apoyar a Bomberos. Tenemos que contribuir a mejorar la educación respecto de los procedimientos que realiza Bomberos, para que la población entienda qué sucede, cómo se apaga un incendio. Pero decir que esto lo vamos a solucionar aumentando las penas y enviando a la cárcel a gente que ya está sufriendo, me parece un desatino y un populismo penal.
Desde el Frente Amplio -no solo el Frente Amplio, también lo han argumentado otros partidoshemos argumentado reiteradamente en la Cámara que aumentar las penas no sirve, no cambia conductas y menos reeduca.
El sistema carcelario chileno es inhumano, y lo que propone este proyecto -las modificaciones del Senado lo agravanes que esto se solucione vía cárcel. Eso es algo con lo cual Convergencia Social no está de acuerdo.
Por supuesto, tenemos el mayor respeto por el Cuerpo de Bomberos -lo reiteroy estamos disponibles para trabajar en todos los proyectos que sean necesarios para colaborar con ellos, pero no vamos a concurrir favorablemente a un aumento de penas en este contexto; sí a la educación y al apoyo a Bomberos.
He dicho.";1
"73";"21246";204;2020;7;"SEPÚLVEDA";"vía telemática";"El señor SEPÚLVEDA (vía telemática).-
Señor Presidente, un seremi me dijo una vez que contra la estupidez humana no existe ingeniería, a propósito de las obras de construcción que se hacían y de aquellos que finalmente las traspasaban.
En verdad, parte de esa estupidez humana radica en quienes insólitamente agreden a bomberos. La explicación intelectual que daba -con mucho cariño lo digoel diputado Gabriel Boric sobre las penas y los cambios de conducta puede ser muy atingente, pero la verdad es que nada justifica que se agreda a bomberos, quienes concurren en ayuda de personas.
Podrá haber miles de explicaciones, miles de justificaciones -el momento, la alteración-, pero nada justifica que bomberos sean agredidos. Esta situación de agresión a Bomberos […]
Hace unos días estuve conversando con Ariel Bravo , un bombero que fue agredido y detenido por Carabineros en un […]
(Los puntos suspensivos corresponden a interrupciones en la transmisión telemática)";1
"74";"21246";206;2020;7;"JACKSON";"vía telemática";"El señor JACKSON (vía telemática).-
Señor Presidente, en primer lugar, en nombre de toda nuestra bancada quiero hacer un reconocimiento a los bomberos y las bomberas, quienes, a lo largo de todo el país, hacen esfuerzos, muchas veces sobrehumanos, al exponer su cuerpo, y ocupan parte valiosa de su tiempo en vigilias ante la eventualidad de que pueda haber siniestros en distintos lugares, y en condiciones muchas veces extremadamente precarias, sobre todo en aquellas zonas en que no gozan de buenas donaciones de particulares que les permitan desempeñar mejor sus funciones.
Por lo tanto, vayan a ellos y a ellas todo nuestro reconocimiento, el que me gustaría que se viera expresado en mayores recursos para que no tuvieran la precarización que hoy les afecta. Por ejemplo, el gobierno anunció recortes para este año producto de la pandemia, pero después se echó para atrás; sin embargo, siguió recortando cerca de 1.400 millones de pesos a la institución de Bomberos.
Con este proyecto de ley tenemos un conflicto. Por cierto, nadie quiere y no es justificable ninguna agresión a ninguna persona, sea o no bombero. No creemos que, en general, las agresiones se justifiquen de alguna manera.
Pero cuando se produce una agresión, ya existe en nuestro Código Penal una tipificación, sobre todo dependiendo de las lesiones que la agresión genere.
Por lo tanto, las preguntas que debemos hacernos, sobre todo en este tercer trámite constitucional, son, primero, si va a servir de efecto disuasivo agravar las penas en el caso del maltrato de obra a bomberos; segundo, si es justo que se haga una diferenciación en función de una actividad muy loable como la de bomberos, dado que existen muchas otras actividades también loables, y tercero, si las modificaciones del Senado que nos corresponde votar, que amplían este tipo penal, son buenas para estos objetivos.
Frente a esto -no creemos que sea contradictorio con elogiar, agradecer y apoyar la función de los bomberos y las bomberas de Chile-, nosotros no podemos sino abstenernos, porque nos ponen en una tensión y en una contradicción muy difíciles de resolver: por un lado, queremos apoyar a los bomberos y bomberas, que trabajan en condiciones precarias, que sabemos que no tienen muchos instrumentos y que están empujando para que en una mesa de trabajo se aceleren los cambios que piden desde hace tanto tiempo, pero, por otro, estamos ante una medida que es toda una caracterización del populismo penal, que busca empatizar con una población agredida, aumentando las penas para aquellos que incurran en un delito que ya tiene penas, por el solo hecho de que se trate de una agresión con lesiones graves.
Anunciamos nuestra abstención, a pesar de todo el cariño y el agradecimiento que tenemos por la institución de Bomberos.
He dicho.";1
"75";"21246";213;2020;7;"SILBER";NA;"El señor SILBER.-
Señor Presidente, informo que el diputado Manuel Matta nos ha comunicado por distintas vías su imposibilidad de conectarse a internet. Le ha sido muy dificultoso participar y seguir esta sesión, y, en consecuencia, tendrá problemas para votar. Como todos sabemos, el diputado Matta es un parlamentario muy responsable.
Solo queríamos que quedara constancia en el acta del motivo de su ausencia o de la interrupción de su participación durante el debate.";1
